   0.0000000000000000   0.0000000000000000   0.0000000000000000   0.0000000000000000   0.0000000000000000   0.0000000000000000   0.0000000000000000   0.0000000000000000   0.0000000000000000   0.0000000000000000   0.0000000000000000   0.0000000000000000   0.0000000000000000   0.0000000000000000   0.0000000000000000   0.0000000000000000   0.0000000000000000   0.0000000000000000   0.0000000000000000   0.0000000000000000   0.0000000000000000   0.0000000000000000   0.0000000000000000   0.0000000000000000   0.0000000000000000   0.0000000000000000   0.0000000000000000   0.0000000000000000   0.0000000000000000   0.0000000000000000   0.0000000000000000   0.0000000000000000   0.0000000000000000   0.0000000000000000   0.0000000000000000   0.0000000000000000   0.0000000000000000   0.0000000000000000   0.0000000000000000   0.0000000000000000   0.0000000000000000   0.0000000000000000   0.0000000000000000   0.0000000000000000   0.0000000000000000   0.0000000000000000   0.0000000000000000   0.0000000000000000   0.0000000000000000   0.0000000000000000   0.0000000000000000   0.0000000000000000   0.0000000000000000   0.0000000000000000   0.0000000000000000   0.0000000000000000   0.0000000000000000   0.0000000000000000   0.0000000000000000   0.0000000000000000   0.0000000000000000   0.0000000000000000   0.0000000000000000   0.0000000000000000   0.0000000000000000   0.0000000000000000   0.0000000000000000   0.0000000000000000   0.0000000000000000   0.0000000000000000   0.0000000000000000   0.0000000000000000   0.0000000000000000   0.0000000000000000   0.0000000000000000   0.0000000000000000   0.0000000000000000   0.0000000000000000   0.0000000000000000   0.0000000000000000   0.0000000000000000   0.0000000000000000   0.0000000000000000   0.0000000000000000   0.0000000000000000   0.0000000000000000   0.0000000000000000   0.0000000000000000   0.0000000000000000   0.0000000000000000   0.0000000000000000   0.0000000000000000   0.0000000000000000   0.0000000000000000   0.0000000000000000   0.0000000000000000   0.0000000000000000   0.0000000000000000   0.0000000000000000   0.0000000000000000   0.0000000000000000   0.0000000000000000   0.0000000000000000   0.0000000000000000   0.0000000000000000   0.0000000000000000   0.0000000000000000   0.0000000000000000   0.0000000000000000   0.0000000000000000   0.0000000000000000   0.0000000000000000   0.0000000000000000   0.0000000000000000   0.0000000000000000   0.0000000000000000   0.0000000000000000   0.0000000000000000   0.0000000000000000   0.0000000000000000   0.0000000000000000   0.0000000000000000   0.0000000000000000   0.0000000000000000   0.0000000000000000   0.0000000000000000   0.0000000000000000   0.0000000000000000   0.0000000000000000   0.0000000000000000   0.0000000000000000   0.0000000000000000   0.0000000000000000   0.0000000000000000   0.0000000000000000   0.0000000000000000   0.0000000000000000   0.0000000000000000   0.0000000000000000   0.0000000000000000   0.0000000000000000   0.0000000000000000   0.0000000000000000   0.0000000000000000   0.0000000000000000   0.0000000000000000   0.0000000000000000   0.0000000000000000   0.0000000000000000   0.0000000000000000   0.0000000000000000   0.0000000000000000   0.0000000000000000   0.0000000000000000   0.0000000000000000   0.0000000000000000   0.0000000000000000   0.0000000000000000   0.0000000000000000   0.0000000000000000   0.0000000000000000   0.0000000000000000
   0.0000000000000000   0.0000000000000000   0.0000000000000000   0.0000000000000000   0.0000000000000000   0.0000000000000000   0.0000000000000000   0.0000000000000000   0.0000000000000000   0.0000000000000000   0.0000000000000000   0.0000000000000000   0.0000000000000000   0.0000000000000000   0.0000000000000000   0.0000000000000000   0.0000000000000000   0.0000000000000000   0.0000000000000000   0.0000000000000000   0.0000000000000000   0.0000000000000000   0.0000000000000000   0.0000000000000000   0.0000000000000000   0.0000000000000000   0.0000000000000000   0.0000000000000000   0.0000000000000000   0.0000000000000000   0.0000000000000000   0.0000000000000000   0.0000000000000000   0.0000000000000000   0.0000000000000000   0.0000000000000000   0.0000000000000000   0.0000000000000000   0.0000000000000000   0.0000000000000000   0.0000000000000000   0.0000000000000000   0.0000000000000000   0.0000000000000000   0.0000000000000000   0.0000000000000000   0.0000000000000000   0.0000000000000000   0.0000000000000000   0.0000000000000000   0.0000000000000000   0.0000000000000000   0.0000000000000000   0.0000000000000000   0.0000000000000000   0.0000000000000000   0.0000000000000000   0.0000000000000000   0.0000000000000000   0.0000000000000000   0.0000000000000000   0.0000000000000000   0.0000000000000000   0.0000000000000000   0.0000000000000000   0.0000000000000000   0.0000000000000000   0.0000000000000000   0.0000000000000000   0.0000000000000000   0.0000000000000000   0.0000000000000000   0.0000000000000000   0.0000000000000000   0.0000000000000000   0.0000000000000000   0.0000000000000000   0.0000000000000000   0.0000000000000000   0.0000000000000000   0.0000000000000000   0.0000000000000000   0.0000000000000000   0.0000000000000000   0.0000000000000000   0.0000000000000000   0.0000000000000000   0.0000000000000000   0.0000000000000000   0.0000000000000000   0.0000000000000000   0.0000000000000000   0.0000000000000000   0.0000000000000000   0.0000000000000000   0.0000000000000000   0.0000000000000000   0.0000000000000000   0.0000000000000000   0.0000000000000000   0.0000000000000000   0.0000000000000000   0.0000000000000000   0.0000000000000000   0.0000000000000000   0.0000000000000000   0.0000000000000000   0.0000000000000000   0.0000000000000000   0.0000000000000000   0.0000000000000000   0.0000000000000000   0.0000000000000000   0.0000000000000000   0.0000000000000000   0.0000000000000000   0.0000000000000000   0.0000000000000000   0.0000000000000000   0.0000000000000000   0.0000000000000000   0.0000000000000000   0.0000000000000000   0.0000000000000000   0.0000000000000000   0.9485634369111096   0.0000000000000000   0.0000000000000000   0.0000000000000000   0.0000000000000000   0.0000000000000000   0.0000000000000000   0.0000000000000000   0.0000000000000000   0.0000000000000000   0.0000000000000000   0.0000000000000000   0.0000000000000000   0.0000000000000000   0.0000000000000000   0.0000000000000000   0.0000000000000000   0.0000000000000000   0.0000000000000000   0.0000000000000000   0.0000000000000000   0.0000000000000000   0.0000000000000000   0.0000000000000000   0.0000000000000000   0.0000000000000000   0.0000000000000000   0.0000000000000000   0.0000000000000000   0.0000000000000000   0.0000000000000000   0.0000000000000000   0.0000000000000000   0.0000000000000000   0.0000000000000000   0.0000000000000000   0.0000000000000000
   0.0000000000000000   0.0000000000000000   0.0000000000000000   0.0000000000000000   0.0000000000000000   0.0000000000000000   0.0000000000000000   0.0000000000000000   0.0000000000000000   0.0000000000000000   0.0000000000000000   0.0000000000000000   0.0000000000000000   0.0000000000000000   0.0000000000000000   0.0000000000000000   0.0000000000000000   0.0000000000000000   0.0000000000000000   0.0000000000000000   0.0000000000000000   0.0000000000000000   0.0000000000000000   0.0000000000000000   0.0000000000000000   0.0000000000000000   0.0000000000000000   0.0000000000000000   0.0000000000000000   0.0000000000000000   0.0000000000000000   0.0000000000000000   0.0000000000000000   0.0000000000000000   0.0000000000000000   0.0000000000000000   0.0000000000000000   0.0000000000000000   0.0000000000000000   0.0000000000000000   0.0000000000000000   0.0000000000000000   0.0000000000000000   0.0000000000000000   0.0000000000000000   0.0000000000000000   0.0000000000000000   0.0000000000000000   0.0000000000000000   0.0000000000000000   0.0000000000000000   0.0000000000000000   0.0000000000000000   0.0000000000000000   0.0000000000000000   0.0000000000000000   0.0000000000000000   0.0000000000000000   0.0000000000000000   0.0000000000000000   0.0000000000000000   0.0000000000000000   0.0000000000000000   0.0000000000000000   0.0000000000000000   0.0000000000000000   0.0000000000000000   0.0000000000000000   0.0000000000000000   0.0000000000000000   0.0000000000000000   0.0000000000000000   0.0000000000000000   0.0000000000000000   0.0000000000000000   0.0000000000000000   0.0000000000000000   0.0000000000000000   0.0000000000000000   0.0000000000000000   0.0000000000000000   0.0000000000000000   0.0000000000000000   0.0000000000000000   0.0000000000000000   0.0000000000000000   0.0000000000000000   0.0000000000000000   0.0000000000000000   0.0000000000000000   0.0000000000000000   0.0000000000000000   0.0000000000000000   0.0000000000000000   0.0000000000000000   0.0000000000000000   0.0000000000000000   0.0000000000000000   0.0000000000000000   0.0000000000000000   0.0000000000000000   0.0000000000000000   0.0000000000000000   0.0000000000000000   0.0000000000000000   0.0000000000000000   0.0000000000000000   0.0000000000000000   0.0000000000000000   0.0000000000000000   0.0000000000000000   0.0000000000000000   0.0000000000000000   0.0000000000000000   0.0000000000000000   0.0000000000000000   0.0000000000000000   0.0000000000000000   0.0000000000000000   0.0000000000000000   0.0000000000000000   0.0000000000000000   0.0000000000000000   0.0000000000000000   0.0000000000000000   0.0000036925091246   0.0000038270031967   0.0000039940639011   0.0000041428262820   0.0000305723228981   0.0000000000000000   0.0000000000000000   0.0000000000000000   0.0000000000000000   0.0000000000000000   0.0000000000000000   0.0000000000000000   0.0000000000000000   0.0000000000000000   0.0000000000000000   0.0000000000000000   0.0000000000000002   0.0000000000000002   0.0000000000000002   0.0000000000000002   0.0000000000000002   0.0000000000000003   0.0000000000000003   0.0000000000000003   0.0000000000000003   0.0000000000000004   0.0000000000000004   0.0000000000000004   0.0000000000000004   0.0000000000000005   0.0000000000000005   0.0000000000000005   0.0000000000000005   0.0000000000000006   0.0000000000000006   0.0000000000000006   0.0000000000000000
   0.0000000000000000   0.0000000000000000   0.0000000000000000   0.0000000000000000   0.0000000000000000   0.0000000000000000   0.0000000000000000   0.0000000000000000   0.0000000000000000   0.0000000000000000   0.0000000000000000   0.0000000000000000   0.0000000000000000   0.0000000000000000   0.0000000000000000   0.0000000000000000   0.0000000000000000   0.0000000000000000   0.0000000000000000   0.0000000000000000   0.0000000000000000   0.0000000000000000   0.0000000000000000   0.0000000000000000   0.0000000000000000   0.0000000000000000   0.0000000000000000   0.0000000000000000   0.0000000000000000   0.0000000000000000   0.0000000000000000   0.0000000000000000   0.0000000000000000   0.0000000000000000   0.0000000000000000   0.0000000000000000   0.0000000000000000   0.0000000000000000   0.0000000000000000   0.0000000000000000   0.0000000000000000   0.0000000000000000   0.0000000000000000   0.0000000000000000   0.0000000000000000   0.0000000000000000   0.0000000000000000   0.0000000000000000   0.0000000000000000   0.0000000000000000   0.0000000000000000   0.0000000000000000   0.0000000000000000   0.0000000000000000   0.0000000000000000   0.0000000000000000   0.0000000000000000   0.0000000000000000   0.0000000000000000   0.0000000000000000   0.0000000000000000   0.0000000000000000   0.0000000000000000   0.0000000000000000   0.0000000000000000   0.0000000000000000   0.0000000000000000   0.0000000000000000   0.0000000000000000   0.0000000000000000   0.0000000000000000   0.0000000000000000   0.0000000000000000   0.0000000000000000   0.0000000000000000   0.0000000000000000   0.0000000000000000   0.0000000000000000   0.0000000000000000   0.0000000000000000   0.0000000000000000   0.0000000000000000   0.0000000000000000   0.0000000000000000   0.0000000000000000   0.0000000000000000   0.0000000000000000   0.0000000000000000   0.0000000000000000   0.0000000000000000   0.0000000000000000   0.0000000000000000   0.0000000000000000   0.0000000000000000   0.0000000000000000   0.0000000000000000   0.0000000000000000   0.0000000000000000   0.0000000000000000   0.0000000000000000   0.0000000000000000   0.0000000000000000   0.0000000000000000   0.0000000000000000   0.0000000000000000   0.0000000000000000   0.0000000000000000   0.0000000000000000   0.0000000000000000   0.0000000000000000   0.0000000000000000   0.0000000000000000   0.0000000000000000   0.0000000000000000   0.0000000000000000   0.0000000000000000   0.0000000000000000   0.0000000000000000   0.0000000000000000   0.0000000000000000   0.0000000000000000   0.0000000000000000   0.0000000000000000   0.0000000000000000   0.0000000000000000   0.0000000000000000   0.0000000000000000   0.0000000006778433   0.0000000007049020   0.0000074633054813   0.0000230131705591   0.0000000000000000   0.0000000000000000   0.0000000000000000   0.0000000000000000   0.0000000000000000   0.0000000000000000   0.0000000000000000   0.0000000000000000   0.0000000000000000   0.0000000000000000   0.0000000000000145   0.0000000000000161   0.0000000000000179   0.0000000000000198   0.0000000000000218   0.0000000000000240   0.0000000000000263   0.0000000000000287   0.0000000000000313   0.0000000000000339   0.0000000000000367   0.0000000000000395   0.0000000000000425   0.0000000000000454   0.0000000000000484   0.0000000000000513   0.0000000000000542   0.0000000000000571   0.0000000000000599   0.0000000000000626   0.0000000000000000
   0.0000000000000000   0.0000000000000000   0.0000000000000000   0.0000000000000000   0.0000000000000000   0.0000000000000000   0.0000000000000000   0.0000000000000000   0.0000000000000000   0.0000000000000000   0.0000000000000000   0.0000000000000000   0.0000000000000000   0.0000000000000000   0.0000000000000000   0.0000000000000000   0.0000000000000000   0.0000000000000000   0.0000000000000000   0.0000000000000000   0.0000000000000000   0.0000000000000000   0.0000000000000000   0.0000000000000000   0.0000000000000000   0.0000000000000000   0.0000000000000000   0.0000000000000000   0.0000000000000000   0.0000000000000000   0.0000000000000000   0.0000000000000000   0.0000000000000000   0.0000000000000000   0.0000000000000000   0.0000000000000000   0.0000000000000000   0.0000000000000000   0.0000000000000000   0.0000000000000000   0.0000000000000000   0.0000000000000000   0.0000000000000000   0.0000000000000000   0.0000000000000000   0.0000000000000000   0.0000000000000000   0.0000000000000000   0.0000000000000000   0.0000000000000000   0.0000000000000000   0.0000000000000000   0.0000000000000000   0.0000000000000000   0.0000000000000000   0.0000000000000000   0.0000000000000000   0.0000000000000000   0.0000000000000000   0.0000000000000000   0.0000000000000000   0.0000000000000000   0.0000000000000000   0.0000000000000000   0.0000000000000000   0.0000000000000000   0.0000000000000000   0.0000000000000000   0.0000000000000000   0.0000000000000000   0.0000000000000000   0.0000000000000000   0.0000000000000000   0.0000000000000000   0.0000000000000000   0.0000000000000000   0.0000000000000000   0.0000000000000000   0.0000000000000000   0.0000000000000000   0.0000000000000000   0.0000000000000000   0.0000000000000000   0.0000000000000000   0.0000000000000000   0.0000000000000000   0.0000000000000000   0.0000000000000000   0.0000000000000000   0.0000000000000000   0.0000000000000000   0.0000000000000000   0.0000000000000000   0.0000000000000000   0.0000000000000000   0.0000000000000000   0.0000000000000000   0.0000000000000000   0.0000000000000000   0.0000000000000000   0.0000000000000000   0.0000000000000000   0.0000000000000000   0.0000000000000000   0.0000000000000000   0.0000000000000000   0.0000000000000000   0.0000000000000000   0.0000000000000000   0.0000000000000000   0.0000000000000000   0.0000000000000000   0.0000000000000000   0.0000000000000000   0.0000000000000000   0.0000000000000000   0.0000000000000000   0.0000000000000000   0.0000000000000000   0.0000000000000000   0.0000000000000000   0.0000000000000000   0.0000000000000000   0.0000000000000000   0.0000000000000000   0.0000000000000000   0.0000000000000000   0.0000000000000808   0.0000000000000861   0.0000000000000878   0.0000989098352784   0.0000000000000000   0.0000000000000000   0.0000000000000000   0.0000000000000000   0.0000000000000000   0.0000000000000000   0.0000000000000000   0.0000000000000000   0.0000000000000000   0.0000000000000000   0.0000000000008190   0.0000000000009092   0.0000000000010125   0.0000000000011221   0.0000000000012404   0.0000000000013675   0.0000000000015032   0.0000000000016474   0.0000000000017997   0.0000000000019596   0.0000000000021263   0.0000000000022991   0.0000000000024770   0.0000000000026587   0.0000000000028430   0.0000000000030285   0.0000000000032137   0.0000000000033971   0.0000000000035772   0.0000000000037523   0.0000000000000000
   0.0000000000000000   0.0000000000000000   0.0000000000000000   0.0000000000000000   0.0000000000000000   0.0000000000000000   0.0000000000000000   0.0000000000000000   0.0000000000000000   0.0000000000000000   0.0000000000000000   0.0000000000000000   0.0000000000000000   0.0000000000000000   0.0000000000000000   0.0000000000000000   0.0000000000000000   0.0000000000000000   0.0000000000000000   0.0000000000000000   0.0000000000000000   0.0000000000000000   0.0000000000000000   0.0000000000000000   0.0000000000000000   0.0000000000000000   0.0000000000000000   0.0000000000000000   0.0000000000000000   0.0000000000000000   0.0000000000000000   0.0000000000000000   0.0000000000000000   0.0000000000000000   0.0000000000000000   0.0000000000000000   0.0000000000000000   0.0000000000000000   0.0000000000000000   0.0000000000000000   0.0000000000000000   0.0000000000000000   0.0000000000000000   0.0000000000000000   0.0000000000000000   0.0000000000000000   0.0000000000000000   0.0000000000000000   0.0000000000000000   0.0000000000000000   0.0000000000000000   0.0000000000000000   0.0000000000000000   0.0000000000000000   0.0000000000000000   0.0000000000000000   0.0000000000000000   0.0000000000000000   0.0000000000000000   0.0000000000000000   0.0000000000000000   0.0000000000000000   0.0000000000000000   0.0000000000000000   0.0000000000000000   0.0000000000000000   0.0000000000000000   0.0000000000000000   0.0000000000000000   0.0000000000000000   0.0000000000000000   0.0000000000000000   0.0000000000000000   0.0000000000000000   0.0000000000000000   0.0000000000000000   0.0000000000000000   0.0000000000000000   0.0000000000000000   0.0000000000000000   0.0000000000000000   0.0000000000000000   0.0000000000000000   0.0000000000000000   0.0000000000000000   0.0000000000000000   0.0000000000000000   0.0000000000000000   0.0000000000000000   0.0000000000000000   0.0000000000000000   0.0000000000000000   0.0000000000000000   0.0000000000000000   0.0000000000000000   0.0000000000000000   0.0000000000000000   0.0000000000000000   0.0000000000000000   0.0000000000000000   0.0000000000000000   0.0000000000000000   0.0000000000000000   0.0000000000000000   0.0000000000000000   0.0000000000000000   0.0000000000000000   0.0000000000000000   0.0000000000000000   0.0000000000000000   0.0000000000000000   0.0000000000000000   0.0000000000000000   0.0000000000000000   0.0000000000000000   0.0000000000000000   0.0000000000000000   0.0000000000000000   0.0000000000000000   0.0000000000000000   0.0000000000000000   0.0000000000000000   0.0000000000000000   0.0000000000000000   0.0000000000000000   0.0000000000000000   0.0000000000000000   0.0000000000000000   0.0000000000000001   0.0000000000000001   0.0000248409397628   0.0002525183176236   0.0000000000000000   0.0000000000000000   0.0000000000000000   0.0000000000000000   0.0000000000000000   0.0000000000000000   0.0000000000000000   0.0000000000000000   0.0000000000000000   0.0000000000415457   0.0000000000462255   0.0000000000515851   0.0000000000573078   0.0000000000635123   0.0000000000702070   0.0000000000773953   0.0000000000850732   0.0000000000932287   0.0000000001018414   0.0000000001108816   0.0000000001203105   0.0000000001300800   0.0000000001401329   0.0000000001504041   0.0000000001608207   0.0000000001713040   0.0000000001817705   0.0000000001921332   0.0000000002023040   0.0000000000000000
   0.0000000000000000   0.0000000000000000   0.0000000000000000   0.0000000000000000   0.0000000000000000   0.0000000000000000   0.0000000000000000   0.0000000000000000   0.0000000000000000   0.0000000000000000   0.0000000000000000   0.0000000000000000   0.0000000000000000   0.0000000000000000   0.0000000000000000   0.0000000000000000   0.0000000000000000   0.0000000000000000   0.0000000000000000   0.0000000000000000   0.0000000000000000   0.0000000000000000   0.0000000000000000   0.0000000000000000   0.0000000000000000   0.0000000000000000   0.0000000000000000   0.0000000000000000   0.0000000000000000   0.0000000000000000   0.0000000000000000   0.0000000000000000   0.0000000000000000   0.0000000000000000   0.0000000000000000   0.0000000000000000   0.0000000000000000   0.0000000000000000   0.0000000000000000   0.0000000000000000   0.0000000000000000   0.0000000000000000   0.0000000000000000   0.0000000000000000   0.0000000000000000   0.0000000000000000   0.0000000000000000   0.0000000000000000   0.0000000000000000   0.0000000000000000   0.0000000000000000   0.0000000000000000   0.0000000000000000   0.0000000000000000   0.0000000000000000   0.0000000000000000   0.0000000000000000   0.0000000000000000   0.0000000000000000   0.0000000000000000   0.0000000000000000   0.0000000000000000   0.0000000000000000   0.0000000000000000   0.0000000000000000   0.0000000000000000   0.0000000000000000   0.0000000000000000   0.0000000000000000   0.0000000000000000   0.0000000000000000   0.0000000000000000   0.0000000000000000   0.0000000000000000   0.0000000000000000   0.0000000000000000   0.0000000000000000   0.0000000000000000   0.0000000000000000   0.0000000000000000   0.0000000000000000   0.0000000000000000   0.0000000000000000   0.0000000000000000   0.0000000000000000   0.0000000000000000   0.0000000000000000   0.0000000000000000   0.0000000000000000   0.0000000000000000   0.0000000000000000   0.0000000000000000   0.0000000000000000   0.0000000000000000   0.0000000000000000   0.0000000000000000   0.0000000000000000   0.0000000000000000   0.0000000000000000   0.0000000000000000   0.0000000000000000   0.0000000000000000   0.0000000000000000   0.0000000000000000   0.0000000000000000   0.0000000000000000   0.0000000000000000   0.0000000000000000   0.0000000000000000   0.0000000000000000   0.0000000000000000   0.0000000000000000   0.0000000000000000   0.0000000000000000   0.0000000000000000   0.0000000000000000   0.0000000000000000   0.0000000000000000   0.0000000000000000   0.0000000000000000   0.0000000000000000   0.0000000000000000   0.0000000000000000   0.0000000000000000   0.0000000000000000   0.0000000000000000   0.0000000000000000   0.0000000000000000   0.0000000000000000   0.0000000000000000   0.0000000000000000   0.0000628723788787   0.0002043494881660   0.0000000000000000   0.0000000000000000   0.0000000000000000   0.0000000000000000   0.0000000000000000   0.0000000000000000   0.0000000000000000   0.0000000000000000   0.0000000023475065   0.0000000026189632   0.0000000029293135   0.0000000032615215   0.0000000036234573   0.0000000040158424   0.0000000044392916   0.0000000048940101   0.0000000053797554   0.0000000058957827   0.0000000064408001   0.0000000070129381   0.0000000076097335   0.0000000082281312   0.0000000088645044   0.0000000095146950   0.0000000101740711   0.0000000108376055   0.0000000114999500   0.0000000121555994   0.0000000000000000
   0.0000000000000000   0.0000000000000000   0.0000000000000000   0.0000000000000000   0.0000000000000000   0.0000000000000000   0.0000000000000000   0.0000000000000000   0.0000000000000000   0.0000000000000000   0.0000000000000000   0.0000000000000000   0.0000000000000000   0.0000000000000000   0.0000000000000000   0.0000000000000000   0.0000000000000000   0.0000000000000000   0.0000000000000000   0.0000000000000000   0.0000000000000000   0.0000000000000000   0.0000000000000000   0.0000000000000000   0.0000000000000000   0.0000000000000000   0.0000000000000000   0.0000000000000000   0.0000000000000000   0.0000000000000000   0.0000000000000000   0.0000000000000000   0.0000000000000000   0.0000000000000000   0.0000000000000000   0.0000000000000000   0.0000000000000000   0.0000000000000000   0.0000000000000000   0.0000000000000000   0.0000000000000000   0.0000000000000000   0.0000000000000000   0.0000000000000000   0.0000000000000000   0.0000000000000000   0.0000000000000000   0.0000000000000000   0.0000000000000000   0.0000000000000000   0.0000000000000000   0.0000000000000000   0.0000000000000000   0.0000000000000000   0.0000000000000000   0.0000000000000000   0.0000000000000000   0.0000000000000000   0.0000000000000000   0.0000000000000000   0.0000000000000000   0.0000000000000000   0.0000000000000000   0.0000000000000000   0.0000000000000000   0.0000000000000000   0.0000000000000000   0.0000000000000000   0.0000000000000000   0.0000000000000000   0.0000000000000000   0.0000000000000000   0.0000000000000000   0.0000000000000000   0.0000000000000000   0.0000000000000000   0.0000000000000000   0.0000000000000000   0.0000000000000000   0.0000000000000000   0.0000000000000000   0.0000000000000000   0.0000000000000000   0.0000000000000000   0.0000000000000000   0.0000000000000000   0.0000000000000000   0.0000000000000000   0.0000000000000000   0.0000000000000000   0.0000000000000000   0.0000000000000000   0.0000000000000000   0.0000000000000000   0.0000000000000000   0.0000000000000000   0.0000000000000000   0.0000000000000000   0.0000000000000000   0.0000000000000000   0.0000000000000000   0.0000000000000000   0.0000000000000000   0.0000000000000000   0.0000000000000000   0.0000000000000000   0.0000000000000000   0.0000000000000000   0.0000000000000000   0.0000000000000000   0.0000000000000000   0.0000000000000000   0.0000000000000000   0.0000000000000000   0.0000000000000000   0.0000000000000000   0.0000000000000000   0.0000000000000000   0.0000000000000000   0.0000000000000000   0.0000000000000000   0.0000000000000000   0.0000000000000000   0.0000000000000000   0.0000000000000000   0.0000000000000000   0.0000000000000000   0.0000000000000000   0.0000000000000000   0.0000000000000000   0.0000000000000000   0.0000000000000000   0.0002839212801113   0.0000000000000000   0.0000000000000000   0.0000000000000000   0.0000000000000000   0.0000000000000000   0.0000000000000000   0.0000000000000000   0.0000001627033090   0.0000002213795600   0.0000002476825452   0.0000002769224071   0.0000003089397137   0.0000003439402595   0.0000003820457134   0.0000004233506165   0.0000004679144408   0.0000005157552288   0.0000005668437853   0.0000006210984168   0.0000006783805304   0.0000007384915107   0.0000008011712226   0.0000008660983665   0.0000009328927990   0.0000010011198239   0.0000010702963676   0.0000011398991962   0.0000012093834369   0.0000000000000000
   0.0000000000000000   0.0000000000000000   0.0000000000000000   0.0000000000000000   0.0000000000000000   0.0000000000000000   0.0000000000000000   0.0000000000000000   0.0000000000000000   0.0000000000000000   0.0000000000000000   0.0000000000000000   0.0000000000000000   0.0000000000000000   0.0000000000000000   0.0000000000000000   0.0000000000000000   0.0000000000000000   0.0000000000000000   0.0000000000000000   0.0000000000000000   0.0000000000000000   0.0000000000000000   0.0000000000000000   0.0000000000000000   0.0000000000000000   0.0000000000000000   0.0000000000000000   0.0000000000000000   0.0000000000000000   0.0000000000000000   0.0000000000000000   0.0000000000000000   0.0000000000000000   0.0000000000000000   0.0000000000000000   0.0000000000000000   0.0000000000000000   0.0000000000000000   0.0000000000000000   0.0000000000000000   0.0000000000000000   0.0000000000000000   0.0000000000000000   0.0000000000000000   0.0000000000000000   0.0000000000000000   0.0000000000000000   0.0000000000000000   0.0000000000000000   0.0000000000000000   0.0000000000000000   0.0000000000000000   0.0000000000000000   0.0000000000000000   0.0000000000000000   0.0000000000000000   0.0000000000000000   0.0000000000000000   0.0000000000000000   0.0000000000000000   0.0000000000000000   0.0000000000000000   0.0000000000000000   0.0000000000000000   0.0000000000000000   0.0000000000000000   0.0000000000000000   0.0000000000000000   0.0000000000000000   0.0000000000000000   0.0000000000000000   0.0000000000000000   0.0000000000000000   0.0000000000000000   0.0000000000000000   0.0000000000000000   0.0000000000000000   0.0000000000000000   0.0000000000000000   0.0000000000000000   0.0000000000000000   0.0000000000000000   0.0000000000000000   0.0000000000000000   0.0000000000000000   0.0000000000000000   0.0000000000000000   0.0000000000000000   0.0000000000000000   0.0000000000000000   0.0000000000000000   0.0000000000000000   0.0000000000000000   0.0000000000000000   0.0000000000000000   0.0000000000000000   0.0000000000000000   0.0000000000000000   0.0000000000000000   0.0000000000000000   0.0000000000000000   0.0000000000000000   0.0000000000000000   0.0000000000000000   0.0000000000000000   0.0000000000000000   0.0000000000000000   0.0000000000000000   0.0000000000000000   0.0000000000000000   0.0000000000000000   0.0000000000000000   0.0000000000000000   0.0000000000000000   0.0000000000000000   0.0000000000000000   0.0000000000000000   0.0000000000000000   0.0000000000000000   0.0000000000000000   0.0000000000000000   0.0000000000000000   0.0000000000000000   0.0000000000000000   0.0000000000000000   0.0000000000000000   0.0000000000000000   0.0000000000000000   0.0000000000000000   0.0000000000000000   0.0000000000000000   0.0011336447705721   0.0000000000000000   0.0000000000000000   0.0000026689798776   0.0000030076613313   0.0000034385687352   0.0000056879666433   0.0000104465626434   0.0000138623676363   0.0000155220784315   0.0000176533173533   0.0000201324205652   0.0000229839365965   0.0000262638456357   0.0000300307757186   0.0000343491892736   0.0000392880351508   0.0000449192643392   0.0000513159963236   0.0000585503415480   0.0000666908769414   0.0000757998221474   0.0000859300089735   0.0000971217705638   0.0001093999001838   0.0001227708412309   0.0001372202879674   0.0001527109446045   0.0001691908582239   0.0000000000000000
   0.0000000000000000   0.0000000000000000   0.0000000000000000   0.0000000000000000   0.0000000000000000   0.0000000000000000   0.0000000000000000   0.0000000000000000   0.0000000000000000   0.0000000000000000   0.0000000000000000   0.0000000000000000   0.0000000000000000   0.0000000000000000   0.0000000000000000   0.0000000000000000   0.0000000000000000   0.0000000000000000   0.0000000000000000   0.0000000000000000   0.0000000000000000   0.0000000000000000   0.0000000000000000   0.0000000000000000   0.0000000000000000   0.0000000000000000   0.0000000000000000   0.0000000000000000   0.0000000000000000   0.0000000000000000   0.0000000000000000   0.0000000000000000   0.0000000000000000   0.0000000000000000   0.0000000000000000   0.0000000000000000   0.0000000000000000   0.0000000000000000   0.0000000000000000   0.0000000000000000   0.0000000000000000   0.0000000000000000   0.0000000000000000   0.0000000000000000   0.0000000000000000   0.0000000000000000   0.0000000000000000   0.0000000000000000   0.0000000000000000   0.0000000000000000   0.0000000000000000   0.0000000000000000   0.0000000000000000   0.0000000000000000   0.0000000000000000   0.0000000000000000   0.0000000000000000   0.0000000000000000   0.0000000000000000   0.0000000000000000   0.0000000000000000   0.0000000000000000   0.0000000000000000   0.0000000000000000   0.0000000000000000   0.0000000000000000   0.0000000000000000   0.0000000000000000   0.0000000000000000   0.0000000000000000   0.0000000000000000   0.0000000000000000   0.0000000000000000   0.0000000000000000   0.0000000000000000   0.0000000000000000   0.0000000000000000   0.0000000000000000   0.0000000000000000   0.0000000000000000   0.0000000000000000   0.0000000000000000   0.0000000000000000   0.0000000000000000   0.0000000000000000   0.0000000000000000   0.0000000000000000   0.0000000000000000   0.0000000000000000   0.0000000000000000   0.0000000000000000   0.0000000000000000   0.0000000000000000   0.0000000000000000   0.0000000000000000   0.0000000000000000   0.0000000000000000   0.0000000000000000   0.0000000000000000   0.0000000000000000   0.0000000000000000   0.0000000000000000   0.0000000000000000   0.0000000000000000   0.0000000000000000   0.0000000000000000   0.0000000000000000   0.0000000000000000   0.0000000000000000   0.0000000000000000   0.0000000000000000   0.0000000000000000   0.0000000000000000   0.0000000000000000   0.0000000000000000   0.0000000000000000   0.0000000000000000   0.0000000000000000   0.0000000000000000   0.0000000000000000   0.0000000000000000   0.0000000000000000   0.0000000000000000   0.0000000000000000   0.0000000000000000   0.0000000000000000   0.0000000000000000   0.0000000000000000   0.0000000000000000   0.0000000000000000   0.0000000000000000   0.0000000000000000   0.0002887694224054   0.0003257936164421   0.0003672637772861   0.0004166061195637   0.0004687292821070   0.0005268509738454   0.0005894409179443   0.0006560433755103   0.0007309520591863   0.0008152340449782   0.0009071659614759   0.0010070630961099   0.0011152159815083   0.0012318090482677   0.0013569430644417   0.0014906208166804   0.0016327361918741   0.0017830648810396   0.0019412571962465   0.0021068335409948   0.0022791829993792   0.0024575653778766   0.0026411168789826   0.0028288594188193   0.0030197134261478   0.0032125137902050   0.0034060283965039   0.0035989802677102   0.0037900282087333   0.0000000000000000
   0.0000000000000000   0.0000000000000000   0.0000000000000000   0.0000000000000000   0.0000000000000000   0.0000000000000000   0.0000000000000000   0.0000000000000000   0.0000000000000000   0.0000000000000000   0.0000000000000000   0.0000000000000000   0.0000000000000000   0.0000000000000000   0.0000000000000000   0.0000000000000000   0.0000000000000000   0.0000000000000000   0.0000000000000000   0.0000000000000000   0.0000000000000000   0.0000000000000000   0.0000000000000000   0.0000000000000000   0.0000000000000000   0.0000000000000000   0.0000000000000000   0.0000000000000000   0.0000000000000000   0.0000000000000000   0.0000000000000000   0.0000000000000000   0.0000000000000000   0.0000000000000000   0.0000000000000000   0.0000000000000000   0.0000000000000000   0.0000000000000000   0.0000000000000000   0.0000000000000000   0.0000000000000000   0.0000000000000000   0.0000000000000000   0.0000000000000000   0.0000000000000000   0.0000000000000000   0.0000000000000000   0.0000000000000000   0.0000000000000000   0.0000000000000000   0.0000000000000000   0.0000000000000000   0.0000000000000000   0.0000000000000000   0.0000000000000000   0.0000000000000000   0.0000000000000000   0.0000000000000000   0.0000000000000000   0.0000000000000000   0.0000000000000000   0.0000000000000000   0.0000000000000000   0.0000000000000000   0.0000000000000000   0.0000000000000000   0.0000000000000000   0.0000000000000000   0.0000000000000000   0.0000000000000000   0.0000000000000000   0.0000000000000000   0.0000000000000000   0.0000000000000000   0.0000000000000000   0.0000000000000000   0.0000000000000000   0.0000000000000000   0.0000000000000000   0.0000000000000000   0.0000000000000000   0.0000000000000000   0.0000000000000000   0.0000000000000000   0.0000000000000000   0.0000000000000000   0.0000000000000000   0.0000000000000000   0.0000000000000000   0.0000000000000000   0.0000000000000000   0.0000000000000000   0.0000000000000000   0.0000000000000000   0.0000000000000000   0.0000000000000000   0.0000000000000000   0.0000000000000000   0.0000000000000000   0.0000000000000000   0.0000000000000000   0.0000000000000000   0.0000000000000000   0.0000000000000000   0.0000000000000000   0.0000000000000000   0.0000000000000000   0.0000000000000000   0.0000000000000000   0.0000000000000000   0.0000000000000000   0.0000000000000000   0.0000000000000000   0.0000000000000000   0.0000000000000000   0.0000000000000000   0.0000000000000000   0.0000000000000000   0.0000000000000000   0.0000000000000000   0.0000000000000000   0.0000000000000000   0.0000000000000000   0.0000000000000000   0.0000000000000000   0.0000000000000000   0.0000000000000000   0.0000000000000000   0.0000000000000000   0.0000000000000000   0.0000000000000000   0.0000000000000000   0.0000000000000000   0.0000000000000000   0.0000000000000000   0.0000000000000000   0.0000000035772251   0.0000000012442138   0.0000000003454609   0.0000000168781157   0.0000000088753296   0.0000000039073257   0.0000000014614273   0.0000000004718141   0.0000000001334098   0.0000000000334606   0.0000000000075252   0.0000000000015316   0.0000000000002844   0.0000000000000485   0.0000000000000076   0.0000000000000011   0.0000000000000002   0.0000000000000000   0.0000000000000000   0.0000000000000000   0.0000000000000000   0.0000000000000000   0.0000000000000000   0.0000000000000000   0.0000000000000000   0.0000000000000000
   0.0000000000000000   0.0000000000000000   0.0000000000000000   0.0000000000000000   0.0000000000000000   0.0000000000000000   0.0000000000000000   0.0000000000000000   0.0000000000000000   0.0000000000000000   0.0000000000000000   0.0000000000000000   0.0000000000000000   0.0000000000000000   0.0000000000000000   0.0000000000000000   0.0000000000000000   0.0000000000000000   0.0000000000000000   0.0000000000000000   0.0000000000000000   0.0000000000000000   0.0000000000000000   0.0000000000000000   0.0000000000000000   0.0000000000000000   0.0000000000000000   0.0000000000000000   0.0000000000000000   0.0000000000000000   0.0000000000000000   0.0000000000000000   0.0000000000000000   0.0000000000000000   0.0000000000000000   0.0000000000000000   0.0000000000000000   0.0000000000000000   0.0000000000000000   0.0000000000000000   0.0000000000000000   0.0000000000000000   0.0000000000000000   0.0000000000000000   0.0000000000000000   0.0000000000000000   0.0000000000000000   0.0000000000000000   0.0000000000000000   0.0000000000000000   0.0000000000000000   0.0000000000000000   0.0000000000000000   0.0000000000000000   0.0000000000000000   0.0000000000000000   0.0000000000000000   0.0000000000000000   0.0000000000000000   0.0000000000000000   0.0000000000000000   0.0000000000000000   0.0000000000000000   0.0000000000000000   0.0000000000000000   0.0000000000000000   0.0000000000000000   0.0000000000000000   0.0000000000000000   0.0000000000000000   0.0000000000000000   0.0000000000000000   0.0000000000000000   0.0000000000000000   0.0000000000000000   0.0000000000000000   0.0000000000000000   0.0000000000000000   0.0000000000000000   0.0000000000000000   0.0000000000000000   0.0000000000000000   0.0000000000000000   0.0000000000000000   0.0000000000000000   0.0000000000000000   0.0000000000000000   0.0000000000000000   0.0000000000000000   0.0000000000000000   0.0000000000000000   0.0000000000000000   0.0000000000000000   0.0000000000000000   0.0000000000000000   0.0000000000000000   0.0000000000000000   0.0000000000000000   0.0000000000000000   0.0000000000000000   0.0000000000000000   0.0000000000000000   0.0000000000000000   0.0000000000000000   0.0000000000000000   0.0000000000000000   0.0000000000000000   0.0000000000000000   0.0000000000000000   0.0000000000000000   0.0000000000000000   0.0000000000000000   0.0000000000000000   0.0000000000000000   0.0000000000000000   0.0000000000000000   0.0000000000000000   0.0000000000000000   0.0000000000000000   0.0000000000000000   0.0000000000000000   0.0000000000000000   0.0000000000000000   0.0000000000000000   0.0000000000000000   0.0000000000000000   0.0000000000000000   0.0000000000000000   0.0000000000000000   0.0000000000000000   0.0000000000000000   0.0000000000000000   0.0000000000000000   0.0000000000000000   0.0000000000000000   0.0000000000000000   0.0000000000000403   0.0000000000000119   0.0000000000000028   0.0000000000000019   0.0000000000000144   0.0000000000000179   0.0000000000000112   0.0000000000000049   0.0000000000000017   0.0000000000000005   0.0000000000000001   0.0000000000000000   0.0000000000000000   0.0000000000000000   0.0000000000000000   0.0000000000000000   0.0000000000000000   0.0000000000000000   0.0000000000000000   0.0000000000000000   0.0000000000000000   0.0000000000000000   0.0000000000000000   0.0000000000000000   0.0000000000000000   0.0000000000000000
   0.0000000000000000   0.0000000000000000   0.0000000000000000   0.0000000000000000   0.0000000000000000   0.0000000000000000   0.0000000000000000   0.0000000000000000   0.0000000000000000   0.0000000000000000   0.0000000000000000   0.0000000000000000   0.0000000000000000   0.0000000000000000   0.0000000000000000   0.0000000000000000   0.0000000000000000   0.0000000000000000   0.0000000000000000   0.0000000000000000   0.0000000000000000   0.0000000000000000   0.0000000000000000   0.0000000000000000   0.0000000000000000   0.0000000000000000   0.0000000000000000   0.0000000000000000   0.0000000000000000   0.0000000000000000   0.0000000000000000   0.0000000000000000   0.0000000000000000   0.0000000000000000   0.0000000000000000   0.0000000000000000   0.0000000000000000   0.0000000000000000   0.0000000000000000   0.0000000000000000   0.0000000000000000   0.0000000000000000   0.0000000000000000   0.0000000000000000   0.0000000000000000   0.0000000000000000   0.0000000000000000   0.0000000000000000   0.0000000000000000   0.0000000000000000   0.0000000000000000   0.0000000000000000   0.0000000000000000   0.0000000000000000   0.0000000000000000   0.0000000000000000   0.0000000000000000   0.0000000000000000   0.0000000000000000   0.0000000000000000   0.0000000000000000   0.0000000000000000   0.0000000000000000   0.0000000000000000   0.0000000000000000   0.0000000000000000   0.0000000000000000   0.0000000000000000   0.0000000000000000   0.0000000000000000   0.0000000000000000   0.0000000000000000   0.0000000000000000   0.0000000000000000   0.0000000000000000   0.0000000000000000   0.0000000000000000   0.0000000000000000   0.0000000000000000   0.0000000000000000   0.0000000000000000   0.0000000000000000   0.0000000000000000   0.0000000000000000   0.0000000000000000   0.0000000000000000   0.0000000000000000   0.0000000000000000   0.0000000000000000   0.0000000000000000   0.0000000000000000   0.0000000000000000   0.0000000000000000   0.0000000000000000   0.0000000000000000   0.0000000000000000   0.0000000000000000   0.0000000000000000   0.0000000000000000   0.0000000000000000   0.0000000000000000   0.0000000000000000   0.0000000000000000   0.0000000000000000   0.0000000000000000   0.0000000000000000   0.0000000000000000   0.0000000000000000   0.0000000000000000   0.0000000000000000   0.0000000000000000   0.0000000000000000   0.0000000000000000   0.0000000000000000   0.0000000000000000   0.0000000000000000   0.0000000000000000   0.0000000000000000   0.0000000000000000   0.0000000000000000   0.0000000000000000   0.0000000000000000   0.0000000000000000   0.0000000000000000   0.0000000000000000   0.0000000000000000   0.0000000000000000   0.0000000000000000   0.0000000000000000   0.0000000000000000   0.0000000000000000   0.0000000000000000   0.0000000000000000   0.0000000000000000   0.0000000000000000   0.0000000000000000   0.0000000000000000   0.0000000000000000   0.0000000000000000   0.0000000000000000   0.0000000000000000   0.0000000000000000   0.0000000000000000   0.0000000000000000   0.0000000000000000   0.0000000000000000   0.0000000000000000   0.0000000000000000   0.0000000000000000   0.0000000000000000   0.0000000000000000   0.0000000000000000   0.0000000000000000   0.0000000000000000   0.0000000000000000   0.0000000000000000   0.0000000000000000   0.0000000000000000   0.0000000000000000   0.0000000000000000   0.0000000000000000   0.0000000000000000
   0.0000000000000000   0.0000000000000000   0.0000000000000000   0.0000000000000000   0.0000000000000000   0.0000000000000000   0.0000000000000000   0.0000000000000000   0.0000000000000000   0.0000000000000000   0.0000000000000000   0.0000000000000000   0.0000000000000000   0.0000000000000000   0.0000000000000000   0.0000000000000000   0.0000000000000000   0.0000000000000000   0.0000000000000000   0.0000000000000000   0.0000000000000000   0.0000000000000000   0.0000000000000000   0.0000000000000000   0.0000000000000000   0.0000000000000000   0.0000000000000000   0.0000000000000000   0.0000000000000000   0.0000000000000000   0.0000000000000000   0.0000000000000000   0.0000000000000000   0.0000000000000000   0.0000000000000000   0.0000000000000000   0.0000000000000000   0.0000000000000000   0.0000000000000000   0.0000000000000000   0.0000000000000000   0.0000000000000000   0.0000000000000000   0.0000000000000000   0.0000000000000000   0.0000000000000000   0.0000000000000000   0.0000000000000000   0.0000000000000000   0.0000000000000000   0.0000000000000000   0.0000000000000000   0.0000000000000000   0.0000000000000000   0.0000000000000000   0.0000000000000000   0.0000000000000000   0.0000000000000000   0.0000000000000000   0.0000000000000000   0.0000000000000000   0.0000000000000000   0.0000000000000000   0.0000000000000000   0.0000000000000000   0.0000000000000000   0.0000000000000000   0.0000000000000000   0.0000000000000000   0.0000000000000000   0.0000000000000000   0.0000000000000000   0.0000000000000000   0.0000000000000000   0.0000000000000000   0.0000000000000000   0.0000000000000000   0.0000000000000000   0.0000000000000000   0.0000000000000000   0.0000000000000000   0.0000000000000000   0.0000000000000000   0.0000000000000000   0.0000000000000000   0.0000000000000000   0.0000000000000000   0.0000000000000000   0.0000000000000000   0.0000000000000000   0.0000000000000000   0.0000000000000000   0.0000000000000000   0.0000000000000000   0.0000000000000000   0.0000000000000000   0.0000000000000000   0.0000000000000000   0.0000000000000000   0.0000000000000000   0.0000000000000000   0.0000000000000000   0.0000000000000000   0.0000000000000000   0.0000000000000000   0.0000000000000000   0.0000000000000000   0.0000000000000000   0.0000000000000000   0.0000000000000000   0.0000000000000000   0.0000000000000000   0.0000000000000000   0.0000000000000000   0.0000000000000000   0.0000000000000000   0.0000000000000000   0.0000000000000000   0.0000000000000000   0.0000000000000000   0.0000000000000000   0.0000000000000000   0.0000000000000000   0.0000000000000000   0.0000000000000000   0.0000000000000000   0.0000000000000000   0.0000000000000000   0.0000000000000000   0.0000000000000000   0.0000000000000000   0.0000000000000000   0.0000000000000000   0.0000000000000000   0.0000000000000000   0.0000000000000000   0.0000000000000000   0.0000000000000000   0.0000000000000000   0.0000000000000000   0.0000000000000000   0.0000000000000000   0.0000000000000000   0.0000000000000000   0.0000000000000000   0.0000000000000000   0.0000000000000000   0.0000000000000000   0.0000000000000000   0.0000000000000000   0.0000000000000000   0.0000000000000000   0.0000000000000000   0.0000000000000000   0.0000000000000000   0.0000000000000000   0.0000000000000000   0.0000000000000000   0.0000000000000000   0.0000000000000000   0.0000000000000000   0.0000000000000000
   0.0000000000000000   0.0000000000000000   0.0000000000000000   0.0000000000000000   0.0000000000000000   0.0000000000000000   0.0000000000000000   0.0000000000000000   0.0000000000000000   0.0000000000000000   0.0000000000000000   0.0000000000000000   0.0000000000000000   0.0000000000000000   0.0000000000000000   0.0000000000000000   0.0000000000000000   0.0000000000000000   0.0000000000000000   0.0000000000000000   0.0000000000000000   0.0000000000000000   0.0000000000000000   0.0000000000000000   0.0000000000000000   0.0000000000000000   0.0000000000000000   0.0000000000000000   0.0000000000000000   0.0000000000000000   0.0000000000000000   0.0000000000000000   0.0000000000000000   0.0000000000000000   0.0000000000000000   0.0000000000000000   0.0000000000000000   0.0000000000000000   0.0000000000000000   0.0000000000000000   0.0000000000000000   0.0000000000000000   0.0000000000000000   0.0000000000000000   0.0000000000000000   0.0000000000000000   0.0000000000000000   0.0000000000000000   0.0000000000000000   0.0000000000000000   0.0000000000000000   0.0000000000000000   0.0000000000000000   0.0000000000000000   0.0000000000000000   0.0000000000000000   0.0000000000000000   0.0000000000000000   0.0000000000000000   0.0000000000000000   0.0000000000000000   0.0000000000000000   0.0000000000000000   0.0000000000000000   0.0000000000000000   0.0000000000000000   0.0000000000000000   0.0000000000000000   0.0000000000000000   0.0000000000000000   0.0000000000000000   0.0000000000000000   0.0000000000000000   0.0000000000000000   0.0000000000000000   0.0000000000000000   0.0000000000000000   0.0000000000000000   0.0000000000000000   0.0000000000000000   0.0000000000000000   0.0000000000000000   0.0000000000000000   0.0000000000000000   0.0000000000000000   0.0000000000000000   0.0000000000000000   0.0000000000000000   0.0000000000000000   0.0000000000000000   0.0000000000000000   0.0000000000000000   0.0000000000000000   0.0000000000000000   0.0000000000000000   0.0000000000000000   0.0000000000000000   0.0000000000000000   0.0000000000000000   0.0000000000000000   0.0000000000000000   0.0000000000000000   0.0000000000000000   0.0000000000000000   0.0000000000000000   0.0000000000000000   0.0000000000000000   0.0000000000000000   0.0000000000000000   0.0000000000000000   0.0000000000000000   0.0000000000000000   0.0000000000000000   0.0000000000000000   0.0000000000000000   0.0000000000000000   0.0000000000000000   0.0000000000000000   0.0000000000000000   0.0000000000000000   0.0000000000000000   0.0000000000000000   0.0000000000000000   0.0000000000000000   0.0000000000000000   0.0000000000000000   0.0000000000000000   0.0000000000000000   0.0000000000000000   0.0000000000000000   0.0000000000000000   0.0000000000000000   0.0000000000000000   0.0000000000000000   0.0000000000000000   0.0000000000000000   0.0000000000000000   0.0000000000000000   0.0000000000000000   0.0000000000000000   0.0000000000000000   0.0000000000000000   0.0000000000000000   0.0000000000000000   0.0000000000000000   0.0000000000000000   0.0000000000000000   0.0000000000000000   0.0000000000000000   0.0000000000000000   0.0000000000000000   0.0000000000000000   0.0000000000000000   0.0000000000000000   0.0000000000000000   0.0000000000000000   0.0000000000000000   0.0000000000000000   0.0000000000000000   0.0000000000000000   0.0000000000000000   0.0000000000000000
   0.0000000000000000   0.0000000000000000   0.0000000000000000   0.0000000000000000   0.0000000000000000   0.0000000000000000   0.0000000000000000   0.0000000000000000   0.0000000000000000   0.0000000000000000   0.0000000000000000   0.0000000000000000   0.0000000000000000   0.0000000000000000   0.0000000000000000   0.0000000000000000   0.0000000000000000   0.0000000000000000   0.0000000000000000   0.0000000000000000   0.0000000000000000   0.0000000000000000   0.0000000000000000   0.0000000000000000   0.0000000000000000   0.0000000000000000   0.0000000000000000   0.0000000000000000   0.0000000000000000   0.0000000000000000   0.0000000000000000   0.0000000000000000   0.0000000000000000   0.0000000000000000   0.0000000000000000   0.0000000000000000   0.0000000000000000   0.0000000000000000   0.0000000000000000   0.0000000000000000   0.0000000000000000   0.0000000000000000   0.0000000000000000   0.0000000000000000   0.0000000000000000   0.0000000000000000   0.0000000000000000   0.0000000000000000   0.0000000000000000   0.0000000000000000   0.0000000000000000   0.0000000000000000   0.0000000000000000   0.0000000000000000   0.0000000000000000   0.0000000000000000   0.0000000000000000   0.0000000000000000   0.0000000000000000   0.0000000000000000   0.0000000000000000   0.0000000000000000   0.0000000000000000   0.0000000000000000   0.0000000000000000   0.0000000000000000   0.0000000000000000   0.0000000000000000   0.0000000000000000   0.0000000000000000   0.0000000000000000   0.0000000000000000   0.0000000000000000   0.0000000000000000   0.0000000000000000   0.0000000000000000   0.0000000000000000   0.0000000000000000   0.0000000000000000   0.0000000000000000   0.0000000000000000   0.0000000000000000   0.0000000000000000   0.0000000000000000   0.0000000000000000   0.0000000000000000   0.0000000000000000   0.0000000000000000   0.0000000000000000   0.0000000000000000   0.0000000000000000   0.0000000000000000   0.0000000000000000   0.0000000000000000   0.0000000000000000   0.0000000000000000   0.0000000000000000   0.0000000000000000   0.0000000000000000   0.0000000000000000   0.0000000000000000   0.0000000000000000   0.0000000000000000   0.0000000000000000   0.0000000000000000   0.0000000000000000   0.0000000000000000   0.0000000000000000   0.0000000000000000   0.0000000000000000   0.0000000000000000   0.0000000000000000   0.0000000000000000   0.0000000000000000   0.0000000000000000   0.0000000000000000   0.0000000000000000   0.0000000000000000   0.0000000000000000   0.0000000000000000   0.0000000000000000   0.0000000000000000   0.0000000000000000   0.0000000000000000   0.0000000000000000   0.0000000000000000   0.0000000000000000   0.0000000000000000   0.0000000000000000   0.0000000000000000   0.0000000000000000   0.0000000000000000   0.0000000000000000   0.0000000000000000   0.0000000000000000   0.0000000000000000   0.0000000000000000   0.0000000000000000   0.0000000000000000   0.0000000000000000   0.0000000000000000   0.0000000000000000   0.0000000000000000   0.0000000000000000   0.0000000000000000   0.0000000000000000   0.0000000000000000   0.0000000000000000   0.0000000000000000   0.0000000000000000   0.0000000000000000   0.0000000000000000   0.0000000000000000   0.0000000000000000   0.0000000000000000   0.0000000000000000   0.0000000000000000   0.0000000000000000   0.0000000000000000   0.0000000000000000   0.0000000000000000   0.0000000000000000
   0.0000000000000000   0.0000000000000000   0.0000000000000000   0.0000000000000000   0.0000000000000000   0.0000000000000000   0.0000000000000000   0.0000000000000000   0.0000000000000000   0.0000000000000000   0.0000000000000000   0.0000000000000000   0.0000000000000000   0.0000000000000000   0.0000000000000000   0.0000000000000000   0.0000000000000000   0.0000000000000000   0.0000000000000000   0.0000000000000000   0.0000000000000000   0.0000000000000000   0.0000000000000000   0.0000000000000000   0.0000000000000000   0.0000000000000000   0.0000000000000000   0.0000000000000000   0.0000000000000000   0.0000000000000000   0.0000000000000000   0.0000000000000000   0.0000000000000000   0.0000000000000000   0.0000000000000000   0.0000000000000000   0.0000000000000000   0.0000000000000000   0.0000000000000000   0.0000000000000000   0.0000000000000000   0.0000000000000000   0.0000000000000000   0.0000000000000000   0.0000000000000000   0.0000000000000000   0.0000000000000000   0.0000000000000000   0.0000000000000000   0.0000000000000000   0.0000000000000000   0.0000000000000000   0.0000000000000000   0.0000000000000000   0.0000000000000000   0.0000000000000000   0.0000000000000000   0.0000000000000000   0.0000000000000000   0.0000000000000000   0.0000000000000000   0.0000000000000000   0.0000000000000000   0.0000000000000000   0.0000000000000000   0.0000000000000000   0.0000000000000000   0.0000000000000000   0.0000000000000000   0.0000000000000000   0.0000000000000000   0.0000000000000000   0.0000000000000000   0.0000000000000000   0.0000000000000000   0.0000000000000000   0.0000000000000000   0.0000000000000000   0.0000000000000000   0.0000000000000000   0.0000000000000000   0.0000000000000000   0.0000000000000000   0.0000000000000000   0.0000000000000000   0.0000000000000000   0.0000000000000000   0.0000000000000000   0.0000000000000000   0.0000000000000000   0.0000000000000000   0.0000000000000000   0.0000000000000000   0.0000000000000000   0.0000000000000000   0.0000000000000000   0.0000000000000000   0.0000000000000000   0.0000000000000000   0.0000000000000000   0.0000000000000000   0.0000000000000000   0.0000000000000000   0.0000000000000000   0.0000000000000000   0.0000000000000000   0.0000000000000000   0.0000000000000000   0.0000000000000000   0.0000000000000000   0.0000000000000000   0.0000000000000000   0.0000000000000000   0.0000000000000000   0.0000000000000000   0.0000000000000000   0.0000000000000000   0.0000000000000000   0.0000000000000000   0.0000000000000000   0.0000000000000000   0.0000000000000000   0.0000000000000000   0.0000000000000000   0.0000000000000000   0.0000000000000000   0.0000000000000000   0.0000000000000000   0.0000000000000000   0.0000000000000000   0.0000000000000000   0.0000000000000000   0.0000000000000000   0.0000000000000000   0.0000000000000000   0.0000000000000000   0.0000000000000000   0.0000000000000000   0.0000000000000000   0.0000000000000000   0.0000000000000000   0.0000000000000000   0.0000000000000000   0.0000000000000000   0.0000000000000000   0.0000000000000000   0.0000000000000000   0.0000000000000000   0.0000000000000000   0.0000000000000000   0.0000000000000000   0.0000000000000000   0.0000000000000000   0.0000000000000000   0.0000000000000000   0.0000000000000000   0.0000000000000000   0.0000000000000000   0.0000000000000000   0.0000000000000000   0.0000000000000000   0.0000000000000000
   0.0000000000000000   0.0000000000000000   0.0000000000000000   0.0000000000000000   0.0000000000000000   0.0000000000000000   0.0000000000000000   0.0000000000000000   0.0000000000000000   0.0000000000000000   0.0000000000000000   0.0000000000000000   0.0000000000000000   0.0000000000000000   0.0000000000000000   0.0000000000000000   0.0000000000000000   0.0000000000000000   0.0000000000000000   0.0000000000000000   0.0000000000000000   0.0000000000000000   0.0000000000000000   0.0000000000000000   0.0000000000000000   0.0000000000000000   0.0000000000000000   0.0000000000000000   0.0000000000000000   0.0000000000000000   0.0000000000000000   0.0000000000000000   0.0000000000000000   0.0000000000000000   0.0000000000000000   0.0000000000000000   0.0000000000000000   0.0000000000000000   0.0000000000000000   0.0000000000000000   0.0000000000000000   0.0000000000000000   0.0000000000000000   0.0000000000000000   0.0000000000000000   0.0000000000000000   0.0000000000000000   0.0000000000000000   0.0000000000000000   0.0000000000000000   0.0000000000000000   0.0000000000000000   0.0000000000000000   0.0000000000000000   0.0000000000000000   0.0000000000000000   0.0000000000000000   0.0000000000000000   0.0000000000000000   0.0000000000000000   0.0000000000000000   0.0000000000000000   0.0000000000000000   0.0000000000000000   0.0000000000000000   0.0000000000000000   0.0000000000000000   0.0000000000000000   0.0000000000000000   0.0000000000000000   0.0000000000000000   0.0000000000000000   0.0000000000000000   0.0000000000000000   0.0000000000000000   0.0000000000000000   0.0000000000000000   0.0000000000000000   0.0000000000000000   0.0000000000000000   0.0000000000000000   0.0000000000000000   0.0000000000000000   0.0000000000000000   0.0000000000000000   0.0000000000000000   0.0000000000000000   0.0000000000000000   0.0000000000000000   0.0000000000000000   0.0000000000000000   0.0000000000000000   0.0000000000000000   0.0000000000000000   0.0000000000000000   0.0000000000000000   0.0000000000000000   0.0000000000000000   0.0000000000000000   0.0000000000000000   0.0000000000000000   0.0000000000000000   0.0000000000000000   0.0000000000000000   0.0000000000000000   0.0000000000000000   0.0000000000000000   0.0000000000000000   0.0000000000000000   0.0000000000000000   0.0000000000000000   0.0000000000000000   0.0000000000000000   0.0000000000000000   0.0000000000000000   0.0000000000000000   0.0000000000000000   0.0000000000000000   0.0000000000000000   0.0000000000000000   0.0000000000000000   0.0000000000000000   0.0000000000000000   0.0000000000000000   0.0000000000000000   0.0000000000000000   0.0000000000000000   0.0000000000000000   0.0000000000000000   0.0000000000000000   0.0000000000000000   0.0000000000000000   0.0000000000000000   0.0000000000000000   0.0000000000000000   0.0000000000000000   0.0000000000000000   0.0000000000000000   0.0000000000000000   0.0000000000000000   0.0000000000000000   0.0000000000000000   0.0000000000000000   0.0000000000000000   0.0000000000000000   0.0000000000000000   0.0000000000000000   0.0000000000000000   0.0000000000000000   0.0000000000000000   0.0000000000000000   0.0000000000000000   0.0000000000000000   0.0000000000000000   0.0000000000000000   0.0000000000000000   0.0000000000000000   0.0000000000000000   0.0000000000000000   0.0000000000000000   0.0000000000000000   0.0000000000000000
   0.0000000000000000   0.0000000000000000   0.0000000000000000   0.0000000000000000   0.0000000000000000   0.0000000000000000   0.0000000000000000   0.0000000000000000   0.0000000000000000   0.0000000000000000   0.0000000000000000   0.0000000000000000   0.0000000000000000   0.0000000000000000   0.0000000000000000   0.0000000000000000   0.0000000000000000   0.0000000000000000   0.0000000000000000   0.0000000000000000   0.0000000000000000   0.0000000000000000   0.0000000000000000   0.0000000000000000   0.0000000000000000   0.0000000000000000   0.0000000000000000   0.0000000000000000   0.0000000000000000   0.0000000000000000   0.0000000000000000   0.0000000000000000   0.0000000000000000   0.0000000000000000   0.0000000000000000   0.0000000000000000   0.0000000000000000   0.0000000000000000   0.0000000000000000   0.0000000000000000   0.0000000000000000   0.0000000000000000   0.0000000000000000   0.0000000000000000   0.0000000000000000   0.0000000000000000   0.0000000000000000   0.0000000000000000   0.0000000000000000   0.0000000000000000   0.0000000000000000   0.0000000000000000   0.0000000000000000   0.0000000000000000   0.0000000000000000   0.0000000000000000   0.0000000000000000   0.0000000000000000   0.0000000000000000   0.0000000000000000   0.0000000000000000   0.0000000000000000   0.0000000000000000   0.0000000000000000   0.0000000000000000   0.0000000000000000   0.0000000000000000   0.0000000000000000   0.0000000000000000   0.0000000000000000   0.0000000000000000   0.0000000000000000   0.0000000000000000   0.0000000000000000   0.0000000000000000   0.0000000000000000   0.0000000000000000   0.0000000000000000   0.0000000000000000   0.0000000000000000   0.0000000000000000   0.0000000000000000   0.0000000000000000   0.0000000000000000   0.0000000000000000   0.0000000000000000   0.0000000000000000   0.0000000000000000   0.0000000000000000   0.0000000000000000   0.0000000000000000   0.0000000000000000   0.0000000000000000   0.0000000000000000   0.0000000000000000   0.0000000000000000   0.0000000000000000   0.0000000000000000   0.0000000000000000   0.0000000000000000   0.0000000000000000   0.0000000000000000   0.0000000000000000   0.0000000000000000   0.0000000000000000   0.0000000000000000   0.0000000000000000   0.0000000000000000   0.0000000000000000   0.0000000000000000   0.0000000000000000   0.0000000000000000   0.0000000000000000   0.0000000000000000   0.0000000000000000   0.0000000000000000   0.0000000000000000   0.0000000000000000   0.0000000000000000   0.0000000000000000   0.0000000000000000   0.0000000000000000   0.0000000000000000   0.0000000000000000   0.0000000000000000   0.0000000000000000   0.0000000000000000   0.0000000000000000   0.0000000000000000   0.0000000000000000   0.0000000000000000   0.0000000000000000   0.0000000000000000   0.0000000000000000   0.0000000000000000   0.0000000000000000   0.0000000000000000   0.0000000000000000   0.0000000000000000   0.0000000000000000   0.0000000000000000   0.0000000000000000   0.0000000000000000   0.0000000000000000   0.0000000000000000   0.0000000000000000   0.0000000000000000   0.0000000000000000   0.0000000000000000   0.0000000000000000   0.0000000000000000   0.0000000000000000   0.0000000000000000   0.0000000000000000   0.0000000000000000   0.0000000000000000   0.0000000000000000   0.0000000000000000   0.0000000000000000   0.0000000000000000   0.0000000000000000   0.0000000000000000
   0.0000000000000000   0.0000000000000000   0.0000000000000000   0.0000000000000000   0.0000000000000000   0.0000000000000000   0.0000000000000000   0.0000000000000000   0.0000000000000000   0.0000000000000000   0.0000000000000000   0.0000000000000000   0.0000000000000000   0.0000000000000000   0.0000000000000000   0.0000000000000000   0.0000000000000000   0.0000000000000000   0.0000000000000000   0.0000000000000000   0.0000000000000000   0.0000000000000000   0.0000000000000000   0.0000000000000000   0.0000000000000000   0.0000000000000000   0.0000000000000000   0.0000000000000000   0.0000000000000000   0.0000000000000000   0.0000000000000000   0.0000000000000000   0.0000000000000000   0.0000000000000000   0.0000000000000000   0.0000000000000000   0.0000000000000000   0.0000000000000000   0.0000000000000000   0.0000000000000000   0.0000000000000000   0.0000000000000000   0.0000000000000000   0.0000000000000000   0.0000000000000000   0.0000000000000000   0.0000000000000000   0.0000000000000000   0.0000000000000000   0.0000000000000000   0.0000000000000000   0.0000000000000000   0.0000000000000000   0.0000000000000000   0.0000000000000000   0.0000000000000000   0.0000000000000000   0.0000000000000000   0.0000000000000000   0.0000000000000000   0.0000000000000000   0.0000000000000000   0.0000000000000000   0.0000000000000000   0.0000000000000000   0.0000000000000000   0.0000000000000000   0.0000000000000000   0.0000000000000000   0.0000000000000000   0.0000000000000000   0.0000000000000000   0.0000000000000000   0.0000000000000000   0.0000000000000000   0.0000000000000000   0.0000000000000000   0.0000000000000000   0.0000000000000000   0.0000000000000000   0.0000000000000000   0.0000000000000000   0.0000000000000000   0.0000000000000000   0.0000000000000000   0.0000000000000000   0.0000000000000000   0.0000000000000000   0.0000000000000000   0.0000000000000000   0.0000000000000000   0.0000000000000000   0.0000000000000000   0.0000000000000000   0.0000000000000000   0.0000000000000000   0.0000000000000000   0.0000000000000000   0.0000000000000000   0.0000000000000000   0.0000000000000000   0.0000000000000000   0.0000000000000000   0.0000000000000000   0.0000000000000000   0.0000000000000000   0.0000000000000000   0.0000000000000000   0.0000000000000000   0.0000000000000000   0.0000000000000000   0.0000000000000000   0.0000000000000000   0.0000000000000000   0.0000000000000000   0.0000000000000000   0.0000000000000000   0.0000000000000000   0.0000000000000000   0.0000000000000000   0.0000000000000000   0.0000000000000000   0.0000000000000000   0.0000000000000000   0.0000000000000000   0.0000000000000000   0.0000000000000000   0.0000000000000000   0.0000000000000000   0.0000000000000000   0.0000000000000000   0.0000000000000000   0.0000000000000000   0.0000000000000000   0.0000000000000000   0.0000000000000000   0.0000000000000000   0.0000000000000000   0.0000000000000000   0.0000000000000000   0.0000000000000000   0.0000000000000000   0.0000000000000000   0.0000000000000000   0.0000000000000000   0.0000000000000000   0.0000000000000000   0.0000000000000000   0.0000000000000000   0.0000000000000000   0.0000000000000000   0.0000000000000000   0.0000000000000000   0.0000000000000000   0.0000000000000000   0.0000000000000000   0.0000000000000000   0.0000000000000000   0.0000000000000000   0.0000000000000000   0.0000000000000000   0.0000000000000000
   0.0000000000000000   0.0000000000000000   0.0000000000000000   0.0000000000000000   0.0000000000000000   0.0000000000000000   0.0000000000000000   0.0000000000000000   0.0000000000000000   0.0000000000000000   0.0000000000000000   0.0000000000000000   0.0000000000000000   0.0000000000000000   0.0000000000000000   0.0000000000000000   0.0000000000000000   0.0000000000000000   0.0000000000000000   0.0000000000000000   0.0000000000000000   0.0000000000000000   0.0000000000000000   0.0000000000000000   0.0000000000000000   0.0000000000000000   0.0000000000000000   0.0000000000000000   0.0000000000000000   0.0000000000000000   0.0000000000000000   0.0000000000000000   0.0000000000000000   0.0000000000000000   0.0000000000000000   0.0000000000000000   0.0000000000000000   0.0000000000000000   0.0000000000000000   0.0000000000000000   0.0000000000000000   0.0000000000000000   0.0000000000000000   0.0000000000000000   0.0000000000000000   0.0000000000000000   0.0000000000000000   0.0000000000000000   0.0000000000000000   0.0000000000000000   0.0000000000000000   0.0000000000000000   0.0000000000000000   0.0000000000000000   0.0000000000000000   0.0000000000000000   0.0000000000000000   0.0000000000000000   0.0000000000000000   0.0000000000000000   0.0000000000000000   0.0000000000000000   0.0000000000000000   0.0000000000000000   0.0000000000000000   0.0000000000000000   0.0000000000000000   0.0000000000000000   0.0000000000000000   0.0000000000000000   0.0000000000000000   0.0000000000000000   0.0000000000000000   0.0000000000000000   0.0000000000000000   0.0000000000000000   0.0000000000000000   0.0000000000000000   0.0000000000000000   0.0000000000000000   0.0000000000000000   0.0000000000000000   0.0000000000000000   0.0000000000000000   0.0000000000000000   0.0000000000000000   0.0000000000000000   0.0000000000000000   0.0000000000000000   0.0000000000000000   0.0000000000000000   0.0000000000000000   0.0000000000000000   0.0000000000000000   0.0000000000000000   0.0000000000000000   0.0000000000000000   0.0000000000000000   0.0000000000000000   0.0000000000000000   0.0000000000000000   0.0000000000000000   0.0000000000000000   0.0000000000000000   0.0000000000000000   0.0000000000000000   0.0000000000000000   0.0000000000000000   0.0000000000000000   0.0000000000000000   0.0000000000000000   0.0000000000000000   0.0000000000000000   0.0000000000000000   0.0000000000000000   0.0000000000000000   0.0000000000000000   0.0000000000000000   0.0000000000000000   0.0000000000000000   0.0000000000000000   0.0000000000000000   0.0000000000000000   0.0000000000000000   0.0000000000000000   0.0000000000000000   0.0000000000000000   0.0000000000000000   0.0000000000000000   0.0000000000000000   0.0000000000000000   0.0000000000000000   0.0000000000000000   0.0000000000000000   0.0000000000000000   0.0000000000000000   0.0000000000000000   0.0000000000000000   0.0000000000000000   0.0000000000000000   0.0000000000000000   0.0000000000000000   0.0000000000000000   0.0000000000000000   0.0000000000000000   0.0000000000000000   0.0000000000000000   0.0000000000000000   0.0000000000000000   0.0000000000000000   0.0000000000000000   0.0000000000000000   0.0000000000000000   0.0000000000000000   0.0000000000000000   0.0000000000000000   0.0000000000000000   0.0000000000000000   0.0000000000000000   0.0000000000000000   0.0000000000000000   0.0000000000000000
   0.0000000000000000   0.0000000000000000   0.0000000000000000   0.0000000000000000   0.0000000000000000   0.0000000000000000   0.0000000000000000   0.0000000000000000   0.0000000000000000   0.0000000000000000   0.0000000000000000   0.0000000000000000   0.0000000000000000   0.0000000000000000   0.0000000000000000   0.0000000000000000   0.0000000000000000   0.0000000000000000   0.0000000000000000   0.0000000000000000   0.0000000000000000   0.0000000000000000   0.0000000000000000   0.0000000000000000   0.0000000000000000   0.0000000000000000   0.0000000000000000   0.0000000000000000   0.0000000000000000   0.0000000000000000   0.0000000000000000   0.0000000000000000   0.0000000000000000   0.0000000000000000   0.0000000000000000   0.0000000000000000   0.0000000000000000   0.0000000000000000   0.0000000000000000   0.0000000000000000   0.0000000000000000   0.0000000000000000   0.0000000000000000   0.0000000000000000   0.0000000000000000   0.0000000000000000   0.0000000000000000   0.0000000000000000   0.0000000000000000   0.0000000000000000   0.0000000000000000   0.0000000000000000   0.0000000000000000   0.0000000000000000   0.0000000000000000   0.0000000000000000   0.0000000000000000   0.0000000000000000   0.0000000000000000   0.0000000000000000   0.0000000000000000   0.0000000000000000   0.0000000000000000   0.0000000000000000   0.0000000000000000   0.0000000000000000   0.0000000000000000   0.0000000000000000   0.0000000000000000   0.0000000000000000   0.0000000000000000   0.0000000000000000   0.0000000000000000   0.0000000000000000   0.0000000000000000   0.0000000000000000   0.0000000000000000   0.0000000000000000   0.0000000000000000   0.0000000000000000   0.0000000000000000   0.0000000000000000   0.0000000000000000   0.0000000000000000   0.0000000000000000   0.0000000000000000   0.0000000000000000   0.0000000000000000   0.0000000000000000   0.0000000000000000   0.0000000000000000   0.0000000000000000   0.0000000000000000   0.0000000000000000   0.0000000000000000   0.0000000000000000   0.0000000000000000   0.0000000000000000   0.0000000000000000   0.0000000000000000   0.0000000000000000   0.0000000000000000   0.0000000000000000   0.0000000000000000   0.0000000000000000   0.0000000000000000   0.0000000000000000   0.0000000000000000   0.0000000000000000   0.0000000000000000   0.0000000000000000   0.0000000000000000   0.0000000000000000   0.0000000000000000   0.0000000000000000   0.0000000000000000   0.0000000000000000   0.0000000000000000   0.0000000000000000   0.0000000000000000   0.0000000000000000   0.0000000000000000   0.0000000000000000   0.0000000000000000   0.0000000000000000   0.0000000000000000   0.0000000000000000   0.0000000000000000   0.0000000000000000   0.0000000000000000   0.0000000000000000   0.0000000000000000   0.0000000000000000   0.0000000000000000   0.0000000000000000   0.0000000000000000   0.0000000000000000   0.0000000000000000   0.0000000000000000   0.0000000000000000   0.0000000000000000   0.0000000000000000   0.0000000000000000   0.0000000000000000   0.0000000000000000   0.0000000000000000   0.0000000000000000   0.0000000000000000   0.0000000000000000   0.0000000000000000   0.0000000000000000   0.0000000000000000   0.0000000000000000   0.0000000000000000   0.0000000000000000   0.0000000000000000   0.0000000000000000   0.0000000000000000   0.0000000000000000   0.0000000000000000   0.0000000000000000   0.0000000000000000
   0.0000000000000000   0.0000000000000000   0.0000000000000000   0.0000000000000000   0.0000000000000000   0.0000000000000000   0.0000000000000000   0.0000000000000000   0.0000000000000000   0.0000000000000000   0.0000000000000000   0.0000000000000000   0.0000000000000000   0.0000000000000000   0.0000000000000000   0.0000000000000000   0.0000000000000000   0.0000000000000000   0.0000000000000000   0.0000000000000000   0.0000000000000000   0.0000000000000000   0.0000000000000000   0.0000000000000000   0.0000000000000000   0.0000000000000000   0.0000000000000000   0.0000000000000000   0.0000000000000000   0.0000000000000000   0.0000000000000000   0.0000000000000000   0.0000000000000000   0.0000000000000000   0.0000000000000000   0.0000000000000000   0.0000000000000000   0.0000000000000000   0.0000000000000000   0.0000000000000000   0.0000000000000000   0.0000000000000000   0.0000000000000000   0.0000000000000000   0.0000000000000000   0.0000000000000000   0.0000000000000000   0.0000000000000000   0.0000000000000000   0.0000000000000000   0.0000000000000000   0.0000000000000000   0.0000000000000000   0.0000000000000000   0.0000000000000000   0.0000000000000000   0.0000000000000000   0.0000000000000000   0.0000000000000000   0.0000000000000000   0.0000000000000000   0.0000000000000000   0.0000000000000000   0.0000000000000000   0.0000000000000000   0.0000000000000000   0.0000000000000000   0.0000000000000000   0.0000000000000000   0.0000000000000000   0.0000000000000000   0.0000000000000000   0.0000000000000000   0.0000000000000000   0.0000000000000000   0.0000000000000000   0.0000000000000000   0.0000000000000000   0.0000000000000000   0.0000000000000000   0.0000000000000000   0.0000000000000000   0.0000000000000000   0.0000000000000000   0.0000000000000000   0.0000000000000000   0.0000000000000000   0.0000000000000000   0.0000000000000000   0.0000000000000000   0.0000000000000000   0.0000000000000000   0.0000000000000000   0.0000000000000000   0.0000000000000000   0.0000000000000000   0.0000000000000000   0.0000000000000000   0.0000000000000000   0.0000000000000000   0.0000000000000000   0.0000000000000000   0.0000000000000000   0.0000000000000000   0.0000000000000000   0.0000000000000000   0.0000000000000000   0.0000000000000000   0.0000000000000000   0.0000000000000000   0.0000000000000000   0.0000000000000000   0.0000000000000000   0.0000000000000000   0.0000000000000000   0.0000000000000000   0.0000000000000000   0.0000000000000000   0.0000000000000000   0.0000000000000000   0.0000000000000000   0.0000000000000000   0.0000000000000000   0.0000000000000000   0.0000000000000000   0.0000000000000000   0.0000000000000000   0.0000000000000000   0.0000000000000000   0.0000000000000000   0.0000000000000000   0.0000000000000000   0.0000000000000000   0.0000000000000000   0.0000000000000000   0.0000000000000000   0.0000000000000000   0.0000000000000000   0.0000000000000000   0.0000000000000000   0.0000000000000000   0.0000000000000000   0.0000000000000000   0.0000000000000000   0.0000000000000000   0.0000000000000000   0.0000000000000000   0.0000000000000000   0.0000000000000000   0.0000000000000000   0.0000000000000000   0.0000000000000000   0.0000000000000000   0.0000000000000000   0.0000000000000000   0.0000000000000000   0.0000000000000000   0.0000000000000000   0.0000000000000000   0.0000000000000000   0.0000000000000000   0.0000000000000000
   0.0000000000000000   0.0000000000000000   0.0000000000000000   0.0000000000000000   0.0000000000000000   0.0000000000000000   0.0000000000000000   0.0000000000000000   0.0000000000000000   0.0000000000000000   0.0000000000000000   0.0000000000000000   0.0000000000000000   0.0000000000000000   0.0000000000000000   0.0000000000000000   0.0000000000000000   0.0000000000000000   0.0000000000000000   0.0000000000000000   0.0000000000000000   0.0000000000000000   0.0000000000000000   0.0000000000000000   0.0000000000000000   0.0000000000000000   0.0000000000000000   0.0000000000000000   0.0000000000000000   0.0000000000000000   0.0000000000000000   0.0000000000000000   0.0000000000000000   0.0000000000000000   0.0000000000000000   0.0000000000000000   0.0000000000000000   0.0000000000000000   0.0000000000000000   0.0000000000000000   0.0000000000000000   0.0000000000000000   0.0000000000000000   0.0000000000000000   0.0000000000000000   0.0000000000000000   0.0000000000000000   0.0000000000000000   0.0000000000000000   0.0000000000000000   0.0000000000000000   0.0000000000000000   0.0000000000000000   0.0000000000000000   0.0000000000000000   0.0000000000000000   0.0000000000000000   0.0000000000000000   0.0000000000000000   0.0000000000000000   0.0000000000000000   0.0000000000000000   0.0000000000000000   0.0000000000000000   0.0000000000000000   0.0000000000000000   0.0000000000000000   0.0000000000000000   0.0000000000000000   0.0000000000000000   0.0000000000000000   0.0000000000000000   0.0000000000000000   0.0000000000000000   0.0000000000000000   0.0000000000000000   0.0000000000000000   0.0000000000000000   0.0000000000000000   0.0000000000000000   0.0000000000000000   0.0000000000000000   0.0000000000000000   0.0000000000000000   0.0000000000000000   0.0000000000000000   0.0000000000000000   0.0000000000000000   0.0000000000000000   0.0000000000000000   0.0000000000000000   0.0000000000000000   0.0000000000000000   0.0000000000000000   0.0000000000000000   0.0000000000000000   0.0000000000000000   0.0000000000000000   0.0000000000000000   0.0000000000000000   0.0000000000000000   0.0000000000000000   0.0000000000000000   0.0000000000000000   0.0000000000000000   0.0000000000000000   0.0000000000000000   0.0000000000000000   0.0000000000000000   0.0000000000000000   0.0000000000000000   0.0000000000000000   0.0000000000000000   0.0000000000000000   0.0000000000000000   0.0000000000000000   0.0000000000000000   0.0000000000000000   0.0000000000000000   0.0000000000000000   0.0000000000000000   0.0000000000000000   0.0000000000000000   0.0000000000000000   0.0000000000000000   0.0000000000000000   0.0000000000000000   0.0000000000000000   0.0000000000000000   0.0000000000000000   0.0000000000000000   0.0000000000000000   0.0000000000000000   0.0000000000000000   0.0000000000000000   0.0000000000000000   0.0000000000000000   0.0000000000000000   0.0000000000000000   0.0000000000000000   0.0000000000000000   0.0000000000000000   0.0000000000000000   0.0000000000000000   0.0000000000000000   0.0000000000000000   0.0000000000000000   0.0000000000000000   0.0000000000000000   0.0000000000000000   0.0000000000000000   0.0000000000000000   0.0000000000000000   0.0000000000000000   0.0000000000000000   0.0000000000000000   0.0000000000000000   0.0000000000000000   0.0000000000000000   0.0000000000000000   0.0000000000000000   0.0000000000000000
   0.0000000000000000   0.0000000000000000   0.0000000000000000   0.0000000000000000   0.0000000000000000   0.0000000000000000   0.0000000000000000   0.0000000000000000   0.0000000000000000   0.0000000000000000   0.0000000000000000   0.0000000000000000   0.0000000000000000   0.0000000000000000   0.0000000000000000   0.0000000000000000   0.0000000000000000   0.0000000000000000   0.0000000000000000   0.0000000000000000   0.0000000000000000   0.0000000000000000   0.0000000000000000   0.0000000000000000   0.0000000000000000   0.0000000000000000   0.0000000000000000   0.0000000000000000   0.0000000000000000   0.0000000000000000   0.0000000000000000   0.0000000000000000   0.0000000000000000   0.0000000000000000   0.0000000000000000   0.0000000000000000   0.0000000000000000   0.0000000000000000   0.0000000000000000   0.0000000000000000   0.0000000000000000   0.0000000000000000   0.0000000000000000   0.0000000000000000   0.0000000000000000   0.0000000000000000   0.0000000000000000   0.0000000000000000   0.0000000000000000   0.0000000000000000   0.0000000000000000   0.0000000000000000   0.0000000000000000   0.0000000000000000   0.0000000000000000   0.0000000000000000   0.0000000000000000   0.0000000000000000   0.0000000000000000   0.0000000000000000   0.0000000000000000   0.0000000000000000   0.0000000000000000   0.0000000000000000   0.0000000000000000   0.0000000000000000   0.0000000000000000   0.0000000000000000   0.0000000000000000   0.0000000000000000   0.0000000000000000   0.0000000000000000   0.0000000000000000   0.0000000000000000   0.0000000000000000   0.0000000000000000   0.0000000000000000   0.0000000000000000   0.0000000000000000   0.0000000000000000   0.0000000000000000   0.0000000000000000   0.0000000000000000   0.0000000000000000   0.0000000000000000   0.0000000000000000   0.0000000000000000   0.0000000000000000   0.0000000000000000   0.0000000000000000   0.0000000000000000   0.0000000000000000   0.0000000000000000   0.0000000000000000   0.0000000000000000   0.0000000000000000   0.0000000000000000   0.0000000000000000   0.0000000000000000   0.0000000000000000   0.0000000000000000   0.0000000000000000   0.0000000000000000   0.0000000000000000   0.0000000000000000   0.0000000000000000   0.0000000000000000   0.0000000000000000   0.0000000000000000   0.0000000000000000   0.0000000000000000   0.0000000000000000   0.0000000000000000   0.0000000000000000   0.0000000000000000   0.0000000000000000   0.0000000000000000   0.0000000000000000   0.0000000000000000   0.0000000000000000   0.0000000000000000   0.0000000000000000   0.0000000000000000   0.0000000000000000   0.0000000000000000   0.0000000000000000   0.0000000000000000   0.0000000000000000   0.0000000000000000   0.0000000000000000   0.0000000000000000   0.0000000000000000   0.0000000000000000   0.0000000000000000   0.0000000000000000   0.0000000000000000   0.0000000000000000   0.0000000000000000   0.0000000000000000   0.0000000000000000   0.0000000000000000   0.0000000000000000   0.0000000000000000   0.0000000000000000   0.0000000000000000   0.0000000000000000   0.0000000000000000   0.0000000000000000   0.0000000000000000   0.0000000000000000   0.0000000000000000   0.0000000000000000   0.0000000000000000   0.0000000000000000   0.0000000000000000   0.0000000000000000   0.0000000000000000   0.0000000000000000   0.0000000000000000   0.0000000000000000   0.0000000000000000   0.0000000000000000
   0.0000000000000000   0.0000000000000000   0.0000000000000000   0.0000000000000000   0.0000000000000000   0.0000000000000000   0.0000000000000000   0.0000000000000000   0.0000000000000000   0.0000000000000000   0.0000000000000000   0.0000000000000000   0.0000000000000000   0.0000000000000000   0.0000000000000000   0.0000000000000000   0.0000000000000000   0.0000000000000000   0.0000000000000000   0.0000000000000000   0.0000000000000000   0.0000000000000000   0.0000000000000000   0.0000000000000000   0.0000000000000000   0.0000000000000000   0.0000000000000000   0.0000000000000000   0.0000000000000000   0.0000000000000000   0.0000000000000000   0.0000000000000000   0.0000000000000000   0.0000000000000000   0.0000000000000000   0.0000000000000000   0.0000000000000000   0.0000000000000000   0.0000000000000000   0.0000000000000000   0.0000000000000000   0.0000000000000000   0.0000000000000000   0.0000000000000000   0.0000000000000000   0.0000000000000000   0.0000000000000001   0.0000000000000006   0.0000000000000000   0.0000000000000000   0.0000000000000000   0.0000000000000000   0.0000000000000000   0.0000000000000000   0.0000000000000000   0.0000000000000000   0.0000000000000000   0.0000000000000000   0.0000000000000000   0.0000000000000000   0.0000000000000000   0.0000000000000000   0.0000000000000000   0.0000000000000000   0.0000000000000000   0.0000000000000000   0.0000000000000000   0.0000000000000000   0.0000000000000000   0.0000000000000000   0.0000000000000000   0.0000000000000000   0.0000000000000000   0.0000000000000000   0.0000000000000000   0.0000000000000000   0.0000000000000000   0.0000000000000000   0.0000000000000000   0.0000000000000000   0.0000000000000000   0.0000000000000000   0.0000000000000000   0.0000000000000000   0.0000000000000000   0.0000000000000000   0.0000000000000000   0.0000000000000000   0.0000000000000000   0.0000000000000000   0.0000000000000000   0.0000000000000000   0.0000000000000000   0.0000000000000000   0.0000000000000000   0.0000000000000000   0.0000000000000000   0.0000000000000000   0.0000000000000000   0.0000000000000000   0.0000000000000000   0.0000000000000000   0.0000000000000000   0.0000000000000000   0.0000000000000000   0.0000000000000000   0.0000000000000000   0.0000000000000000   0.0000000000000000   0.0000000000000000   0.0000000000000000   0.0000000000000000   0.0000000000000000   0.0000000000000000   0.0000000000000000   0.0000000000000000   0.0000000000000000   0.0000000000000000   0.0000000000000000   0.0000000000000000   0.0000000000000000   0.0000000000000000   0.0000000000000000   0.0000000000000000   0.0000000000000000   0.0000000000000000   0.0000000000000000   0.0000000000000000   0.0000000000000000   0.0000000000000000   0.0000000000000000   0.0000000000000000   0.0000000000000000   0.0000000000000000   0.0000000000000000   0.0000000000000000   0.0000000000000000   0.0000000000000000   0.0000000000000000   0.0000000000000000   0.0000000000000000   0.0000000000000000   0.0000000000000000   0.0000000000000000   0.0000000000000000   0.0000000000000000   0.0000000000000000   0.0000000000000000   0.0000000000000000   0.0000000000000000   0.0000000000000000   0.0000000000000000   0.0000000000000000   0.0000000000000000   0.0000000000000000   0.0000000000000000   0.0000000000000000   0.0000000000000000   0.0000000000000000   0.0000000000000000   0.0000000000000000   0.0000000000000000
   0.0000000000000000   0.0000000000000000   0.0000000000000000   0.0000000000000000   0.0000000000000000   0.0000000000000000   0.0000000000000000   0.0000000000000000   0.0000000000000000   0.0000000000000000   0.0000000000000000   0.0000000000000000   0.0000000000000000   0.0000000000000000   0.0000000000000000   0.0000000000000000   0.0000000000000000   0.0000000000000000   0.0000000000000000   0.0000000000000000   0.0000000000000000   0.0000000000000000   0.0000000000000000   0.0000000000000000   0.0000000000000000   0.0000000000000000   0.0000000000000000   0.0000000000000000   0.0000000000000000   0.0000000000000000   0.0000000000000000   0.0000000000000000   0.0000000000000000   0.0000000000000000   0.0000000000000000   0.0000000000000000   0.0000000000000000   0.0000000000000000   0.0000000000000000   0.0000000000000000   0.0000000000000000   0.0000000000000000   0.0000000000000000   0.0000000000000006   0.0000000000000012   0.0000000000000012   0.0000000000000015   0.0000010953965677   0.0000000000000000   0.0000000000000000   0.0000000000000000   0.0000000000000000   0.0000000000000000   0.0000000000000000   0.0000000000000000   0.0000000000000000   0.0000000000000000   0.0000000000000000   0.0000000000000000   0.0000000000000000   0.0000000000000000   0.0000000000000000   0.0000000000000000   0.0000000000000000   0.0000000000000000   0.0000000000000000   0.0000000000000000   0.0000000000000000   0.0000000000000000   0.0000000000000000   0.0000000000000000   0.0000000000000000   0.0000000000000000   0.0000000000000000   0.0000000000000000   0.0000000000000000   0.0000000000000000   0.0000000000000000   0.0000000000000000   0.0000000000000000   0.0000000000000000   0.0000000000000000   0.0000000000000000   0.0000000000000000   0.0000000000000000   0.0000000000000000   0.0000000000000000   0.0000000000000000   0.0000000000000000   0.0000000000000000   0.0000000000000000   0.0000000000000000   0.0000000000000000   0.0000000000000000   0.0000000000000000   0.0000000000000000   0.0000000000000000   0.0000000000000000   0.0000000000000000   0.0000000000000000   0.0000000000000000   0.0000000000000000   0.0000000000000000   0.0000000000000000   0.0000000000000000   0.0000000000000000   0.0000000000000000   0.0000000000000000   0.0000000000000000   0.0000000000000000   0.0000000000000000   0.0000000000000000   0.0000000000000000   0.0000000000000000   0.0000000000000000   0.0000000000000000   0.0000000000000000   0.0000000000000000   0.0000000000000000   0.0000000000000000   0.0000000000000000   0.0000000000000000   0.0000000000000000   0.0000000000000000   0.0000000000000000   0.0000000000000000   0.0000000000000000   0.0000000000000000   0.0000000000000000   0.0000000000000000   0.0000000000000000   0.0000000000000000   0.0000000000000000   0.0000000000000000   0.0000000000000000   0.0000000000000000   0.0000000000000000   0.0000000000000000   0.0000000000000000   0.0000000000000000   0.0000000000000000   0.0000000000000000   0.0000000000000000   0.0000000000000000   0.0000000000000000   0.0000000000000000   0.0000000000000000   0.0000000000000000   0.0000000000000000   0.0000000000000000   0.0000000000000000   0.0000000000000000   0.0000000000000000   0.0000000000000000   0.0000000000000000   0.0000000000000000   0.0000000000000000   0.0000000000000000   0.0000000000000000   0.0000000000000000   0.0000000000000000   0.0000000000000000
   0.0000000000000000   0.0000000000000000   0.0000000000000000   0.0000000000000000   0.0000000000000000   0.0000000000000000   0.0000000000000000   0.0000000000000000   0.0000000000000000   0.0000000000000000   0.0000000000000000   0.0000000000000000   0.0000000000000000   0.0000000000000000   0.0000000000000000   0.0000000000000000   0.0000000000000000   0.0000000000000000   0.0000000000000000   0.0000000000000000   0.0000000000000000   0.0000000000000000   0.0000000000000000   0.0000000000000000   0.0000000000000000   0.0000000000000000   0.0000000000000000   0.0000000000000000   0.0000000000000000   0.0000000000000000   0.0000000000000000   0.0000000000000000   0.0000000000000000   0.0000000000000000   0.0000000000000000   0.0000000000000000   0.0000000000000000   0.0000000000000000   0.0000000000000000   0.0000000000000000   0.0000000000000000   0.0000000000000000   0.0000000000000000   0.0000000000000244   0.0000000000000239   0.0000010567036778   0.0000000000000000   0.0000000000000000   0.0000000000000000   0.0000000000000000   0.0000000000000000   0.0000000000000000   0.0000000000000000   0.0000000000000000   0.0000000000000000   0.0000000000000000   0.0000000000000000   0.0000000000000000   0.0000000000000000   0.0000000000000000   0.0000000000000000   0.0000000000000000   0.0000000000000000   0.0000000000000000   0.0000000000000000   0.0000000000000000   0.0000000000000000   0.0000000000000000   0.0000000000000000   0.0000000000000000   0.0000000000000000   0.0000000000000000   0.0000000000000000   0.0000000000000000   0.0000000000000000   0.0000000000000000   0.0000000000000000   0.0000000000000000   0.0000000000000000   0.0000000000000000   0.0000000000000000   0.0000000000000000   0.0000000000000000   0.0000000000000000   0.0000000000000000   0.0000000000000000   0.0000000000000000   0.0000000000000000   0.0000000000000000   0.0000000000000000   0.0000000000000000   0.0000000000000000   0.0000000000000000   0.0000000000000000   0.0000000000000000   0.0000000000000000   0.0000000000000000   0.0000000000000000   0.0000000000000000   0.0000000000000000   0.0000000000000000   0.0000000000000000   0.0000000000000000   0.0000000000000000   0.0000000000000000   0.0000000000000000   0.0000000000000000   0.0000000000000000   0.0000000000000000   0.0000000000000000   0.0000000000000000   0.0000000000000000   0.0000000000000000   0.0000000000000000   0.0000000000000000   0.0000000000000000   0.0000000000000000   0.0000000000000000   0.0000000000000000   0.0000000000000000   0.0000000000000000   0.0000000000000000   0.0000000000000000   0.0000000000000000   0.0000000000000000   0.0000000000000000   0.0000000000000000   0.0000000000000000   0.0000000000000000   0.0000000000000000   0.0000000000000000   0.0000000000000000   0.0000000000000000   0.0000000000000000   0.0000000000000000   0.0000000000000000   0.0000000000000000   0.0000000000000000   0.0000000000000000   0.0000000000000000   0.0000000000000000   0.0000000000000000   0.0000000000000000   0.0000000000000000   0.0000000000000000   0.0000000000000000   0.0000000000000000   0.0000000000000000   0.0000000000000000   0.0000000000000000   0.0000000000000000   0.0000000000000000   0.0000000000000000   0.0000000000000000   0.0000000000000000   0.0000000000000000   0.0000000000000000   0.0000000000000000   0.0000000000000000   0.0000000000000000   0.0000000000000000   0.0000000000000000
   0.0000000000000000   0.0000000000000000   0.0000000000000000   0.0000000000000000   0.0000000000000000   0.0000000000000000   0.0000000000000000   0.0000000000000000   0.0000000000000000   0.0000000000000000   0.0000000000000000   0.0000000000000000   0.0000000000000000   0.0000000000000000   0.0000000000000000   0.0000000000000000   0.0000000000000000   0.0000000000000000   0.0000000000000000   0.0000000000000000   0.0000000000000000   0.0000000000000000   0.0000000000000000   0.0000000000000000   0.0000000000000000   0.0000000000000000   0.0000000000000000   0.0000000000000000   0.0000000000000000   0.0000000000000000   0.0000000000000000   0.0000000000000000   0.0000000000000000   0.0000000000000000   0.0000000000000000   0.0000000000000000   0.0000000000000000   0.0000000000000000   0.0000000000248304   0.0000000000000000   0.0000000000000000   0.0000000000001698   0.0000000000004153   0.0000000000010028   0.0000000000049425   0.0000000000000000   0.0000000000000000   0.0000000000000000   0.0000000000000000   0.0000000000000000   0.0000000000000000   0.0000000000000000   0.0000000000000000   0.0000000000000000   0.0000000000000000   0.0000000000000000   0.0000000000000000   0.0000000000000000   0.0000000000000000   0.0000000000000000   0.0000000000000000   0.0000000000000000   0.0000000000000000   0.0000000000000000   0.0000000000000000   0.0000000000000000   0.0000000000000000   0.0000000000000000   0.0000000000000000   0.0000000000000000   0.0000000000000000   0.0000000000000000   0.0000000000000000   0.0000000000000000   0.0000000000000000   0.0000000000000000   0.0000000000000000   0.0000000000000000   0.0000000000000000   0.0000000000000000   0.0000000000000000   0.0000000000000000   0.0000000000000000   0.0000000000000000   0.0000000000000000   0.0000000000000000   0.0000000000000000   0.0000000000000000   0.0000000000000000   0.0000000000000000   0.0000000000000000   0.0000000000000000   0.0000000000000000   0.0000000000000000   0.0000000000000000   0.0000000000000000   0.0000000000000000   0.0000000000000000   0.0000000000000000   0.0000000000000000   0.0000000000000000   0.0000000000000000   0.0000000000000000   0.0000000000000000   0.0000000000000000   0.0000000000000000   0.0000000000000000   0.0000000000000000   0.0000000000000000   0.0000000000000000   0.0000000000000000   0.0000000000000000   0.0000000000000000   0.0000000000000000   0.0000000000000000   0.0000000000000000   0.0000000000000000   0.0000000000000000   0.0000000000000000   0.0000000000000000   0.0000000000000000   0.0000000000000000   0.0000000000000000   0.0000000000000000   0.0000000000000000   0.0000000000000000   0.0000000000000000   0.0000000000000000   0.0000000000000000   0.0000000000000000   0.0000000000000000   0.0000000000000000   0.0000000000000000   0.0000000000000000   0.0000000000000000   0.0000000000000000   0.0000000000000000   0.0000000000000000   0.0000000000000000   0.0000000000000000   0.0000000000000000   0.0000000000000000   0.0000000000000000   0.0000000000000000   0.0000000000000000   0.0000000000000000   0.0000000000000000   0.0000000000000000   0.0000000000000000   0.0000000000000000   0.0000000000000000   0.0000000000000000   0.0000000000000000   0.0000000000000000   0.0000000000000000   0.0000000000000000   0.0000000000000000   0.0000000000000000   0.0000000000000000   0.0000000000000000   0.0000000000000000   0.0000000000000000
   0.0000000000000000   0.0000000000000000   0.0000000000000000   0.0000000000000000   0.0000000000000000   0.0000000000000000   0.0000000000000000   0.0000000000000000   0.0000000000000000   0.0000000000000000   0.0000000000000000   0.0000000000000000   0.0000000000000000   0.0000000000000000   0.0000000000000000   0.0000000000000000   0.0000000000000000   0.0000000000000000   0.0000000000000000   0.0000000000000000   0.0000000000000000   0.0000000000000000   0.0000000000000000   0.0000000000000000   0.0000000000000000   0.0000000000000000   0.0000000000000000   0.0000000000000000   0.0000000000000000   0.0000000000000000   0.0000000000000000   0.0000000000000000   0.0000000000000000   0.0000000000000000   0.0000000000000000   0.0000000000000000   0.0000000000000000   0.0000000000000000   0.0000000000074497   0.0000000000096854   0.0000000000125976   0.0000000000164993   0.0000000000210061   0.0000000000203208   0.0000028360429354   0.0000000000000000   0.0000000000000000   0.0000000000000000   0.0000000000000000   0.0000000000000000   0.0000000000000000   0.0000000000000000   0.0000000000000000   0.0000000000000000   0.0000000000000000   0.0000000000000000   0.0000000000000000   0.0000000000000000   0.0000000000000000   0.0000000000000000   0.0000000000000000   0.0000000000000000   0.0000000000000000   0.0000000000000000   0.0000000000000000   0.0000000000000000   0.0000000000000000   0.0000000000000000   0.0000000000000000   0.0000000000000000   0.0000000000000000   0.0000000000000000   0.0000000000000000   0.0000000000000000   0.0000000000000000   0.0000000000000000   0.0000000000000000   0.0000000000000000   0.0000000000000000   0.0000000000000000   0.0000000000000000   0.0000000000000000   0.0000000000000000   0.0000000000000000   0.0000000000000000   0.0000000000000000   0.0000000000000000   0.0000000000000000   0.0000000000000000   0.0000000000000000   0.0000000000000000   0.0000000000000000   0.0000000000000000   0.0000000000000000   0.0000000000000000   0.0000000000000000   0.0000000000000000   0.0000000000000000   0.0000000000000000   0.0000000000000000   0.0000000000000000   0.0000000000000000   0.0000000000000000   0.0000000000000000   0.0000000000000000   0.0000000000000000   0.0000000000000000   0.0000000000000000   0.0000000000000000   0.0000000000000000   0.0000000000000000   0.0000000000000000   0.0000000000000000   0.0000000000000000   0.0000000000000000   0.0000000000000000   0.0000000000000000   0.0000000000000000   0.0000000000000000   0.0000000000000000   0.0000000000000000   0.0000000000000000   0.0000000000000000   0.0000000000000000   0.0000000000000000   0.0000000000000000   0.0000000000000000   0.0000000000000000   0.0000000000000000   0.0000000000000000   0.0000000000000000   0.0000000000000000   0.0000000000000000   0.0000000000000000   0.0000000000000000   0.0000000000000000   0.0000000000000000   0.0000000000000000   0.0000000000000000   0.0000000000000000   0.0000000000000000   0.0000000000000000   0.0000000000000000   0.0000000000000000   0.0000000000000000   0.0000000000000000   0.0000000000000000   0.0000000000000000   0.0000000000000000   0.0000000000000000   0.0000000000000000   0.0000000000000000   0.0000000000000000   0.0000000000000000   0.0000000000000000   0.0000000000000000   0.0000000000000000   0.0000000000000000   0.0000000000000000   0.0000000000000000   0.0000000000000000   0.0000000000000000
   0.0000000000000000   0.0000000000000000   0.0000000000000000   0.0000000000000000   0.0000000000000000   0.0000000000000000   0.0000000000000000   0.0000000000000000   0.0000000000000000   0.0000000000000000   0.0000000000000000   0.0000000000000000   0.0000000000000000   0.0000000000000000   0.0000000000000000   0.0000000000000000   0.0000000000000000   0.0000000000000000   0.0000000000000000   0.0000000000000000   0.0000000000000000   0.0000000000000000   0.0000000000000000   0.0000000000000000   0.0000000000000000   0.0000000000000000   0.0000000000000000   0.0000000000000000   0.0000000000000000   0.0000000000000000   0.0000000000000000   0.0000000000000000   0.0000000000000000   0.0000000000000000   0.0000000000000000   0.0000000000000000   0.0000000000000000   0.0000000000000000   0.0000000000000000   0.0000000000000000   0.0000000000000000   0.0000000000000000   0.0000000000000000   0.0000204446976540   0.0000000000000000   0.0000000000000000   0.0000000000000000   0.0000000000000000   0.0000000000000000   0.0000000000000000   0.0000000000000000   0.0000000000000000   0.0000000000000000   0.0000000000000000   0.0000000000000000   0.0000000000000000   0.0000000000000000   0.0000000000000000   0.0000000000000000   0.0000000000000000   0.0000000000000000   0.0000000000000000   0.0000000000000000   0.0000000000000000   0.0000000000000000   0.0000000000000000   0.0000000000000000   0.0000000000000000   0.0000000000000000   0.0000000000000000   0.0000000000000000   0.0000000000000000   0.0000000000000000   0.0000000000000000   0.0000000000000000   0.0000000000000000   0.0000000000000000   0.0000000000000000   0.0000000000000000   0.0000000000000000   0.0000000000000000   0.0000000000000000   0.0000000000000000   0.0000000000000000   0.0000000000000000   0.0000000000000000   0.0000000000000000   0.0000000000000000   0.0000000000000000   0.0000000000000000   0.0000000000000000   0.0000000000000000   0.0000000000000000   0.0000000000000000   0.0000000000000000   0.0000000000000000   0.0000000000000000   0.0000000000000000   0.0000000000000000   0.0000000000000000   0.0000000000000000   0.0000000000000000   0.0000000000000000   0.0000000000000000   0.0000000000000000   0.0000000000000000   0.0000000000000000   0.0000000000000000   0.0000000000000000   0.0000000000000000   0.0000000000000000   0.0000000000000000   0.0000000000000000   0.0000000000000000   0.0000000000000000   0.0000000000000000   0.0000000000000000   0.0000000000000000   0.0000000000000000   0.0000000000000000   0.0000000000000000   0.0000000000000000   0.0000000000000000   0.0000000000000000   0.0000000000000000   0.0000000000000000   0.0000000000000000   0.0000000000000000   0.0000000000000000   0.0000000000000000   0.0000000000000000   0.0000000000000000   0.0000000000000000   0.0000000000000000   0.0000000000000000   0.0000000000000000   0.0000000000000000   0.0000000000000000   0.0000000000000000   0.0000000000000000   0.0000000000000000   0.0000000000000000   0.0000000000000000   0.0000000000000000   0.0000000000000000   0.0000000000000000   0.0000000000000000   0.0000000000000000   0.0000000000000000   0.0000000000000000   0.0000000000000000   0.0000000000000000   0.0000000000000000   0.0000000000000000   0.0000000000000000   0.0000000000000000   0.0000000000000000   0.0000000000000000   0.0000000000000000   0.0000000000000000   0.0000000000000000   0.0000000000000000
   0.0000000000000000   0.0000000000000000   0.0000000000000000   0.0000000000000000   0.0000000000000000   0.0000000000000000   0.0000000000000000   0.0000000000000000   0.0000000000000000   0.0000000000000000   0.0000000000000000   0.0000000000000000   0.0000000000000000   0.0000000000000000   0.0000000000000000   0.0000000000000000   0.0000000000000000   0.0000000000000000   0.0000000000000000   0.0000000000000000   0.0000000000000000   0.0000000000000000   0.0000000000000000   0.0000000000000000   0.0000000000000000   0.0000000000000000   0.0000000000000000   0.0000000000000000   0.0000000000000000   0.0000000000000000   0.0000000000000000   0.0000000000000000   0.0000000000000000   0.0000000000000000   0.0000000000000000   0.0000000000000000   0.0000000000000000   0.0000000000000000   0.0000000000000000   0.0000000000000000   0.0000000000000000   0.0000000000000000   0.0000000000001058   0.0000000000000000   0.0000000000000000   0.0000000000000000   0.0000000000000000   0.0000000000000000   0.0000000000000000   0.0000000000000000   0.0000000000000000   0.0000000000000000   0.0000000000000000   0.0000000000000000   0.0000000000000000   0.0000000000000000   0.0000000000000000   0.0000000000000000   0.0000000000000000   0.0000000000000000   0.0000000000000000   0.0000000000000000   0.0000000000000000   0.0000000000000000   0.0000000000000000   0.0000000000000000   0.0000000000000000   0.0000000000000000   0.0000000000000000   0.0000000000000000   0.0000000000000000   0.0000000000000000   0.0000000000000000   0.0000000000000000   0.0000000000000000   0.0000000000000000   0.0000000000000000   0.0000000000000000   0.0000000000000000   0.0000000000000000   0.0000000000000000   0.0000000000000000   0.0000000000000000   0.0000000000000000   0.0000000000000000   0.0000000000000000   0.0000000000000000   0.0000000000000000   0.0000000000000000   0.0000000000000000   0.0000000000000000   0.0000000000000000   0.0000000000000000   0.0000000000000000   0.0000000000000000   0.0000000000000000   0.0000000000000000   0.0000000000000000   0.0000000000000000   0.0000000000000000   0.0000000000000000   0.0000000000000000   0.0000000000000000   0.0000000000000000   0.0000000000000000   0.0000000000000000   0.0000000000000000   0.0000000000000000   0.0000000000000000   0.0000000000000000   0.0000000000000000   0.0000000000000000   0.0000000000000000   0.0000000000000000   0.0000000000000000   0.0000000000000000   0.0000000000000000   0.0000000000000000   0.0000000000000000   0.0000000000000000   0.0000000000000000   0.0000000000000000   0.0000000000000000   0.0000000000000000   0.0000000000000000   0.0000000000000000   0.0000000000000000   0.0000000000000000   0.0000000000000000   0.0000000000000000   0.0000000000000000   0.0000000000000000   0.0000000000000000   0.0000000000000000   0.0000000000000000   0.0000000000000000   0.0000000000000000   0.0000000000000000   0.0000000000000000   0.0000000000000000   0.0000000000000000   0.0000000000000000   0.0000000000000000   0.0000000000000000   0.0000000000000000   0.0000000000000000   0.0000000000000000   0.0000000000000000   0.0000000000000000   0.0000000000000000   0.0000000000000000   0.0000000000000000   0.0000000000000000   0.0000000000000000   0.0000000000000000   0.0000000000000000   0.0000000000000000   0.0000000000000000   0.0000000000000000   0.0000000000000000   0.0000000000000000   0.0000000000000000
   0.0000000000000000   0.0000000000000000   0.0000000000000000   0.0000000000000000   0.0000000000000000   0.0000000000000000   0.0000000000000000   0.0000000000000000   0.0000000000000000   0.0000000000000000   0.0000000000000000   0.0000000000000000   0.0000000000000000   0.0000000000000000   0.0000000000000000   0.0000000000000000   0.0000000000000000   0.0000000000000000   0.0000000000000000   0.0000000000000000   0.0000000000000000   0.0000000000000000   0.0000000000000000   0.0000000000000000   0.0000000000000000   0.0000000000000000   0.0000000000000000   0.0000000000000000   0.0000000000000000   0.0000000000000000   0.0000000000000000   0.0000000000000000   0.0000000000000000   0.0000000000000000   0.0000000000000000   0.0000000000000000   0.0000000000000000   0.0000000000000000   0.0000000000000000   0.0000000000000000   0.0000000000000000   0.0000000000000000   0.0000000000046893   0.0000000000000000   0.0000000000000000   0.0000000000000000   0.0000000000000000   0.0000000000000000   0.0000000000000000   0.0000000000000000   0.0000000000000000   0.0000000000000000   0.0000000000000000   0.0000000000000000   0.0000000000000000   0.0000000000000000   0.0000000000000000   0.0000000000000000   0.0000000000000000   0.0000000000000000   0.0000000000000000   0.0000000000000000   0.0000000000000000   0.0000000000000000   0.0000000000000000   0.0000000000000000   0.0000000000000000   0.0000000000000000   0.0000000000000000   0.0000000000000000   0.0000000000000000   0.0000000000000000   0.0000000000000000   0.0000000000000000   0.0000000000000000   0.0000000000000000   0.0000000000000000   0.0000000000000000   0.0000000000000000   0.0000000000000000   0.0000000000000000   0.0000000000000000   0.0000000000000000   0.0000000000000000   0.0000000000000000   0.0000000000000000   0.0000000000000000   0.0000000000000000   0.0000000000000000   0.0000000000000000   0.0000000000000000   0.0000000000000000   0.0000000000000000   0.0000000000000000   0.0000000000000000   0.0000000000000000   0.0000000000000000   0.0000000000000000   0.0000000000000000   0.0000000000000000   0.0000000000000000   0.0000000000000000   0.0000000000000000   0.0000000000000000   0.0000000000000000   0.0000000000000000   0.0000000000000000   0.0000000000000000   0.0000000000000000   0.0000000000000000   0.0000000000000000   0.0000000000000000   0.0000000000000000   0.0000000000000000   0.0000000000000000   0.0000000000000000   0.0000000000000000   0.0000000000000000   0.0000000000000000   0.0000000000000000   0.0000000000000000   0.0000000000000000   0.0000000000000000   0.0000000000000000   0.0000000000000000   0.0000000000000000   0.0000000000000000   0.0000000000000000   0.0000000000000000   0.0000000000000000   0.0000000000000000   0.0000000000000000   0.0000000000000000   0.0000000000000000   0.0000000000000000   0.0000000000000000   0.0000000000000000   0.0000000000000000   0.0000000000000000   0.0000000000000000   0.0000000000000000   0.0000000000000000   0.0000000000000000   0.0000000000000000   0.0000000000000000   0.0000000000000000   0.0000000000000000   0.0000000000000000   0.0000000000000000   0.0000000000000000   0.0000000000000000   0.0000000000000000   0.0000000000000000   0.0000000000000000   0.0000000000000000   0.0000000000000000   0.0000000000000000   0.0000000000000004   0.0000000000001979   0.0000000000001316   0.0000000000001829   0.0000000000000000
   0.0000000000000000   0.0000000000000000   0.0000000000000000   0.0000000000000000   0.0000000000000000   0.0000000000000000   0.0000000000000000   0.0000000000000000   0.0000000000000000   0.0000000000000000   0.0000000000000000   0.0000000000000000   0.0000000000000000   0.0000000000000000   0.0000000000000000   0.0000000000000000   0.0000000000000026   0.0000000000000000   0.0000000000000000   0.0000000000000000   0.0000000000000000   0.0000000000000000   0.0000000000000000   0.0000000000000000   0.0000000000000000   0.0000000000000000   0.0000000000000000   0.0000000000000000   0.0000000000000000   0.0000000000000000   0.0000000000000000   0.0000000000000000   0.0000000000000000   0.0000000000000000   0.0000000000000000   0.0000000000000000   0.0000000000000000   0.0000000000000000   0.0000000000000000   0.0000000000000000   0.0000000000000000   0.0000000000000000   0.0000000010372207   0.0000000000000000   0.0000000000000000   0.0000000000000000   0.0000000000000000   0.0000000000000000   0.0000000000000000   0.0000000000000000   0.0000000000000000   0.0000000000000000   0.0000000000000000   0.0000000000000000   0.0000000000000000   0.0000000000000000   0.0000000000000000   0.0000000000000000   0.0000000000000000   0.0000000000000000   0.0000000000000000   0.0000000000000000   0.0000000000000000   0.0000000000000000   0.0000000000000000   0.0000000000000000   0.0000000000000000   0.0000000000000000   0.0000000000000000   0.0000000000000000   0.0000000000000000   0.0000000000000000   0.0000000000000000   0.0000000000000000   0.0000000000000000   0.0000000000000000   0.0000000000000000   0.0000000000000000   0.0000000000000000   0.0000000000000000   0.0000000000000000   0.0000000000000000   0.0000000000000000   0.0000000000000000   0.0000000000000000   0.0000000000000000   0.0000000000000000   0.0000000000000000   0.0000000000000000   0.0000000000000000   0.0000000000000000   0.0000000000000000   0.0000000000000000   0.0000000000000000   0.0000000000000000   0.0000000000000000   0.0000000000000000   0.0000000000000000   0.0000000000000000   0.0000000000000000   0.0000000000000000   0.0000000000000000   0.0000000000000000   0.0000000000000000   0.0000000000000000   0.0000000000000000   0.0000000000000000   0.0000000000000000   0.0000000000000000   0.0000000000000000   0.0000000000000000   0.0000000000000000   0.0000000000000000   0.0000000000000000   0.0000000000000000   0.0000000000000000   0.0000000000000000   0.0000000000000000   0.0000000000000000   0.0000000000000000   0.0000000000000000   0.0000000000000000   0.0000000000000000   0.0000000000000000   0.0000000000000000   0.0000000000000000   0.0000000000000000   0.0000000000000000   0.0000000000000000   0.0000000000000000   0.0000000000000000   0.0000000000000000   0.0000000000000000   0.0000000000000000   0.0000000000000000   0.0000000000000000   0.0000000000000000   0.0000000000000000   0.0000000000000000   0.0000000000000000   0.0000000000000000   0.0000000000000000   0.0000000000000000   0.0000000000000000   0.0000000000000000   0.0000000000000000   0.0000000000000000   0.0000000000000000   0.0000000000000000   0.0000000000000000   0.0000000000000000   0.0000000000000000   0.0000000000000000   0.0000000000000000   0.0000000000000000   0.0000000000000021   0.0000000000000058   0.0000000000059847   0.0000000324518122   0.0000146349749119   0.0001933564767666   0.0000000000000000
   0.0000000000000000   0.0000000000000000   0.0000000000000000   0.0000000000000000   0.0000000000000000   0.0000000000000000   0.0000000000000000   0.0000000000000000   0.0000000000000000   0.0000000000000000   0.0000000000000000   0.0000000000000000   0.0000000000000000   0.0000000000000000   0.0000000000000000   0.0000000000000000   0.0000000000000008   0.0000000000000010   0.0000000000000046   0.0000000000000000   0.0000000000000000   0.0000000000000000   0.0000000000000000   0.0000000000000000   0.0000000000000000   0.0000000000000000   0.0000000000000000   0.0000000000000000   0.0000000000000000   0.0000000000000000   0.0000000000000000   0.0000000000000000   0.0000000000000000   0.0000000000000000   0.0000000000000000   0.0000000000000000   0.0000000000000000   0.0000000000000000   0.0000000000000000   0.0522977093298715   0.0000000000000000   0.0000000000000000   0.7529084573624877   0.0000000000000000   0.0000000000000000   0.0000000000000000   0.0000000000000000   0.0000000000000000   0.0000000000000000   0.0000000000451049   0.0000000000000000   0.0000000000000000   0.0000000000000000   0.0000000000000000   0.0000000000000000   0.0000000000000000   0.0000000000000000   0.0000000000000000   0.0000000000000000   0.0000000000000000   0.0000000000000000   0.0000000000000000   0.0000000000000000   0.0000000000000000   0.0000000000000000   0.0000000000000000   0.0000000000000000   0.0000000000000000   0.0000000000000000   0.0000000000000000   0.0000000000000000   0.0000000000000000   0.0000000000000000   0.0000000000000000   0.0000000000000000   0.0000000000000000   0.0000000000000000   0.0000000000000000   0.0000000000000000   0.0000000000000000   0.0000000000000000   0.0000000000000000   0.0000000000000000   0.0000000000000000   0.0000000000000000   0.0000000000000000   0.0000000000000000   0.0000000000000000   0.0000000000000000   0.0000000000000000   0.0000000000000000   0.0000000000000000   0.0000000000000000   0.0000000000000000   0.0000000000000000   0.0000000000000000   0.0000000000000000   0.0000000000000000   0.0000000000000000   0.0000000000000000   0.0000000000000000   0.0000000000000000   0.0000000000000000   0.0000000000000000   0.0000000000000000   0.0000000000000000   0.0000000000000000   0.0000000000000000   0.0000000000000000   0.0000000000000000   0.0000000000000000   0.0000000000000000   0.0000000000000000   0.0000000000000000   0.0000000000000000   0.0000000000000000   0.0000000000000000   0.0000000000000000   0.0000000000000000   0.0000000000000000   0.0000000000000000   0.0000000000000000   0.0000000000000000   0.0000000000000000   0.0000000000000000   0.0000000000000000   0.0000000000000000   0.0000000000000000   0.0000000000000000   0.0000000000000000   0.0000000000000000   0.0000000000000000   0.0000000000000000   0.0000000000000000   0.0000000000000000   0.0000000000000000   0.0000000000000000   0.0000000000000000   0.0000000000000000   0.0000000000000000   0.0000000000000000   0.0000000000000000   0.0000000000000000   0.0000000000000000   0.0000000000000000   0.0000000000000000   0.0000000000000000   0.0000000000000000   0.0000000000000000   0.0000000000000000   0.0000000000000000   0.0000000000000000   0.0000000000000004   0.0000000000000320   0.0000000000001019   0.0000000000421795   0.0000009060948985   0.0004267632512281   0.0047324740532383   0.0196774007975699   0.0476280564437173   0.0000000000000000
   0.0000000000000000   0.0000000000000000   0.0000000000000000   0.0000000000000000   0.0000000000000000   0.0000000000000000   0.0000000000000000   0.0000000000000000   0.0000000000000000   0.0000000000000000   0.0000000000000000   0.0000000000000000   0.0000000000000000   0.0000000000000000   0.0000000000000000   0.0000000000000000   0.0000000000000000   0.0000000000000000   0.0000000000035725   0.0000000000000000   0.0000000000000000   0.0000000000000000   0.0000000000000000   0.0000000000000000   0.0000000000000000   0.0000000000000000   0.0000000000000000   0.0000000000000000   0.0000000000000000   0.0000000000000000   0.0000000000000000   0.0000000000000000   0.0000000000000000   0.0000000000000000   0.0000000000000000   0.0000000000000000   0.0000000000000000   0.0181538834879286   0.0000000000000000   0.0000000000000000   0.0000000000000000   0.0000000000000000   0.9667637285361628   0.0000000000000000   0.0000000000000000   0.0000000000000007   0.0000000000000000   0.0000000000000000   0.0000000000000000   0.0000000000124462   0.0000000000585710   0.0000000000000000   0.0000000000000000   0.0000000000000000   0.0000000000000000   0.0000000000000000   0.0000000000000000   0.0000000000000000   0.0000000000000000   0.0000000000000000   0.0000000000000000   0.0000000000000000   0.0000000000000000   0.0000000000000000   0.0000000000000000   0.0000000000000000   0.0000000000000000   0.0000000000000000   0.0000000000000000   0.0000000000000000   0.0000000000000000   0.0000000000000000   0.0000000000000000   0.0000000000000000   0.0000000000000000   0.0000000000000000   0.0000000000000000   0.0000000000000000   0.0000000000000000   0.0000000000000000   0.0000000000000000   0.0000000000000000   0.0000000000000000   0.0000000000000000   0.0000000000000000   0.0000000000000000   0.0000000000000000   0.0000000000000000   0.0000000000000000   0.0000000000000000   0.0000000000000000   0.0000000000000000   0.0000000000000000   0.0000000000000000   0.0000000000000000   0.0000000000000000   0.0000000000000000   0.0000000000000000   0.0000000000000000   0.0000000000000000   0.0000000000000000   0.0000000000000000   0.0000000000000000   0.0000000000000000   0.0000000000000000   0.0000000000000000   0.0000000000000000   0.0000000000000000   0.0000000000000000   0.0000000000000000   0.0000000000000000   0.0000000000000000   0.0000000000000000   0.0000000000000000   0.0000000000000000   0.0000000000000000   0.0000000000000000   0.0000000000000000   0.0000000000000000   0.0000000000000000   0.0000000000000000   0.0000000000000000   0.0000000000000000   0.0000000000000000   0.0000000000000000   0.0000000000000000   0.0000000000000000   0.0000000000000000   0.0000000000000000   0.0000000000000000   0.0000000000000000   0.0000000000000000   0.0000000000000000   0.0000000000000000   0.0000000000000000   0.0000000000000000   0.0000000000000000   0.0000000000000000   0.0000000000000000   0.0000000000000000   0.0000000000000000   0.0000000000000000   0.0000000000000000   0.0000000000000000   0.0000000000000000   0.0000000000000000   0.0000000000000000   0.0000000000000000   0.0000000000000000   0.0000000000000000   0.0000000000000001   0.0000000000000160   0.0000000000943017   0.0000000002661947   0.0000037040149722   0.0021336481552063   0.0167596529292434   0.0878190466930815   0.2466992701715014   0.4131135743460290   0.5161475800897918   0.0000000000000000
   0.0000000000000000   0.0000000000000000   0.0000000000000000   0.0000000000000000   0.0000000000000000   0.0000000000000000   0.0000000000000000   0.0000000000000000   0.0000000000000000   0.0000000000000000   0.0000000000000000   0.0000000000000000   0.0000000000000000   0.0000000000000000   0.0000000000000000   0.0000000000000000   0.0000000000000000   0.0000000000000000   0.0000000000010111   0.0000000000796444   0.0000000000000000   0.0000000000000000   0.0000000000000000   0.0000000000000000   0.0000000000000000   0.0000000000000000   0.0000000000000000   0.0000000000000000   0.0000000000000000   0.0000000000000000   0.0000000000000000   0.0000000000000000   0.0000000000000000   0.0000000000000000   0.0000000000000000   0.0000000000000000   0.0310659678827544   0.0000000000000000   0.0000000000000000   0.0000000000000000   0.0000000000000000   0.0000000000000000   0.0000000000000000   0.0000000000000000   0.0000000000000000   0.0000000000000002   0.0000000000000003   0.0000000000000003   0.0000000000000004   0.0000000000000005   0.0000000001183540   0.0000000000000000   0.0000000000000000   0.0000000000000000   0.0000000000000000   0.0000000000000000   0.0000000000000000   0.0000000000000000   0.0000000000000000   0.0000000000000000   0.0000000000000000   0.0000000000000000   0.0000000000000000   0.0000000000000000   0.0000000000000000   0.0000000000000000   0.0000000000000000   0.0000000000000000   0.0000000000000000   0.0000000000000000   0.0000000000000000   0.0000000000000000   0.0000000000000000   0.0000000000000000   0.0000000000000000   0.0000000000000000   0.0000000000000000   0.0000000000000000   0.0000000000000000   0.0000000000000000   0.0000000000000000   0.0000000000000000   0.0000000000000000   0.0000000000000000   0.0000000000000000   0.0000000000000000   0.0000000000000000   0.0000000000000000   0.0000000000000000   0.0000000000000000   0.0000000000000000   0.0000000000000000   0.0000000000000000   0.0000000000000000   0.0000000000000000   0.0000000000000000   0.0000000000000000   0.0000000000000000   0.0000000000000000   0.0000000000000000   0.0000000000000000   0.0000000000000000   0.0000000000000000   0.0000000000000000   0.0000000000000000   0.0000000000000000   0.0000000000000000   0.0000000000000000   0.0000000000000000   0.0000000000000000   0.0000000000000000   0.0000000000000000   0.0000000000000000   0.0000000000000000   0.0000000000000000   0.0000000000000000   0.0000000000000000   0.0000000000000000   0.0000000000000000   0.0000000000000000   0.0000000000000000   0.0000000000000000   0.0000000000000000   0.0000000000000000   0.0000000000000000   0.0000000000000000   0.0000000000000000   0.0000000000000000   0.0000000000000000   0.0000000000000000   0.0000000000000000   0.0000000000000000   0.0000000000000000   0.0000000000000000   0.0000000000000000   0.0000000000000000   0.0000000000000000   0.0000000000000000   0.0000000000000000   0.0000000000000000   0.0000000000000000   0.0000000000000000   0.0000000000000000   0.0000000000000000   0.0000000000000000   0.0000000000000000   0.0000000000000000   0.0000000000000000   0.0000000000000000   0.0000000000000009   0.0000000000016840   0.0000000005891213   0.0000007781825577   0.0014727738377585   0.0241491344544400   0.2271360995927876   0.5160674430845922   0.7356973073439932   0.7968612619528306   0.8097268002319685   0.8378900265911948   0.0000000000000000
   0.0000000000000000   0.0000000000000000   0.0000000000000000   0.0000000000000000   0.0000000000000000   0.0000000000000000   0.0000000000000000   0.0000000000000000   0.0000000000000000   0.0000000000000000   0.0000000000000000   0.0000000000000000   0.0000000000000000   0.0000000000000000   0.0000000000000000   0.0000000000000000   0.0000000000000000   0.0000000000000000   0.0000000000000000   0.0000000000224653   0.0000000009530857   0.0000000000000000   0.0000000000000000   0.0000000000000000   0.0000000000000000   0.0000000000000000   0.0000000000000000   0.0000000000000000   0.0000000000000000   0.0000000000000000   0.0000000000000000   0.0000000000000000   0.0000000000000000   0.0000000000000000   0.0000000000000000   0.0703312927433855   0.0000000000000000   0.0000000000000000   0.0000000000000000   0.0000000000000000   0.0000000000000000   0.0000000000000000   0.0000000000000000   0.0000000000000000   0.0000000000000000   0.0000000000000000   0.0000000000000000   0.0000000000000000   0.0000000000000000   0.0000000000000000   0.0000736654909475   0.0000000000000000   0.0000000000000000   0.0000000000000000   0.0000000000000000   0.0000000000000000   0.0000000000000000   0.0000000000000000   0.0000000000000000   0.0000000000000000   0.0000000000000000   0.0000000000000000   0.0000000000000000   0.0000000000000000   0.0000000000000000   0.0000000000000000   0.0000000000000000   0.0000000000000000   0.0000000000000000   0.0000000000000000   0.0000000000000000   0.0000000000000000   0.0000000000000000   0.0000000000000000   0.0000000000000000   0.0000000000000000   0.0000000000000000   0.0000000000000000   0.0000000000000000   0.0000000000000000   0.0000000000000000   0.0000000000000000   0.0000000000000000   0.0000000000000000   0.0000000000000000   0.0000000000000000   0.0000000000000000   0.0000000000000000   0.0000000000000000   0.0000000000000000   0.0000000000000000   0.0000000000000000   0.0000000000000000   0.0000000000000000   0.0000000000000000   0.0000000000000000   0.0000000000000000   0.0000000000000000   0.0000000000000000   0.0000000000000000   0.0000000000000000   0.0000000000000000   0.0000000000000000   0.0000000000000000   0.0000000000000000   0.0000000000000000   0.0000000000000000   0.0000000000000000   0.0000000000000000   0.0000000000000000   0.0000000000000000   0.0000000000000000   0.0000000000000000   0.0000000000000000   0.0000000000000000   0.0000000000000000   0.0000000000000000   0.0000000000000000   0.0000000000000000   0.0000000000000000   0.0000000000000000   0.0000000000000000   0.0000000000000000   0.0000000000000000   0.0000000000000000   0.0000000000000000   0.0000000000000000   0.0000000000000000   0.0000000000000000   0.0000000000000000   0.0000000000000000   0.0000000000000000   0.0000000000000000   0.0000000000000000   0.0000000000000000   0.0000000000000000   0.0000000000000000   0.0000000000000000   0.0000000000000000   0.0000000000000000   0.0000000000000000   0.0000000000000000   0.0000000000000000   0.0000000000000000   0.0000000000000000   0.0000000000000000   0.0000000000000000   0.0000000000000000   0.0000000000000003   0.0000000000142316   0.0000000013015133   0.0000171678018198   0.0120214386600794   0.2638535074065551   0.6642737986737276   0.8224407318815837   0.8537966085672014   0.8637395826528160   0.8659187160358446   0.8592535953621661   0.8218225892206410   0.0000000000000000
   0.0000000000000000   0.0000000000000000   0.0000000000000000   0.0000000000000000   0.0000000000000000   0.0000000000000000   0.0000000000000000   0.0000000000000000   0.0000000000000000   0.0000000000000000   0.0000000000000000   0.0000000000000000   0.0000000000000000   0.0000000000000000   0.0000000000000000   0.0000000000000000   0.0000000000000000   0.0000000000000000   0.0000000000000000   0.0000000000000000   0.0000000002590644   0.0000000010879175   0.0000000000000000   0.0000000000000000   0.0000000000000000   0.0000000000000000   0.0000000000000000   0.0000000000000000   0.0000000000000000   0.0000000000000000   0.0000000000000000   0.0000000000000000   0.0000000000000000   0.1521476275210352   0.0000000000000000   0.0000000000000000   0.0000000000000000   0.0000000000000000   0.0000000000000000   0.0000000000000000   0.0000000000000000   0.0000000000000000   0.0000000000000000   0.0000000000000000   0.0000000000000000   0.0000000000000000   0.0000000000000000   0.0000000000000000   0.0000000000000000   0.1988185328213200   0.0000000000000000   0.0000000000000000   0.0000000000000000   0.0000000000000000   0.0000000000000547   0.0000000000000000   0.0000000000000000   0.0000000000000000   0.0000000000000000   0.0000000000000000   0.0000000000000000   0.0000000000000000   0.0000000000000000   0.0000000000000000   0.0000000000000000   0.0000000000000000   0.0000000000000000   0.0000000000000000   0.0000000000000000   0.0000000000000000   0.0000000000000000   0.0000000000000000   0.0000000000000000   0.0000000000000000   0.0000000000000000   0.0000000000000000   0.0000000000000000   0.0000000000000000   0.0000000000000000   0.0000000000000000   0.0000000000000000   0.0000000000000000   0.0000000000000000   0.0000000000000000   0.0000000000000000   0.0000000000000000   0.0000000000000000   0.0000000000000000   0.0000000000000000   0.0000000000000000   0.0000000000000000   0.0000000000000000   0.0000000000000000   0.0000000000000000   0.0000000000000000   0.0000000000000000   0.0000000000000000   0.0000000000000000   0.0000000000000000   0.0000000000000000   0.0000000000000000   0.0000000000000000   0.0000000000000000   0.0000000000000000   0.0000000000000000   0.0000000000000000   0.0000000000000000   0.0000000000000000   0.0000000000000000   0.0000000000000000   0.0000000000000000   0.0000000000000000   0.0000000000000000   0.0000000000000000   0.0000000000000000   0.0000000000000000   0.0000000000000000   0.0000000000000000   0.0000000000000000   0.0000000000000000   0.0000000000000000   0.0000000000000000   0.0000000000000000   0.0000000000000000   0.0000000000000000   0.0000000000000000   0.0000000000000000   0.0000000000000000   0.0000000000000000   0.0000000000000000   0.0000000000000000   0.0000000000000000   0.0000000000000000   0.0000000000000000   0.0000000000000000   0.0000000000000000   0.0000000000000000   0.0000000000000000   0.0000000000000000   0.0000000000000000   0.0000000000000000   0.0000000000000000   0.0000000000000000   0.0000000000000000   0.0000000000000000   0.0000000000000000   0.0000000000000028   0.0000000000001610   0.0000000000011581   0.0000000138475997   0.0005321681571071   0.1823785002928211   0.6523637191604699   0.8410228335614232   0.8787456328310850   0.8940511775373836   0.9010418774061639   0.9033015234645086   0.9026022238253901   0.8944246520012692   0.7634635712146169   0.0000000000000000
   0.0000000000000000   0.0000000000000000   0.0000000000000000   0.0000000000000000   0.0000000000000000   0.0000000000000000   0.0000000000000000   0.0000000000000000   0.0000000000000000   0.0000000000000000   0.0000000000000000   0.0000000000000000   0.0000000000000000   0.0000000000000000   0.0000000000000000   0.0000000000000000   0.0000000000000000   0.0000000000000000   0.0000000000000000   0.0000000000000000   0.0000000000000000   0.0000038090965963   0.0000000000000000   0.0000000000000000   0.0000000000000000   0.0000000000000000   0.0000000000000000   0.0000000000000000   0.0000000000000000   0.0000000000000000   0.0000000000000000   0.0000000000000000   0.0000000000279129   0.0000000000000000   0.0000000000000000   0.0000000000000000   0.0000000000000000   0.0000000000000000   0.0000000000000000   0.0000000000000000   0.0000000000000000   0.0000000000000000   0.0000000000000000   0.0000000000000000   0.0000000000000000   0.0000000000000000   0.0000000000000000   0.0000000000019526   0.0000000000000000   0.0000000000000000   0.0000000000000000   0.0000000000000000   0.0000000000000000   0.0000000000000000   0.0000000000000145   0.0000000000000662   0.0000000000000000   0.0000000000000000   0.0000000000000000   0.0000000000000000   0.0000000000000000   0.0000000000000000   0.0000000000000000   0.0000000000000000   0.0000000000000000   0.0000000000000000   0.0000000000000000   0.0000000000000000   0.0000000000000000   0.0000000000000000   0.0000000000000000   0.0000000000000000   0.0000000000000000   0.0000000000000000   0.0000000000000000   0.0000000000000000   0.0000000000000000   0.0000000000000000   0.0000000000000000   0.0000000000000000   0.0000000000000000   0.0000000000000000   0.0000000000000000   0.0000000000000000   0.0000000000000000   0.0000000000000000   0.0000000000000000   0.0000000000000000   0.0000000000000000   0.0000000000000000   0.0000000000000000   0.0000000000000000   0.0000000000000000   0.0000000000000000   0.0000000000000000   0.0000000000000000   0.0000000000000000   0.0000000000000000   0.0000000000000000   0.0000000000000000   0.0000000000000000   0.0000000000000000   0.0000000000000000   0.0000000000000000   0.0000000000000000   0.0000000000000000   0.0000000000000000   0.0000000000000000   0.0000000000000000   0.0000000000000000   0.0000000000000000   0.0000000000000000   0.0000000000000000   0.0000000000000000   0.0000000000000000   0.0000000000000000   0.0000000000000000   0.0000000000000000   0.0000000000000000   0.0000000000000000   0.0000000000000000   0.0000000000000000   0.0000000000000000   0.0000000000000000   0.0000000000000000   0.0000000000000000   0.0000000000000000   0.0000000000000000   0.0000000000000000   0.0000000000000000   0.0000000000000000   0.0000000000000000   0.0000000000000000   0.0000000000000000   0.0000000000000000   0.0000000000000000   0.0000000000000000   0.0000000000000000   0.0000000000000000   0.0000000000000000   0.0000000000000000   0.0000000000000000   0.0000000000000000   0.0000000000000000   0.0000000000000000   0.0000000000000319   0.0000000000472130   0.0000000001506954   0.0000047739396448   0.0409590789320207   0.4677814906427394   0.8248767503279482   0.8862289044545731   0.9079902696287420   0.9206320506788433   0.9296608579723470   0.9338662349234178   0.9412140737112082   0.9443965244120961   0.9583962651963405   0.0000000000000000   0.0000000000000000
   0.0000000000000000   0.0000000000000000   0.0000000000000000   0.0000000000000000   0.0000000000000000   0.0000000000000000   0.0000000000000000   0.0000000000000000   0.0000000000000000   0.0000000000000000   0.0000000000000000   0.0000000000000000   0.0000000000000000   0.0000000000000000   0.0000000000000000   0.0000000000000000   0.0000000000000000   0.0000000000000000   0.0000000000000000   0.3101700323907796   0.0000000000000000   0.0000000000000000   0.0000000000000000   0.0000000000000000   0.0000000000000000   0.0000000000000000   0.0000000000000000   0.0000000000000000   0.0000000000000000   0.0000000000000000   0.0000000000000000   0.0000000000000000   0.0000000000078498   0.0000000000375426   0.0000000000000000   0.0000000000000000   0.0000000000000000   0.0000000000000000   0.0000000000000000   0.0000000000000000   0.0000000000000000   0.0000000000000000   0.0000000000000000   0.0000000000000000   0.0000000000000000   0.0000000000000000   0.0000000000000000   0.0000000000005467   0.0000000000025869   0.0000000000000000   0.0000000000000000   0.0000000000000000   0.0000000000000000   0.0000000000000000   0.0000000000000000   0.0000000000001306   0.0000000000000000   0.0000000000000000   0.0000000000000000   0.0000000000000000   0.0000000000000000   0.0000000000000000   0.0000000000000000   0.0000000000000000   0.0000000000000000   0.0000000000000000   0.0000000000000000   0.0000000000000000   0.0000000000000000   0.0000000000000000   0.0000000000000000   0.0000000000000000   0.0000000000000000   0.0000000000000000   0.0000000000000000   0.0000000000000000   0.0000000000000000   0.0000000000000000   0.0000000000000000   0.0000000000000000   0.0000000000000000   0.0000000000000000   0.0000000000000000   0.0000000000000000   0.0000000000000000   0.0000000000000000   0.0000000000000000   0.0000000000000000   0.0000000000000000   0.0000000000000000   0.0000000000000000   0.0000000000000000   0.0000000000000000   0.0000000000000000   0.0000000000000000   0.0000000000000000   0.0000000000000000   0.0000000000000000   0.0000000000000000   0.0000000000000000   0.0000000000000000   0.0000000000000000   0.0000000000000000   0.0000000000000000   0.0000000000000000   0.0000000000000000   0.0000000000000000   0.0000000000000000   0.0000000000000000   0.0000000000000000   0.0000000000000000   0.0000000000000000   0.0000000000000000   0.0000000000000000   0.0000000000000000   0.0000000000000000   0.0000000000000000   0.0000000000000000   0.0000000000000000   0.0000000000000000   0.0000000000000000   0.0000000000000000   0.0000000000000000   0.0000000000000000   0.0000000000000000   0.0000000000000000   0.0000000000000000   0.0000000000000000   0.0000000000000000   0.0000000000000000   0.0000000000000000   0.0000000000000000   0.0000000000000000   0.0000000000000000   0.0000000000000000   0.0000000000000000   0.0000000000000000   0.0000000000000000   0.0000000000000000   0.0000000000000000   0.0000000000000000   0.0000000000000000   0.0000000000000000   0.0000000000000020   0.0000000000004190   0.0000000014004580   0.0000000272052464   0.0003920875762641   0.2007526850135159   0.7517970809826442   0.8796493247903239   0.9133696100976765   0.9301747815236994   0.9432657420935979   0.9528445320034989   0.9612487357690150   0.9708787150099206   0.9791561303809539   0.0000000000000000   0.0000000000000000   0.0000000000000000   0.0000000000000000
   0.0000000000000000   0.0000000000000000   0.0000000000000000   0.0000000000000000   0.0000000000000000   0.0000000000000000   0.0000000000000000   0.0000000000000000   0.0000000000000000   0.0000000000000000   0.0000000000000000   0.0000000000000000   0.0000000000000000   0.0000000000000000   0.0000000000000000   0.0000000000000000   0.0000000000000000   0.0000000000000000   0.3232632707470731   0.0000000000000000   0.0000000000000000   0.0000000000000000   0.0000000000000000   0.0000000000000000   0.0000000000000000   0.0000000000000000   0.0000000000000000   0.0000000000000000   0.0000000000000000   0.0000000000000000   0.0000000000000000   0.0000000000000000   0.0000000000000000   0.0000000000769632   0.0000000000000000   0.0000000000000000   0.0000000000000000   0.0000000000000000   0.0000000000000000   0.0000000000000000   0.0000000000000000   0.0000000000000000   0.0000000000000000   0.0000000000000000   0.0000000000000000   0.0000000000000000   0.0000000000000000   0.0000000000000000   0.0000000000984862   0.0000000000000000   0.0000000000000000   0.0000000000000000   0.0000000000000000   0.0000000000000002   0.0000000000000005   0.0000000000002573   0.0000000000000000   0.0000000000000000   0.0000000000000000   0.0000000000000000   0.0000000000000000   0.0000000000000000   0.0000000000000000   0.0000000000000000   0.0000000000000000   0.0000000000000000   0.0000000000000000   0.0000000000000000   0.0000000000000000   0.0000000000000000   0.0000000000000000   0.0000000000000000   0.0000000000000000   0.0000000000000000   0.0000000000000000   0.0000000000000000   0.0000000000000000   0.0000000000000000   0.0000000000000000   0.0000000000000000   0.0000000000000000   0.0000000000000000   0.0000000000000000   0.0000000000000000   0.0000000000000000   0.0000000000000000   0.0000000000000000   0.0000000000000000   0.0000000000000000   0.0000000000000000   0.0000000000000000   0.0000000000000000   0.0000000000000000   0.0000000000000000   0.0000000000000000   0.0000000000000000   0.0000000000000000   0.0000000000000000   0.0000000000000000   0.0000000000000000   0.0000000000000000   0.0000000000000000   0.0000000000000000   0.0000000000000000   0.0000000000000000   0.0000000000000000   0.0000000000000000   0.0000000000000000   0.0000000000000000   0.0000000000000000   0.0000000000000000   0.0000000000000000   0.0000000000000000   0.0000000000000000   0.0000000000000000   0.0000000000000000   0.0000000000000000   0.0000000000000000   0.0000000000000000   0.0000000000000000   0.0000000000000000   0.0000000000000000   0.0000000000000000   0.0000000000000000   0.0000000000000000   0.0000000000000000   0.0000000000000000   0.0000000000000000   0.0000000000000000   0.0000000000000000   0.0000000000000001   0.0000000000000001   0.0000000000000001   0.0000000000000001   0.0000000000000001   0.0000000000000002   0.0000000000000002   0.0000000000000002   0.0000000000000003   0.0000000000000004   0.0000000000000004   0.0000000000000005   0.0000000000000367   0.0000000000402070   0.0000000002662788   0.0000032634366749   0.0123558457533565   0.4197305618659852   0.8363268920237612   0.9056572921301411   0.9305192656555566   0.9470215949010433   0.9587209174126001   0.9683989803935878   0.9764595174572610   0.9839743547547737   0.9923108103163535   0.9999443711853629   0.0000000000000000   0.0000000000000000   0.0000000000000000   0.0000000000000000
   0.0000000000000000   0.0000000000000000   0.0000000000000000   0.0000000000000000   0.0000000000000000   0.0000000000000000   0.0000000000000000   0.0000000000000000   0.0000000000000000   0.0000000000000000   0.0000000000000000   0.0000000000000000   0.0000000000000000   0.0000000000000000   0.0000000000000000   0.0000000000000000   0.0000000000000000   0.0000000001065594   0.0000000000000000   0.0000000000000000   0.0000000000000000   0.0000000000000000   0.0000000000000000   0.0000000000000000   0.0000000000000000   0.0000000000000000   0.0000000000000000   0.0000000000000000   0.0000000000000000   0.0000000000000000   0.0000000000000000   0.0000000000000003   0.0000000000000002   0.0000071238205960   0.0000000000000000   0.0000000000000000   0.0000000000000000   0.0000000000000000   0.0000000000000000   0.0000000000000000   0.0000000000000000   0.0000000000000000   0.0000000000000000   0.0000000000000000   0.0000000000000000   0.0000000000000000   0.0000000000000000   0.0000000000000000   0.0000000000268673   0.0000000001198559   0.0000000000000000   0.0000000000000000   0.0000000000000000   0.0000000000000092   0.0000000000000184   0.0000000000104145   0.0000000000000000   0.0000000000000000   0.0000000000000000   0.0000000000000000   0.0000000000000000   0.0000000000000000   0.0000000000000000   0.0000000000000000   0.0000000000000000   0.0000000000000000   0.0000000000000000   0.0000000000000000   0.0000000000000000   0.0000000000000000   0.0000000000000000   0.0000000000000000   0.0000000000000000   0.0000000000000000   0.0000000000000000   0.0000000000000000   0.0000000000000000   0.0000000000000000   0.0000000000000000   0.0000000000000000   0.0000000000000000   0.0000000000000000   0.0000000000000000   0.0000000000000000   0.0000000000000000   0.0000000000000000   0.0000000000000000   0.0000000000000000   0.0000000000000000   0.0000000000000000   0.0000000000000000   0.0000000000000000   0.0000000000000000   0.0000000000000000   0.0000000000000000   0.0000000000000000   0.0000000000000000   0.0000000000000000   0.0000000000000000   0.0000000000000000   0.0000000000000000   0.0000000000000000   0.0000000000000000   0.0000000000000000   0.0000000000000000   0.0000000000000000   0.0000000000000000   0.0000000000000000   0.0000000000000000   0.0000000000000000   0.0000000000000000   0.0000000000000000   0.0000000000000001   0.0000000000000001   0.0000000000000001   0.0000000000000001   0.0000000000000001   0.0000000000000001   0.0000000000000002   0.0000000000000002   0.0000000000000002   0.0000000000000003   0.0000000000000004   0.0000000000000005   0.0000000000000006   0.0000000000000007   0.0000000000000009   0.0000000000000011   0.0000000000000014   0.0000000000000018   0.0000000000000022   0.0000000000000027   0.0000000000000033   0.0000000000000041   0.0000000000000051   0.0000000000000062   0.0000000000000077   0.0000000000000094   0.0000000000000115   0.0000000000000142   0.0000000000000177   0.0000000000003025   0.0000000008585774   0.0000000170487694   0.0001007317437015   0.1121169989629571   0.6890412634366959   0.8811090944677277   0.9253897178083992   0.9452453276224189   0.9592740286064303   0.9706911769278173   0.9796739247577925   0.9871595565832465   0.9935697624498905   0.9994110436648096   0.9999999550111807   0.0000000000000000   0.0000000000000000   0.0000000000000000   0.0000000000000000   0.0000000000000000
   0.0000000000000000   0.0000000000000000   0.0000000000000000   0.0000000000000000   0.0000000000000000   0.0000000000000000   0.0000000000000000   0.0000000000000000   0.0000000000000000   0.0000000000000000   0.0000000000000000   0.0000000000000000   0.0000000000000000   0.0000000000000000   0.0000000000000000   0.0000000000000000   0.0000000000000000   0.0000000000298374   0.0000000001412109   0.0000000000000000   0.0000000000000000   0.0000000000000000   0.0000000000000000   0.0000000000000000   0.0000000000000000   0.0000000000000000   0.0000000000000000   0.0000000000000000   0.0000000000000000   0.0000000000000000   0.0000000000000000   0.0000000000000091   0.0000000009184090   0.0000000000000000   0.0000000000000000   0.0000000000000000   0.0000000000000000   0.0000000000000000   0.0000000000000000   0.0000000000000000   0.0000000000000000   0.0000000000000000   0.0854914019840937   0.0000000000000000   0.0000000000000000   0.0000000000000000   0.0000000000000000   0.0000000000000000   0.0000000000000005   0.0000000002282194   0.0000000000000000   0.0000000000000000   0.0000000000000000   0.0000000000004808   0.0000000000007086   0.0000000000042827   0.0000000000063283   0.0000000002931259   0.0000000000000000   0.0000000000000000   0.0000000000000000   0.0000000000000000   0.0000000000000000   0.0000000000000000   0.0000000000000000   0.0000000000000000   0.0000000000000000   0.0000000000000000   0.0000000000000000   0.0000000000000000   0.0000000000000000   0.0000000000000000   0.0000000000000000   0.0000000000000000   0.0000000000000000   0.0000000000000000   0.0000000000000000   0.0000000000000000   0.0000000000004884   0.0000000000012208   0.0000000023177982   0.0000000000000000   0.0000000000000000   0.0000000000000000   0.0000000000000000   0.0000000000000000   0.0000000000000000   0.0000000000000000   0.0000000000000000   0.0000000000000000   0.0000000000000000   0.0000000000000000   0.0000000000000000   0.0000000000000000   0.0000000000000000   0.0000000000000000   0.0000000000000000   0.0000000000000000   0.0000000000000000   0.0000000000000000   0.0000000000000000   0.0000000000000000   0.0000000000000011   0.0000000000000012   0.0000000000000013   0.0000000000000014   0.0000000000000015   0.0000000000000016   0.0000000000000018   0.0000000000000020   0.0000000000000022   0.0000000000000025   0.0000000000000028   0.0000000000000032   0.0000000000000037   0.0000000000000043   0.0000000000000051   0.0000000000000062   0.0000000000000074   0.0000000000000091   0.0000000000000112   0.0000000000000139   0.0000000000000172   0.0000000000000215   0.0000000000000268   0.0000000000000335   0.0000000000000419   0.0000000000000522   0.0000000000000651   0.0000000000000810   0.0000000000001006   0.0000000000001247   0.0000000000001544   0.0000000000001909   0.0000000000002357   0.0000000000002907   0.0000000000003582   0.0000000000004421   0.0000000000005521   0.0000000000007502   0.0000000000076344   0.0000000061211976   0.0000004210012027   0.0010834058859509   0.2672098908034616   0.8125597575620047   0.9076124049558997   0.9384224518589303   0.9564819235162644   0.9693227185764826   0.9796438871112755   0.9882022407747817   0.9951660836774081   0.9996321966778229   0.9999999425433104   0.9999999590824525   0.0000000000000000   0.0000000000000000   0.0000000000000000   0.0000000000000000   0.0000000000000000   0.0000000000000000
   0.0000000000000000   0.0000000000000000   0.0000000000000000   0.0000000000000000   0.0000000000000000   0.0000000000000000   0.0000000000000000   0.0000000000000000   0.0000000000000000   0.0000000000000000   0.0000000000000000   0.0000000000000000   0.0000000000000000   0.0000000000000000   0.0000000000000000   0.0000000000000000   0.0000000000000000   0.0000000000000000   0.0000000055343074   0.0000000000000000   0.0000000000000000   0.0000000000000000   0.0000000000000000   0.0000000000000000   0.0000000000000000   0.0000000000000000   0.0000000000000000   0.0000000000000000   0.0000000000000000   0.0000000000000000   0.0000000000000000   0.0000000000003083   0.0000000002596916   0.0000000012327095   0.0000000000000000   0.0000000000000000   0.0000000000000000   0.0000000000000000   0.0000000000000000   0.0000000000000000   0.0000000000000000   0.0000000000000000   0.0000000000000000   0.0000000000000000   0.0000000000000000   0.0000000000000000   0.0000000000000000   0.0000000000000000   0.0000000000000233   0.0000000037905077   0.0000000000000000   0.0000000000000000   0.0000000000273540   0.0000000000414041   0.0000000000515976   0.0000000000640858   0.0000000000921318   0.0000000002762319   0.0000000089048990   0.0000000000000000   0.0000000000000000   0.0000000000000000   0.0000000000000000   0.0000000000000000   0.0000000000000000   0.0000000000000000   0.0000000000000000   0.0000000000000000   0.0000000000000000   0.0000000000000000   0.0000000000000000   0.0000000000000000   0.0000000000000000   0.0000000000000000   0.0000000000000000   0.0000000000000000   0.0000000000000000   0.0000000000517733   0.0000000000763920   0.0000000001043430   0.0000000010090718   0.0000000044558476   0.0000000000000000   0.0000000000000000   0.0000000000000000   0.0000000000000000   0.0000000000000000   0.0000000000000000   0.0000000000000000   0.0000000000000000   0.0000000000000000   0.0000000000000000   0.0000000000000000   0.0000000000000000   0.0000000000000000   0.0000000000000000   0.0000000000000000   0.0000000000000000   0.0000000000000000   0.0000000000000000   0.0000000000000000   0.0000000000000000   0.0000000000000615   0.0000000000000669   0.0000000000000730   0.0000000000000796   0.0000000000000868   0.0000000000000949   0.0000000000001041   0.0000000000001145   0.0000000000001266   0.0000000000001409   0.0000000000001579   0.0000000000001785   0.0000000000002039   0.0000000000002355   0.0000000000002753   0.0000000000003257   0.0000000000003900   0.0000000000004719   0.0000000000005764   0.0000000000007096   0.0000000000008788   0.0000000000010929   0.0000000000013628   0.0000000000017019   0.0000000000021260   0.0000000000026546   0.0000000000033116   0.0000000000041257   0.0000000000051322   0.0000000000063746   0.0000000000079062   0.0000000000097961   0.0000000000121471   0.0000000000151754   0.0000000000195719   0.0000000000281999   0.0000000000577530   0.0000000003992761   0.0000000199918118   0.0000045079828560   0.0060117172963481   0.4318031938243809   0.8578026513720223   0.9259428480429589   0.9500948190907244   0.9649004512927114   0.9767701960378924   0.9863958043660337   0.9945340196884038   0.9998082014586679   0.9999999282936722   0.9999999440365311   0.9999999626322527   0.0000000000000000   0.0000000000000000   0.0000000000000000   0.0000000000000000   0.0000000000000000   0.0000000000000000   0.0000000000000000
   0.0000000000000000   0.0000000000000000   0.0000000000000000   0.0000000000000000   0.0000000000000000   0.0000000000000000   0.0000000000000000   0.0000000000000000   0.0000000000000000   0.0000000000000000   0.0000000000000000   0.0000000000000000   0.0000000000000000   0.0000000000000000   0.0000000000000000   0.0000000000000000   0.0000000000000000   0.0000000000000000   0.0000000015451202   0.0000000618628517   0.0000000000000000   0.0000000000000000   0.0000000000000000   0.0000000000000000   0.0000000000000000   0.0000000000000000   0.0000000000000000   0.0000000000000000   0.0000000000000000   0.0000000000000000   0.0000000000000000   0.0000000000145410   0.0000000000504811   0.0000000399582070   0.0000000000000000   0.0000000000000000   0.0000000000000000   0.0000000000000000   0.0000000000000000   0.0000000000000000   0.0000000000000000   0.0715542086895842   0.0000000000000000   0.0000000000000000   0.0000000000000000   0.0000000000000000   0.0000000000000000   0.0000000000000000   0.0000000000012191   0.0000000010723524   0.0000000013395585   0.0000000016735622   0.0000000020938233   0.0000000026090575   0.0000000032620461   0.0000000040783617   0.0000000050856202   0.0000000061751815   0.0000000102138680   0.0000000127100435   0.0000003199740823   0.0000000000000000   0.0000000000000000   0.0000000000000000   0.0000000000000000   0.0000000000000000   0.0000000000000000   0.0000000000000000   0.0000000000000000   0.0000000000000000   0.0000000000000000   0.0000000000000000   0.0000000000000000   0.0000000000000000   0.0000000000000000   0.0000000014245326   0.0000000028258557   0.0000000040379423   0.0000000048703568   0.0000000058817284   0.0000000113990641   0.0000004089310785   0.0000000000000000   0.0000000000000000   0.0000000000000000   0.0000000000000000   0.0000000000000000   0.0000000000000000   0.0000000000000000   0.0000000000000000   0.0000000000000000   0.0000000000000000   0.0000000000000000   0.0000000000000000   0.0000000000000000   0.0000000000000000   0.0000000000000000   0.0000000000000000   0.0000000000000000   0.0000000000000000   0.0000000000000000   0.0000000000050492   0.0000000000060437   0.0000000000065779   0.0000000000071663   0.0000000000078052   0.0000000000085068   0.0000000000092832   0.0000000000101504   0.0000000000111293   0.0000000000122480   0.0000000000135444   0.0000000000150694   0.0000000000168913   0.0000000000191018   0.0000000000218223   0.0000000000252123   0.0000000000294785   0.0000000000348863   0.0000000000417719   0.0000000000505571   0.0000000000617655   0.0000000000760420   0.0000000000941756   0.0000000001171269   0.0000000001460625   0.0000000001823975   0.0000000002278502   0.0000000002845147   0.0000000003549712   0.0000000004425186   0.0000000005518924   0.0000000006920106   0.0000000008870031   0.0000000012196929   0.0000000019965239   0.0000000043528156   0.0000000127827269   0.0000000580028844   0.0000002229046697   0.0000284965573197   0.0227699491598632   0.5896595836987629   0.8855728873517793   0.9397881216419585   0.9606261064429960   0.9735952220707572   0.9829096826371032   0.9895514186641745   0.9977443777153079   0.9999999118047378   0.9999999265598610   0.9999999451676103   0.9999999641550507   0.0000000000000000   0.0000000000000000   0.0000000000000000   0.0000000000000000   0.0000000000000000   0.0000000000000000   0.0000000000000000   0.0000000000000000
   0.0000000000000000   0.0000000000000000   0.0000000000000000   0.0000000000000000   0.0000000000000000   0.0000000000000000   0.0000000000000000   0.0000000000000000   0.0000000000000000   0.0000000000000000   0.0000000000000000   0.0000000000000000   0.0000000000000000   0.0000000000000000   0.0000000000000000   0.0000000000000000   0.0000000000000000   0.0000000000000000   0.0000000000000000   0.0000000176628695   0.0000000224895857   0.0000000278078728   0.0000007279811983   0.0000000000000000   0.0000000000000000   0.0000000000000000   0.0000000000000000   0.0000000000000000   0.0000000000000000   0.0000000000000000   0.0000000009440181   0.0000000013521744   0.0000000030581833   0.0000000143634487   0.4827566087634270   0.0000000000000000   0.0000000000000000   0.0000000000000000   0.0000000000000000   0.0000000000000000   0.0000000000000000   0.0000000000000000   0.0000000000000000   0.0000000000000000   0.0000000000000001   0.0000000000000000   0.0000000000000000   0.0000000000770124   0.0000000001071190   0.0000000001223609   0.0000000001394554   0.0000000001585227   0.0000000001803239   0.0000000002060228   0.0000000002340773   0.0000000002652452   0.0000000003012486   0.0000000003386950   0.0000000003785896   0.0000000004957006   0.0000000918010626   0.0000001152078569   0.0000001425751374   0.0000001764645208   0.0000002184136150   0.0000002663519218   0.0000054424733367   0.0000000000000000   0.0000000000000000   0.0000000000000000   0.0000000000000000   0.0000000000000000   0.0000000000000000   0.0000000000000000   0.0000000989788643   0.0000001460687053   0.0000001760671891   0.0000002127969966   0.0000002576822306   0.0000003118774399   0.0000004314323584   0.0000009766949010   0.0000159566935312   0.0000000000000000   0.0000000000000000   0.0000000000000000   0.0000000000000000   0.0000000000000000   0.0000000000000000   0.0000000000000000   0.0000000000000000   0.0000000000000000   0.0000000000000000   0.0000000000000000   0.0000000000000000   0.0000000000000000   0.0000000000000000   0.0000000000000000   0.0000000000000000   0.0000000000000000   0.0000000000000000   0.0000000002479722   0.0000000002691110   0.0000000002935193   0.0000000003197370   0.0000000003481869   0.0000000003792336   0.0000000004133306   0.0000000004510698   0.0000000004932268   0.0000000005408278   0.0000000005952436   0.0000000006583170   0.0000000007325313   0.0000000008212257   0.0000000009288660   0.0000000010613733   0.0000000012265176   0.0000000014343802   0.0000000016978877   0.0000000020334255   0.0000000024615415   0.0000000030077590   0.0000000037035385   0.0000000045874747   0.0000000057070212   0.0000000071218139   0.0000000089127177   0.0000000112121788   0.0000000143121888   0.0000000190433940   0.0000000280580904   0.0000000499734197   0.0000001121279508   0.0000002980378602   0.0000008521524484   0.0000024805419185   0.0000077306051882   0.0000197656062673   0.0001723007926815   0.0688220757984722   0.7215486587966706   0.9080286251231156   0.9500522981265219   0.9686029402818057   0.9805449370977937   0.9883660933625147   0.9923619109525873   0.9949078955940989   0.9969574602921398   0.9999999226424506   0.9999999403462687   0.9999999601147360   0.9999999564674499   0.0000000000000000   0.0000000000000000   0.0000000000000000   0.0000000000000000   0.0000000000000000   0.0000000000000000   0.0000000000000000   0.0000000000000000
   0.0000000000000000   0.0000000000000000   0.0000000000000000   0.0000000000000000   0.0000000000000000   0.0000000000000000   0.0000000000000000   0.0000000000000000   0.0000000000000000   0.0000000000000000   0.0000000000000000   0.0000000000000000   0.0000000000000000   0.0000000000000000   0.0000000000000000   0.0000000000000000   0.0000000000000000   0.0000000000000000   0.0000000000000000   0.0000000000000000   0.0000000000000000   0.0000000000000000   0.0000002074930106   0.0000002607885561   0.0000003234406125   0.0000003945519911   0.0000078396996756   0.0000000000000000   0.0000000000000000   0.0000000507847771   0.0000000748830453   0.0000000908996463   0.0000001955421074   0.0000002382489804   0.9000122503742827   0.0000000000000000   0.0000000000000000   0.0000000000000000   0.0000000000000000   0.0000000000000000   0.0000000000000000   0.0000000000000000   0.0000000006816141   0.0000000015133812   0.0000000026437958   0.0000000037465743   0.0000000051294398   0.0000000063529223   0.0000000073118045   0.0000000084249351   0.0000000096895769   0.0000000111154507   0.0000000127176768   0.0000000145116985   0.0000000165142704   0.0000000187427628   0.0000000212148831   0.0000000239500570   0.0000000269600954   0.0000000301816600   0.0000000335641993   0.0000000373205989   0.0000000415227020   0.0000000460648943   0.0000000510084344   0.0000000589866193   0.0000016032504741   0.0000019819467775   0.0000024121354346   0.0000029360068399   0.0000035728924579   0.0000043472253739   0.0000052154799670   0.0000063422821237   0.0000077088119795   0.0000093203960016   0.0000113031583229   0.0000136998570193   0.0000165906720009   0.0000200758553744   0.0000242162457543   0.0000284584318931   0.0000386425934342   0.0000459964370378   0.0001683443674402   0.0000000000000000   0.0000000000000000   0.0000000000000000   0.0000000000000000   0.0000000000000000   0.0000000000000000   0.0000000000000000   0.0000000000000000   0.0000000000000000   0.0000000000000000   0.0000000000000000   0.0000000000230278   0.0000000000000000   0.0000000000000000   0.0000000000000000   0.0000000000000000   0.0000000129497680   0.0000000141019865   0.0000000154201662   0.0000000168065111   0.0000000183063588   0.0000000199349168   0.0000000217122255   0.0000000236643651   0.0000000258253039   0.0000000282395851   0.0000000309662092   0.0000000340839886   0.0000000376988264   0.0000000419533878   0.0000000470394512   0.0000000532133177   0.0000000608145873   0.0000000702886181   0.0000000822132279   0.0000000973313389   0.0000001165956375   0.0000001412466024   0.0000001729958953   0.0000002145388750   0.0000002710696592   0.0000003547921452   0.0000004978852425   0.0000007881502727   0.0000014627530592   0.0000031438999174   0.0000074027863079   0.0000179878998112   0.0000433751085012   0.0001017042910121   0.0002298312971993   0.0005086069211005   0.0009854740230469   0.0021582923566564   0.1455012242386267   0.7990078887117277   0.9244006500495009   0.9584385270487145   0.9755070838342367   0.9865978681945721   0.9938175424283655   0.9983626413370695   0.9999999112198580   0.9999999351817765   0.0000000000000000   0.0000000000000000   0.0000000000000000   0.0000000000000000   0.0000000000000000   0.0000000000000000   0.0000000000000000   0.0000000000000000   0.0000000000000000   0.0000000000000000   0.0000000000000000   0.0000000000000000   0.0000000000000000
   0.0000000000000000   0.0000000000000000   0.0000000000000000   0.0000000000000000   0.0000000000000000   0.0000000000000000   0.0000000000000000   0.0000000000000000   0.0000000000000000   0.0000000000000000   0.0000000000000000   0.0000000000000000   0.0000000000000000   0.0000000000000000   0.0000000000000000   0.0000000000000000   0.0000000000000000   0.0000000000000000   0.0000000000000000   0.0000000000000000   0.0000000000000000   0.0000000000000000   0.0000000000000000   0.0000000000000000   0.0000000000969803   0.0000000001175686   0.0000021996500107   0.0000026785662085   0.0000032603205741   0.0000039731776298   0.0000048196046671   0.0000058688653445   0.0000067537956955   0.0000261724384352   0.0000000000000000   0.0000000000000000   0.0000000000000000   0.0000000000000000   0.0000000000000000   0.0000000000000000   0.0000000272018471   0.0000000521621178   0.0000000722446989   0.0000000836876174   0.0000000967575361   0.0000001119675595   0.0000001292946693   0.0000001494695245   0.0000001729303013   0.0000001996824624   0.0000002299484924   0.0000002641351353   0.0000003026162724   0.0000003457766516   0.0000003940083902   0.0000004477092131   0.0000005072807967   0.0000005731252352   0.0000006457168110   0.0000007256134403   0.0000008132428508   0.0000009088317632   0.0000010126490911   0.0000011251968598   0.0000012467298199   0.0000013735849882   0.0000015035277556   0.0000016455210327   0.0000018017008376   0.0000019672180880   0.0000021418802512   0.0000023264061166   0.0000025128407284   0.0000026987451172   0.0000029005339567   0.0000031229059320   0.0000033549138126   0.0000035981318865   0.0000038546281061   0.0000041271498517   0.0000044242945288   0.0000047242000089   0.0000050362454239   0.0000101161917111   0.0011427311813674   0.0000000000000000   0.0000000000000000   0.0000000000000000   0.0000000000000000   0.0000000000000000   0.0000000000000000   0.0000000000000000   0.0000000000000000   0.0000000000000000   0.0000000000000000   0.0000002560101695   0.0000004885567982   0.0000033574022090   0.0000000000000000   0.0000000000000000   0.0000000000000000   0.0000007467241973   0.0000008143165999   0.0000008911836118   0.0000009718674490   0.0000010591045553   0.0000011534976866   0.0000012560091158   0.0000013678861645   0.0000014907463672   0.0000016266924756   0.0000017784961158   0.0000019499236903   0.0000021460661486   0.0000023737035304   0.0000026421142537   0.0000029642217128   0.0000033586113001   0.0000038535616021   0.0000044958733390   0.0000053710338184   0.0000066494731654   0.0000086908945406   0.0000122673941329   0.0000189772230964   0.0000320665626956   0.0000579509636099   0.0001088903376200   0.0002074766946316   0.0003937710069613   0.0007359968856916   0.0013454992928998   0.0023960293896529   0.0041462157885997   0.0069588282664227   0.0113547559522830   0.0177792449954500   0.0257728202346669   0.2334103406318663   0.8368410794030260   0.9367471199317465   0.9662865688934182   0.9818774453030501   0.9922159147816173   0.9986455823030778   0.9999998817683526   0.9999999140464934   0.9999999418850622   0.9999999694133834   0.0000000000000000   0.0000000000000000   0.0000000000000000   0.0000000000000000   0.0000000000000000   0.0000000000000000   0.0000000000000000   0.0000000000000000   0.0000000000000000   0.0000000000000000   0.0000000000000000   0.0000000000000000   0.0000000000000000
   0.0000000000000000   0.0000000000000000   0.0000000000000000   0.0000000000000000   0.0000000000000000   0.0000000000000000   0.0000000000000000   0.0000000000000000   0.0000000000000000   0.0000000000000000   0.0000000000000000   0.0000000000000000   0.0000000000000000   0.0000000000000000   0.0000000000000000   0.0000000000000000   0.0000000000000000   0.0000000000000000   0.0000000000000000   0.0000000000000000   0.0000000000000000   0.0000000000000000   0.0000000000000000   0.0000000000000000   0.0000000000000195   0.0000000000000241   0.0000000000000296   0.0000000000000364   0.0000000000000447   0.0000000000000550   0.0000000013125900   0.0000000062031530   0.0000000071250986   0.0001725424582253   0.0000000000000000   0.0000000000000000   0.0000005119116094   0.0000006049906126   0.0000010459825584   0.0000020367248773   0.0000028295647186   0.0000032996209131   0.0000038555313474   0.0000045110710439   0.0000052761179393   0.0000061577382269   0.0000071714525791   0.0000083334197058   0.0000096619188519   0.0000111781705177   0.0000129055889539   0.0000148687417446   0.0000170939974415   0.0000196097929186   0.0000224466056647   0.0000256369505431   0.0000292153521503   0.0000332182558801   0.0000376838310399   0.0000426519510889   0.0000481646578500   0.0000542662300458   0.0000610022897382   0.0000684203080968   0.0000765757927243   0.0000855305421638   0.0000953339177245   0.0001060160420655   0.0001176155572839   0.0001301954490509   0.0001438287616779   0.0001585980590361   0.0001745977395758   0.0001919044794838   0.0002105743787452   0.0002307005748979   0.0002524409580800   0.0002759913062319   0.0003015729828506   0.0003294604729762   0.0003600100768299   0.0003938439065224   0.0004288681912588   0.0005017420819494   0.0010438805795993   0.0089880112589474   0.0000000000000000   0.0000000000000000   0.0000000000000000   0.0000000000000000   0.0000000000000000   0.0000000000000000   0.0000000000000000   0.0000000000000000   0.0000000000000000   0.0000123563670876   0.0000157141912694   0.0000267060119854   0.0000343845095971   0.0000424408052731   0.0000590089478451   0.0000712396973524   0.0000778526627334   0.0000850692221343   0.0000928533950751   0.0001012518051488   0.0001103324058458   0.0001202206313890   0.0001311215865200   0.0001432802472495   0.0001570415970000   0.0001729000123953   0.0001915762321171   0.0002141394854574   0.0002422015356639   0.0002782228353541   0.0003259912767669   0.0003913601261336   0.0004833649944193   0.0006158773568991   0.0008099883473886   0.0010973399330168   0.0015246124585869   0.0021593163260436   0.0030969278748420   0.0044690814935597   0.0064521728453780   0.0092751836223699   0.0132248751664030   0.0186458430499508   0.0259324397156912   0.0355095214749313   0.0477996802100763   0.0631769085566404   0.0818961298903487   0.1042621573956583   0.1254330535708328   0.2912618024551808   0.8553190921298598   0.9457671801684918   0.9727592146016324   0.9872871474582446   0.9967367946056707   0.9999998351663678   0.9999998810953175   0.9999999177747075   0.9999999465990407   0.9999999723537929   0.0000000000000000   0.0000000000000000   0.0000000000000000   0.0000000000000000   0.0000000000000000   0.0000000000000000   0.0000000000000000   0.0000000000000000   0.0000000000000000   0.0000000000000000   0.0000000000000000   0.0000000000000000   0.0000000000000000   0.0000000000000000
   0.0000000000000000   0.0000000000000000   0.0000000000000000   0.0000000000000000   0.0000000000000000   0.0000000000000000   0.0000000000000000   0.0000000000000000   0.0000000000000000   0.0000000000000000   0.0000000000000000   0.0000000000000000   0.0000000000000000   0.0000000000000000   0.0000000000000000   0.0000000000000000   0.0000000000000000   0.0000000000000000   0.0000000000000000   0.0000000000000000   0.0000000000000000   0.0000000000000000   0.0000000000000000   0.0000000000000000   0.0000000000000000   0.0000000000000000   0.0000000000000000   0.0000000000000000   0.0000000000000000   0.0000000000000001   0.0000000000000005   0.0000000000034129   0.0000000000040381   0.0000462633419383   0.0000548630419294   0.0000649988879618   0.0000775237627311   0.0000917260576925   0.0001080986246257   0.0001267292768660   0.0001488184313561   0.0001750226344739   0.0002055253369302   0.0002409147024081   0.0002818757246767   0.0003291839996875   0.0003836912532192   0.0004463359336808   0.0005181452268420   0.0006002357424060   0.0006938143563901   0.0008001770131018   0.0009207040835642   0.0010568533238576   0.0012101504211667   0.0013821766400526   0.0015745535076455   0.0017889245775418   0.0020269343670825   0.0022902044878697   0.0025803072439983   0.0028987376684410   0.0032468852976612   0.0036260045162163   0.0040371811981222   0.0044813083770082   0.0049590850114952   0.0054710093827090   0.0060173467429433   0.0065981188586740   0.0072131358771762   0.0078620294473912   0.0085442995251234   0.0092594098322038   0.0100068728440536   0.0107862883717639   0.0115974208411079   0.0124403378662838   0.0133155317583219   0.0142239968010463   0.0151673006366439   0.0161472037423930   0.0171719602552704   0.0182051904604781   0.0188508758961145   0.0222655556524150   0.0240612949865371   0.0253268603641446   0.1546215587866380   0.0000000000000000   0.0000000000000000   0.0003014005368041   0.0003377549258251   0.0005429807722950   0.0009474926714887   0.0012273497808078   0.0013585983223725   0.0015156614047026   0.0017061491578487   0.0019299402811402   0.0021812821092331   0.0024875977117944   0.0028610459763344   0.0032960813070168   0.0037965850389319   0.0043707508009544   0.0050274025965080   0.0057767165003437   0.0066306182111234   0.0076033667808773   0.0087121500752269   0.0099778471533924   0.0114259848857662   0.0130879553251700   0.0150025554406456   0.0172178805014499   0.0197935404034064   0.0228030724845149   0.0263362977751530   0.0305012198728328   0.0354249161723181   0.0412527481039308   0.0481451533725010   0.0562713166467956   0.0657991877259858   0.0768816637968435   0.0896392804534318   0.1041404367788177   0.1203809509180595   0.1382654835574925   0.1575939102144573   0.1780558798559478   0.1992366569252783   0.2206302914701803   0.2417533335507084   0.2608853460867528   0.2984124334047322   0.8406957351962391   0.9485771448676028   0.9757971395780471   0.9907119523344310   0.9997435253506474   0.9999998265828323   0.9999998812858373   0.9999999215692346   0.9999999497762686   0.9999999671979398   0.9999999774495808   0.0000000000000000   0.0000000000000000   0.0000000000000000   0.0000000000000000   0.0000000000000000   0.0000000000000000   0.0000000000000000   0.0000000000000000   0.0000000000000000   0.0000000000000000   0.0000000000000000   0.0000000000000000   0.0000000000000000   0.0000000000000000
   0.0000000000000000   0.0000000000000000   0.0000000000000000   0.0000000000000000   0.0000000000000000   0.0000000000000000   0.0000000000000000   0.0000000000000000   0.0000000000000000   0.0000000000000000   0.0000000000000000   0.0000000000000000   0.0000000000000000   0.0000000000000000   0.0000000000000000   0.0000000000000000   0.0000000000000000   0.0000000000000000   0.0000000000000000   0.0000000000000000   0.0000000000000000   0.0000000000000000   0.0000000000000000   0.0000000000000000   0.0000000000000000   0.0000000000000000   0.0000000000000000   0.0000000000000000   0.0000000000000000   0.0000000000000000   0.0000000000000000   0.0000000000000007   0.0000000000000009   0.0000000000000011   0.0000000000000013   0.0000000000000015   0.0000000000000018   0.0000000175267739   0.0000000370022676   0.0000000736715697   0.0000001082184293   0.0000001305422643   0.0000001527826991   0.0000001783794047   0.0000002077280872   0.0000002412421003   0.0000002793454424   0.0000003224634082   0.0000003710117942   0.0000004253855215   0.0000004859475087   0.0000005530186255   0.0000006268689655   0.0000007077097371   0.0000007956841952   0.0000008908555816   0.0000009931886824   0.0000011023983768   0.0000012178667819   0.0000013387094644   0.0000014637410056   0.0000015914465158   0.0000017199662969   0.0000018470985637   0.0000019703242687   0.0000020868569640   0.0000021937195061   0.0000022878480375   0.0000023662209379   0.0000024260068257   0.0000024647228933   0.0000024803925252   0.0000024716887888   0.0000024380498154   0.0000023797538544   0.0000022979445023   0.0000021946008064   0.0000020724533982   0.0000019348546222   0.0000017856162711   0.0000016288343822   0.0000014687177780   0.0000013094888810   0.0000033446561410   0.0000031388111428   0.0000029121883997   0.0000026847018999   0.0000024180838032   0.0378612940968259   0.0405030564965539   0.0433510690340620   0.0467285739664862   0.0500344581542514   0.0534379729636792   0.0568760940239509   0.0606809447491683   0.0649010908537312   0.0693632343775980   0.0740570265123253   0.0789739233857141   0.0841027217031567   0.0894147676948286   0.0948818653127076   0.1004838805797468   0.1061971694135808   0.1119956307828279   0.1178560285202684   0.1237593747672291   0.1296919479088337   0.1356456427163118   0.1416176347542043   0.1476094617215980   0.1536257145643350   0.1596725643463097   0.1657563191436804   0.1718821195436719   0.1780527681329730   0.1842675843854265   0.1905211195025410   0.1968015797658216   0.2030888934216853   0.2093525066608325   0.2155491902712565   0.2216213246325674   0.2274962428167996   0.2330872177575924   0.2382965492926889   0.2430209519140830   0.2471590817910384   0.2506206097621469   0.2533358903114379   0.2552650649103465   0.2564044596565314   0.2567938895960514   0.2566974913567351   0.2514292230017077   0.3872820866120226   0.9113313012252726   0.9702679799554099   0.9904261034306918   0.9999997369583736   0.9999998173758953   0.9999998813201161   0.9999999240975729   0.9999999503781206   0.9999999632035675   0.9999999707505898   0.9999999754762281   0.0000000000000000   0.0000000000000000   0.0000000000000000   0.0000000000000000   0.0000000000000000   0.0000000000000000   0.0000000000000000   0.0000000000000000   0.0000000000000000   0.0000000000000000   0.0000000000000000   0.0000000000000000   0.0000000000000000   0.0000000000000000
   0.0000000000000000   0.0000000000000000   0.0000000000000000   0.0000000000000000   0.0000000000000000   0.0000000000000000   0.0000000000000000   0.0000000000000000   0.0000000000000000   0.0000000000000000   0.0000000000000000   0.0000000000000000   0.0000000000000000   0.0000000000000000   0.0000000000000000   0.0000000000000000   0.0000000000000000   0.0000000000000000   0.0000000000000000   0.0000000000000000   0.0000000000000000   0.0000000000000000   0.0000000000000000   0.0000000000000000   0.0000000000000000   0.0000000000000000   0.0000000000000000   0.0000000000000000   0.0000000000000000   0.0000000000000000   0.0000000000000000   0.0000000000000000   0.0000000000000000   0.0000000000000000   0.0000000000000000   0.0000000000000000   0.0000000000000000   0.0000000000005092   0.0000000000006002   0.0000000000007062   0.0000000000008292   0.0000000000009718   0.0000000000011545   0.0000000000013966   0.0000000000016590   0.0000000000019712   0.0000000000023550   0.0000000000028323   0.0000000000034297   0.0000000000041803   0.0000000000051261   0.0000000000063209   0.0000000000078327   0.0000000000097453   0.0000000000121606   0.0000000000152003   0.0000000000190063   0.0000000000237403   0.0000000000295808   0.0000000000367180   0.0000000000453447   0.0000000000556452   0.0000000000677786   0.0000000000818594   0.0000000000979354   0.0000000001159726   0.0000000001358426   0.0000000001573056   0.0000000001799894   0.0000000002033829   0.0000000002268516   0.0000000002496688   0.0000000002710599   0.0000000002902547   0.0000000003065379   0.0000000003193018   0.0000000003281200   0.0000000003328468   0.0000000003337422   0.0000000003316360   0.0000000003282535   0.0000000003263690   0.0000000003262590   0.0000000004277129   0.0000000008476765   0.0000000014485019   0.0000000022140764   0.0000000023683221   0.0000000027212745   0.0000000034002760   0.0000000045790812   0.0000000065307001   0.0000000096371829   0.0000000143821937   0.0000000214449382   0.0000000317229361   0.0000000463864384   0.0000000669400247   0.0000000952763838   0.0000001337319603   0.0000001851513896   0.0000002529632495   0.0000003412852661   0.0000004550931257   0.0000006005156078   0.0000007853595636   0.0000010200113077   0.0000013185395528   0.0000017012895577   0.0000021997752604   0.0000028653324931   0.0000037847774583   0.0000051083470936   0.0000070984663721   0.0000102123926578   0.0000152374168102   0.0000235035341546   0.0000372042065321   0.0000598592667069   0.0000969525521822   0.0001567665331172   0.0002514145635627   0.0003980409402162   0.0006201191079752   0.0009487244619283   0.0014236040964014   0.0020938315874904   0.0030178172072659   0.0042624476060291   0.0059011739244910   0.0080111021941403   0.0106701081122172   0.0139524667867462   0.0179294569882915   0.0225908433100549   0.0266419770135535   0.6132113690473512   0.9481029935471484   0.9841707854373688   0.9997477744397414   0.9999998043899688   0.9999998792359982   0.9999999238773805   0.9999999479727909   0.9999999588583611   0.9999999662466561   0.9999999716129794   0.9999999695034919   0.0000000000000000   0.0000000000000000   0.0000000000000000   0.0000000000000000   0.0000000000000000   0.0000000000000000   0.0000000000000000   0.0000000000000000   0.0000000000000000   0.0000000000000000   0.0000000000000000   0.0000000000000000   0.0000000000000000   0.0000000000000000
   0.0000000000000000   0.0000000000000000   0.0000000000000000   0.0000000000000000   0.0000000000000000   0.0000000000000000   0.0000000000000000   0.0000000000000000   0.0000000000000000   0.0000000000000000   0.0000000000000000   0.0000000000000000   0.0000000000000000   0.0000000000000000   0.0000000000000000   0.0000000000000000   0.0000000000000000   0.0000000000000000   0.0000000000000000   0.0000000000000000   0.0000000000000000   0.0000000000000000   0.0000000000000000   0.0000000000000000   0.0000000000000000   0.0000000000000000   0.0000000000000000   0.0000000000000000   0.0000000000000000   0.0000000000000000   0.0000000000000000   0.0000000000000000   0.0000000000000000   0.0000000000000000   0.0000000000000000   0.0000000000000000   0.0000000000000000   0.0000000000000000   0.0000000000000000   0.0000000000000000   0.0000000000000000   0.0000000000000000   0.0000000000000000   0.0000000000000000   0.0000000000000000   0.0000000000000000   0.0000000000000000   0.0000000000000000   0.0000000000000000   0.0000000000000000   0.0000000000000000   0.0000000000000000   0.0000000000000000   0.0000000000000000   0.0000000000000000   0.0000000000000000   0.0000000000000000   0.0000000000000000   0.0000000000000000   0.0000000000000000   0.0000000000000000   0.0000000000000000   0.0000000000000000   0.0000000000000000   0.0000000000000000   0.0000000000000000   0.0000000000000000   0.0000000000000000   0.0000000000000000   0.0000000000000000   0.0000000000000000   0.0000000000000000   0.0000000000000000   0.0000000000000000   0.0000000000000000   0.0000000000000000   0.0000000000000000   0.0000000000000001   0.0000000000000002   0.0000000000000004   0.0000000000000009   0.0000000000000020   0.0000000000000044   0.0000000000000095   0.0000000000000204   0.0000000000000427   0.0000000000001352   0.0000000000005880   0.0000000000017184   0.0000000000038915   0.0000000000076345   0.0000000000133856   0.0000000000218380   0.0000000000350088   0.0000000000561328   0.0000000000898407   0.0000000001434130   0.0000000002279121   0.0000000003602937   0.0000000005667797   0.0000000008879960   0.0000000013872407   0.0000000021641355   0.0000000033773101   0.0000000052823425   0.0000000082956319   0.0000000131023690   0.0000000208395902   0.0000000334071348   0.0000000539970780   0.0000000879978320   0.0000001445430888   0.0000002391702577   0.0000003983807230   0.0000006674435107   0.0000011233163850   0.0000018953241617   0.0000031999760476   0.0000053962317541   0.0000090712008695   0.0000151691218483   0.0000251906558924   0.0000414860026816   0.0000676508729563   0.0001090567665037   0.0001735775277491   0.0002724991825035   0.0004216295213932   0.0006426030094827   0.0009643480041810   0.0014245050866935   0.0020696756073586   0.0029561983305915   0.0041514411772652   0.0056043805542667   0.0145171375993438   0.8869885733864954   0.9782088562535040   0.9983162019136738   0.9999997787993984   0.9999998721303601   0.9999999196883087   0.9999999424738611   0.9999999527878437   0.9999999618117289   0.9999999699452693   0.9999999727395743   0.0000000000000000   0.0000000000000000   0.0000000000000000   0.0000000000000000   0.0000000000000000   0.0000000000000000   0.0000000000000000   0.0000000000000000   0.0000000000000000   0.0000000000000000   0.0000000000000000   0.0000000000000000   0.0000000000000000   0.0000000000000000   0.0000000000000000
   0.0000000000000000   0.0000000000000000   0.0000000000000000   0.0000000000000000   0.0000000000000000   0.0000000000000000   0.0000000000000000   0.0000000000000000   0.0000000000000000   0.0000000000000000   0.0000000000000000   0.0000000000000000   0.0000000000000000   0.0000000000000000   0.0000000000000000   0.0000000000000000   0.0000000000000000   0.0000000000000000   0.0000000000000000   0.0000000000000000   0.0000000000000000   0.0000000000000000   0.0000000000000000   0.0000000000000000   0.0000000000000000   0.0000000000000000   0.0000000000000000   0.0000000000000000   0.0000000000000000   0.0000000000000000   0.0000000000000000   0.0000000000000000   0.0000000000000000   0.0000000000000000   0.0000000000000000   0.0000000000000000   0.0000000000000000   0.0000000000000000   0.0000000000000000   0.0000000000000000   0.0000000000000000   0.0000000000000000   0.0000000000000000   0.0000000000000000   0.0000000000000000   0.0000000000000000   0.0000000000000000   0.0000000000000000   0.0000000000000000   0.0000000000000000   0.0000000000000000   0.0000000000000000   0.0000000000000000   0.0000000000000000   0.0000000000000000   0.0000000000000000   0.0000000000000000   0.0000000000000000   0.0000000000000000   0.0000000000000000   0.0000000000000000   0.0000000000000000   0.0000000000000000   0.0000000000000000   0.0000000000000000   0.0000000000000000   0.0000000000000000   0.0000000000000000   0.0000000000000000   0.0000000000000000   0.0000000000000000   0.0000000000000000   0.0000000000000000   0.0000000000000000   0.0000000000000000   0.0000000000000000   0.0000000000000000   0.0000000000000001   0.0000000000000002   0.0000000000000005   0.0000000000000010   0.0000000000000022   0.0000000000000047   0.0000000000000099   0.0000000000000203   0.0000000000000410   0.0000000000000816   0.0000000000001598   0.0000000000003076   0.0000000000005829   0.0000000000010869   0.0000000000019944   0.0000000000036022   0.0000000000064043   0.0000000000112093   0.0000000000193173   0.0000000000327827   0.0000000000547971   0.0000000000902371   0.0000000001464391   0.0000000002342833   0.0000000003697144   0.0000000005759050   0.0000000008864357   0.0000000013502173   0.0000000020395978   0.0000000030645386   0.0000000045985570   0.0000000069270542   0.0000000105385518   0.0000000162998699   0.0000000257852019   0.0000000418748333   0.0000000698391613   0.0000001192847545   0.0000002075741144   0.0000003658900780   0.0000006491646310   0.0000011508784534   0.0000020322022823   0.0000035797328732   0.0000062473500948   0.0000107502012622   0.0000182220923026   0.0000304845191073   0.0000502907498151   0.0000817671556640   0.0001309700822368   0.0002065994840505   0.0003208689984457   0.0004905263459882   0.0007379769205616   0.0010930756402394   0.0015817430348462   0.0021594905280720   0.7681661681814955   0.9806415004402453   0.9964368903292395   0.9999997322582268   0.9999998566501007   0.9999999108616010   0.9999999341742158   0.9999999449753757   0.9999999552272691   0.9999999654948490   0.9999999747970312   0.0000000000000000   0.0000000000000000   0.0000000000000000   0.0000000000000000   0.0000000000000000   0.0000000000000000   0.0000000000000000   0.0000000000000000   0.0000000000000000   0.0000000000000000   0.0000000000000000   0.0000000000000000   0.0000000000000000   0.0000000000000000   0.0000000000000000   0.0000000000000000
   0.0000000000000000   0.0000000000000000   0.0000000000000000   0.0000000000000000   0.0000000000000000   0.0000000000000000   0.0000000000000000   0.0000000000000000   0.0000000000000000   0.0000000000000000   0.0000000000000000   0.0000000000000000   0.0000000000000000   0.0000000000000000   0.0000000000000000   0.0000000000000000   0.0000000000000000   0.0000000000000000   0.0000000000000000   0.0000000000000000   0.0000000000000000   0.0000000000000000   0.0000000000000000   0.0000000000000000   0.0000000000000000   0.0000000000000000   0.0000000000000000   0.0000000000000000   0.0000000000000000   0.0000000000000000   0.0000000000000000   0.0000000000000000   0.0000000000000000   0.0000000000000000   0.0000000000000000   0.0000000000000000   0.0000000000000000   0.0000000000000000   0.0000000000000000   0.0000000000000000   0.0000000000000000   0.0000000000000000   0.0000000000000000   0.0000000000000000   0.0000000000000000   0.0000000000000000   0.0000000000000000   0.0000000000000000   0.0000000000000000   0.0000000000000000   0.0000000000000000   0.0000000000000000   0.0000000000000000   0.0000000000000000   0.0000000000000000   0.0000000000000000   0.0000000000000000   0.0000000000000000   0.0000000000000000   0.0000000000000000   0.0000000000000000   0.0000000000000000   0.0000000000000000   0.0000000000000000   0.0000000000000000   0.0000000000000000   0.0000000000000000   0.0000000000000000   0.0000000000000000   0.0000000000000000   0.0000000000000000   0.0000000000000000   0.0000000000000000   0.0000000000000000   0.0000000000000000   0.0000000000000001   0.0000000000000001   0.0000000000000003   0.0000000000000006   0.0000000000000013   0.0000000000000028   0.0000000000000059   0.0000000000000120   0.0000000000000242   0.0000000000000480   0.0000000000000934   0.0000000000001791   0.0000000000003378   0.0000000000006270   0.0000000000011454   0.0000000000020598   0.0000000000036463   0.0000000000063547   0.0000000000109042   0.0000000000184247   0.0000000000306592   0.0000000000502496   0.0000000000811281   0.0000000001290452   0.0000000002022621   0.0000000003124415   0.0000000004757684   0.0000000007143395   0.0000000010578746   0.0000000015458551   0.0000000022303347   0.0000000031799989   0.0000000044867494   0.0000000062779029   0.0000000087713785   0.0000000122734460   0.0000000172404252   0.0000000245446141   0.0000000358798638   0.0000000543548977   0.0000000858156905   0.0000001406610295   0.0000002267169281   0.0000003865478870   0.0000006858996606   0.0000011895490588   0.0000014834729029   0.0000026657587282   0.0000046944109053   0.0000081528723983   0.0000139787124692   0.0000237309378405   0.0000398906927068   0.0000663699630259   0.0001091752406546   0.0001772698188223   0.0002836719927595   0.0004464662249245   0.0006627788529695   0.0267345532454411   0.9330515936690905   0.9993615379713903   0.9993975790343625   0.9998489599928276   0.9999985030016687   0.9999999234095253   0.9999999360628149   0.9999999474016298   0.9999999591750023   0.9999999680788468   0.9999999744533760   0.0000000000000000   0.0000000000000000   0.0000000000000000   0.0000000000000000   0.0000000000000000   0.0000000000000000   0.0000000000000000   0.0000000000000000   0.0000000000000000   0.0000000000000000   0.0000000000000000   0.0000000000000000   0.0000000000000000   0.0000000000000000   0.0000000000000000   0.0000000000000000
   0.0000000000000000   0.0000000000000000   0.0000000000000000   0.0000000000000000   0.0000000000000000   0.0000000000000000   0.0000000000000000   0.0000000000000000   0.0000000000000000   0.0000000000000000   0.0000000000000000   0.0000000000000000   0.0000000000000000   0.0000000000000000   0.0000000000000000   0.0000000000000000   0.0000000000000000   0.0000000000000000   0.0000000000000000   0.0000000000000000   0.0000000000000000   0.0000000000000000   0.0000000000000000   0.0000000000000000   0.0000000000000000   0.0000000000000000   0.0000000000000000   0.0000000000000000   0.0000000000000000   0.0000000000000000   0.0000000000000000   0.0000000000000000   0.0000000000000000   0.0000000000000000   0.0000000000000000   0.0000000000000000   0.0000000000000000   0.0000000000000000   0.0000000000000000   0.0000000000000000   0.0000000000000000   0.0000000000000000   0.0000000000000000   0.0000000000000000   0.0000000000000000   0.0000000000000000   0.0000000000000000   0.0000000000000000   0.0000000000000000   0.0000000000000000   0.0000000000000000   0.0000000000000000   0.0000000000000000   0.0000000000000000   0.0000000000000000   0.0000000000000000   0.0000000000000000   0.0000000000000000   0.0000000000000000   0.0000000000000000   0.0000000000000000   0.0000000000000000   0.0000000000000000   0.0000000000000000   0.0000000000000000   0.0000000000000000   0.0000000000000000   0.0000000000000000   0.0000000000000000   0.0000000000000000   0.0000000000000000   0.0000000000000000   0.0000000000000000   0.0000000000000000   0.0000000000000000   0.0000000000000001   0.0000000000000001   0.0000000000000003   0.0000000000000006   0.0000000000000012   0.0000000000000025   0.0000000000000053   0.0000000000000108   0.0000000000000216   0.0000000000000427   0.0000000000000831   0.0000000000001592   0.0000000000002999   0.0000000000005564   0.0000000000010158   0.0000000000018259   0.0000000000032310   0.0000000000056292   0.0000000000096573   0.0000000000163156   0.0000000000271477   0.0000000000444932   0.0000000000718354   0.0000000001142680   0.0000000001791075   0.0000000002766774   0.0000000004212887   0.0000000006324371   0.0000000009362391   0.0000000013671342   0.0000000019699286   0.0000000028023801   0.0000000039386461   0.0000000054789603   0.0000000074701387   0.0000000077357985   0.0000000106513600   0.0000000145640423   0.0000000201038751   0.0000000282906271   0.0000000410231113   0.0000000615791199   0.0000001421322656   0.9182285284517080   0.0000000000000000   0.0000000000000000   0.0000005993813865   0.0000010278800159   0.0000012651755344   0.0000022051844776   0.0000037569779638   0.0000063396876336   0.0000105922750729   0.0000175069424355   0.0000285802143266   0.0000460039034692   0.0000729824854850   0.0001124767664727   0.0001838575575193   0.8592593190739888   0.9980809065665390   0.9973434531391446   0.9999721831827322   0.9999958524777869   0.9999999060593040   0.9999999251415252   0.9999999385099313   0.9999999520934040   0.9999999625347357   0.9999999691347294   0.9999999735885199   0.0000000000000000   0.0000000000000000   0.0000000000000000   0.0000000000000000   0.0000000000000000   0.0000000000000000   0.0000000000000000   0.0000000000000000   0.0000000000000000   0.0000000000000000   0.0000000000000000   0.0000000000000000   0.0000000000000000   0.0000000000000000   0.0000000000000000   0.0000000000000000
   0.0000000000000000   0.0000000000000000   0.0000000000000000   0.0000000000000000   0.0000000000000000   0.0000000000000000   0.0000000000000000   0.0000000000000000   0.0000000000000000   0.0000000000000000   0.0000000000000000   0.0000000000000000   0.0000000000000000   0.0000000000000000   0.0000000000000000   0.0000000000000000   0.0000000000000000   0.0000000000000000   0.0000000000000000   0.0000000000000000   0.0000000000000000   0.0000000000000000   0.0000000000000000   0.0000000000000000   0.0000000000000000   0.0000000000000000   0.0000000000000000   0.0000000000000000   0.0000000000000000   0.0000000000000000   0.0000000000000000   0.0000000000000000   0.0000000000000000   0.0000000000000000   0.0000000000000000   0.0000000000000000   0.0000000000000000   0.0000000000000000   0.0000000000000000   0.0000000000000000   0.0000000000000000   0.0000000000000000   0.0000000000000000   0.0000000000000000   0.0000000000000000   0.0000000000000000   0.0000000000000000   0.0000000000000000   0.0000000000000000   0.0000000000000000   0.0000000000000000   0.0000000000000000   0.0000000000000000   0.0000000000000000   0.0000000000000000   0.0000000000000000   0.0000000000000000   0.0000000000000000   0.0000000000000000   0.0000000000000000   0.0000000000000000   0.0000000000000000   0.0000000000000000   0.0000000000000000   0.0000000000000000   0.0000000000000000   0.0000000000000000   0.0000000000000000   0.0000000000000000   0.0000000000000000   0.0000000000000000   0.0000000000000000   0.0000000000000000   0.0000000000000000   0.0000000000000000   0.0000000000000000   0.0000000000000001   0.0000000000000002   0.0000000000000004   0.0000000000000008   0.0000000000000017   0.0000000000000035   0.0000000000000072   0.0000000000000147   0.0000000000000292   0.0000000000000573   0.0000000000001107   0.0000000000002105   0.0000000000003938   0.0000000000007252   0.0000000000013147   0.0000000000023466   0.0000000000041239   0.0000000000071362   0.0000000000121606   0.0000000000204087   0.0000000000337356   0.0000000000549318   0.0000000000881196   0.0000000001392804   0.0000000002169394   0.0000000003330315   0.0000000005039729   0.0000000007519547   0.0000000011064791   0.0000000016061717   0.0000000023009751   0.0000000032546908   0.0000000045570026   0.0000000060756235   0.0000006998967078   0.0000000000000000   0.0000000000000000   0.0000000000000000   0.0000000000000000   0.0000000000000000   0.0000000000000000   0.0000000000000000   0.0000000000000000   0.0000000000000000   0.0000000000000000   0.0000000000000000   0.0000000000000000   0.0000003515790541   0.0000006105128243   0.0000010336681796   0.0000017324803535   0.0000028736391780   0.0000047103508188   0.0000076166917094   0.0000121298391864   0.0000190407907980   0.0000283072617518   0.0103611977475621   0.9411091488761101   0.9974532010400314   0.9989810312177756   0.9999998322155051   0.9999998810188400   0.9999999097485396   0.9999999284802494   0.9999999438549791   0.9999999571735533   0.9999999655834065   0.9999999698121692   0.9999999729214010   0.0000000000000000   0.0000000000000000   0.0000000000000000   0.0000000000000000   0.0000000000000000   0.0000000000000000   0.0000000000000000   0.0000000000000000   0.0000000000000000   0.0000000000000000   0.0000000000000000   0.0000000000000000   0.0000000000000000   0.0000000000000000   0.0000000000000000   0.0000000000000000
   0.0000000000000000   0.0000000000000000   0.0000000000000000   0.0000000000000000   0.0000000000000000   0.0000000000000000   0.0000000000000000   0.0000000000000000   0.0000000000000000   0.0000000000000000   0.0000000000000000   0.0000000000000000   0.0000000000000000   0.0000000000000000   0.0000000000000000   0.0000000000000000   0.0000000000000000   0.0000000000000000   0.0000000000000000   0.0000000000000000   0.0000000000000000   0.0000000000000000   0.0000000000000000   0.0000000000000000   0.0000000000000000   0.0000000000000000   0.0000000000000000   0.0000000000000000   0.0000000000000000   0.0000000000000000   0.0000000000000000   0.0000000000000000   0.0000000000000000   0.0000000000000000   0.0000000000000000   0.0000000000000000   0.0000000000000000   0.0000000000000000   0.0000000000000000   0.0000000000000000   0.0000000000000000   0.0000000000000000   0.0000000000000000   0.0000000000000000   0.0000000000000000   0.0000000000000000   0.0000000000000000   0.0000000000000000   0.0000000000000000   0.0000000000000000   0.0000000000000000   0.0000000000000000   0.0000000000000000   0.0000000000000000   0.0000000000000000   0.0000000000000000   0.0000000000000000   0.0000000000000000   0.0000000000000000   0.0000000000000000   0.0000000000000000   0.0000000000000000   0.0000000000000000   0.0000000000000000   0.0000000000000000   0.0000000000000000   0.0000000000000000   0.0000000000000000   0.0000000000000000   0.0000000000000000   0.0000000000000000   0.0000000000000000   0.0000000000000000   0.0000000000000000   0.0000000000000000   0.0000000000000000   0.0000000000000000   0.0000000000000001   0.0000000000000002   0.0000000000000005   0.0000000000000010   0.0000000000000021   0.0000000000000043   0.0000000000000089   0.0000000000000179   0.0000000000000357   0.0000000000000699   0.0000000000001347   0.0000000000002554   0.0000000000004769   0.0000000000008762   0.0000000000015850   0.0000000000028224   0.0000000000049480   0.0000000000085408   0.0000000000145165   0.0000000000242974   0.0000000000400530   0.0000000000650331   0.0000000001040187   0.0000000001639169   0.0000000002545279   0.0000000003895098   0.0000000005875631   0.0000000008738559   0.0000000012817152   0.0000000018546538   0.0000000026485871   0.0000000037437641   0.0000000050237021   0.0000004801616698   0.8498089608486254   0.0000000000000000   0.0000000000000000   0.0000000000000000   0.0000000000000000   0.0000000000000000   0.0000000000000000   0.0000000000000000   0.0000000000000000   0.0000000000000000   0.0000000000000000   0.0000000000000000   0.0000001344175248   0.0000002273948546   0.0000003813567977   0.0000006326199499   0.0000010372878321   0.0000016780005627   0.0000026735219546   0.0000041921706738   0.0000064197192811   0.0000091242495736   0.7752985438684314   0.9931776290066918   0.9978288291943126   0.9998862626481685   0.9999998507126652   0.9999998868608461   0.9999999141246415   0.9999999337893806   0.9999999498752878   0.9999999618276956   0.9999999687846350   0.9999999724500755   0.9999999714544325   0.0000000000000000   0.0000000000000000   0.0000000000000000   0.0000000000000000   0.0000000000000000   0.0000000000000000   0.0000000000000000   0.0000000000000000   0.0000000000000000   0.0000000000000000   0.0000000000000000   0.0000000000000000   0.0000000000000000   0.0000000000000000   0.0000000000000000   0.0000000000000000
   0.0000000000000000   0.0000000000000000   0.0000000000000000   0.0000000000000000   0.0000000000000000   0.0000000000000000   0.0000000000000000   0.0000000000000000   0.0000000000000000   0.0000000000000000   0.0000000000000000   0.0000000000000000   0.0000000000000000   0.0000000000000000   0.0000000000000000   0.0000000000000000   0.0000000000000000   0.0000000000000000   0.0000000000000000   0.0000000000000000   0.0000000000000000   0.0000000000000000   0.0000000000000000   0.0000000000000000   0.0000000000000000   0.0000000000000000   0.0000000000000000   0.0000000000000000   0.0000000000000000   0.0000000000000000   0.0000000000000000   0.0000000000000000   0.0000000000000000   0.0000000000000000   0.0000000000000000   0.0000000000000000   0.0000000000000000   0.0000000000000000   0.0000000000000000   0.0000000000000000   0.0000000000000000   0.0000000000000000   0.0000000000000000   0.0000000000000000   0.0000000000000000   0.0000000000000000   0.0000000000000000   0.0000000000000000   0.0000000000000000   0.0000000000000000   0.0000000000000000   0.0000000000000000   0.0000000000000000   0.0000000000000000   0.0000000000000000   0.0000000000000000   0.0000000000000000   0.0000000000000000   0.0000000000000000   0.0000000000000000   0.0000000000000000   0.0000000000000000   0.0000000000000000   0.0000000000000000   0.0000000000000000   0.0000000000000000   0.0000000000000000   0.0000000000000000   0.0000000000000000   0.0000000000000000   0.0000000000000000   0.0000000000000000   0.0000000000000000   0.0000000000000000   0.0000000000000000   0.0000000000000000   0.0000000000000000   0.0000000000000001   0.0000000000000002   0.0000000000000004   0.0000000000000009   0.0000000000000018   0.0000000000000038   0.0000000000000078   0.0000000000000159   0.0000000000000317   0.0000000000000623   0.0000000000001203   0.0000000000002289   0.0000000000004286   0.0000000000007897   0.0000000000014324   0.0000000000025575   0.0000000000044954   0.0000000000077793   0.0000000000132550   0.0000000000222394   0.0000000000367465   0.0000000000598009   0.0000000000958627   0.0000000001513911   0.0000000002355712   0.0000000003612312   0.0000000005459685   0.0000000008135026   0.0000000011952685   0.0000000017322940   0.0000000024771246   0.0000000035052410   0.0000000047002055   0.0000066694955381   0.9169763323463747   0.0000000000000000   0.0000000000000000   0.0000000000000000   0.0000000000000000   0.0000000000000000   0.0000000000000000   0.0000000000000000   0.0000000000000000   0.0000000000000000   0.0000000000000000   0.0000000000000000   0.0000000000000001   0.0000000000000001   0.0000000000938573   0.0000000001539598   0.0000000002496927   0.0000000003988967   0.0000000006248514   0.0000000024031336   0.0000000037776874   0.0000013136919533   0.9283830259383475   0.9954214426415161   0.9936401049149191   0.9999408772070012   0.9999998624024580   0.9999998924957111   0.9999999195371105   0.9999999397310358   0.9999999553302299   0.9999999660734090   0.9999999724545496   0.9999999766840005   0.0000000000000000   0.0000000000000000   0.0000000000000000   0.0000000000000000   0.0000000000000000   0.0000000000000000   0.0000000000000000   0.0000000000000000   0.0000000000000000   0.0000000000000000   0.0000000000000000   0.0000000000000000   0.0000000000000000   0.0000000000000000   0.0000000000000000   0.0000000000000000   0.0000000000000000
   0.0000000000000000   0.0000000000000000   0.0000000000000000   0.0000000000000000   0.0000000000000000   0.0000000000000000   0.0000000000000000   0.0000000000000000   0.0000000000000000   0.0000000000000000   0.0000000000000000   0.0000000000000000   0.0000000000000000   0.0000000000000000   0.0000000000000000   0.0000000000000000   0.0000000000000000   0.0000000000000000   0.0000000000000000   0.0000000000000000   0.0000000000000000   0.0000000000000000   0.0000000000000000   0.0000000000000000   0.0000000000000000   0.0000000000000000   0.0000000000000000   0.0000000000000000   0.0000000000000000   0.0000000000000000   0.0000000000000000   0.0000000000000000   0.0000000000000000   0.0000000000000000   0.0000000000000000   0.0000000000000000   0.0000000000000000   0.0000000000000000   0.0000000000000000   0.0000000000000000   0.0000000000000000   0.0000000000000000   0.0000000000000000   0.0000000000000000   0.0000000000000000   0.0000000000000000   0.0000000000000000   0.0000000000000000   0.0000000000000000   0.0000000000000000   0.0000000000000000   0.0000000000000000   0.0000000000000000   0.0000000000000000   0.0000000000000000   0.0000000000000000   0.0000000000000000   0.0000000000000000   0.0000000000000000   0.0000000000000000   0.0000000000000000   0.0000000000000000   0.0000000000000000   0.0000000000000000   0.0000000000000000   0.0000000000000000   0.0000000000000000   0.0000000000000000   0.0000000000000000   0.0000000000000000   0.0000000000000000   0.0000000000000000   0.0000000000000000   0.0000000000000000   0.0000000000000000   0.0000000000000000   0.0000000000000000   0.0000000000000001   0.0000000000000002   0.0000000000000004   0.0000000000000008   0.0000000000000017   0.0000000000000035   0.0000000000000072   0.0000000000000147   0.0000000000000294   0.0000000000000579   0.0000000000001120   0.0000000000002134   0.0000000000004002   0.0000000000007384   0.0000000000013410   0.0000000000023974   0.0000000000042189   0.0000000000073094   0.0000000000124684   0.0000000000209425   0.0000000000346405   0.0000000000564319   0.0000000000905531   0.0000000001431457   0.0000000002229521   0.0000000003421934   0.0000000005176476   0.0000000007719415   0.0000000011350640   0.0000000016461264   0.0000000023550585   0.0000000033347432   0.0000000044142950   0.0000378948315604   0.0000000000000000   0.0000000000000000   0.0000000000000000   0.0000000000000000   0.0000000000000000   0.0000000000000000   0.0000000000000000   0.0000000000000000   0.0000000000000000   0.0000000000000000   0.0000000000000000   0.0000000000000068   0.0000000000000075   0.0000000000000083   0.0000000000000124   0.0000000000000154   0.0000000000000198   0.0000000000000260   0.0000000000000348   0.0000000000017933   0.0000000000029254   0.0002412869824042   0.9644265202244456   0.9886162279741549   0.9896323284612196   0.9998928031013339   0.9999998741257454   0.9999999001234684   0.9999999260633196   0.9999999457544835   0.9999999599736736   0.9999999696096615   0.9999999759345958   0.9999999776811428   0.0000000000000000   0.0000000000000000   0.0000000000000000   0.0000000000000000   0.0000000000000000   0.0000000000000000   0.0000000000000000   0.0000000000000000   0.0000000000000000   0.0000000000000000   0.0000000000000000   0.0000000000000000   0.0000000000000000   0.0000000000000000   0.0000000000000000   0.0000000000000000   0.0000000000000000
   0.0000000000000000   0.0000000000000000   0.0000000000000000   0.0000000000000000   0.0000000000000000   0.0000000000000000   0.0000000000000000   0.0000000000000000   0.0000000000000000   0.0000000000000000   0.0000000000000000   0.0000000000000000   0.0000000000000000   0.0000000000000000   0.0000000000000000   0.0000000000000000   0.0000000000000000   0.0000000000000000   0.0000000000000000   0.0000000000000000   0.0000000000000000   0.0000000000000000   0.0000000000000000   0.0000000000000000   0.0000000000000000   0.0000000000000000   0.0000000000000000   0.0000000000000000   0.0000000000000000   0.0000000000000000   0.0000000000000000   0.0000000000000000   0.0000000000000000   0.0000000000000000   0.0000000000000000   0.0000000000000000   0.0000000000000000   0.0000000000000000   0.0000000000000000   0.0000000000000000   0.0000000000000000   0.0000000000000000   0.0000000000000000   0.0000000000000000   0.0000000000000000   0.0000000000000000   0.0000000000000000   0.0000000000000000   0.0000000000000000   0.0000000000000000   0.0000000000000000   0.0000000000000000   0.0000000000000000   0.0000000000000000   0.0000000000000000   0.0000000000000000   0.0000000000000000   0.0000000000000000   0.0000000000000000   0.0000000000000000   0.0000000000000000   0.0000000000000000   0.0000000000000000   0.0000000000000000   0.0000000000000000   0.0000000000000000   0.0000000000000000   0.0000000000000000   0.0000000000000000   0.0000000000000000   0.0000000000000000   0.0000000000000000   0.0000000000000000   0.0000000000000000   0.0000000000000000   0.0000000000000000   0.0000000000000000   0.0000000000000001   0.0000000000000002   0.0000000000000003   0.0000000000000007   0.0000000000000016   0.0000000000000033   0.0000000000000068   0.0000000000000139   0.0000000000000277   0.0000000000000546   0.0000000000001058   0.0000000000002016   0.0000000000003782   0.0000000000006981   0.0000000000012684   0.0000000000022684   0.0000000000039937   0.0000000000069221   0.0000000000118127   0.0000000000198500   0.0000000000328479   0.0000000000535359   0.0000000000859455   0.0000000001359253   0.0000000002118060   0.0000000003252399   0.0000000004922328   0.0000000007343782   0.0000000010802980   0.0000000015673032   0.0000000022429141   0.0000000031773557   0.0000000041836564   0.0001789419149080   0.0000000000000000   0.0000000000000000   0.0000000000000000   0.0000000000000000   0.0000000000000000   0.0000000000000000   0.0000000000000000   0.0000000000000000   0.0000000000000000   0.0000000000000000   0.0000000000000000   0.0000000000028989   0.0000000000032107   0.0000000000035749   0.0000000000039821   0.0000000000044554   0.0000000000050169   0.0000000000056956   0.0000000000067483   0.0000000000092645   0.0000000000098305   0.0537545875944830   0.9794191796562496   0.9840029356795879   0.9883158544807489   0.9999771095021599   0.9999998883391331   0.9999999098684972   0.9999999334966290   0.9999999519439421   0.9999999645627016   0.9999999727514284   0.9999999808568337   0.0000000000000000   0.0000000000000000   0.0000000000000000   0.0000000000000000   0.0000000000000000   0.0000000000000000   0.0000000000000000   0.0000000000000000   0.0000000000000000   0.0000000000000000   0.0000000000000000   0.0000000000000000   0.0000000000000000   0.0000000000000000   0.0000000000000000   0.0000000000000000   0.0000000000000000   0.0000000000000000
   0.0000000000000000   0.0000000000000000   0.0000000000000000   0.0000000000000000   0.0000000000000000   0.0000000000000000   0.0000000000000000   0.0000000000000000   0.0000000000000000   0.0000000000000000   0.0000000000000000   0.0000000000000000   0.0000000000000000   0.0000000000000000   0.0000000000000000   0.0000000000000000   0.0000000000000000   0.0000000000000000   0.0000000000000000   0.0000000000000000   0.0000000000000000   0.0000000000000000   0.0000000000000000   0.0000000000000000   0.0000000000000000   0.0000000000000000   0.0000000000000000   0.0000000000000000   0.0000000000000000   0.0000000000000000   0.0000000000000000   0.0000000000000000   0.0000000000000000   0.0000000000000000   0.0000000000000000   0.0000000000000000   0.0000000000000000   0.0000000000000000   0.0000000000000000   0.0000000000000000   0.0000000000000000   0.0000000000000000   0.0000000000000000   0.0000000000000000   0.0000000000000000   0.0000000000000000   0.0000000000000000   0.0000000000000000   0.0000000000000000   0.0000000000000000   0.0000000000000000   0.0000000000000000   0.0000000000000000   0.0000000000000000   0.0000000000000000   0.0000000000000000   0.0000000000000000   0.0000000000000000   0.0000000000000000   0.0000000000000000   0.0000000000000000   0.0000000000000000   0.0000000000000000   0.0000000000000000   0.0000000000000000   0.0000000000000000   0.0000000000000000   0.0000000000000000   0.0000000000000000   0.0000000000000000   0.0000000000000000   0.0000000000000000   0.0000000000000000   0.0000000000000000   0.0000000000000000   0.0000000000000000   0.0000000000000000   0.0000000000000001   0.0000000000000001   0.0000000000000003   0.0000000000000007   0.0000000000000014   0.0000000000000030   0.0000000000000062   0.0000000000000126   0.0000000000000253   0.0000000000000498   0.0000000000000964   0.0000000000001838   0.0000000000003449   0.0000000000006370   0.0000000000011579   0.0000000000020720   0.0000000000036502   0.0000000000063312   0.0000000000108129   0.0000000000181854   0.0000000000301211   0.0000000000491402   0.0000000000789718   0.0000000001250349   0.0000000001950630   0.0000000002998941   0.0000000004544443   0.0000000006788766   0.0000000009999655   0.0000000014526688   0.0000000020815246   0.0000000029526326   0.0000000038821482   0.0006699737376271   0.0000000000000000   0.0000000000000000   0.0000000000000000   0.0000000000000000   0.0000000000000000   0.0000000000000000   0.0000000000000000   0.0000000000000000   0.0000000000000000   0.0000000000000000   0.0000000000000000   0.0000000002682969   0.0000000002964898   0.0000000003293803   0.0000000003658780   0.0000000004075957   0.0000000004560278   0.0000000005157332   0.0000000006658201   0.0000000007256063   0.0047581644120779   0.8718592671696918   0.9596651772372707   0.9735663336939566   0.9857074915224566   0.9999998987242745   0.9999999031966391   0.9999999202891489   0.9999999410877851   0.9999999576506998   0.9999999685993101   0.9999999751504690   0.9999999799594808   0.9999999774679023   0.0000000000000000   0.0000000000000000   0.0000000000000000   0.0000000000000000   0.0000000000000000   0.0000000000000000   0.0000000000000000   0.0000000000000000   0.0000000000000000   0.0000000000000000   0.0000000000000000   0.0000000000000000   0.0000000000000000   0.0000000000000000   0.0000000000000000   0.0000000000000000   0.0000000000000000
   0.0000000000000000   0.0000000000000000   0.0000000000000000   0.0000000000000000   0.0000000000000000   0.0000000000000000   0.0000000000000000   0.0000000000000000   0.0000000000000000   0.0000000000000000   0.0000000000000000   0.0000000000000000   0.0000000000000000   0.0000000000000000   0.0000000000000000   0.0000000000000000   0.0000000000000000   0.0000000000000000   0.0000000000000000   0.0000000000000000   0.0000000000000000   0.0000000000000000   0.0000000000000000   0.0000000000000000   0.0000000000000000   0.0000000000000000   0.0000000000000000   0.0000000000000000   0.0000000000000000   0.0000000000000000   0.0000000000000000   0.0000000000000000   0.0000000000000000   0.0000000000000000   0.0000000000000000   0.0000000000000000   0.0000000000000000   0.0000000000000000   0.0000000000000000   0.0000000000000000   0.0000000000000000   0.0000000000000000   0.0000000000000000   0.0000000000000000   0.0000000000000000   0.0000000000000000   0.0000000000000000   0.0000000000000000   0.0000000000000000   0.0000000000000000   0.0000000000000000   0.0000000000000000   0.0000000000000000   0.0000000000000000   0.0000000000000000   0.0000000000000000   0.0000000000000000   0.0000000000000000   0.0000000000000000   0.0000000000000000   0.0000000000000000   0.0000000000000000   0.0000000000000000   0.0000000000000000   0.0000000000000000   0.0000000000000000   0.0000000000000000   0.0000000000000000   0.0000000000000000   0.0000000000000000   0.0000000000000000   0.0000000000000000   0.0000000000000000   0.0000000000000000   0.0000000000000000   0.0000000000000000   0.0000000000000000   0.0000000000000000   0.0000000000000001   0.0000000000000002   0.0000000000000004   0.0000000000000009   0.0000000000000019   0.0000000000000039   0.0000000000000080   0.0000000000000162   0.0000000000000322   0.0000000000000632   0.0000000000001220   0.0000000000002316   0.0000000000004329   0.0000000000007961   0.0000000000014414   0.0000000000025687   0.0000000000045067   0.0000000000077846   0.0000000000132398   0.0000000000221739   0.0000000000365732   0.0000000000594146   0.0000000000950790   0.0000000001498980   0.0000000002328570   0.0000000003564780   0.0000000005378993   0.0000000008001613   0.0000000011737118   0.0000000016978300   0.0000000024312950   0.0000000032328393   0.0020900030445175   0.0000000000000000   0.0000000000000000   0.0000000000000000   0.0000000000000000   0.0000000000000000   0.0000000098046973   0.0000000689340572   0.0000000000000000   0.0000000000000000   0.0000000000000000   0.0000000000000000   0.0000000169686517   0.0000000187288648   0.0000000207873699   0.0000000230519446   0.0000000256097233   0.0000000285297112   0.0000000379338552   0.0000000432657025   0.0000000566074616   0.8641851095189745   0.9706934139892915   0.9704953608710726   0.9730874878270944   0.9854813989688406   0.9995265657113743   0.9999999161677440   0.9999999300998934   0.9999999481009789   0.9999999622128790   0.9999999715751842   0.9999999776882084   0.9999999818849358   0.9999999836769590   0.0000000000000000   0.0000000000000000   0.0000000000000000   0.0000000000000000   0.0000000000000000   0.0000000000000000   0.0000000000000000   0.0000000000000000   0.0000000000000000   0.0000000000000000   0.0000000000000000   0.0000000000000000   0.0000000000000000   0.0000000000000000   0.0000000000000000   0.0000000000000000   0.0000000000000000
   0.0000000000000000   0.0000000000000000   0.0000000000000000   0.0000000000000000   0.0000000000000000   0.0000000000000000   0.0000000000000000   0.0000000000000000   0.0000000000000000   0.0000000000000000   0.0000000000000000   0.0000000000000000   0.0000000000000000   0.0000000000000000   0.0000000000000000   0.0000000000000000   0.0000000000000000   0.0000000000000000   0.0000000000000000   0.0000000000000000   0.0000000000000000   0.0000000000000000   0.0000000000000000   0.0000000000000000   0.0000000000000000   0.0000000000000000   0.0000000000000000   0.0000000000000000   0.0000000000000000   0.0000000000000000   0.0000000000000000   0.0000000000000000   0.0000000000000000   0.0000000000000000   0.0000000000000000   0.0000000000000000   0.0000000000000000   0.0000000000000000   0.0000000000000000   0.0000000000000000   0.0000000000000000   0.0000000000000000   0.0000000000000000   0.0000000000000000   0.0000000000000000   0.0000000000000000   0.0000000000000000   0.0000000000000000   0.0000000000000000   0.0000000000000000   0.0000000000000000   0.0000000000000000   0.0000000000000000   0.0000000000000000   0.0000000000000000   0.0000000000000000   0.0000000000000000   0.0000000000000000   0.0000000000000000   0.0000000000000000   0.0000000000000000   0.0000000000000000   0.0000000000000000   0.0000000000000000   0.0000000000000000   0.0000000000000000   0.0000000000000000   0.0000000000000000   0.0000000000000000   0.0000000000000000   0.0000000000000000   0.0000000000000000   0.0000000000000000   0.0000000000000000   0.0000000000000000   0.0000000000000000   0.0000000000000000   0.0000000000000000   0.0000000000000001   0.0000000000000002   0.0000000000000004   0.0000000000000008   0.0000000000000017   0.0000000000000035   0.0000000000000073   0.0000000000000148   0.0000000000000296   0.0000000000000583   0.0000000000001126   0.0000000000002143   0.0000000000004014   0.0000000000007398   0.0000000000013419   0.0000000000023962   0.0000000000042119   0.0000000000072888   0.0000000000124189   0.0000000000208358   0.0000000000344255   0.0000000000560197   0.0000000000897938   0.0000000001417928   0.0000000002206104   0.0000000003382429   0.0000000005111348   0.0000000007614241   0.0000000011183971   0.0000000016198691   0.0000000023218750   0.0000000030844345   0.0057045501674340   0.0000000000000000   0.0000000000000000   0.0000000000000000   0.0000000000000000   0.0000000000000000   0.0000004580484851   0.0000006482641959   0.0000008006369206   0.0000008767046159   0.0000010424504501   0.0000013502970436   0.0000015936359228   0.0000017575950629   0.0000019435780534   0.0000021521797206   0.0000023862836234   0.0000027168665758   0.0000037845003626   0.0000042488741376   0.8031085113122373   0.9654073079468470   0.9799362670894063   0.9719339101243032   0.9767487120816263   0.9872203506867371   0.9996779770266151   0.9999999260159765   0.9999999386552603   0.9999999540385157   0.9999999656515416   0.9999999735893520   0.9999999797403557   0.9999999850771446   0.9999999877773591   0.0000000000000000   0.0000000000000000   0.0000000000000000   0.0000000000000000   0.0000000000000000   0.0000000000000000   0.0000000000000000   0.0000000000000000   0.0000000000000000   0.0000000000000000   0.0000000000000000   0.0000000000000000   0.0000000000000000   0.0000000000000000   0.0000000000000000   0.0000000000000000   0.0000000000000000
   0.0000000000000000   0.0000000000000000   0.0000000000000000   0.0000000000000000   0.0000000000000000   0.0000000000000000   0.0000000000000000   0.0000000000000000   0.0000000000000000   0.0000000000000000   0.0000000000000000   0.0000000000000000   0.0000000000000000   0.0000000000000000   0.0000000000000000   0.0000000000000000   0.0000000000000000   0.0000000000000000   0.0000000000000000   0.0000000000000000   0.0000000000000000   0.0000000000000000   0.0000000000000000   0.0000000000000000   0.0000000000000000   0.0000000000000000   0.0000000000000000   0.0000000000000000   0.0000000000000000   0.0000000000000000   0.0000000000000000   0.0000000000000000   0.0000000000000000   0.0000000000000000   0.0000000000000000   0.0000000000000000   0.0000000000000000   0.0000000000000000   0.0000000000000000   0.0000000000000000   0.0000000000000000   0.0000000000000000   0.0000000000000000   0.0000000000000000   0.0000000000000000   0.0000000000000000   0.0000000000000000   0.0000000000000000   0.0000000000000000   0.0000000000000000   0.0000000000000000   0.0000000000000000   0.0000000000000000   0.0000000000000000   0.0000000000000000   0.0000000000000000   0.0000000000000000   0.0000000000000000   0.0000000000000000   0.0000000000000000   0.0000000000000000   0.0000000000000000   0.0000000000000000   0.0000000000000000   0.0000000000000000   0.0000000000000000   0.0000000000000000   0.0000000000000000   0.0000000000000000   0.0000000000000000   0.0000000000000000   0.0000000000000000   0.0000000000000000   0.0000000000000000   0.0000000000000000   0.0000000000000000   0.0000000000000000   0.0000000000000000   0.0000000000000001   0.0000000000000002   0.0000000000000003   0.0000000000000007   0.0000000000000016   0.0000000000000034   0.0000000000000069   0.0000000000000141   0.0000000000000282   0.0000000000000554   0.0000000000001072   0.0000000000002043   0.0000000000003829   0.0000000000007065   0.0000000000012828   0.0000000000022926   0.0000000000040335   0.0000000000069861   0.0000000000119132   0.0000000000200036   0.0000000000330766   0.0000000000538661   0.0000000000864062   0.0000000001365421   0.0000000002125894   0.0000000003261642   0.0000000004931989   0.0000000007351516   0.0000000010804124   0.0000000015656756   0.0000000022440347   0.0000000029987344   0.0790066271059818   0.0000000000000000   0.0000000000000000   0.0000000000000000   0.0000000000000000   0.0000000000000000   0.0000228329282903   0.0000249078354008   0.0000272026058953   0.0000297754376639   0.0000325222202890   0.0000354698982754   0.0000391249694285   0.0000462640855598   0.0000581421666106   0.0000771126643164   0.0001030762963533   0.0002198774321879   0.0002536052286523   0.0869066357358909   0.9068199916870755   0.9797994991729138   0.9807033117254083   0.9778521596003686   0.9826825904647901   0.9910964827749656   0.9999999299188603   0.9999999335344122   0.9999999458308380   0.9999999587331965   0.9999999682684219   0.9999999749362053   0.9999999801483884   0.9999999872265586   0.0000000000000000   0.0000000000000000   0.0000000000000000   0.0000000000000000   0.0000000000000000   0.0000000000000000   0.0000000000000000   0.0000000000000000   0.0000000000000000   0.0000000000000000   0.0000000000000000   0.0000000000000000   0.0000000000000000   0.0000000000000000   0.0000000000000000   0.0000000000000000   0.0000000000000000   0.0000000000000000
   0.0000000000000000   0.0000000000000000   0.0000000000000000   0.0000000000000000   0.0000000000000000   0.0000000000000000   0.0000000000000000   0.0000000000000000   0.0000000000000000   0.0000000000000000   0.0000000000000000   0.0000000000000000   0.0000000000000000   0.0000000000000000   0.0000000000000000   0.0000000000000000   0.0000000000000000   0.0000000000000000   0.0000000000000000   0.0000000000000000   0.0000000000000000   0.0000000000000000   0.0000000000000000   0.0000000000000000   0.0000000000000000   0.0000000000000000   0.0000000000000000   0.0000000000000000   0.0000000000000000   0.0000000000000000   0.0000000000000000   0.0000000000000000   0.0000000000000000   0.0000000000000000   0.0000000000000000   0.0000000000000000   0.0000000000000000   0.0000000000000000   0.0000000000000000   0.0000000000000000   0.0000000000000000   0.0000000000000000   0.0000000000000000   0.0000000000000000   0.0000000000000000   0.0000000000000000   0.0000000000000000   0.0000000000000000   0.0000000000000000   0.0000000000000000   0.0000000000000000   0.0000000000000000   0.0000000000000000   0.0000000000000000   0.0000000000000000   0.0000000000000000   0.0000000000000000   0.0000000000000000   0.0000000000000000   0.0000000000000000   0.0000000000000000   0.0000000000000000   0.0000000000000000   0.0000000000000000   0.0000000000000000   0.0000000000000000   0.0000000000000000   0.0000000000000000   0.0000000000000000   0.0000000000000000   0.0000000000000000   0.0000000000000000   0.0000000000000000   0.0000000000000000   0.0000000000000000   0.0000000000000000   0.0000000000000000   0.0000000000000000   0.0000000000000001   0.0000000000000002   0.0000000000000003   0.0000000000000007   0.0000000000000015   0.0000000000000032   0.0000000000000067   0.0000000000000136   0.0000000000000272   0.0000000000000536   0.0000000000001037   0.0000000000001977   0.0000000000003706   0.0000000000006840   0.0000000000012424   0.0000000000022211   0.0000000000039089   0.0000000000067723   0.0000000000115518   0.0000000000194020   0.0000000000320902   0.0000000000522731   0.0000000000838716   0.0000000001325683   0.0000000002064497   0.0000000003168132   0.0000000004791557   0.0000000007143487   0.0000000010499979   0.0000000015218411   0.0000000021788391   0.0000000029945418   0.0208401099745259   0.2431162795797041   0.0000000000000000   0.0000000000000000   0.0000000000000000   0.0014182780470394   0.0022383561266133   0.0029551604232721   0.0038423577955458   0.0049001851313801   0.0061615017550140   0.0076666473762436   0.0094631014844712   0.0116007955136284   0.0141323089107099   0.0171073487630478   0.0205346442926835   0.0253857220019489   0.0294712554535389   0.8630797487918193   0.9761570629630414   0.9883402041524023   0.9883891773967753   0.9869373289481039   0.9903219173280373   0.9971973317561574   0.9999999335818958   0.9999999398645124   0.9999999515235586   0.9999999622348057   0.9999999701828443   0.9999999759628659   0.9999999803204299   0.9999999845888847   0.9999999877094959   0.0000000000000000   0.0000000000000000   0.0000000000000000   0.0000000000000000   0.0000000000000000   0.0000000000000000   0.0000000000000000   0.0000000000000000   0.0000000000000000   0.0000000000000000   0.0000000000000000   0.0000000000000000   0.0000000000000000   0.0000000000000000   0.0000000000000000   0.0000000000000000   0.0000000000000000
   0.0000000000000000   0.0000000000000000   0.0000000000000000   0.0000000000000000   0.0000000000000000   0.0000000000000000   0.0000000000000000   0.0000000000000000   0.0000000000000000   0.0000000000000000   0.0000000000000000   0.0000000000000000   0.0000000000000000   0.0000000000000000   0.0000000000000000   0.0000000000000000   0.0000000000000000   0.0000000000000000   0.0000000000000000   0.0000000000000000   0.0000000000000000   0.0000000000000000   0.0000000000000000   0.0000000000000000   0.0000000000000000   0.0000000000000000   0.0000000000000000   0.0000000000000000   0.0000000000000000   0.0000000000000000   0.0000000000000000   0.0000000000000000   0.0000000000000000   0.0000000000000000   0.0000000000000000   0.0000000000000000   0.0000000000000000   0.0000000000000000   0.0000000000000000   0.0000000000000000   0.0000000000000000   0.0000000000000000   0.0000000000000000   0.0000000000000000   0.0000000000000000   0.0000000000000000   0.0000000000000000   0.0000000000000000   0.0000000000000000   0.0000000000000000   0.0000000000000000   0.0000000000000000   0.0000000000000000   0.0000000000000000   0.0000000000000000   0.0000000000000000   0.0000000000000000   0.0000000000000000   0.0000000000000000   0.0000000000000000   0.0000000000000000   0.0000000000000000   0.0000000000000000   0.0000000000000000   0.0000000000000000   0.0000000000000000   0.0000000000000000   0.0000000000000000   0.0000000000000000   0.0000000000000000   0.0000000000000000   0.0000000000000000   0.0000000000000000   0.0000000000000000   0.0000000000000000   0.0000000000000000   0.0000000000000000   0.0000000000000000   0.0000000000000001   0.0000000000000001   0.0000000000000003   0.0000000000000007   0.0000000000000015   0.0000000000000031   0.0000000000000064   0.0000000000000131   0.0000000000000262   0.0000000000000515   0.0000000000000998   0.0000000000001902   0.0000000000003566   0.0000000000006580   0.0000000000011951   0.0000000000021365   0.0000000000037600   0.0000000000065142   0.0000000000111120   0.0000000000186642   0.0000000000308720   0.0000000000502928   0.0000000000807027   0.0000000001275749   0.0000000001987002   0.0000000003049659   0.0000000004613097   0.0000000006878531   0.0000000010112088   0.0000000014658938   0.0000000020968229   0.0000000029514523   0.0000000039929756   0.0598634630032528   0.0681719547370177   0.0749626447594141   0.0828319444062883   0.0905552204437384   0.0977111010476385   0.1049743606781279   0.1120357049681845   0.1189405347016829   0.1257600035107850   0.1325780313951282   0.1394688867117513   0.1464758692195182   0.1535976793081191   0.1607818765896640   0.1681192752779953   0.1696757272376657   0.5932176041511723   0.9515694992607688   0.9858498751391908   0.9968699835580394   0.9981709198277477   0.9971358567305751   0.9993563929529966   0.9999999305055617   0.9999999364703299   0.9999999452051792   0.9999999557515619   0.9999999647436791   0.9999999715026474   0.9999999764577732   0.9999999800795322   0.9999999833048541   0.9999999861595111   0.9999999885676709   0.0000000000000000   0.0000000000000000   0.0000000000000000   0.0000000000000000   0.0000000000000000   0.0000000000000000   0.0000000000000000   0.0000000000000000   0.0000000000000000   0.0000000000000000   0.0000000000000000   0.0000000000000000   0.0000000000000000   0.0000000000000000   0.0000000000000000   0.0000000000000000
   0.0000000000000000   0.0000000000000000   0.0000000000000000   0.0000000000000000   0.0000000000000000   0.0000000000000000   0.0000000000000000   0.0000000000000000   0.0000000000000000   0.0000000000000000   0.0000000000000000   0.0000000000000000   0.0000000000000000   0.0000000000000000   0.0000000000000000   0.0000000000000000   0.0000000000000000   0.0000000000000000   0.0000000000000000   0.0000000000000000   0.0000000000000000   0.0000000000000000   0.0000000000000000   0.0000000000000000   0.0000000000000000   0.0000000000000000   0.0000000000000000   0.0000000000000000   0.0000000000000000   0.0000000000000000   0.0000000000000000   0.0000000000000000   0.0000000000000000   0.0000000000000000   0.0000000000000000   0.0000000000000000   0.0000000000000000   0.0000000000000000   0.0000000000000000   0.0000000000000000   0.0000000000000000   0.0000000000000000   0.0000000000000000   0.0000000000000000   0.0000000000000000   0.0000000000000000   0.0000000000000000   0.0000000000000000   0.0000000000000000   0.0000000000000000   0.0000000000000000   0.0000000000000000   0.0000000000000000   0.0000000000000000   0.0000000000000000   0.0000000000000000   0.0000000000000000   0.0000000000000000   0.0000000000000000   0.0000000000000000   0.0000000000000000   0.0000000000000000   0.0000000000000000   0.0000000000000000   0.0000000000000000   0.0000000000000000   0.0000000000000000   0.0000000000000000   0.0000000000000000   0.0000000000000000   0.0000000000000000   0.0000000000000000   0.0000000000000000   0.0000000000000000   0.0000000000000000   0.0000000000000000   0.0000000000000000   0.0000000000000000   0.0000000000000001   0.0000000000000001   0.0000000000000003   0.0000000000000006   0.0000000000000014   0.0000000000000029   0.0000000000000059   0.0000000000000120   0.0000000000000240   0.0000000000000472   0.0000000000000914   0.0000000000001742   0.0000000000003266   0.0000000000006028   0.0000000000010951   0.0000000000019583   0.0000000000034475   0.0000000000059757   0.0000000000101989   0.0000000000171413   0.0000000000283728   0.0000000000462574   0.0000000000742898   0.0000000001175444   0.0000000001832558   0.0000000002815516   0.0000000004263529   0.0000000006364468   0.0000000009367269   0.0000000013595720   0.0000000019463815   0.0000000027504909   0.0000000038240330   0.0000000052052824   0.0000000070155986   0.0000000093395662   0.0000000122415189   0.0000000159394782   0.0000000206606642   0.0000000266335063   0.0000000343005187   0.0000000444158479   0.0000000583138991   0.0000000783936966   0.0000001089682621   0.0000001577520140   0.0000002384838695   0.0000003756387934   0.0000006127799740   0.0000391700590124   0.7782627077848900   0.9727892126064741   0.9918672280899491   0.9999023327019398   0.9999998355658004   0.9999998918914620   0.9999999171503622   0.9999999296498289   0.9999999392383334   0.9999999493055042   0.9999999587563102   0.9999999664825241   0.9999999723440225   0.9999999766963491   0.9999999800139274   0.9999999828992068   0.9999999853437337   0.9999999868144667   0.9999999876692419   0.9999999843043126   0.9999999730056170   0.0000000000000000   0.0000000000000000   0.0000000000000000   0.0000000000000000   0.0000000000000000   0.0000000000000000   0.0000000000000000   0.0000000000000000   0.0000000000000000   0.0000000000000000   0.0000000000000000   0.0000000000000000   0.0000000000000000
   0.0000000000000000   0.0000000000000000   0.0000000000000000   0.0000000000000000   0.0000000000000000   0.0000000000000000   0.0000000000000000   0.0000000000000000   0.0000000000000000   0.0000000000000000   0.0000000000000000   0.0000000000000000   0.0000000000000000   0.0000000000000000   0.0000000000000000   0.0000000000000000   0.0000000000000000   0.0000000000000000   0.0000000000000000   0.0000000000000000   0.0000000000000000   0.0000000000000000   0.0000000000000000   0.0000000000000000   0.0000000000000000   0.0000000000000000   0.0000000000000000   0.0000000000000000   0.0000000000000000   0.0000000000000000   0.0000000000000000   0.0000000000000000   0.0000000000000000   0.0000000000000000   0.0000000000000000   0.0000000000000000   0.0000000000000000   0.0000000000000000   0.0000000000000000   0.0000000000000000   0.0000000000000000   0.0000000000000000   0.0000000000000000   0.0000000000000000   0.0000000000000000   0.0000000000000000   0.0000000000000000   0.0000000000000000   0.0000000000000000   0.0000000000000000   0.0000000000000000   0.0000000000000000   0.0000000000000000   0.0000000000000000   0.0000000000000000   0.0000000000000000   0.0000000000000000   0.0000000000000000   0.0000000000000000   0.0000000000000000   0.0000000000000000   0.0000000000000000   0.0000000000000000   0.0000000000000000   0.0000000000000000   0.0000000000000000   0.0000000000000000   0.0000000000000000   0.0000000000000000   0.0000000000000000   0.0000000000000000   0.0000000000000000   0.0000000000000000   0.0000000000000000   0.0000000000000000   0.0000000000000000   0.0000000000000000   0.0000000000000000   0.0000000000000000   0.0000000000000001   0.0000000000000002   0.0000000000000004   0.0000000000000008   0.0000000000000017   0.0000000000000036   0.0000000000000074   0.0000000000000149   0.0000000000000297   0.0000000000000582   0.0000000000001121   0.0000000000002126   0.0000000000003968   0.0000000000007289   0.0000000000013182   0.0000000000023469   0.0000000000041135   0.0000000000070988   0.0000000000120632   0.0000000000201875   0.0000000000332728   0.0000000000540170   0.0000000000863890   0.0000000001361218   0.0000000002113476   0.0000000003233928   0.0000000004877467   0.0000000007252069   0.0000000010631933   0.0000000015371938   0.0000000021924203   0.0000000030859711   0.0000000042882814   0.0000000058840633   0.0000000079764661   0.0000000106917615   0.0000000141854144   0.0000000186628582   0.0000000244211314   0.0000000319258978   0.0000000419661099   0.0000000559490228   0.0000000764371132   0.0000001080959696   0.0000001593152987   0.0000002449000306   0.0000003905921420   0.0000006354872372   0.0000127046072770   0.8527960148306771   0.9784877416094948   0.9972671312204925   0.9999997406106906   0.9999998325022625   0.9999998857120781   0.9999999129874870   0.9999999291730455   0.9999999416788159   0.9999999522080510   0.9999999608461199   0.9999999676938622   0.9999999729430922   0.9999999769592810   0.9999999801534889   0.9999999828037037   0.9999999848702592   0.9999999864538598   0.9999999879278240   0.9999999882281767   0.9999999878447959   0.0000000000000000   0.0000000000000000   0.0000000000000000   0.0000000000000000   0.0000000000000000   0.0000000000000000   0.0000000000000000   0.0000000000000000   0.0000000000000000   0.0000000000000000   0.0000000000000000   0.0000000000000000   0.0000000000000000
   0.0000000000000000   0.0000000000000000   0.0000000000000000   0.0000000000000000   0.0000000000000000   0.0000000000000000   0.0000000000000000   0.0000000000000000   0.0000000000000000   0.0000000000000000   0.0000000000000000   0.0000000000000000   0.0000000000000000   0.0000000000000000   0.0000000000000000   0.0000000000000000   0.0000000000000000   0.0000000000000000   0.0000000000000000   0.0000000000000000   0.0000000000000000   0.0000000000000000   0.0000000000000000   0.0000000000000000   0.0000000000000000   0.0000000000000000   0.0000000000000000   0.0000000000000000   0.0000000000000000   0.0000000000000000   0.0000000000000000   0.0000000000000000   0.0000000000000000   0.0000000000000000   0.0000000000000000   0.0000000000000000   0.0000000000000000   0.0000000000000000   0.0000000000000000   0.0000000000000000   0.0000000000000000   0.0000000000000000   0.0000000000000000   0.0000000000000000   0.0000000000000000   0.0000000000000000   0.0000000000000000   0.0000000000000000   0.0000000000000000   0.0000000000000000   0.0000000000000000   0.0000000000000000   0.0000000000000000   0.0000000000000000   0.0000000000000000   0.0000000000000000   0.0000000000000000   0.0000000000000000   0.0000000000000000   0.0000000000000000   0.0000000000000000   0.0000000000000000   0.0000000000000000   0.0000000000000000   0.0000000000000000   0.0000000000000000   0.0000000000000000   0.0000000000000000   0.0000000000000000   0.0000000000000000   0.0000000000000000   0.0000000000000000   0.0000000000000000   0.0000000000000000   0.0000000000000000   0.0000000000000000   0.0000000000000000   0.0000000000000000   0.0000000000000000   0.0000000000000001   0.0000000000000002   0.0000000000000003   0.0000000000000007   0.0000000000000015   0.0000000000000032   0.0000000000000065   0.0000000000000132   0.0000000000000263   0.0000000000000515   0.0000000000000993   0.0000000000001885   0.0000000000003524   0.0000000000006484   0.0000000000011745   0.0000000000020944   0.0000000000036773   0.0000000000063572   0.0000000000108228   0.0000000000181457   0.0000000000299652   0.0000000000487437   0.0000000000781132   0.0000000001233362   0.0000000001918991   0.0000000002942611   0.0000000004447704   0.0000000006627534   0.0000000009737719   0.0000000014110233   0.0000000020168490   0.0000000028443101   0.0000000039588361   0.0000000054400110   0.0000000073837406   0.0000000099056289   0.0000000131474075   0.0000000172901842   0.0000000225823455   0.0000000293972319   0.0000000383480130   0.0000000505080545   0.0000000678185273   0.0000000938160516   0.0000001348878752   0.0000002023577626   0.0000003161835429   0.0000005010130464   0.0000090911598106   0.8891631312153581   0.9861146456048584   0.9995045332026560   0.9999997444275376   0.9999998298031931   0.9999998811277115   0.9999999103975031   0.9999999295531085   0.9999999436173221   0.9999999542050891   0.9999999623246054   0.9999999686197022   0.9999999734978285   0.9999999773232434   0.9999999803959160   0.9999999828907280   0.9999999849364852   0.9999999867478194   0.9999999882967233   0.9999999895017282   0.9999999907959519   0.0000000000000000   0.0000000000000000   0.0000000000000000   0.0000000000000000   0.0000000000000000   0.0000000000000000   0.0000000000000000   0.0000000000000000   0.0000000000000000   0.0000000000000000   0.0000000000000000   0.0000000000000000   0.0000000000000000
   0.0000000000000000   0.0000000000000000   0.0000000000000000   0.0000000000000000   0.0000000000000000   0.0000000000000000   0.0000000000000000   0.0000000000000000   0.0000000000000000   0.0000000000000000   0.0000000000000000   0.0000000000000000   0.0000000000000000   0.0000000000000000   0.0000000000000000   0.0000000000000000   0.0000000000000000   0.0000000000000000   0.0000000000000000   0.0000000000000000   0.0000000000000000   0.0000000000000000   0.0000000000000000   0.0000000000000000   0.0000000000000000   0.0000000000000000   0.0000000000000000   0.0000000000000000   0.0000000000000000   0.0000000000000000   0.0000000000000000   0.0000000000000000   0.0000000000000000   0.0000000000000000   0.0000000000000000   0.0000000000000000   0.0000000000000000   0.0000000000000000   0.0000000000000000   0.0000000000000000   0.0000000000000000   0.0000000000000000   0.0000000000000000   0.0000000000000000   0.0000000000000000   0.0000000000000000   0.0000000000000000   0.0000000000000000   0.0000000000000000   0.0000000000000000   0.0000000000000000   0.0000000000000000   0.0000000000000000   0.0000000000000000   0.0000000000000000   0.0000000000000000   0.0000000000000000   0.0000000000000000   0.0000000000000000   0.0000000000000000   0.0000000000000000   0.0000000000000000   0.0000000000000000   0.0000000000000000   0.0000000000000000   0.0000000000000000   0.0000000000000000   0.0000000000000000   0.0000000000000000   0.0000000000000000   0.0000000000000000   0.0000000000000000   0.0000000000000000   0.0000000000000000   0.0000000000000000   0.0000000000000000   0.0000000000000000   0.0000000000000000   0.0000000000000000   0.0000000000000000   0.0000000000000001   0.0000000000000002   0.0000000000000004   0.0000000000000009   0.0000000000000018   0.0000000000000038   0.0000000000000079   0.0000000000000159   0.0000000000000316   0.0000000000000617   0.0000000000001188   0.0000000000002251   0.0000000000004196   0.0000000000007700   0.0000000000013911   0.0000000000024741   0.0000000000043322   0.0000000000074692   0.0000000000126811   0.0000000000212025   0.0000000000349153   0.0000000000566354   0.0000000000905012   0.0000000001424851   0.0000000002210506   0.0000000003379743   0.0000000005093464   0.0000000007567520   0.0000000011086242   0.0000000016017469   0.0000000022828744   0.0000000032104447   0.0000000044564181   0.0000000061084224   0.0000000082727434   0.0000000110794764   0.0000000146927357   0.0000000193318858   0.0000000253154447   0.0000000331494101   0.0000000436988991   0.0000000585098191   0.0000000803905623   0.0000001144286952   0.0000001696935529   0.0000002625065297   0.0000004062024773   0.0000435713385646   0.9171310569172216   0.9939756043419432   0.9999996595217451   0.9999997469381708   0.9999998300306225   0.9999998803543360   0.9999999105849426   0.9999999308773990   0.9999999452695523   0.9999999556991432   0.9999999634858131   0.9999999694520098   0.9999999741034863   0.9999999777888169   0.9999999807584620   0.9999999832048978   0.9999999853055008   0.9999999871708327   0.9999999887720995   0.9999999900057481   0.9999999904762124   0.9999999897965393   0.0000000000000000   0.0000000000000000   0.0000000000000000   0.0000000000000000   0.0000000000000000   0.0000000000000000   0.0000000000000000   0.0000000000000000   0.0000000000000000   0.0000000000000000   0.0000000000000000   0.0000000000000000
   0.0000000000000000   0.0000000000000000   0.0000000000000000   0.0000000000000000   0.0000000000000000   0.0000000000000000   0.0000000000000000   0.0000000000000000   0.0000000000000000   0.0000000000000000   0.0000000000000000   0.0000000000000000   0.0000000000000000   0.0000000000000000   0.0000000000000000   0.0000000000000000   0.0000000000000000   0.0000000000000000   0.0000000000000000   0.0000000000000000   0.0000000000000000   0.0000000000000000   0.0000000000000000   0.0000000000000000   0.0000000000000000   0.0000000000000000   0.0000000000000000   0.0000000000000000   0.0000000000000000   0.0000000000000000   0.0000000000000000   0.0000000000000000   0.0000000000000000   0.0000000000000000   0.0000000000000000   0.0000000000000000   0.0000000000000000   0.0000000000000000   0.0000000000000000   0.0000000000000000   0.0000000000000000   0.0000000000000000   0.0000000000000000   0.0000000000000000   0.0000000000000000   0.0000000000000000   0.0000000000000000   0.0000000000000000   0.0000000000000000   0.0000000000000000   0.0000000000000000   0.0000000000000000   0.0000000000000000   0.0000000000000000   0.0000000000000000   0.0000000000000000   0.0000000000000000   0.0000000000000000   0.0000000000000000   0.0000000000000000   0.0000000000000000   0.0000000000000000   0.0000000000000000   0.0000000000000000   0.0000000000000000   0.0000000000000000   0.0000000000000000   0.0000000000000000   0.0000000000000000   0.0000000000000000   0.0000000000000000   0.0000000000000000   0.0000000000000000   0.0000000000000000   0.0000000000000000   0.0000000000000000   0.0000000000000000   0.0000000000000000   0.0000000000000000   0.0000000000000000   0.0000000000000001   0.0000000000000002   0.0000000000000004   0.0000000000000008   0.0000000000000017   0.0000000000000035   0.0000000000000072   0.0000000000000145   0.0000000000000290   0.0000000000000568   0.0000000000001097   0.0000000000002084   0.0000000000003897   0.0000000000007170   0.0000000000012988   0.0000000000023159   0.0000000000040653   0.0000000000070261   0.0000000000119568   0.0000000000200370   0.0000000000330687   0.0000000000537544   0.0000000000860747   0.0000000001357863   0.0000000002110638   0.0000000003233043   0.0000000004881087   0.0000000007264424   0.0000000010659668   0.0000000015425151   0.0000000022016757   0.0000000031004429   0.0000000043089243   0.0000000059121957   0.0000000080126432   0.0000000107336968   0.0000000142270255   0.0000000186875856   0.0000000243853020   0.0000000317301129   0.0000000414008910   0.0000000545915937   0.0000000734642060   0.0000001019538106   0.0000001471307551   0.0000002220665679   0.0000003310041012   0.0007429341437085   0.9428256010336898   0.9990898596744155   0.9999996562988557   0.9999997530119483   0.9999998356411336   0.9999998840443975   0.9999999134896568   0.9999999332171202   0.9999999470845476   0.9999999571227736   0.9999999646024897   0.9999999703262221   0.9999999748035157   0.9999999783685877   0.9999999812616347   0.9999999836734963   0.9999999857445152   0.9999999875401578   0.9999999890513773   0.9999999901797492   0.9999999909583606   0.9999999923790575   0.0000000000000000   0.0000000000000000   0.0000000000000000   0.0000000000000000   0.0000000000000000   0.0000000000000000   0.0000000000000000   0.0000000000000000   0.0000000000000000   0.0000000000000000   0.0000000000000000   0.0000000000000000
   0.0000000000000000   0.0000000000000000   0.0000000000000000   0.0000000000000000   0.0000000000000000   0.0000000000000000   0.0000000000000000   0.0000000000000000   0.0000000000000000   0.0000000000000000   0.0000000000000000   0.0000000000000000   0.0000000000000000   0.0000000000000000   0.0000000000000000   0.0000000000000000   0.0000000000000000   0.0000000000000000   0.0000000000000000   0.0000000000000000   0.0000000000000000   0.0000000000000000   0.0000000000000000   0.0000000000000000   0.0000000000000000   0.0000000000000000   0.0000000000000000   0.0000000000000000   0.0000000000000000   0.0000000000000000   0.0000000000000000   0.0000000000000000   0.0000000000000000   0.0000000000000000   0.0000000000000000   0.0000000000000000   0.0000000000000000   0.0000000000000000   0.0000000000000000   0.0000000000000000   0.0000000000000000   0.0000000000000000   0.0000000000000000   0.0000000000000000   0.0000000000000000   0.0000000000000000   0.0000000000000000   0.0000000000000000   0.0000000000000000   0.0000000000000000   0.0000000000000000   0.0000000000000000   0.0000000000000000   0.0000000000000000   0.0000000000000000   0.0000000000000000   0.0000000000000000   0.0000000000000000   0.0000000000000000   0.0000000000000000   0.0000000000000000   0.0000000000000000   0.0000000000000000   0.0000000000000000   0.0000000000000000   0.0000000000000000   0.0000000000000000   0.0000000000000000   0.0000000000000000   0.0000000000000000   0.0000000000000000   0.0000000000000000   0.0000000000000000   0.0000000000000000   0.0000000000000000   0.0000000000000000   0.0000000000000000   0.0000000000000000   0.0000000000000000   0.0000000000000000   0.0000000000000001   0.0000000000000002   0.0000000000000003   0.0000000000000007   0.0000000000000016   0.0000000000000033   0.0000000000000068   0.0000000000000137   0.0000000000000274   0.0000000000000539   0.0000000000001042   0.0000000000001983   0.0000000000003713   0.0000000000006843   0.0000000000012414   0.0000000000022166   0.0000000000038963   0.0000000000067427   0.0000000000114888   0.0000000000192761   0.0000000000318499   0.0000000000518313   0.0000000000830850   0.0000000001312060   0.0000000002041475   0.0000000003130088   0.0000000004729962   0.0000000007045612   0.0000000010347045   0.0000000014984199   0.0000000021402338   0.0000000030157899   0.0000000041934350   0.0000000057558314   0.0000000078017845   0.0000000104488722   0.0000000138382984   0.0000000181450990   0.0000000236001195   0.0000000305362860   0.0000000394824986   0.0000000513468173   0.0000000677603304   0.0000000916997561   0.0000001285549257   0.0000001886537619   0.0000002720051966   0.0035881721024921   0.9601231492655620   0.9999996045789843   0.9999996539555539   0.9999997676776252   0.9999998465292552   0.9999998911888880   0.9999999184399035   0.9999999366244728   0.9999999494401822   0.9999999588182661   0.9999999658815254   0.9999999713301886   0.9999999756200120   0.9999999790569214   0.9999999818597757   0.9999999841889686   0.9999999861528199   0.9999999878187207   0.9999999892292207   0.9999999904224466   0.9999999914327858   0.9999999919853091   0.9999999909736346   0.0000000000000000   0.0000000000000000   0.0000000000000000   0.0000000000000000   0.0000000000000000   0.0000000000000000   0.0000000000000000   0.0000000000000000   0.0000000000000000   0.0000000000000000   0.0000000000000000
   0.0000000000000000   0.0000000000000000   0.0000000000000000   0.0000000000000000   0.0000000000000000   0.0000000000000000   0.0000000000000000   0.0000000000000000   0.0000000000000000   0.0000000000000000   0.0000000000000000   0.0000000000000000   0.0000000000000000   0.0000000000000000   0.0000000000000000   0.0000000000000000   0.0000000000000000   0.0000000000000000   0.0000000000000000   0.0000000000000000   0.0000000000000000   0.0000000000000000   0.0000000000000000   0.0000000000000000   0.0000000000000000   0.0000000000000000   0.0000000000000000   0.0000000000000000   0.0000000000000000   0.0000000000000000   0.0000000000000000   0.0000000000000000   0.0000000000000000   0.0000000000000000   0.0000000000000000   0.0000000000000000   0.0000000000000000   0.0000000000000000   0.0000000000000000   0.0000000000000000   0.0000000000000000   0.0000000000000000   0.0000000000000000   0.0000000000000000   0.0000000000000000   0.0000000000000000   0.0000000000000000   0.0000000000000000   0.0000000000000000   0.0000000000000000   0.0000000000000000   0.0000000000000000   0.0000000000000000   0.0000000000000000   0.0000000000000000   0.0000000000000000   0.0000000000000000   0.0000000000000000   0.0000000000000000   0.0000000000000000   0.0000000000000000   0.0000000000000000   0.0000000000000000   0.0000000000000000   0.0000000000000000   0.0000000000000000   0.0000000000000000   0.0000000000000000   0.0000000000000000   0.0000000000000000   0.0000000000000000   0.0000000000000000   0.0000000000000000   0.0000000000000000   0.0000000000000000   0.0000000000000000   0.0000000000000000   0.0000000000000000   0.0000000000000000   0.0000000000000000   0.0000000000000001   0.0000000000000001   0.0000000000000003   0.0000000000000007   0.0000000000000015   0.0000000000000032   0.0000000000000065   0.0000000000000132   0.0000000000000265   0.0000000000000521   0.0000000000001007   0.0000000000001918   0.0000000000003594   0.0000000000006627   0.0000000000012029   0.0000000000021491   0.0000000000037797   0.0000000000065444   0.0000000000111565   0.0000000000187275   0.0000000000309578   0.0000000000504017   0.0000000000808274   0.0000000001276923   0.0000000001987568   0.0000000003048543   0.0000000004608317   0.0000000006866629   0.0000000010087250   0.0000000014612039   0.0000000020875755   0.0000000029421153   0.0000000040913885   0.0000000056156829   0.0000000076104446   0.0000000101880908   0.0000000134811692   0.0000000176490326   0.0000000228926468   0.0000000294867601   0.0000000378470239   0.0000000486641626   0.0000000631614328   0.0000000835688607   0.0000001139708999   0.0000002048176400   0.0000002665250061   0.0694321310401165   0.9765221785586105   0.9999995270636731   0.9999996636346560   0.9999997893734370   0.9999998604359065   0.9999999001883713   0.9999999245856750   0.9999999408532190   0.9999999523656040   0.9999999608838437   0.9999999673941558   0.9999999724877153   0.9999999765436026   0.9999999798184731   0.9999999824932772   0.9999999846977815   0.9999999865291039   0.9999999880691174   0.9999999893940179   0.9999999905604966   0.9999999915718401   0.9999999924956594   0.9999999934892507   0.0000000000000000   0.0000000000000000   0.0000000000000000   0.0000000000000000   0.0000000000000000   0.0000000000000000   0.0000000000000000   0.0000000000000000   0.0000000000000000   0.0000000000000000   0.0000000000000000
   0.0000000000000000   0.0000000000000000   0.0000000000000000   0.0000000000000000   0.0000000000000000   0.0000000000000000   0.0000000000000000   0.0000000000000000   0.0000000000000000   0.0000000000000000   0.0000000000000000   0.0000000000000000   0.0000000000000000   0.0000000000000000   0.0000000000000000   0.0000000000000000   0.0000000000000000   0.0000000000000000   0.0000000000000000   0.0000000000000000   0.0000000000000000   0.0000000000000000   0.0000000000000000   0.0000000000000000   0.0000000000000000   0.0000000000000000   0.0000000000000000   0.0000000000000000   0.0000000000000000   0.0000000000000000   0.0000000000000000   0.0000000000000000   0.0000000000000000   0.0000000000000000   0.0000000000000000   0.0000000000000000   0.0000000000000000   0.0000000000000000   0.0000000000000000   0.0000000000000000   0.0000000000000000   0.0000000000000000   0.0000000000000000   0.0000000000000000   0.0000000000000000   0.0000000000000000   0.0000000000000000   0.0000000000000000   0.0000000000000000   0.0000000000000000   0.0000000000000000   0.0000000000000000   0.0000000000000000   0.0000000000000000   0.0000000000000000   0.0000000000000000   0.0000000000000000   0.0000000000000000   0.0000000000000000   0.0000000000000000   0.0000000000000000   0.0000000000000000   0.0000000000000000   0.0000000000000000   0.0000000000000000   0.0000000000000000   0.0000000000000000   0.0000000000000000   0.0000000000000000   0.0000000000000000   0.0000000000000000   0.0000000000000000   0.0000000000000000   0.0000000000000000   0.0000000000000000   0.0000000000000000   0.0000000000000000   0.0000000000000000   0.0000000000000000   0.0000000000000000   0.0000000000000001   0.0000000000000001   0.0000000000000003   0.0000000000000007   0.0000000000000014   0.0000000000000030   0.0000000000000063   0.0000000000000127   0.0000000000000254   0.0000000000000499   0.0000000000000966   0.0000000000001840   0.0000000000003448   0.0000000000006359   0.0000000000011542   0.0000000000020623   0.0000000000036273   0.0000000000062810   0.0000000000107087   0.0000000000179778   0.0000000000297225   0.0000000000483979   0.0000000000776268   0.0000000001226580   0.0000000001909578   0.0000000002929497   0.0000000004429264   0.0000000006600810   0.0000000009696443   0.0000000014042468   0.0000000020056254   0.0000000028263153   0.0000000039306290   0.0000000053955314   0.0000000395856858   0.0000001284786825   0.0000002614797945   0.0000004299681406   0.0000006339668395   0.0000008852167310   0.0000012094389402   0.0000016495066421   0.0000022818163636   0.0000030205505433   0.0000055907523085   0.0000220530594003   0.0000243608813029   0.8843149578271576   0.9999992407781787   0.9999995339014213   0.9999997111721921   0.9999998171068876   0.9999998758234674   0.9999999098299752   0.9999999311054102   0.9999999453940281   0.9999999555710384   0.9999999631758838   0.9999999690708024   0.9999999737561738   0.9999999775374971   0.9999999806160391   0.9999999831338972   0.9999999851992233   0.9999999869040145   0.9999999883321095   0.9999999895582304   0.9999999906432721   0.9999999916497194   0.9999999927109227   0.9999999943302651   0.0000000000000000   0.0000000000000000   0.0000000000000000   0.0000000000000000   0.0000000000000000   0.0000000000000000   0.0000000000000000   0.0000000000000000   0.0000000000000000   0.0000000000000000   0.0000000000000000
   0.0000000000000000   0.0000000000000000   0.0000000000000000   0.0000000000000000   0.0000000000000000   0.0000000000000000   0.0000000000000000   0.0000000000000000   0.0000000000000000   0.0000000000000000   0.0000000000000000   0.0000000000000000   0.0000000000000000   0.0000000000000000   0.0000000000000000   0.0000000000000000   0.0000000000000000   0.0000000000000000   0.0000000000000000   0.0000000000000000   0.0000000000000000   0.0000000000000000   0.0000000000000000   0.0000000000000000   0.0000000000000000   0.0000000000000000   0.0000000000000000   0.0000000000000000   0.0000000000000000   0.0000000000000000   0.0000000000000000   0.0000000000000000   0.0000000000000000   0.0000000000000000   0.0000000000000000   0.0000000000000000   0.0000000000000000   0.0000000000000000   0.0000000000000000   0.0000000000000000   0.0000000000000000   0.0000000000000000   0.0000000000000000   0.0000000000000000   0.0000000000000000   0.0000000000000000   0.0000000000000000   0.0000000000000000   0.0000000000000000   0.0000000000000000   0.0000000000000000   0.0000000000000000   0.0000000000000000   0.0000000000000000   0.0000000000000000   0.0000000000000000   0.0000000000000000   0.0000000000000000   0.0000000000000000   0.0000000000000000   0.0000000000000000   0.0000000000000000   0.0000000000000000   0.0000000000000000   0.0000000000000000   0.0000000000000000   0.0000000000000000   0.0000000000000000   0.0000000000000000   0.0000000000000000   0.0000000000000000   0.0000000000000000   0.0000000000000000   0.0000000000000000   0.0000000000000000   0.0000000000000000   0.0000000000000000   0.0000000000000000   0.0000000000000000   0.0000000000000000   0.0000000000000001   0.0000000000000001   0.0000000000000003   0.0000000000000006   0.0000000000000013   0.0000000000000028   0.0000000000000057   0.0000000000000116   0.0000000000000231   0.0000000000000455   0.0000000000000879   0.0000000000001674   0.0000000000003135   0.0000000000005781   0.0000000000010493   0.0000000000018749   0.0000000000032982   0.0000000000057126   0.0000000000097429   0.0000000000163638   0.0000000000270684   0.0000000000441035   0.0000000000707888   0.0000000001119414   0.0000000001744237   0.0000000002678409   0.0000000004055767   0.0000000006048642   0.0002127986963006   0.0006653794760622   0.0012841377258879   0.0017979387039575   0.0021747366348500   0.0025396494294281   0.0028552539476730   0.0031073362912953   0.0032966213032421   0.0034343160804043   0.0035379314506196   0.0036273993969164   0.0037226375495430   0.0038424997704961   0.0040042799935902   0.0042191627744440   0.0046222114185728   0.0046044308017680   0.0965375183629247   0.9159975013898793   0.9999996141355213   0.9999996564869186   0.9999997688370149   0.9999998455626750   0.9999998912142891   0.9999999192358886   0.9999999373737708   0.9999999497825703   0.9999999587287575   0.9999999654873890   0.9999999707931014   0.9999999750698395   0.9999999785636278   0.9999999814296558   0.9999999837801589   0.9999999857076219   0.9999999872956803   0.9999999886197534   0.9999999897459498   0.9999999907428034   0.9999999917025586   0.9999999926789203   0.9999999935282312   0.9999999938225982   0.0000000000000000   0.0000000000000000   0.0000000000000000   0.0000000000000000   0.0000000000000000   0.0000000000000000   0.0000000000000000   0.0000000000000000   0.0000000000000000   0.0000000000000000
   0.0000000000000000   0.0000000000000000   0.0000000000000000   0.0000000000000000   0.0000000000000000   0.0000000000000000   0.0000000000000000   0.0000000000000000   0.0000000000000000   0.0000000000000000   0.0000000000000000   0.0000000000000000   0.0000000000000000   0.0000000000000000   0.0000000000000000   0.0000000000000000   0.0000000000000000   0.0000000000000000   0.0000000000000000   0.0000000000000000   0.0000000000000000   0.0000000000000000   0.0000000000000000   0.0000000000000000   0.0000000000000000   0.0000000000000000   0.0000000000000000   0.0000000000000000   0.0000000000000000   0.0000000000000000   0.0000000000000000   0.0000000000000000   0.0000000000000000   0.0000000000000000   0.0000000000000000   0.0000000000000000   0.0000000000000000   0.0000000000000000   0.0000000000000000   0.0000000000000000   0.0000000000000000   0.0000000000000000   0.0000000000000000   0.0000000000000000   0.0000000000000000   0.0000000000000000   0.0000000000000000   0.0000000000000000   0.0000000000000000   0.0000000000000000   0.0000000000000000   0.0000000000000000   0.0000000000000000   0.0000000000000000   0.0000000000000000   0.0000000000000000   0.0000000000000000   0.0000000000000000   0.0000000000000000   0.0000000000000000   0.0000000000000000   0.0000000000000000   0.0000000000000000   0.0000000000000000   0.0000000000000000   0.0000000000000000   0.0000000000000000   0.0000000000000000   0.0000000000000000   0.0000000000000000   0.0000000000000000   0.0000000000000000   0.0000000000000000   0.0000000000000000   0.0000000000000000   0.0000000000000000   0.0000000000000000   0.0000000000000000   0.0000000000000000   0.0000000000000000   0.0000000000000000   0.0000000000000001   0.0000000000000002   0.0000000000000004   0.0000000000000008   0.0000000000000016   0.0000000000000034   0.0000000000000069   0.0000000000000139   0.0000000000000275   0.0000000000000537   0.0000000000001031   0.0000000000001951   0.0000000000003632   0.0000000000006658   0.0000000000012016   0.0000000000021353   0.0000000000037363   0.0000000000064382   0.0000000000109259   0.0000000000182627   0.0000000000300694   0.0000000000487736   0.0000000000779463   0.0000000001227432   0.0000000001905476   0.0000000002905470   0.0000000004181830   0.0580551345616014   0.0579921511819852   0.0485496254044397   0.0510927267660619   0.0528561032022429   0.0541371175172066   0.0547685053771433   0.0547199061429070   0.0540909360642905   0.0530494041265019   0.0517833060425076   0.0504672157110511   0.0492458479359259   0.0482304961174148   0.0475040253074785   0.0471499664664344   0.0465492028992466   0.0490642571053415   0.8553478706119597   0.9616173077858681   0.9999997507365468   0.9999997499306650   0.9999998160396666   0.9999998704197951   0.9999999053072874   0.9999999279403609   0.9999999431840090   0.9999999538901793   0.9999999617434903   0.9999999677502861   0.9999999725172667   0.9999999764024247   0.9999999796078547   0.9999999822557923   0.9999999844370253   0.9999999862300946   0.9999999877070170   0.9999999889329364   0.9999999899659029   0.9999999908603968   0.9999999916625738   0.9999999923899351   0.9999999932069896   0.9999999948469330   0.0000000000000000   0.0000000000000000   0.0000000000000000   0.0000000000000000   0.0000000000000000   0.0000000000000000   0.0000000000000000   0.0000000000000000   0.0000000000000000   0.0000000000000000
   0.0000000000000000   0.0000000000000000   0.0000000000000000   0.0000000000000000   0.0000000000000000   0.0000000000000000   0.0000000000000000   0.0000000000000000   0.0000000000000000   0.0000000000000000   0.0000000000000000   0.0000000000000000   0.0000000000000000   0.0000000000000000   0.0000000000000000   0.0000000000000000   0.0000000000000000   0.0000000000000000   0.0000000000000000   0.0000000000000000   0.0000000000000000   0.0000000000000000   0.0000000000000000   0.0000000000000000   0.0000000000000000   0.0000000000000000   0.0000000000000000   0.0000000000000000   0.0000000000000000   0.0000000000000000   0.0000000000000000   0.0000000000000000   0.0000000000000000   0.0000000000000000   0.0000000000000000   0.0000000000000000   0.0000000000000000   0.0000000000000000   0.0000000000000000   0.0000000000000000   0.0000000000000000   0.0000000000000000   0.0000000000000000   0.0000000000000000   0.0000000000000000   0.0000000000000000   0.0000000000000000   0.0000000000000000   0.0000000000000000   0.0000000000000000   0.0000000000000000   0.0000000000000000   0.0000000000000000   0.0000000000000000   0.0000000000000000   0.0000000000000000   0.0000000000000000   0.0000000000000000   0.0000000000000000   0.0000000000000000   0.0000000000000000   0.0000000000000000   0.0000000000000000   0.0000000000000000   0.0000000000000000   0.0000000000000000   0.0000000000000000   0.0000000000000000   0.0000000000000000   0.0000000000000000   0.0000000000000000   0.0000000000000000   0.0000000000000000   0.0000000000000000   0.0000000000000000   0.0000000000000000   0.0000000000000000   0.0000000000000000   0.0000000000000000   0.0000000000000000   0.0000000000000000   0.0000000000000000   0.0000000000000001   0.0000000000000002   0.0000000000000004   0.0000000000000009   0.0000000000000019   0.0000000000000039   0.0000000000000079   0.0000000000000158   0.0000000000000313   0.0000000000000608   0.0000000000001164   0.0000000000002194   0.0000000000004071   0.0000000000007438   0.0000000000013381   0.0000000000023706   0.0000000000041362   0.0000000000071078   0.0000000000120309   0.0000000000200597   0.0000000000329502   0.0000000000533258   0.0000000000850457   0.0000000001337099   0.0000000002021403   0.0244617154134750   0.8259246723098741   0.0000000000000000   0.0111404224415394   0.0093897059846628   0.0097316094802403   0.0098460385751644   0.0098442695067533   0.0097351402233018   0.0095479797106778   0.0093163031442362   0.0090716942355640   0.0088404936047670   0.0086429832258782   0.0084942313174635   0.0084057564838823   0.0083541994948684   0.0079424654436350   0.2014689739640399   0.9265639952653604   0.9937364148997516   0.9999997428395185   0.9999997849636414   0.9999998465285609   0.9999998901582779   0.9999999177558153   0.9999999360542381   0.9999999487673168   0.9999999579280677   0.9999999647638173   0.9999999700500228   0.9999999742816857   0.9999999777641181   0.9999999806682405   0.9999999830902357   0.9999999851004956   0.9999999867612842   0.9999999881302136   0.9999999892604464   0.9999999901985962   0.9999999909794941   0.9999999916291193   0.9999999922224910   0.9999999929275305   0.9999999934923218   0.9999999937771676   0.9999999893863660   0.0000000000000000   0.0000000000000000   0.0000000000000000   0.0000000000000000   0.0000000000000000   0.0000000000000000   0.0000000000000000   0.0000000000000000
   0.0000000000000000   0.0000000000000000   0.0000000000000000   0.0000000000000000   0.0000000000000000   0.0000000000000000   0.0000000000000000   0.0000000000000000   0.0000000000000000   0.0000000000000000   0.0000000000000000   0.0000000000000000   0.0000000000000000   0.0000000000000000   0.0000000000000000   0.0000000000000000   0.0000000000000000   0.0000000000000000   0.0000000000000000   0.0000000000000000   0.0000000000000000   0.0000000000000000   0.0000000000000000   0.0000000000000000   0.0000000000000000   0.0000000000000000   0.0000000000000000   0.0000000000000000   0.0000000000000000   0.0000000000000000   0.0000000000000000   0.0000000000000000   0.0000000000000000   0.0000000000000000   0.0000000000000000   0.0000000000000000   0.0000000000000000   0.0000000000000000   0.0000000000000000   0.0000000000000000   0.0000000000000000   0.0000000000000000   0.0000000000000000   0.0000000000000000   0.0000000000000000   0.0000000000000000   0.0000000000000000   0.0000000000000000   0.0000000000000000   0.0000000000000000   0.0000000000000000   0.0000000000000000   0.0000000000000000   0.0000000000000000   0.0000000000000000   0.0000000000000000   0.0000000000000000   0.0000000000000000   0.0000000000000000   0.0000000000000000   0.0000000000000000   0.0000000000000000   0.0000000000000000   0.0000000000000000   0.0000000000000000   0.0000000000000000   0.0000000000000000   0.0000000000000000   0.0000000000000000   0.0000000000000000   0.0000000000000000   0.0000000000000000   0.0000000000000000   0.0000000000000000   0.0000000000000000   0.0000000000000000   0.0000000000000000   0.0000000000000000   0.0000000000000000   0.0000000000000000   0.0000000000000000   0.0000000000000000   0.0000000000000000   0.0000000000000001   0.0000000000000002   0.0000000000000005   0.0000000000000010   0.0000000000000022   0.0000000000000045   0.0000000000000093   0.0000000000000186   0.0000000000000368   0.0000000000000716   0.0000000000001373   0.0000000000002590   0.0000000000004809   0.0000000000008793   0.0000000000015830   0.0000000000028058   0.0000000000048971   0.0000000000084168   0.0000000000142467   0.0000000000237510   0.0000000000390007   0.0000000000631462   0.0000000000997671   0.0000000001571950   0.7909145504494627   0.9184170704889784   0.0000000000000000   0.0000000000000000   0.0014656361928751   0.0015419989951388   0.0015539939480655   0.0015496498719525   0.0015304126190495   0.0015015478730214   0.0014683499971081   0.0014355004429738   0.0014067832337794   0.0013851461845093   0.0013729795184567   0.0013682356648892   0.0013341387410596   0.0625652065283445   0.8952049423055356   0.9727991374101155   0.9999997237985354   0.9999997788430937   0.9999998298151762   0.9999998759649658   0.9999999081782501   0.9999999293852202   0.9999999439372672   0.9999999543499319   0.9999999620264221   0.9999999678430648   0.9999999723876528   0.9999999760588517   0.9999999791166572   0.9999999817072746   0.9999999839014226   0.9999999857448975   0.9999999872796859   0.9999999885463772   0.9999999895844397   0.9999999904309916   0.9999999911168459   0.9999999916674385   0.9999999921209868   0.9999999925184638   0.9999999928894074   0.9999999938183257   0.9999999945200897   0.0000000000000000   0.0000000000000000   0.0000000000000000   0.0000000000000000   0.0000000000000000   0.0000000000000000   0.0000000000000000   0.0000000000000000
   0.0000000000000000   0.0000000000000000   0.0000000000000000   0.0000000000000000   0.0000000000000000   0.0000000000000000   0.0000000000000000   0.0000000000000000   0.0000000000000000   0.0000000000000000   0.0000000000000000   0.0000000000000000   0.0000000000000000   0.0000000000000000   0.0000000000000000   0.0000000000000000   0.0000000000000000   0.0000000000000000   0.0000000000000000   0.0000000000000000   0.0000000000000000   0.0000000000000000   0.0000000000000000   0.0000000000000000   0.0000000000000000   0.0000000000000000   0.0000000000000000   0.0000000000000000   0.0000000000000000   0.0000000000000000   0.0000000000000000   0.0000000000000000   0.0000000000000000   0.0000000000000000   0.0000000000000000   0.0000000000000000   0.0000000000000000   0.0000000000000000   0.0000000000000000   0.0000000000000000   0.0000000000000000   0.0000000000000000   0.0000000000000000   0.0000000000000000   0.0000000000000000   0.0000000000000000   0.0000000000000000   0.0000000000000000   0.0000000000000000   0.0000000000000000   0.0000000000000000   0.0000000000000000   0.0000000000000000   0.0000000000000000   0.0000000000000000   0.0000000000000000   0.0000000000000000   0.0000000000000000   0.0000000000000000   0.0000000000000000   0.0000000000000000   0.0000000000000000   0.0000000000000000   0.0000000000000000   0.0000000000000000   0.0000000000000000   0.0000000000000000   0.0000000000000000   0.0000000000000000   0.0000000000000000   0.0000000000000000   0.0000000000000000   0.0000000000000000   0.0000000000000000   0.0000000000000000   0.0000000000000000   0.0000000000000000   0.0000000000000000   0.0000000000000000   0.0000000000000000   0.0000000000000000   0.0000000000000000   0.0000000000000000   0.0000000000000001   0.0000000000000002   0.0000000000000005   0.0000000000000012   0.0000000000000025   0.0000000000000051   0.0000000000000104   0.0000000000000209   0.0000000000000415   0.0000000000000807   0.0000000000001547   0.0000000000002918   0.0000000000005418   0.0000000000009900   0.0000000000017810   0.0000000000031540   0.0000000000054991   0.0000000000094401   0.0000000000159573   0.0000000000265631   0.0000000000435530   0.0000000000704355   0.0000000001070934   0.0903229775533950   0.8668436776534405   0.0000000000000000   0.0000000000000000   0.0000000000000000   0.0005289047958893   0.0005467950522336   0.0005465482931874   0.0005409247352677   0.0005314490920299   0.0005200513099900   0.0005084517351248   0.0004980611563394   0.0004899910083890   0.0004850928187594   0.0004826557469403   0.0004725218975022   0.0637151230708576   0.8655319925376882   0.9688500306330389   0.9999997106062120   0.9999997723951396   0.9999998243668721   0.9999998674526099   0.9999999003615844   0.9999999233021648   0.9999999391721022   0.9999999505885719   0.9999999590863744   0.9999999655361700   0.9999999705099042   0.9999999744326713   0.9999999776222015   0.9999999803053745   0.9999999826177189   0.9999999846136244   0.9999999863155289   0.9999999877451802   0.9999999889269443   0.9999999898881662   0.9999999906602526   0.9999999912768550   0.9999999917622081   0.9999999921122918   0.9999999923273529   0.9999999926941967   0.9999999936115969   0.9999999943903223   0.9999999942941209   0.0000000000000000   0.0000000000000000   0.0000000000000000   0.0000000000000000   0.0000000000000000   0.0000000000000000   0.0000000000000000
   0.0000000000000000   0.0000000000000000   0.0000000000000000   0.0000000000000000   0.0000000000000000   0.0000000000000000   0.0000000000000000   0.0000000000000000   0.0000000000000000   0.0000000000000000   0.0000000000000000   0.0000000000000000   0.0000000000000000   0.0000000000000000   0.0000000000000000   0.0000000000000000   0.0000000000000000   0.0000000000000000   0.0000000000000000   0.0000000000000000   0.0000000000000000   0.0000000000000000   0.0000000000000000   0.0000000000000000   0.0000000000000000   0.0000000000000000   0.0000000000000000   0.0000000000000000   0.0000000000000000   0.0000000000000000   0.0000000000000000   0.0000000000000000   0.0000000000000000   0.0000000000000000   0.0000000000000000   0.0000000000000000   0.0000000000000000   0.0000000000000000   0.0000000000000000   0.0000000000000000   0.0000000000000000   0.0000000000000000   0.0000000000000000   0.0000000000000000   0.0000000000000000   0.0000000000000000   0.0000000000000000   0.0000000000000000   0.0000000000000000   0.0000000000000000   0.0000000000000000   0.0000000000000000   0.0000000000000000   0.0000000000000000   0.0000000000000000   0.0000000000000000   0.0000000000000000   0.0000000000000000   0.0000000000000000   0.0000000000000000   0.0000000000000000   0.0000000000000000   0.0000000000000000   0.0000000000000000   0.0000000000000000   0.0000000000000000   0.0000000000000000   0.0000000000000000   0.0000000000000000   0.0000000000000000   0.0000000000000000   0.0000000000000000   0.0000000000000000   0.0000000000000000   0.0000000000000000   0.0000000000000000   0.0000000000000000   0.0000000000000000   0.0000000000000000   0.0000000000000000   0.0000000000000000   0.0000000000000000   0.0000000000000001   0.0000000000000001   0.0000000000000003   0.0000000000000007   0.0000000000000015   0.0000000000000031   0.0000000000000065   0.0000000000000132   0.0000000000000264   0.0000000000000520   0.0000000000001009   0.0000000000001924   0.0000000000003611   0.0000000000006670   0.0000000000012129   0.0000000000021709   0.0000000000038249   0.0000000000066347   0.0000000000113309   0.0000000000190546   0.0000000000315541   0.0000000000515185   0.0000000000819820   0.0000000001445840   0.8095519123893905   0.9128298322420747   0.0000000000000000   0.0000000000000000   0.0000000000000000   0.0001185247197213   0.0001187707074028   0.0001176798518218   0.0001156350037831   0.0001131650525252   0.0001106471750005   0.0001083890370399   0.0001066348590724   0.0001055521579339   0.0001048987734748   0.0001029956225282   0.1006453748466092   0.8559645572272743   0.9564752319139083   0.9959286399437479   0.9999997758421088   0.9999998204182058   0.9999998616579092   0.9999998938593518   0.9999999171809806   0.9999999337866181   0.9999999459481344   0.9999999551854338   0.9999999623709864   0.9999999680004303   0.9999999724189228   0.9999999759272798   0.9999999787828122   0.9999999811920949   0.9999999832955433   0.9999999851470508   0.9999999867516206   0.9999999881131464   0.9999999892425131   0.9999999901573281   0.9999999908834045   0.9999999914564863   0.9999999919103627   0.9999999922403926   0.9999999924109624   0.9999999925256275   0.9999999930893025   0.9999999942483141   0.9999999956153017   0.0000000000000000   0.0000000000000000   0.0000000000000000   0.0000000000000000   0.0000000000000000   0.0000000000000000   0.0000000000000000
   0.0000000000000000   0.0000000000000000   0.0000000000000000   0.0000000000000000   0.0000000000000000   0.0000000000000000   0.0000000000000000   0.0000000000000000   0.0000000000000000   0.0000000000000000   0.0000000000000000   0.0000000000000000   0.0000000000000000   0.0000000000000000   0.0000000000000000   0.0000000000000000   0.0000000000000000   0.0000000000000000   0.0000000000000000   0.0000000000000000   0.0000000000000000   0.0000000000000000   0.0000000000000000   0.0000000000000000   0.0000000000000000   0.0000000000000000   0.0000000000000000   0.0000000000000000   0.0000000000000000   0.0000000000000000   0.0000000000000000   0.0000000000000000   0.0000000000000000   0.0000000000000000   0.0000000000000000   0.0000000000000000   0.0000000000000000   0.0000000000000000   0.0000000000000000   0.0000000000000000   0.0000000000000000   0.0000000000000000   0.0000000000000000   0.0000000000000000   0.0000000000000000   0.0000000000000000   0.0000000000000000   0.0000000000000000   0.0000000000000000   0.0000000000000000   0.0000000000000000   0.0000000000000000   0.0000000000000000   0.0000000000000000   0.0000000000000000   0.0000000000000000   0.0000000000000000   0.0000000000000000   0.0000000000000000   0.0000000000000000   0.0000000000000000   0.0000000000000000   0.0000000000000000   0.0000000000000000   0.0000000000000000   0.0000000000000000   0.0000000000000000   0.0000000000000000   0.0000000000000000   0.0000000000000000   0.0000000000000000   0.0000000000000000   0.0000000000000000   0.0000000000000000   0.0000000000000000   0.0000000000000000   0.0000000000000000   0.0000000000000000   0.0000000000000000   0.0000000000000000   0.0000000000000000   0.0000000000000000   0.0000000000000001   0.0000000000000001   0.0000000000000003   0.0000000000000007   0.0000000000000015   0.0000000000000032   0.0000000000000066   0.0000000000000135   0.0000000000000270   0.0000000000000534   0.0000000000001037   0.0000000000001983   0.0000000000003730   0.0000000000006904   0.0000000000012576   0.0000000000022544   0.0000000000039777   0.0000000000069085   0.0000000000118121   0.0000000000198841   0.0000000000329603   0.0000000000561205   0.0000000000860071   0.0830983569044048   0.8677866259412890   0.0000000000000000   0.0000000000000000   0.0000000000000000   0.0000000000000000   0.0000000003559127   0.0000000004550885   0.0000000176383621   0.0000000174647789   0.0000000173195129   0.0000000172505557   0.0000000176732705   0.0000000180639716   0.0000000183683242   0.0000001464411724   0.1642598888307573   0.8587142127186150   0.9515394899581932   0.9853644594194507   0.9999997991253770   0.9999998271991254   0.9999998604143767   0.9999998897325597   0.9999999125078419   0.9999999292647497   0.9999999416853278   0.9999999512098242   0.9999999587488253   0.9999999648471718   0.9999999697939288   0.9999999737704077   0.9999999769655799   0.9999999795736226   0.9999999817754336   0.9999999837185252   0.9999999854692553   0.9999999870204336   0.9999999883570772   0.9999999894761923   0.9999999903854454   0.9999999911021475   0.9999999916599084   0.9999999921103472   0.9999999924641454   0.9999999926437998   0.9999999925478330   0.9999999924414374   0.9999999929856648   0.9999999943235182   0.9999999953048282   0.0000000000000000   0.0000000000000000   0.0000000000000000   0.0000000000000000   0.0000000000000000   0.0000000000000000
   0.0000000000000000   0.0000000000000000   0.0000000000000000   0.0000000000000000   0.0000000000000000   0.0000000000000000   0.0000000000000000   0.0000000000000000   0.0000000000000000   0.0000000000000000   0.0000000000000000   0.0000000000000000   0.0000000000000000   0.0000000000000000   0.0000000000000000   0.0000000000000000   0.0000000000000000   0.0000000000000000   0.0000000000000000   0.0000000000000000   0.0000000000000000   0.0000000000000000   0.0000000000000000   0.0000000000000000   0.0000000000000000   0.0000000000000000   0.0000000000000000   0.0000000000000000   0.0000000000000000   0.0000000000000000   0.0000000000000000   0.0000000000000000   0.0000000000000000   0.0000000000000000   0.0000000000000000   0.0000000000000000   0.0000000000000000   0.0000000000000000   0.0000000000000000   0.0000000000000000   0.0000000000000000   0.0000000000000000   0.0000000000000000   0.0000000000000000   0.0000000000000000   0.0000000000000000   0.0000000000000000   0.0000000000000000   0.0000000000000000   0.0000000000000000   0.0000000000000000   0.0000000000000000   0.0000000000000000   0.0000000000000000   0.0000000000000000   0.0000000000000000   0.0000000000000000   0.0000000000000000   0.0000000000000000   0.0000000000000000   0.0000000000000000   0.0000000000000000   0.0000000000000000   0.0000000000000000   0.0000000000000000   0.0000000000000000   0.0000000000000000   0.0000000000000000   0.0000000000000000   0.0000000000000000   0.0000000000000000   0.0000000000000000   0.0000000000000000   0.0000000000000000   0.0000000000000000   0.0000000000000000   0.0000000000000000   0.0000000000000000   0.0000000000000000   0.0000000000000000   0.0000000000000000   0.0000000000000000   0.0000000000000001   0.0000000000000002   0.0000000000000004   0.0000000000000010   0.0000000000000020   0.0000000000000043   0.0000000000000089   0.0000000000000180   0.0000000000000358   0.0000000000000704   0.0000000000001359   0.0000000000002581   0.0000000000004825   0.0000000000008875   0.0000000000016066   0.0000000000028623   0.0000000000050194   0.0000000000086645   0.0000000000147248   0.0000000000246537   0.0000000000406546   0.0000000006235606   0.0000000012809716   0.8089620942286103   0.0000000000000000   0.0000000000000000   0.0000000000000000   0.0000000000000000   0.0000000206816188   0.0000000297660838   0.0000000383095714   0.0000000492501439   0.0000000630358868   0.0000000802933971   0.0000001025075612   0.0000001331148526   0.0000001618850848   0.0000001904037422   0.2586672163061658   0.8676188080468179   0.9507786574933970   0.9798415233475596   0.9999998130563310   0.9999998365610832   0.9999998637689755   0.9999998887120942   0.9999999096265249   0.9999999261402365   0.9999999386851887   0.9999999482791830   0.9999999558405830   0.9999999619760160   0.9999999670847866   0.9999999713628979   0.9999999748943000   0.9999999777793354   0.9999999801495815   0.9999999821527816   0.9999999839398864   0.9999999856024685   0.9999999871290257   0.9999999884801629   0.9999999896328111   0.9999999905808685   0.9999999913282864   0.9999999918973944   0.9999999923590246   0.9999999927641523   0.9999999930422856   0.9999999930407262   0.9999999925613327   0.9999999920430277   0.9999999918495449   0.9999999918546123   0.9999999897596509   0.9999999859820782   0.9999999741817363   0.0000000000000000   0.0000000000000000   0.0000000000000000
   0.0000000000000000   0.0000000000000000   0.0000000000000000   0.0000000000000000   0.0000000000000000   0.0000000000000000   0.0000000000000000   0.0000000000000000   0.0000000000000000   0.0000000000000000   0.0000000000000000   0.0000000000000000   0.0000000000000000   0.0000000000000000   0.0000000000000000   0.0000000000000000   0.0000000000000000   0.0000000000000000   0.0000000000000000   0.0000000000000000   0.0000000000000000   0.0000000000000000   0.0000000000000000   0.0000000000000000   0.0000000000000000   0.0000000000000000   0.0000000000000000   0.0000000000000000   0.0000000000000000   0.0000000000000000   0.0000000000000000   0.0000000000000000   0.0000000000000000   0.0000000000000000   0.0000000000000000   0.0000000000000000   0.0000000000000000   0.0000000000000000   0.0000000000000000   0.0000000000000000   0.0000000000000000   0.0000000000000000   0.0000000000000000   0.0000000000000000   0.0000000000000000   0.0000000000000000   0.0000000000000000   0.0000000000000000   0.0000000000000000   0.0000000000000000   0.0000000000000000   0.0000000000000000   0.0000000000000000   0.0000000000000000   0.0000000000000000   0.0000000000000000   0.0000000000000000   0.0000000000000000   0.0000000000000000   0.0000000000000000   0.0000000000000000   0.0000000000000000   0.0000000000000000   0.0000000000000000   0.0000000000000000   0.0000000000000000   0.0000000000000000   0.0000000000000000   0.0000000000000000   0.0000000000000000   0.0000000000000000   0.0000000000000000   0.0000000000000000   0.0000000000000000   0.0000000000000000   0.0000000000000000   0.0000000000000000   0.0000000000000000   0.0000000000000000   0.0000000000000000   0.0000000000000000   0.0000000000000001   0.0000000000000001   0.0000000000000003   0.0000000000000007   0.0000000000000014   0.0000000000000030   0.0000000000000063   0.0000000000000128   0.0000000000000261   0.0000000000000524   0.0000000000001050   0.0000000000002110   0.0000000000004299   0.0000000000008980   0.0000000000019455   0.0000000000044014   0.0000000000103958   0.0000000000254416   0.0000000000637613   0.0000000001616320   0.0000000004198493   0.0000000010565308   0.0000000518262698   0.0000004291215198   0.8524066175798659   0.0000000000000000   0.0000000000000000   0.0000000000000000   0.0000000000000000   0.0000009443769837   0.0000012165726349   0.0000015704680259   0.0000020226443305   0.0000025980902375   0.0000036418907810   0.0000047151262236   0.0000060072696657   0.0009076892965137   0.4063797417220483   0.8817681774018661   0.9527146906233346   0.9780968388800890   0.9999998185050296   0.9999998400980461   0.9999998658532966   0.9999998895671097   0.9999999086344411   0.9999999239819185   0.9999999362377023   0.9999999459004155   0.9999999535670736   0.9999999597531528   0.9999999648440594   0.9999999691555845   0.9999999728437742   0.9999999759505749   0.9999999785234777   0.9999999806453396   0.9999999824323750   0.9999999840388659   0.9999999855989057   0.9999999871135419   0.9999999885113486   0.9999999897373343   0.9999999907654048   0.9999999915819049   0.9999999921867819   0.9999999926713059   0.9999999931805399   0.9999999937058429   0.9999999941145382   0.9999999937531172   0.9999999929074556   0.9999999917926217   0.9999999904463805   0.9999999882627995   0.9999999849757424   0.9999999780510650   0.9999999659582480   0.0000000000000000   0.0000000000000000
   0.0000000000000000   0.0000000000000000   0.0000000000000000   0.0000000000000000   0.0000000000000000   0.0000000000000000   0.0000000000000000   0.0000000000000000   0.0000000000000000   0.0000000000000000   0.0000000000000000   0.0000000000000000   0.0000000000000000   0.0000000000000000   0.0000000000000000   0.0000000000000000   0.0000000000000000   0.0000000000000000   0.0000000000000000   0.0000000000000000   0.0000000000000000   0.0000000000000000   0.0000000000000000   0.0000000000000000   0.0000000000000000   0.0000000000000000   0.0000000000000000   0.0000000000000000   0.0000000000000000   0.0000000000000000   0.0000000000000000   0.0000000000000000   0.0000000000000000   0.0000000000000000   0.0000000000000000   0.0000000000000000   0.0000000000000000   0.0000000000000000   0.0000000000000000   0.0000000000000000   0.0000000000000000   0.0000000000000000   0.0000000000000000   0.0000000000000000   0.0000000000000000   0.0000000000000000   0.0000000000000000   0.0000000000000000   0.0000000000000000   0.0000000000000000   0.0000000000000000   0.0000000000000000   0.0000000000000000   0.0000000000000000   0.0000000000000000   0.0000000000000000   0.0000000000000000   0.0000000000000000   0.0000000000000000   0.0000000000000000   0.0000000000000000   0.0000000000000000   0.0000000000000000   0.0000000000000000   0.0000000000000000   0.0000000000000000   0.0000000000000001   0.0000000000000001   0.0000000000000001   0.0000000000000001   0.0000000000000001   0.0000000000000001   0.0000000000000001   0.0000000000000001   0.0000000000000001   0.0000000000000001   0.0000000000000001   0.0000000000000001   0.0000000000000001   0.0000000000000002   0.0000000000000003   0.0000000000000006   0.0000000000000017   0.0000000000000052   0.0000000000000162   0.0000000000000504   0.0000000000001539   0.0000000000004595   0.0000000000013393   0.0000000000038103   0.0000000000105814   0.0000000000286947   0.0000000000760236   0.0000000001968840   0.0000000004986882   0.0000000012360833   0.0000000029998970   0.0000000071324221   0.0000000166214419   0.0000000379868646   0.0000000851723760   0.0000001881933616   0.0000004073308651   0.0000025905914976   0.0284829883590856   0.9056917319903023   0.0000000000000000   0.0000000000000000   0.0000000000000000   0.0000471334966046   0.0000773933291532   0.0001018881349148   0.0001436538335260   0.0002177885565442   0.0003776333752833   0.0005414566647190   0.0007632612246474   0.1199410473060432   0.7562425358624009   0.9161842204581708   0.9608814594645955   0.9811602414323993   0.9999998190953235   0.9999998385447467   0.9999998644393429   0.9999998889527860   0.9999999083868389   0.9999999230496530   0.9999999344864785   0.9999999437643888   0.9999999514005797   0.9999999577158251   0.9999999629462272   0.9999999673034979   0.9999999710267038   0.9999999742443936   0.9999999769851383   0.9999999792688085   0.9999999811417702   0.9999999826936171   0.9999999840859305   0.9999999855154468   0.9999999870204607   0.9999999884884165   0.9999999898161828   0.9999999909520607   0.9999999918641538   0.9999999925153118   0.9999999930071953   0.9999999936836295   0.9999999946231004   0.9999999958129012   0.9999999963757533   0.9999999962019757   0.9999999956145461   0.9999999946192157   0.9999999930034063   0.9915039304992456   0.9999999819180750   0.9999999707175756   0.0000000000000000   0.0000000000000000
   0.0000000000000000   0.0000000000000000   0.0000000000000000   0.0000000000000000   0.0000000000000000   0.0000000000000000   0.0000000000000000   0.0000000000000000   0.0000000000000000   0.0000000000000000   0.0000000000000000   0.0000000000000000   0.0000000000000009   0.0000000000000009   0.0000000000000009   0.0000000000000009   0.0000000000000009   0.0000000000000009   0.0000000000000009   0.0000000000000009   0.0000000000000009   0.0000000000000010   0.0000000000000010   0.0000000000000010   0.0000000000000010   0.0000000000000010   0.0000000000000010   0.0000000000000010   0.0000000000000010   0.0000000000000010   0.0000000000000010   0.0000000000000011   0.0000000000000011   0.0000000000000011   0.0000000000000011   0.0000000000000011   0.0000000000000011   0.0000000000000011   0.0000000000000012   0.0000000000000012   0.0000000000000012   0.0000000000000012   0.0000000000000012   0.0000000000000013   0.0000000000000013   0.0000000000000013   0.0000000000000014   0.0000000000000014   0.0000000000000014   0.0000000000000015   0.0000000000000015   0.0000000000000015   0.0000000000000016   0.0000000000000017   0.0000000000000017   0.0000000000000018   0.0000000000000019   0.0000000000000019   0.0000000000000020   0.0000000000000021   0.0000000000000022   0.0000000000000024   0.0000000000000025   0.0000000000000027   0.0000000000000028   0.0000000000000030   0.0000000000000032   0.0000000000000033   0.0000000000000035   0.0000000000000038   0.0000000000000040   0.0000000000000042   0.0000000000000045   0.0000000000000048   0.0000000000000052   0.0000000000000059   0.0000000000000076   0.0000000000000123   0.0000000000000266   0.0000000000000695   0.0000000000001971   0.0000000000005671   0.0000000000016150   0.0000000000045098   0.0000000000123142   0.0000000000328603   0.0000000000857098   0.0000000002186156   0.0000000005455698   0.0000000013328508   0.0000000031895154   0.0000000074805218   0.0000000172051398   0.0000000388298702   0.0000000860454865   0.0000001873407704   0.0000004010147685   0.0000008443926486   0.0000017499267144   0.0000035714222638   0.0000071821850544   0.0000142667649444   0.0000278058415291   0.0000818280390650   0.1038018693868982   0.0000000000000000   0.0000000000000000   0.0008778291430397   0.0020025305148475   0.0034743972879150   0.0053946165469505   0.0083245970395294   0.0125898278972260   0.0187168773511087   0.0265092168752567   0.0335080124278514   0.3128734653538676   0.8442614316429976   0.9318652962799560   0.9648591150763574   0.9826075180037820   0.9986506838307404   0.9999998313877224   0.9999998591106212   0.9999998854084294   0.9999999065200142   0.9999999223152222   0.9999999337593245   0.9999999424299911   0.9999999495701131   0.9999999557319462   0.9999999610716828   0.9999999656371376   0.9999999694969097   0.9999999727934248   0.9999999756414211   0.9999999780734743   0.9999999800924617   0.9999999817112647   0.9999999829987252   0.9999999841339826   0.9999999853961095   0.9999999868818613   0.9999999884256942   0.9999999898591558   0.9999999911032337   0.9999999921109414   0.9999999927804963   0.9999999931922398   0.9999999942236986   0.9999999961557724   0.9999999972271910   0.0000000000000000   0.0000000000000000   0.0000000000000000   0.0000000000000000   0.0000000000000000   0.9762996169389905   0.9998372252294622   0.9999999562810323   0.0000000000000000   0.0000000000000000
   0.0000000000000000   0.0000000000000000   0.0000000000000000   0.0000000000000000   0.0000000000000000   0.0000000000000000   0.0000000000000000   0.0000000000000000   0.0000000000000000   0.0000000000000000   0.0000000000000000   0.0000000000000758   0.0000000000000929   0.0000000000000934   0.0000000000000940   0.0000000000000947   0.0000000000000954   0.0000000000000961   0.0000000000000968   0.0000000000000976   0.0000000000000984   0.0000000000000993   0.0000000000001002   0.0000000000001011   0.0000000000001021   0.0000000000001031   0.0000000000001041   0.0000000000001052   0.0000000000001063   0.0000000000001075   0.0000000000001088   0.0000000000001100   0.0000000000001114   0.0000000000001128   0.0000000000001143   0.0000000000001158   0.0000000000001174   0.0000000000001191   0.0000000000001209   0.0000000000001228   0.0000000000001247   0.0000000000001268   0.0000000000001290   0.0000000000001314   0.0000000000001339   0.0000000000001366   0.0000000000001394   0.0000000000001425   0.0000000000001459   0.0000000000001496   0.0000000000001535   0.0000000000001579   0.0000000000001627   0.0000000000001680   0.0000000000001739   0.0000000000001804   0.0000000000001877   0.0000000000001957   0.0000000000002046   0.0000000000002144   0.0000000000002252   0.0000000000002371   0.0000000000002500   0.0000000000002641   0.0000000000002794   0.0000000000002959   0.0000000000003136   0.0000000000003325   0.0000000000003528   0.0000000000003745   0.0000000000003982   0.0000000000004260   0.0000000000004633   0.0000000000005274   0.0000000000006680   0.0000000000010266   0.0000000000019961   0.0000000000046389   0.0000000000117614   0.0000000000305998   0.0000000000793908   0.0000000002030849   0.0000000005101445   0.0000000012570304   0.0000000030386885   0.0000000072111249   0.0000000168161309   0.0000000385778936   0.0000000870920734   0.0000001935585849   0.0000004237324893   0.0000009143446899   0.0000019461942673   0.0000040893347022   0.0000084888350560   0.0000174199363775   0.0000352264439314   0.0000698603750661   0.0001353868699162   0.0002556885644877   0.0004695926646794   0.0008377089701368   0.0014440697719898   0.0024668664704741   0.0293219228546014   0.0357605233823546   0.0443033736712151   0.0548874403371585   0.0669548831950586   0.0817330379100360   0.0994164820394599   0.1197096804051880   0.1425169769205355   0.1664611028363519   0.1871964795594408   0.5244344258190012   0.8787753879796284   0.9440205697985077   0.9709516825917094   0.9854869088807550   0.9967638504429192   0.9999998184981029   0.9999998495862351   0.9999998801070655   0.9999999031122996   0.9999999201865348   0.9999999329508799   0.9999999419685853   0.9999999487181315   0.9999999543687390   0.9999999594552775   0.9999999640819475   0.9999999682014583   0.9999999717520834   0.9999999747226211   0.9999999772611716   0.9999999794106588   0.9999999811520156   0.9999999824626488   0.9999999834095136   0.9999999842127696   0.9999999852518933   0.9999999866844193   0.9999999882810824   0.9999999897938766   0.9999999911170631   0.9999999921938196   0.9999999928190331   0.9999999928807087   0.9999999938177273   0.9999999964832492   0.0000000000000000   0.0000000000000000   0.0000000000000000   0.0000000000000000   0.0000000000000000   0.0000000000000000   0.9999999199276117   0.9999999358832136   0.9999999233327757   0.0000000000000000   0.0000000000000000
   0.0000000000000000   0.0000000000000000   0.0000000000000000   0.0000000000000000   0.0000000000000000   0.0000000000000000   0.0000000000000000   0.0000000000000000   0.0000000000000000   0.0000000000000000   0.0000000000059712   0.0000000000072800   0.0000000000072966   0.0000000000073389   0.0000000000073863   0.0000000000074350   0.0000000000074863   0.0000000000075404   0.0000000000075970   0.0000000000076563   0.0000000000077183   0.0000000000077829   0.0000000000078503   0.0000000000079206   0.0000000000079937   0.0000000000080699   0.0000000000081492   0.0000000000082318   0.0000000000083179   0.0000000000084075   0.0000000000085009   0.0000000000085984   0.0000000000087001   0.0000000000088063   0.0000000000089173   0.0000000000090335   0.0000000000091552   0.0000000000092828   0.0000000000094168   0.0000000000095576   0.0000000000097059   0.0000000000098623   0.0000000000100277   0.0000000000102028   0.0000000000103889   0.0000000000105873   0.0000000000107993   0.0000000000110270   0.0000000000112724   0.0000000000115380   0.0000000000118269   0.0000000000121424   0.0000000000124885   0.0000000000128696   0.0000000000132903   0.0000000000137561   0.0000000000142725   0.0000000000148452   0.0000000000154804   0.0000000000161840   0.0000000000169617   0.0000000000178189   0.0000000000187606   0.0000000000197917   0.0000000000209171   0.0000000000221446   0.0000000000234911   0.0000000000250010   0.0000000000267979   0.0000000000292207   0.0000000000331797   0.0000000000410564   0.0000000000589377   0.0000000001022800   0.0000000002114221   0.0000000004880898   0.0000000011813276   0.0000000028924849   0.0000000070500883   0.0000000169972033   0.0000000404526792   0.0000000950299408   0.0000002205261150   0.0000005061489297   0.0000011507735681   0.0000025965798088   0.0000058271028112   0.0000129662711391   0.0000279986375046   0.0000581402364795   0.0001159536052999   0.0002223579355700   0.0004107029821614   0.0007319046501812   0.0012603929384997   0.0021002670166832   0.0033907306493445   0.0053094707840479   0.0080723128259443   0.0119276457042213   0.0171444020632882   0.0239929315769130   0.0327285911955019   0.0434074033108204   0.0557598791511802   0.0699456598168734   0.0857803125519097   0.1033214294229799   0.1223081830171434   0.1418554221615531   0.1613394556438251   0.1801961438362137   0.1978459322058815   0.2066906660906953   0.4219884373026124   0.8743066349095014   0.9469000728511751   0.9723930225211399   0.9864026539049110   0.9957097407756986   0.9999998043828734   0.9999998368024434   0.9999998723647544   0.9999998997930204   0.9999999184583469   0.9999999316136088   0.9999999414738628   0.9999999485721234   0.9999999541005077   0.9999999588832146   0.9999999632089265   0.9999999672973997   0.9999999711324957   0.9999999745253229   0.9999999771991722   0.9999999794751725   0.9999999813586962   0.9999999827463856   0.9999999835606995   0.9999999839792739   0.9999999843120883   0.9999999850423190   0.9999999863625185   0.9999999879835724   0.9999999895646859   0.9999999909775869   0.9999999922004310   0.9999999930691356   0.9999999928144300   0.9999999928903253   0.9999999947532645   0.9999999949074592   0.0000000000000000   0.0000000000000000   0.8520039313397082   0.9772263202767524   0.0000000000000000   0.0000000000000000   0.0000000000000000   0.0000000000000000   0.0000000000000000   0.0000000000000000
   0.0000000000000000   0.0000000000000000   0.0000000000000000   0.0000000000000000   0.0000000000000000   0.0000000000000000   0.0000000000000000   0.0000000000000000   0.0000000000000000   0.0000000004678715   0.0000000005715909   0.0000000005724692   0.0000000005753662   0.0000000005787609   0.0000000005821925   0.0000000005858443   0.0000000005897107   0.0000000005937883   0.0000000005980751   0.0000000006025704   0.0000000006072751   0.0000000006121910   0.0000000006173214   0.0000000006226707   0.0000000006282445   0.0000000006340497   0.0000000006400946   0.0000000006463887   0.0000000006529427   0.0000000006597692   0.0000000006668823   0.0000000006743010   0.0000000006820434   0.0000000006901293   0.0000000006985810   0.0000000007074229   0.0000000007166823   0.0000000007263892   0.0000000007365772   0.0000000007472840   0.0000000007585522   0.0000000007704301   0.0000000007829734   0.0000000007962464   0.0000000008103242   0.0000000008252953   0.0000000008412638   0.0000000008583529   0.0000000008767080   0.0000000008964999   0.0000000009179279   0.0000000009412221   0.0000000009666452   0.0000000009944934   0.0000000010250975   0.0000000010588240   0.0000000010960588   0.0000000011371446   0.0000000011826214   0.0000000012330463   0.0000000012889429   0.0000000013509725   0.0000000014202167   0.0000000014990286   0.0000000015935143   0.0000000017207422   0.0000000019299680   0.0000000023665648   0.0000000034702213   0.0000000066075786   0.0000000161398659   0.0000000462750598   0.0000001438352594   0.0000004632958038   0.0000014883850467   0.0000041613255662   0.0000100868469830   0.0000220276766419   0.0000445428415544   0.0000848848271220   0.0001542224002872   0.0002692546528691   0.0004542703647626   0.0007436775164090   0.0011849720151214   0.0018420211297742   0.0027983890273901   0.0041602686662275   0.0060587758943701   0.0086505388844637   0.0121158836916751   0.0166538625058304   0.0224734536373664   0.0297806398615311   0.0387616180006812   0.0495630957687953   0.0622713946817158   0.0768927500069103   0.0933376124277626   0.1114117190443818   0.1308162552784430   0.1511575371405934   0.1719726540531877   0.1927763516626588   0.2130785457066617   0.2323800502267821   0.2502284932804865   0.2662524834008664   0.2802009707557933   0.2919670510131409   0.3015404902586208   0.3091740982875195   0.3111004008427493   0.3563399062820451   0.8648165003233794   0.9453528494254198   0.9689536351420995   0.9842254734005440   0.9951145064883923   0.9999997949061401   0.9999998279112035   0.9999998667490070   0.9999998964233295   0.9999999172384438   0.9999999330203884   0.9999999426165938   0.9999999489720472   0.9999999543212579   0.9999999590989349   0.9999999636579923   0.9999999674382254   0.9999999709472004   0.9999999744259018   0.9999999777431310   0.9999999800319926   0.9999999821698358   0.9999999840600188   0.9999999853720917   0.9999999854415954   0.9999999846996209   0.9999999843459690   0.9999999846717691   0.9999999858465736   0.9999999875378769   0.9999999892725989   0.9999999909024868   0.9999999925205132   0.9999999944729147   0.9999999942613254   0.9999999933734224   0.9999999935061480   0.9999999935124073   0.9999999935404417   0.0000000000000000   0.8985507912710793   0.9630823011390526   0.9999997851672388   0.0000000000000000   0.0000000000000000   0.0000000000000000   0.0000000000000000   0.0000000000000000
   0.0000000000000000   0.0000000000000000   0.0000000000000000   0.0000000000000000   0.0000000000000000   0.0000000000000000   0.0000000000000000   0.0000000000000000   0.0000000412800739   0.0000000454147260   0.0000000454459654   0.0000000456376557   0.0000000458675702   0.0000000461086535   0.0000000463696284   0.0000000466499153   0.0000000469488162   0.0000000472658791   0.0000000476007550   0.0000000479531859   0.0000000483229965   0.0000000487100847   0.0000000491144144   0.0000000495360080   0.0000000499749401   0.0000000504313320   0.0000000509053456   0.0000000513971779   0.0000000519070545   0.0000000524352240   0.0000000529822483   0.0000000535518696   0.0000000541452919   0.0000000547637894   0.0000000554087822   0.0000000560818338   0.0000000567846600   0.0000000575191466   0.0000000582873734   0.0000000590916487   0.0000000599345519   0.0000000608189865   0.0000000617482469   0.0000000627261009   0.0000000637568919   0.0000000648456612   0.0000000659982909   0.0000000672216693   0.0000000685238878   0.0000000699145462   0.0000000714055633   0.0000000730144671   0.0000000747796149   0.0000000768321572   0.0000000797387143   0.0000000861616954   0.0000001091911300   0.0000002165617050   0.0000006892866580   0.0000019434033810   0.0000046243666523   0.0000097959675107   0.0000191578342865   0.0000353512816623   0.0000623735466493   0.0001061183917017   0.0001750549389030   0.0002810454882416   0.0004402871880338   0.0006743429493146   0.0010112060852100   0.0014863231591938   0.0021434806521914   0.0030354347719833   0.0042241172905121   0.0057806083933104   0.0077846907623304   0.0103237830969107   0.0134914453193330   0.0173853981487901   0.0221050471519367   0.0277484824072556   0.0344089019832291   0.0421703931931630   0.0511030235010237   0.0612572330532868   0.0726576403346669   0.0852965327593462   0.0991275039706940   0.1140599170170779   0.1299550229802342   0.1466246338223716   0.1638331738845805   0.1813036876565087   0.1987279791328602   0.2157805270277568   0.2321352160653095   0.2474834214630076   0.2615520735041775   0.2741193263807650   0.2850253129069111   0.2941788508544187   0.3015576775568689   0.3072030475694178   0.3112116227344466   0.3137250009877360   0.3149153037066291   0.3149704952252008   0.3140800946181633   0.3124177121301434   0.3102076635783112   0.3071479216164986   0.2984116189463166   0.8024512355357731   0.9339945929242331   0.9609952048060318   0.9785113321895343   0.9926752194906573   0.9999997875721716   0.9999998214050970   0.9999998635997335   0.9999998964564100   0.9999999192630247   0.9999999350148334   0.9999999489652232   0.9999999547269114   0.9999999552896762   0.9999999594962055   0.9999999654368112   0.9999999740819351   0.9999999776222466   0.9999999782481189   0.9999999805103078   0.9999999854312560   0.9999999872694233   0.9999999873374542   0.9999999886260118   0.9999999911711153   0.9999999917733953   0.9999999882442459   0.9999999860074125   0.9999999848410039   0.9999999854043855   0.9999999871076563   0.9999999890665449   0.9999999910250532   0.9999999934176363   0.9999999964177895   0.9999999965889794   0.9999999961091027   0.9972396186311423   0.9933078025058457   0.9887757577980266   0.9716697553402510   0.9594181228648390   0.9759084083810804   0.9999999123434634   0.0000000000000000   0.0000000000000000   0.0000000000000000   0.0000000000000000   0.0000000000000000
   0.0000000000000000   0.0000000000000000   0.0000000000000000   0.0000000000000000   0.0000000000000000   0.0000000000000000   0.0000000000000000   0.0000000000000000   0.0000021994649726   0.0000021948333782   0.0000022043944873   0.0000022129201972   0.0000022224389245   0.0000022329393668   0.0000022443679417   0.0000022566841807   0.0000022698565632   0.0000022838607800   0.0000022986793612   0.0000023143012990   0.0000023307217242   0.0000023479416410   0.0000023659677201   0.0000023848121553   0.0000024044925861   0.0000024250320852   0.0000024464592120   0.0000024688081302   0.0000024921188146   0.0000025164521404   0.0000025638202004   0.0000028179660975   0.0000033891597880   0.0000044254575408   0.0000061222714773   0.0000087339408086   0.0000125878522062   0.0000181016900092   0.0000258044112996   0.0000363616333844   0.0000506063250212   0.0000695759905617   0.0000945579072049   0.0001271444203690   0.0001693008419981   0.0002234491653712   0.0002925716306955   0.0003803391456994   0.0004912706483556   0.0006309306141194   0.0008061729169978   0.0010254399334790   0.0012991258148272   0.0016400118128967   0.0020637788189841   0.0025895967688720   0.0032407788824547   0.0040454542427120   0.0050371498786694   0.0062555895018285   0.0077472350171744   0.0095655698082815   0.0117710977998649   0.0144309003092391   0.0176176366350455   0.0214078939003357   0.0258798299747047   0.0311101111793909   0.0371702190125330   0.0441222773780090   0.0520146387353403   0.0608775263964824   0.0707190786155950   0.0815221397322684   0.0932421057652563   0.1058060531971487   0.1191132731909193   0.1330372090603396   0.1474286698192137   0.1621200972682067   0.1769305989509949   0.1916714232017465   0.2061515716846194   0.2201832838099503   0.2335875720038447   0.2461993076775005   0.2578710656801537   0.2684773344610726   0.2779179711532594   0.2861209653239864   0.2930444030754363   0.2986774552305253   0.3030402185180064   0.3061823012562753   0.3081799557061623   0.3091320369927782   0.3091549717104429   0.3083771073075195   0.3069316938411825   0.3049503849928987   0.3025598704830534   0.2998762420243196   0.2970017064057139   0.2940225047640394   0.2910079718384974   0.2880106543919846   0.2850675351926347   0.2822017722202503   0.2794250749670985   0.2767348845135920   0.2743467688958103   0.2688680895792871   0.3051208906375222   0.8841433034341825   0.9490557783237659   0.9720960974994723   0.9897881919383139   0.9999997798590223   0.9999998150965698   0.9999998609852687   0.9999998973453252   0.9999999241454989   0.9999999461281298   0.9999999575434333   0.0000000000000000   0.0000000000000000   0.9999999368137491   0.9999999531517901   0.9999999692862392   0.0000000000000000   0.0000000000000000   0.9999999622120797   0.9999999806809337   0.0000000000000000   0.0000000000000000   0.9999999780462462   0.9999999897181990   0.0000000000000000   0.0000000000000000   0.9999999871956734   0.9999999855981722   0.9999999840344358   0.9999999845108629   0.9999999864097655   0.9999999886150100   0.9999999908371174   0.9999999944310093   0.0000000000000000   0.0000000000000000   0.0000000000000000   0.9835275567871626   0.9904530364670714   0.9969035839364692   0.9971578963648999   0.9886347176833090   0.9933661008483248   0.0000000000000000   0.0000000000000000   0.0000000000000000   0.0000000000000000   0.0000000000000000   0.0000000000000000
   0.0000000000000000   0.0017708890181918   0.0080680317197410   0.0000000000000000   0.0000000000000000   0.0000000000000000   0.0000000000000000   0.0000000000000000   0.0001248795894439   0.0001248021348399   0.0001271660463271   0.0001341526703663   0.0001488702773485   0.0001738263005369   0.0002117468638841   0.0002655492595540   0.0003383533847168   0.0004334920389629   0.0005545214229136   0.0007052316455401   0.0008896573353627   0.0011120884294903   0.0013770812248217   0.0016894697746496   0.0020543777030728   0.0024772304940531   0.0029637682965396   0.0035200592782699   0.0041525135653131   0.0048678978185733   0.0056733283656403   0.0065761464896478   0.0075841714479331   0.0087056075986473   0.0099490553654128   0.0113235234060847   0.0128384428088098   0.0145036832406658   0.0163295713399954   0.0183269129017291   0.0205070190300240   0.0228817383501494   0.0254634967022373   0.0282653446665113   0.0313010128437326   0.0345849737587336   0.0381325074200036   0.0419597648442430   0.0460838201231202   0.0505226968470132   0.0552953490435221   0.0604215705940883   0.0659218009953237   0.0718167902783209   0.0781270831451163   0.0848722834404234   0.0920700665836764   0.0997349209384850   0.1078766194769023   0.1164984512409686   0.1255952802609301   0.1351515350815065   0.1451392723895528   0.1555164911326239   0.1662258909038199   0.1771942657801143   0.1883326922591650   0.1995377283925510   0.2106938435784470   0.2216761499786855   0.2323544052248477   0.2425976141272057   0.2522788984412365   0.2612803496640924   0.2694975290145377   0.2768433087983759   0.2832508132433149   0.2886753101446974   0.2930950200264025   0.2965107787055151   0.2989448083441153   0.3004387240188571   0.3010509760830045   0.3008541085626920   0.2999309593488971   0.2983710377625592   0.2962690533917480   0.2937212744592287   0.2908229290544698   0.2876658691836146   0.2843366420136579   0.2809149185667629   0.2774721844861437   0.2740706687347704   0.2707627423909090   0.2675906232653695   0.2645863518515774   0.2617721096764746   0.2591611284065540   0.2567586165241167   0.2545620441432530   0.2525625739426808   0.2507462848658438   0.2490953938796655   0.2475894551605075   0.2462064870393927   0.2449239903398659   0.2437199908658084   0.2425709619830352   0.2414825273081068   0.2403899310776125   0.2307421175012073   0.6424028392417352   0.9279116665914873   0.9638847622290150   0.9854765110365621   0.9999997714058245   0.9999998053100503   0.9999998560829882   0.9999998984391133   0.9999999288196103   0.9999999478179367   0.0000000000000000   0.0000000000000000   0.0000000000000000   0.0000000000000000   0.0000000000000000   0.0000000000000000   0.0000000000000000   0.0000000000000000   0.0000000000000000   0.0000000000000000   0.0000000000000000   0.0000000000000000   0.0000000000000000   0.0000000000000000   0.0000000000000000   0.0000000000000000   0.0000000000000000   0.9999999828243309   0.9999999866294863   0.9999999833427233   0.9999999831760148   0.9999999851979381   0.9999999876604244   0.9999999900286047   0.9999999943947584   0.0000000000000000   0.0000000000000000   0.0000000000000000   0.9934596961285543   0.9999999832894758   0.9999999816911765   0.0000000000000000   0.0000000000000000   0.0000000000000000   0.0000000000000000   0.0000000000000000   0.0000000000000000   0.0000000000000000   0.0000000000000000   0.0000000000000000
   0.0000000000000000   0.1116654551661391   0.1171261819249272   0.1214504144218205   0.6334719464556269   0.0000000000000000   0.0000000000000000   0.0000000000000000   0.0079585802267344   0.0125465930681466   0.0174153911107972   0.0223621668497325   0.0273964450298799   0.0325169491876250   0.0377225879140504   0.0430119123818037   0.0483831719886296   0.0538343248322565   0.0593630371491584   0.0649666751044067   0.0706422938636056   0.0763866278044431   0.0821960840719864   0.0880667400484113   0.0939943440923053   0.0999743182065621   0.1060017610558936   0.1120714498652949   0.1181778400859084   0.1243150621955555   0.1304769157750557   0.1366568617695501   0.1428480105190628   0.1490431067105087   0.1552345109605014   0.1614141939286374   0.1675738031252149   0.1737047328359557   0.1797979791877848   0.1858441059208740   0.1918332962105104   0.1977553714940518   0.2035997946667850   0.2093556658774220   0.2150117100452645   0.2205562539660580   0.2259771905229480   0.2312619276851481   0.2363973207259964   0.2413695875595301   0.2461642094507014   0.2507658227054377   0.2551581112560518   0.2593237150707850   0.2632441745085973   0.2668999353292887   0.2702704423819096   0.2733343529272661   0.2760698949548086   0.2784553688929961   0.2804698232994433   0.2820938912158518   0.2833107366522119   0.2841070745877375   0.2844741968471088   0.2844089323992914   0.2839145170587323   0.2830010776093618   0.2816851268659546   0.2799904896714241   0.2779475269559775   0.2755922812158493   0.2729654096971432   0.2701109123061428   0.2670747490159576   0.2639034408874519   0.2606427435921416   0.2573364643437415   0.2540254498422861   0.2507468802312032   0.2475337439719098   0.2444145286272588   0.2414131199573832   0.2385488503771814   0.2358369701694640   0.2332890891375187   0.2309129191134363   0.2287127483652477   0.2266901798135850   0.2248447761983130   0.2231762078740258   0.2216837893262981   0.2203651668350857   0.2192168771342006   0.2182350697580488   0.2174149861095626   0.2167499478051071   0.2162313988459930   0.2158492243669745   0.2155918973696405   0.2154465815343166   0.2153993476434660   0.2154355066863645   0.2155400509635720   0.2156981527829337   0.2158956559797050   0.2161195022934590   0.2163581951830627   0.2165964749638497   0.2169552095402531   0.2156559370045906   0.2351257826722849   0.8737942806684900   0.9536625923226266   0.9785470970427815   0.9980891840239157   0.9999997933408695   0.9999998456258130   0.9999998930331344   0.9999999270880904   0.9999999485246781   0.0000000000000000   0.0000000000000000   0.0000000000000000   0.0000000000000000   0.0000000000000000   0.0000000000000000   0.0000000000000000   0.0000000000000000   0.0000000000000000   0.0000000000000000   0.0000000000000000   0.0000000000000000   0.0000000000000000   0.0000000000000000   0.0000000000000000   0.0000000000000000   0.0000000000000000   0.0000000000000000   0.0000000000000000   0.9999999885067686   0.9999999835205715   0.9999999818481903   0.9999999836774049   0.9999999863850316   0.9999999889932253   0.9999999931448126   0.9999999893460413   0.9999999695373747   0.0000000000000000   0.9999999289338689   0.9999999625140025   0.0000000000000000   0.0000000000000000   0.0000000000000000   0.0000000000000000   0.0000000000000000   0.0000000000000000   0.0000000000000000   0.0000000000000000   0.0000000000000000   0.0000000000000000
   0.0000000000000000   0.1819972615458624   0.1819104538403045   0.1796439172998732   0.3105941688966495   0.3201272468139267   0.3217251128253771   0.3284631582159008   0.3304967058287135   0.3305092573565608   0.3305927859767163   0.3305705760892265   0.3304505840542146   0.3302293504812404   0.3299045314939041   0.3294744640445846   0.3289383065224861   0.3282959788425001   0.3275479941444319   0.3266952465403960   0.3257388154361168   0.3246798248187289   0.3235193707863626   0.3222585113313400   0.3208983017689023   0.3194398561313108   0.3178844164841273   0.3162334159759677   0.3144885260311998   0.3126516827514820   0.3107250919527820   0.3087112162324261   0.3066127512047684   0.3044326020238244   0.3021738717855729   0.2998398416015242   0.2974337888137753   0.2949588045752223   0.2924181358960803   0.2898151955450323   0.2871534572294913   0.2844364380266193   0.2816676909488972   0.2788508032641612   0.2759893955453423   0.2730871206693111   0.2701476638242147   0.2671747451301906   0.2641721269526838   0.2611436283294516   0.2580931490623798   0.2550247058579957   0.2519424823437210   0.2488508937848556   0.2457546658956685   0.2426589253320234   0.2395692972533867   0.2364920008840571   0.2334339332704331   0.2304027498955375   0.2274069067596333   0.2244556543413011   0.2215589943551616   0.2187275803333723   0.2159725592675956   0.2133053513812550   0.2107373686438060   0.2082797723848343   0.2059433572964280   0.2037379264026915   0.2016720329432178   0.1997527221926711   0.1979852842910617   0.1963730615657947   0.1949173234669753   0.1936172171591690   0.1924697976756568   0.1914701373351193   0.1906115068086683   0.1898856197140417   0.1892829304326597   0.1887929649363589   0.1884046661392743   0.1881067294056656   0.1878879202378032   0.1877372769439896   0.1876434808888120   0.1876037863478628   0.1876202803503290   0.1876726203591385   0.1878146311412705   0.1881386562163679   0.1887129018630017   0.1895584052849275   0.1906440159947323   0.1919306693247561   0.1933919971742303   0.1950111407365873   0.1967683346359258   0.1986418406469314   0.2006078558892003   0.2026410323257685   0.2047155055178593   0.2068063832294884   0.2088913059131844   0.2109516972485545   0.2129734620316465   0.2149467015952384   0.2168654351288315   0.2188749238079775   0.2143515287493572   0.4088871247682989   0.9193197624324290   0.9669875980601232   0.9915646817131032   0.9999997789849292   0.9999998317360214   0.9999998894006031   0.9999999294215589   0.0000000000000000   0.0000000000000000   0.0000000000000000   0.0000000000000000   0.0000000000000000   0.0000000000000000   0.0000000000000000   0.0000000000000000   0.0000000000000000   0.0000000000000000   0.0000000000000000   0.0000000000000000   0.0000000000000000   0.0000000000000000   0.0000000000000000   0.0000000000000000   0.0000000000000000   0.0000000000000000   0.0000000000000000   0.0000000000000000   0.0000000000000000   0.0000000000000000   0.9999999808589106   0.9999999801995912   0.9999999821365139   0.9999999850893768   0.9999999878909150   0.9999999921037543   0.9999999890863609   0.9999999795200885   0.0000000000000000   0.0000000000000000   0.0000000000000000   0.0000000000000000   0.0000000000000000   0.0000000000000000   0.0000000000000000   0.0000000000000000   0.0000000000000000   0.0000000000000000   0.0000000000000000   0.0000000000000000   0.0000000000000000
   0.0000000000000000   0.2325838100702757   0.2329285195245119   0.2328202308001332   0.2304787564509954   0.2286232094914988   0.2268978821934506   0.2245774644517870   0.2231045783956720   0.2224685789551885   0.2218817026477154   0.2213105569989751   0.2207286018744646   0.2201086687220352   0.2194291061511720   0.2186754274795179   0.2178406131282744   0.2169240145964359   0.2159294323694592   0.2148630214701567   0.2137315206303265   0.2125410651745848   0.2112966138251271   0.2100018780762632   0.2086595857342766   0.2072719168164583   0.2058409839111426   0.2043692669525835   0.2028599450443441   0.2013170941155398   0.1997457428132680   0.1981518005382077   0.1965418877030483   0.1949231075213024   0.1933028014467018   0.1916883371790676   0.1900869861103998   0.1885058338782737   0.1869515981075466   0.1854305649393555   0.1839486046338063   0.1825111886444085   0.1811234134696716   0.1797900251566889   0.1785154433801908   0.1773037825774179   0.1761588676331928   0.1750842427433768   0.1740831730398943   0.1731586392863224   0.1723133264677473   0.1715496074181558   0.1708695228023384   0.1702747588061974   0.1697666237424290   0.1693460244939454   0.1690134433567577   0.1687689152771863   0.1686120045155534   0.1685417802905370   0.1685567911885884   0.1686550364649450   0.1688339335075484   0.1690902823131889   0.1694202283740918   0.1698192266895993   0.1702820095356536   0.1708025581824711   0.1713740902904212   0.1719890766611926   0.1726392810094736   0.1733158266482806   0.1740092972150711   0.1747098710554292   0.1754074862688154   0.1760920308912290   0.1767535503108188   0.1773824617002630   0.1779697641037823   0.1785072324771897   0.1789875847660174   0.1794046131916784   0.1797532734485849   0.1800297273183809   0.1802314093788372   0.1803558790315373   0.1804085856199259   0.1804471617000510   0.1798391654644020   0.1787595330881047   0.1828212079820999   0.1931812050051528   0.2049764762311612   0.2142991961436296   0.2215242725889585   0.2282187318688279   0.2343134530487136   0.2398263800478502   0.2447826988731597   0.2492131214376069   0.2531359456339943   0.2565622384277391   0.2595004171474283   0.2619612043276355   0.2639617883538165   0.2655281275664703   0.2666951329711640   0.2675025995768097   0.2680338725636802   0.2676693535950645   0.2732449839953928   0.8457170354209194   0.9559243755264216   0.9767949921087731   0.9999997649992072   0.9999998151679242   0.9999998771308451   0.9999999353375353   0.0000000000000000   0.0000000000000000   0.0000000000000000   0.0000000000000000   0.0000000000000000   0.9828032300424440   0.9999999017022972   0.9999999183847466   0.9999999332515412   0.9999999444777972   0.9999999523899447   0.9999999577562959   0.9999999612238772   0.9999999632714895   0.9999999641476462   0.9999999636264187   0.9999999617102754   0.9999999548698685   0.0000000000000000   0.0000000000000000   0.0000000000000000   0.0000000000000000   0.0000000000000000   0.9974872403086170   0.9999999775926990   0.9999999803734964   0.9999999837471892   0.9999999868105172   0.9999999911074140   0.9999999899649730   0.9999999838228908   0.0000000000000000   0.0000000000000000   0.0000000000000000   0.0000000000000000   0.0000000000000000   0.0000000000000000   0.0000000000000000   0.0000000000000000   0.0000000000000000   0.0000000000000000   0.0000000000000000   0.0000000000000000   0.0000000000000000
   0.0000000000000000   0.4013746529153305   0.4119441390159067   0.4194678557845690   0.4246716597976498   0.4286884545114504   0.4321785675975121   0.4354372142550053   0.4384376124892023   0.4410860670225653   0.4433226990851079   0.4450612590536922   0.4462117916641877   0.4467149521335501   0.4465470488359680   0.4457190272595740   0.4442701181283880   0.4422573157209997   0.4397442387478800   0.4367928490159159   0.4334585584320046   0.4297882194444320   0.4258198729015114   0.4215835019195855   0.4171023508505819   0.4123945710585543   0.4074750034984036   0.4023569698502800   0.3970539316930163   0.3915807886888626   0.3859546865248181   0.3801953498738694   0.3743249741581910   0.3683677644038107   0.3623492603522431   0.3562955957006057   0.3502328129973429   0.3441863109888363   0.3381804438358076   0.3322382429155248   0.3263812258699051   0.3206292666462544   0.3150005053046042   0.3095112825975664   0.3041760905531830   0.2990075348841956   0.2940163076701751   0.2892111702385636   0.2845989470832900   0.2801845321523574   0.2759709089476903   0.2719591856576967   0.2681486460566105   0.2645368162761346   0.2611195469379903   0.2578911096298425   0.2548443063929828   0.2519705908452337   0.2492601997443318   0.2467022940935586   0.2442851093204213   0.2419961145431824   0.2398221812105546   0.2377497613826601   0.2357650756016258   0.2338543096388784   0.2320038185185591   0.2302003347612230   0.2284311757509037   0.2266844444126295   0.2249492186503990   0.2232157237908176   0.2214754632781690   0.2197213009896280   0.2179475216102087   0.2161498429622075   0.2143253774152708   0.2124725471215434   0.2105909583934842   0.2086812433870807   0.2067448784909291   0.2047839900299430   0.2028011573994547   0.2007992461747128   0.1987811192088146   0.1967478070418888   0.1947639290112649   0.1921656425589758   0.1863750470937002   0.3152887990115655   0.5971354054033265   0.5369778596076089   0.4294199233518876   0.4222653899659684   0.4093458655116521   0.3968331996318776   0.3847288829340892   0.3732496396202268   0.3622966022506928   0.3518438623303382   0.3418533672464840   0.3322813743734342   0.3230844498555072   0.3142245817995155   0.3056730307374033   0.2974121244821635   0.2894350689046726   0.2817390060919605   0.2744239345061179   0.2653935653065043   0.2979445374454621   0.8778490569470146   0.9634817461659063   0.9883255100070565   0.9999997835430574   0.0000000000000000   0.0000000000000000   0.0000000000000000   0.0000000000000000   0.0000000000000000   0.0000000000000000   0.9331844994390585   0.9819654031552232   0.9999999083975282   0.9999999195796992   0.9999999283176843   0.9999999366017792   0.9999999437799483   0.9999999497332405   0.9999999545625109   0.9999999584280400   0.9999999614912378   0.9999999639049822   0.9999999658164977   0.9999999675899414   0.9999999709474401   0.9999999748840329   0.9999999657332612   0.0000000000000000   0.0000000000000000   0.0000000000000000   0.9986706477031427   0.9999999740756353   0.9999999778733476   0.9999999818540760   0.9999999854952096   0.9999999906752879   0.9999999897340156   0.0000000000000000   0.0000000000000000   0.0000000000000000   0.0000000000000000   0.0000000000000000   0.0000000000000000   0.0000000000000000   0.0000000000000000   0.0000000000000000   0.0000000000000000   0.0000000000000000   0.0000000000000000   0.0000000000000000   0.0000000000000000
   0.0000000000000000   0.7527253712215728   0.7430647246308493   0.7378813449616487   0.7347266546739123   0.7325146915140635   0.7307171052529707   0.7289857715981879   0.7270944939104153   0.7249027874452646   0.7223265842895290   0.7193217931118961   0.7158714117250633   0.7119743803832382   0.7076386712233572   0.7028770751097083   0.6977020355943228   0.6921180263879889   0.6861178442861912   0.6796841412465522   0.6727955291481950   0.6654350266415873   0.6575952456139714   0.6492803340543488   0.6405046679918048   0.6312906298090100   0.6216660623875198   0.6116617264476972   0.6013081811064551   0.5906322939860211   0.5796573258682106   0.5684070878696142   0.5569093817848142   0.5451970334661465   0.5333074293087577   0.5212813817128340   0.5091617684236901   0.4969922192213236   0.4848160152474599   0.4726752646738023   0.4606103379478279   0.4486595027908269   0.4368586909669695   0.4252413409303594   0.4138382785834533   0.4026776144805154   0.3917846474076033   0.3811817719054111   0.3708883922915807   0.3609208490673705   0.3512923656788298   0.3420130245076591   0.3330897806675748   0.3245265207315283   0.3163241710986507   0.3084808576274261   0.3009921147707098   0.2938511391107760   0.2870490792338650   0.2805753515547621   0.2744179701655273   0.2685638781218949   0.2629992678112287   0.2577098791064614   0.2526812657067020   0.2478990218874929   0.2433489644083549   0.2390172693845287   0.2348905638241134   0.2309559734278070   0.2272011271988887   0.2236141157116170   0.2201834626054029   0.2168981145079018   0.2137473567932947   0.2107207498970507   0.2078080829200197   0.2049993410574277   0.2022846911565634   0.1996544862455515   0.1970992888180662   0.1946099118648113   0.1921774669937845   0.1897935231365094   0.1874488693895776   0.1851478983649812   0.1828709898200715   0.1773802112133554   0.2993150378147988   0.8652302156072286   0.9427216124721441   0.0000000000000000   0.0897962686914850   0.0865105188114902   0.0687133952265419   0.0677617749673416   0.0660398604997741   0.0644227083154001   0.0629118654470067   0.0614870909214561   0.0601387730057855   0.0588571803708786   0.0576335586739825   0.0564610016070673   0.0553348449867654   0.0542526557451999   0.0532138862025641   0.0522185811409659   0.0512815461410638   0.0501016424517418   0.0629518520462401   0.8515188168272545   0.9642634049304618   0.9908600161032446   0.9999998055836923   0.0000000000000000   0.0000000000000000   0.0000000000000000   0.0000000000000000   0.8734153040732171   0.9610478722195012   0.9741386449395925   0.9999999105187295   0.9999999180320124   0.9999999259170038   0.9999999335528910   0.9999999409793591   0.9999999474621428   0.9999999528935124   0.9999999574720598   0.9999999613489602   0.9999999645713147   0.9999999672430240   0.9999999696005125   0.9999999722541056   0.9999999753609746   0.9999999787819902   0.9999999826415128   0.0000000000000000   0.0000000000000000   0.9903276284203690   0.9971838070198716   0.9999999694659210   0.9999999742969168   0.9999999788473525   0.9999999831633682   0.9999999910902458   0.0000000000000000   0.0000000000000000   0.0000000000000000   0.0000000000000000   0.0000000000000000   0.0000000000000000   0.0000000000000000   0.0000000000000000   0.0000000000000000   0.0000000000000000   0.0000000000000000   0.0000000000000000   0.0000000000000000   0.0000000000000000   0.0000000000000000
   0.0000000000000000   0.9183167391486995   0.9115538953457341   0.9044246005555695   0.8969419548421861   0.8888274320911500   0.8800526324736849   0.8706228653929248   0.8605723084691792   0.8499909938539407   0.8390204467467315   0.8278290907693753   0.8165827873617842   0.8054188143216413   0.7944279363891059   0.7836471439928452   0.7730628143986721   0.7626262109497267   0.7522751932058260   0.7419429561880261   0.7315740490072535   0.7211295514935420   0.7105861606729572   0.6999367060887807   0.6891816663805155   0.6783248382447647   0.6673713166255846   0.6563250182728179   0.6451885960608902   0.6339678489966615   0.6226715724701950   0.6113057767291231   0.5998711844626116   0.5883652847380469   0.5767858621440264   0.5651339719276813   0.5534156022582857   0.5416420099487798   0.5298290903768801   0.5179962464523719   0.5061651519494326   0.4943586608567772   0.4825999727487884   0.4709120630486661   0.4593173327049134   0.4478374132648487   0.4364930657718108   0.4253041236828157   0.4142894442037778   0.4034668458408284   0.3928530213695178   0.3824634245194602   0.3723121354349858   0.3624117144828582   0.3527730563887402   0.3434052572334051   0.3343155058565069   0.3255090090899313   0.3169889573955847   0.3087565343274273   0.3008109701462278   0.2931496371773458   0.2857681823023676   0.2786606904024763   0.2718198716852702   0.2652372659352765   0.2589034571041856   0.2528082897513194   0.2469410825897055   0.2412908357128352   0.2358464288280627   0.2305968082694168   0.2255311403975940   0.2206389358973664   0.2159101757338382   0.2113354100710826   0.2069058305219122   0.2026133187181795   0.1984504716968358   0.1944106051812720   0.1904877361915006   0.1866765479290639   0.1829723228627702   0.1793711447521717   0.1758651763215435   0.1725192737815972   0.1683025591766288   0.1719945118115441   0.8567220374976661   0.9519214354188865   0.9574373175798623   0.0000000000000000   0.0000000000000000   0.0000000000000000   0.0152365254988802   0.0123986315608993   0.0124509536564509   0.0123593368463041   0.0122725338171879   0.0121916666696005   0.0121137212385990   0.0120376182640525   0.0119623790797872   0.0118874427738432   0.0118127436283857   0.0117386915098448   0.0116660681515614   0.0115958105221382   0.0115299125321679   0.0114550081405831   0.0119718401168981   0.8040037483623358   0.9606211907732793   0.9930122221613361   0.9999997839962369   0.9999997969490646   0.9999998418831912   0.9999998686311501   0.9999998747830643   0.9696287211533976   0.9829228292198467   0.9931218978182283   0.9999999155759941   0.9999999220969757   0.9999999291583864   0.9999999369108450   0.9999999444551423   0.9999999507382937   0.9999999558104715   0.9999999600934252   0.9999999638114909   0.9999999670530738   0.9999999698517140   0.9999999722964339   0.9999999745602665   0.9999999766814767   0.9999999793038671   0.9999999835169351   0.9999999869716838   0.0000000000000000   0.9999999100217020   0.9999999540213751   0.9999999627324968   0.9999999692252157   0.9999999748579280   0.9999999800190986   0.9999999871884628   0.9999999733950261   0.9999999410012411   0.0000000000000000   0.0000000000000000   0.0000000000000000   0.0000000000000000   0.0000000000000000   0.0000000000000000   0.0000000000000000   0.0000000000000000   0.0000000000000000   0.0000000000000000   0.0000000000000000   0.0000000000000000   0.0000000000000000
   0.0000000000000000   0.9171056616877453   0.9120283005022763   0.9064566723635191   0.9001421416046446   0.8926996704957614   0.8841242849672651   0.8745509218355310   0.8641129999328793   0.8529248733387841   0.8410771439464254   0.8286370055185160   0.8156498703544007   0.8021408649499688   0.7881171591465936   0.7735771692902075   0.7585317024379772   0.7430308371906598   0.7272136962304846   0.7111253530060688   0.6949144015200506   0.6787079298108177   0.6625578759929810   0.6465684975645907   0.6307834999002446   0.6152276513785616   0.5999340659955824   0.5849434913586509   0.5702879401776229   0.5559948937261074   0.5420872318550289   0.5285844905344264   0.5155025073635113   0.5028512029268880   0.4906323798064816   0.4788387861798271   0.4674546870105558   0.4564575763305295   0.4458204457583749   0.4355140741938340   0.4255089840003538   0.4157769069249899   0.4062917533922791   0.3970301631069165   0.3879717438471380   0.3790990999149237   0.3703977308925747   0.3618558575307909   0.3534642109295505   0.3452158057197445   0.3371057076284762   0.3291307996985462   0.3212895484314170   0.3135817702167191   0.3060083987539680   0.2985712551061929   0.2912728230710003   0.2841160333968440   0.2771040608322748   0.2702401380055727   0.2635273897071174   0.2569686903630738   0.2505665464628829   0.2443230045642309   0.2382395843667205   0.2323172353477394   0.2265563147340603   0.2209565839840986   0.2155172205318689   0.2102368415585139   0.2051135367119127   0.2001449074119776   0.1953281111754790   0.1906599087354633   0.1861367119392813   0.1817546319642466   0.1775095277287068   0.1733970541597553   0.1694127101911463   0.1655518865625608   0.1618099131489614   0.1581821071897738   0.1546637953288573   0.1512508244119640   0.1479306436453685   0.1448534501058558   0.1391456343827933   0.2192606450692999   0.9181912013401751   0.9403651816983917   0.9334968731459112   0.0000000000000000   0.0000000000000000   0.0000000000000000   0.0000000000000000   0.0027423583108445   0.0022357560987088   0.0022497603064491   0.0022379813728522   0.0022282247546956   0.0022186682210672   0.0022091742862348   0.0021996201385650   0.0021899773683146   0.0021803109364018   0.0021707626774648   0.0021615228765329   0.0021528000704534   0.0021446562741572   0.0021400207819821   0.0020440335731062   0.6299930537230024   0.9495090238500332   0.9999997861714778   0.9999997910639130   0.9999997967322274   0.9999998182155931   0.9999998482003141   0.9999998772399578   0.9971758108961062   0.9969881472918610   0.9994917369823385   0.9999999274692715   0.9999999304553771   0.9999999340590504   0.9999999402837475   0.9999999475429951   0.9999999536195444   0.9999999584400397   0.9999999624914293   0.9999999660267335   0.9999999691916408   0.9999999720331874   0.9999999745040756   0.9999999764386820   0.9999999776358793   0.9999999781210732   0.9999999778277725   0.9999999778560350   0.9999999764619214   0.9999999692823525   0.9999999604878951   0.9999999563967172   0.9999999620274813   0.9999999712969070   0.9999999793269091   0.9999999840321517   0.9999999807944315   0.9999999604216819   0.0000000000000000   0.0000000000000000   0.0000000000000000   0.0000000000000000   0.0000000000000000   0.0000000000000000   0.0000000000000000   0.0000000000000000   0.0000000000000000   0.0000000000000000   0.0000000000000000   0.0000000000000000   0.0000000000000000
   0.0000000000000000   0.8844514047524794   0.8600854185433203   0.8406613264365799   0.8212308259605504   0.8003045407896076   0.7783664773219074   0.7558548463980502   0.7331827848749212   0.7107003133283095   0.6886628519248210   0.6672421785752554   0.6465494543088799   0.6266585855650745   0.6076249874296017   0.5894947104634826   0.5722914506393495   0.5560700860987221   0.5414842782746726   0.5258711205938787   0.5105547936299623   0.4960252047519442   0.4810619589861228   0.4662527233825219   0.4517897712011668   0.4382089401760258   0.4253224009193291   0.4130755802528823   0.4014164517461304   0.3902950458675950   0.3796651334376144   0.3694850627644927   0.3597187604565460   0.3503363070832736   0.3413138068886262   0.3326325318130242   0.3242775585715915   0.3162362234340326   0.3084966988871121   0.3010468993433619   0.2938738045291078   0.2869631886524910   0.2802996789895540   0.2738670399209893   0.2676485790346247   0.2616275893588142   0.2557877661832664   0.2501135612832175   0.2445904577067119   0.2392051630133659   0.2339457279806252   0.2288016022588497   0.2237636395739051   0.2188240641582829   0.2139764082232777   0.2092154282310943   0.2045370059321314   0.1999380387859557   0.1954163234905136   0.1909704358097865   0.1865996095845998   0.1823036176095865   0.1780826568642932   0.1739372403385199   0.1698680973658859   0.1658760839772979   0.1619621043295013   0.1581270437886339   0.1543717137869564   0.1506968081464017   0.1471028701956312   0.1435902697094574   0.1401591884986884   0.1368096134126736   0.1335413354528497   0.1303539537347796   0.1272468831753742   0.1242193647457249   0.1212704775285785   0.1183991518607406   0.1156041828668432   0.1128842458432492   0.1102378834161039   0.1076640543986091   0.1051514167165920   0.1028954099886420   0.0969840211843791   0.3920437020187133   0.9207211944113174   0.9231257737436974   0.9454590406313027   0.9537069431003748   0.0000000000000000   0.0000000000000000   0.0000000000000000   0.0000000000000000   0.0004066224721726   0.0004121463694308   0.0004105538584419   0.0004089980331485   0.0004074455304838   0.0004058821752178   0.0004042985267851   0.0004027034623154   0.0004011211552298   0.0003995860951320   0.0003981367165133   0.0003968102958994   0.0003956232691172   0.0003965473934179   0.0003771381246476   0.4100656763780474   0.9457478575625853   0.9999997908665561   0.9999998046397284   0.9999998195476116   0.9999998444737608   0.9999998758919614   0.9999999037595413   0.9999999230187326   0.9999999344587308   0.9999999405776835   0.9999999430701324   0.9999999432896526   0.9999999432603827   0.9999999465866461   0.9999999523444157   0.9999999575100738   0.9999999617361757   0.9999999653264752   0.9999999684604879   0.9999999712982969   0.9999999739285463   0.9999999762565118   0.9999999780482333   0.9999999791009194   0.9999999792993248   0.9999999788213726   0.9999999799125076   0.9999999808301203   0.9999999760107704   0.9999999645269892   0.9999999502683137   0.9999999555411039   0.9999999715499830   0.9999999817694379   0.9999999828184147   0.0000000000000000   0.0000000000000000   0.0000000000000000   0.0000000000000000   0.0000000000000000   0.0000000000000000   0.0000000000000000   0.0000000000000000   0.0000000000000000   0.0000000000000000   0.0000000000000000   0.0000000000000000   0.0000000000000000   0.0000000000000000   0.0000000000000000
   0.0000000000000000   0.8269287469340741   0.6519130347238487   0.6276606466297650   0.5933526016758465   0.5619996946679832   0.5336499555160107   0.5081761194600367   0.4850326188805817   0.4638582107137784   0.4443539221093773   0.4262835584800324   0.4094621430328753   0.3937445859523925   0.3790169040359006   0.3651903095675720   0.3521756566214378   0.3402498455352403   0.3243067041889651   0.2594511399733603   0.2532085932075943   0.2412017570644202   0.1919988703148344   0.1891822801447312   0.1841556005117033   0.1794365851125158   0.1750219653369149   0.1708628127734821   0.1669430612992617   0.1632452212562347   0.1597525513510342   0.1564484965686609   0.1533164042060977   0.1503394235764691   0.1475006218111432   0.1447832808842869   0.1421713019771207   0.1396496292389410   0.1372046143670552   0.1348242679169271   0.1324983731614781   0.1302184657002732   0.1279777020763467   0.1257706517154137   0.1235930492300121   0.1214415405475503   0.1193134489092869   0.1172065778612802   0.1151190597066573   0.1130492506485604   0.1109956685562722   0.1089569659932376   0.1069319296145888   0.1049194968828078   0.1029187818417796   0.1009291030485020   0.0989500083790617   0.0969812930740764   0.0950230089145757   0.0930754637299347   0.0911392114876090   0.0892150339875190   0.0873039156923282   0.0854070134962686   0.0835256233065042   0.0816611452251976   0.0798150489210923   0.0779888405078583   0.0761840319403599   0.0744021136293274   0.0726445306846480   0.0709126629441015   0.0692078087332571   0.0675311721641954   0.0658838536214530   0.0642668431201827   0.0626810161231798   0.0611271313744279   0.0596058305631432   0.0581176393189726   0.0566629694042133   0.0552421228044797   0.0538552786456997   0.0525028401713542   0.0511785347262455   0.0500096843685330   0.0465016660457222   0.4921584218100895   0.9051059114682466   0.9316573257570188   0.9475608633333016   0.9595469256113072   0.0000000000000000   0.0000000000000000   0.0000000000000000   0.0000000000000000   0.0000905100122102   0.0000905150592606   0.0000902360586602   0.0000899019902280   0.0000895642059359   0.0000892218866121   0.0000888768830222   0.0000885345062942   0.0000882023554203   0.0000878889153062   0.0000876016262791   0.0000873533384213   0.0000871380644034   0.0000866223678604   0.0000800164473037   0.6959045290667125   0.9506595641986209   0.9999997862352683   0.9999998101302522   0.9999998386130642   0.9999998753418518   0.9999999092504103   0.9999999327539004   0.9999999465979378   0.9999999539761503   0.9999999573253441   0.9999999580506553   0.9999999570454267   0.9999999554756510   0.9999999565478674   0.9999999597182603   0.9999999630074884   0.9999999659830713   0.9999999686818464   0.9999999711107733   0.9999999733555237   0.9999999755259986   0.9999999776053372   0.9999999794854680   0.9999999812652192   0.9999999833821097   0.9999999865834709   0.9999999906169004   0.0000000000000000   0.0000000000000000   0.9999999511964240   0.9999999369270054   0.9999999503273375   0.9999999742828963   0.9999999803036898   0.0000000000000000   0.0000000000000000   0.0000000000000000   0.0000000000000000   0.0000000000000000   0.0000000000000000   0.0000000000000000   0.0000000000000000   0.0000000000000000   0.0000000000000000   0.0000000000000000   0.0000000000000000   0.0000000000000000   0.0000000000000000   0.0000000000000000   0.0000000000000000
   0.0000000000000000   0.0000000000000000   0.1342598689643804   0.1290327163432314   0.1023830123890449   0.1008552942490961   0.0981913542685828   0.0956959538487460   0.0933657430698689   0.0911699954939292   0.0890969396583927   0.0871361414108111   0.0852785068248531   0.0835161170409089   0.0818418799897481   0.0802495822180842   0.0787264246056990   0.0774121354333513   0.0730343332302813   0.3085130378440643   0.0000000000000000   0.0000000000000000   0.0417763639949443   0.0339588174804532   0.0339552405700319   0.0335638960710539   0.0332123332925955   0.0328764155104620   0.0325559059383030   0.0322492027676100   0.0319545866941253   0.0316701542940579   0.0313938479165047   0.0311235100869018   0.0308569568448316   0.0305920575496831   0.0303268090866585   0.0300593951175814   0.0297882249993596   0.0295119511076423   0.0292294667401860   0.0289398890816349   0.0286425327721929   0.0283368795784687   0.0280225488138823   0.0276992718510683   0.0273668726351532   0.0270252547921550   0.0266743948829894   0.0263143406436742   0.0259452126717298   0.0255672079199223   0.0251806034735761   0.0247857593448693   0.0243831193513611   0.0239732095026717   0.0235566336583310   0.0231340665140491   0.0227062442075386   0.0222739530026810   0.0218380166140616   0.0213992827795440   0.0209586096864510   0.0205168528179839   0.0200748527205939   0.0196334241093016   0.0191933466322240   0.0187553575135578   0.0183201461888879   0.0178883509416833   0.0174605574488174   0.0170372990502311   0.0166190584775734   0.0162062707241174   0.0157993266751242   0.0153985771699996   0.0150043370946707   0.0146168892346927   0.0142364876612482   0.0138633604333468   0.0134977116151933   0.0131397227997543   0.0127895493848469   0.0124474090684776   0.0121118173764342   0.0118118874999874   0.0109465208847983   0.4937101517587396   0.8990312813449718   0.9325702489252410   0.9523310255642928   0.0000000000000000   0.0000000000000000   0.0000000000000000   0.0000000000000000   0.0000000000000000   0.0000000000055599   0.0000000000057100   0.0000000111596540   0.0000000111186100   0.0000000110769340   0.0000000110348896   0.0000000109931291   0.0000000109525630   0.0000000109141799   0.0000000108792167   0.0000000117478367   0.0000000116939041   0.0000000115624207   0.0000000792893638   0.1870686505119675   0.8862957781805580   0.9606178629187591   0.9887857107996555   0.9999998567524399   0.9999998934199710   0.9999999251207917   0.9999999460960853   0.9997847400355607   0.9991234070220238   0.9996194773335485   0.9999999686312173   0.9999999682213341   0.9999999670500543   0.9999999662320563   0.9999999667406385   0.9999999677874162   0.9999999692918732   0.9999999707399628   0.9999999722773739   0.9999999738218407   0.9999999753408341   0.9999999769372830   0.9999999787552235   0.9999999808196837   0.9999999830469360   0.9999999852508474   0.9999999870631373   0.9999999878672636   0.9999999852637048   0.0000000000000000   0.9999999298938882   0.9999999199914378   0.9999999471188629   0.9999999744330719   0.0000000000000000   0.0000000000000000   0.0000000000000000   0.0000000000000000   0.0000000000000000   0.0000000000000000   0.0000000000000000   0.0000000000000000   0.0000000000000000   0.0000000000000000   0.0000000000000000   0.0000000000000000   0.0000000000000000   0.0000000000000000   0.0000000000000000   0.0000000000000000   0.0000000000000000
   0.0000000000000000   0.0000000000000000   0.0000000000000000   0.0000000000000000   0.0226661951924722   0.0184527884077893   0.0185332866129070   0.0183921439772684   0.0182512268279045   0.0181138163767914   0.0179775197415785   0.0178421659632622   0.0177073074708060   0.0175729192248852   0.0174391454738016   0.0173061936421640   0.0171727459021954   0.0170718998257326   0.0162655412986825   0.7112216717477381   0.0000000000000000   0.0000000000000000   0.0000000000000000   0.0051634698599290   0.0052871871799082   0.0052550082483751   0.0052331253178512   0.0052121918628622   0.0051924172226322   0.0051736161878380   0.0051555731859667   0.0051380260865845   0.0051206735234596   0.0051031861183149   0.0050852207282367   0.0050664355081860   0.0050465037507381   0.0050251249658087   0.0050020323515468   0.0049769965054338   0.0049498258000452   0.0049203642268081   0.0048884876756678   0.0048540995950601   0.0048171268175947   0.0047775161034733   0.0047352317014915   0.0046902539985434   0.0046425791484901   0.0045922194507619   0.0045392041872548   0.0044835806147208   0.0044254148369174   0.0043647923333638   0.0043018179875981   0.0042366155273160   0.0041693263540449   0.0041001077959550   0.0040291308611873   0.0039565775997972   0.0038826382006386   0.0038075079568024   0.0037313842315344   0.0036544635479883   0.0035769389123535   0.0034989974623489   0.0034208185123920   0.0033425720439759   0.0032644176649752   0.0031865040360421   0.0031089687365728   0.0030319385188585   0.0029555298780158   0.0028798498520802   0.0028049969505439   0.0027310621276453   0.0026581296925940   0.0025862781027043   0.0025155805744628   0.0024461054777920   0.0023779165262573   0.0023110728065934   0.0022456278533415   0.0021816443993585   0.0021188959901135   0.0020647830577291   0.0019140697631382   0.4761294354905669   0.8962434040673429   0.9304369430961722   0.9570095136780987   0.0000000000000000   0.0000000000000000   0.0000000000000000   0.0000000000000000   0.0000000000000000   0.0000000003030475   0.0000000003159557   0.0000000003268479   0.0000000003329606   0.0000000003349740   0.0000000003329640   0.0000000003271945   0.0000000003181797   0.0000000003172653   0.0000000003930391   0.0000000003798907   0.0000000003515697   0.0000000003543840   0.2885012657112477   0.8720397692366344   0.9501102471727626   0.9726587229842356   0.9750607573216894   0.9765645782154186   0.9814103093694557   0.9865931846242826   0.9906919995331289   0.9937693251642010   0.9963664252549069   0.9989983986359441   0.9999999731446840   0.9999999727223066   0.9999999726094243   0.9999999733496240   0.9999999739928246   0.9999999740879904   0.9999999744097048   0.9999999748495856   0.9999999754875891   0.9999999762956399   0.9999999771747956   0.9999999782081598   0.9999999796565964   0.9999999816247783   0.9999999837451859   0.9999999855226424   0.9999999866800143   0.9999999874266793   0.9999999879596270   0.0000000000000000   0.9999998624025039   0.9999998927811450   0.9999999375757443   0.0000000000000000   0.0000000000000000   0.0000000000000000   0.0000000000000000   0.0000000000000000   0.0000000000000000   0.0000000000000000   0.0000000000000000   0.0000000000000000   0.0000000000000000   0.0000000000000000   0.0000000000000000   0.0000000000000000   0.0000000000000000   0.0000000000000000   0.0000000000000000   0.0000000000000000   0.0000000000000000
   0.0000000000000000   0.0000000000000000   0.0000000000000000   0.0000000000000000   0.0000000000000000   0.0040820076668157   0.0033221898113875   0.0033434422985296   0.0033296195464068   0.0033172669927443   0.0033015860614760   0.0032837552647955   0.0032668795646149   0.0032498931763943   0.0032327950123637   0.0032156135839949   0.0031982167781433   0.0031839484336352   0.0031103017629941   0.1408702444778662   0.3441015462401620   0.0000000000000000   0.0000000000000000   0.0015383038933435   0.0015815772941180   0.0015750038331332   0.0015702241721363   0.0015656639891501   0.0015614000239612   0.0015573672064585   0.0015534914258566   0.0015496847547985   0.0015458487401418   0.0015418785567909   0.0015376676839134   0.0015331124174161   0.0015281156750079   0.0015225897515456   0.0015164579048060   0.0015096548481368   0.0015021263671866   0.0014938283517637   0.0014847255448354   0.0014747902729893   0.0014640013551382   0.0014523433072829   0.0014398058856178   0.0014263839480209   0.0014120775699052   0.0013968923253623   0.0013808396365308   0.0013639370996408   0.0013462087111145   0.0013276849374371   0.0013084025948186   0.0012884045262320   0.0012677390823728   0.0012464594283284   0.0012246227088349   0.0012022891120429   0.0011795208751386   0.0011563812756169   0.0011329336501166   0.0011092404790948   0.0010853625705945   0.0010613583702804   0.0010372834177805   0.0010131899614539   0.0009891267349540   0.0009651388899502   0.0009412680703244   0.0009175526050287   0.0008940277899219   0.0008707262252564   0.0008476781710222   0.0008249118910721   0.0008024539483976   0.0007803294379347   0.0007585621352747   0.0007371745589924   0.0007161879562264   0.0006956222259915   0.0006754955583603   0.0006558287067946   0.0006365565649904   0.0006199524989328   0.0005751185769404   0.4545799532835003   0.8939067465225174   0.9273573476605133   0.9681292446629806   0.0000000000000000   0.0000000000000000   0.0000000000000000   0.0000000000000000   0.0000000000000000   0.0000000180587071   0.0000000190777261   0.0000000200044154   0.0000000206391247   0.0000000210191413   0.0000000211352044   0.0000000209950918   0.0000000206201360   0.0000000564632252   0.0000001247929334   0.0000001845364703   0.0999599068331093   0.5233741394124992   0.8848743154456962   0.9491147523893333   0.9702735178812356   0.9810350047563700   0.9815932038181192   0.9823007056604370   0.9857558452914579   0.9900587853562530   0.9939452405784900   0.9972936354504945   0.9999999722235273   0.9999999732854332   0.9999999742066026   0.9999999752644279   0.9999999769175399   0.9999999783087049   0.9999999787390313   0.9999999782615548   0.9999999778303174   0.9999999777502475   0.9999999778971900   0.9999999782617182   0.9999999786642001   0.9999999791496101   0.9999999800557838   0.9999999816509874   0.9999999835438179   0.9999999852607055   0.9999999866874386   0.9999999878658189   0.9999999885278844   0.0000000000000000   0.0000000000000000   0.9999998477498969   0.9999999122362537   0.0000000000000000   0.0000000000000000   0.0000000000000000   0.0000000000000000   0.0000000000000000   0.0000000000000000   0.0000000000000000   0.0000000000000000   0.0000000000000000   0.0000000000000000   0.0000000000000000   0.0000000000000000   0.0000000000000000   0.0000000000000000   0.0000000000000000   0.0000000000000000   0.0000000000000000   0.0000000000000000
   0.0000000000000000   0.0000000000000000   0.0000000000000000   0.0000000000000000   0.0000000000000000   0.0000000000000000   0.0007529934564812   0.0007554171443678   0.0007407498187475   0.0005975843638688   0.0006022587901238   0.0006005603340488   0.0005979445999643   0.0005949048995246   0.0005919622353718   0.0005890470063895   0.0005861719321921   0.0005834342360346   0.0005803328170335   0.0005490608358194   0.6966831263431846   0.0000000000000000   0.0000000000000000   0.0004562992248430   0.0004971627851408   0.0004950729777509   0.0004932547655880   0.0004914882959362   0.0004898048220720   0.0004881807813933   0.0004865907006481   0.0004850615123263   0.0004835905784263   0.0004821437630689   0.0004806845150748   0.0004791754776333   0.0004775798261716   0.0004758623738416   0.0004739904242701   0.0004719343222708   0.0004696676989058   0.0004671674795508   0.0004644137644707   0.0004613896841680   0.0004580812946528   0.0004544775364523   0.0004505702512441   0.0004463542347456   0.0004418273001735   0.0004369903280749   0.0004318472821240   0.0004264051750918   0.0004206739743338   0.0004146664416535   0.0004083979079422   0.0004018859880543   0.0003951502454828   0.0003882118193007   0.0003810930274862   0.0003738169613092   0.0003664070851414   0.0003588868551270   0.0003512793687734   0.0003436070558488   0.0003358914190008   0.0003281528303271   0.0003204103876163   0.0003126818312819   0.0003049835200612   0.0002973304606097   0.0002897363832816   0.0002822138540332   0.0002747744103364   0.0002674287095574   0.0002601866743637   0.0002530576300794   0.0002460504188175   0.0002391734873625   0.0002324349490812   0.0002258426146265   0.0002194039994468   0.0002131263008104   0.0002070166205965   0.0002010769738434   0.0001954072232983   0.0001902718867082   0.0002228060111554   0.4170692634955287   0.8894212831940107   0.9336935333183296   0.0000000000000000   0.0000000000000000   0.0000000000000000   0.0000000000000000   0.0000000000000000   0.0000009712161916   0.0000017765571848   0.0000019004842772   0.0000020108104986   0.0000051052791149   0.0000348280236920   0.0001421038041784   0.0004422041004827   0.0006403257869926   0.0009057128136667   0.0354827650704663   0.3408843746543475   0.8268387774006999   0.9133843461133185   0.9549812304459715   0.9743536004128842   0.9865050604668146   0.9887776373615622   0.9872098827615340   0.9876088184751977   0.9899183040844813   0.9932026073519389   0.9968445785459950   0.9999999704016539   0.9999999724246597   0.9999999746866429   0.9999999776404304   0.9999999811095270   0.9999999823102932   0.9999999825562746   0.9999999830218419   0.9999999838598256   0.9999999818446428   0.9999999811714632   0.9999999805897367   0.9999999803890294   0.9999999802246611   0.9999999800075039   0.9999999801567283   0.9999999811257051   0.9999999827541829   0.9999999846663805   0.9999999866607039   0.9999999886071917   0.9999999885625787   0.0000000000000000   0.0000000000000000   0.9999996647482289   0.9999998182873228   0.0000000000000000   0.0000000000000000   0.0000000000000000   0.0000000000000000   0.0000000000000000   0.0000000000000000   0.0000000000000000   0.0000000000000000   0.0000000000000000   0.0000000000000000   0.0000000000000000   0.0000000000000000   0.0000000000000000   0.0000000000000000   0.0000000000000000   0.0000000000000000   0.0000000000000000   0.0000000000000000
   0.0000000000000000   0.0000000000000000   0.0000000000000000   0.0000000000000000   0.0000000000000000   0.0000000000000000   0.0000000000000000   0.0000000000000000   0.0000000000000000   0.0001369948222454   0.0001353258636185   0.0001091258667608   0.0001098681448290   0.0001095473533918   0.0001092457597735   0.0001088046414829   0.0001082389859601   0.0001076905671433   0.0001075186076784   0.0001050431292418   0.1367850867610885   0.6532863155256843   0.0000000000000000   0.0001603923787477   0.0020173173467850   0.0025508470903744   0.0031161021178586   0.0036438085544895   0.0041373630881464   0.0045966866688391   0.0050219532056343   0.0054133522225188   0.0057711836555108   0.0060958639164162   0.0063879014128429   0.0066478991002113   0.0068765563269403   0.0070746695063510   0.0072431313462229   0.0073829285283409   0.0074951377992198   0.0075809204548346   0.0076415152369260   0.0076782297262054   0.0076924304026724   0.0076855316206429   0.0076589838005775   0.0076142611677140   0.0075528493720961   0.0074762333109600   0.0073858854473220   0.0072832548814557   0.0071697573869250   0.0070467665725366   0.0069156062794458   0.0067775442721650   0.0066337872361534   0.0064854770551324   0.0063336883099611   0.0061794269186086   0.0060236298228970   0.0058671656213074   0.0057108360463731   0.0055553781879177   0.0054014673669229   0.0052497205672024   0.0051007003313489   0.0049549190238897   0.0048128433576537   0.0046748990719400   0.0045414756443933   0.0044129309155352   0.0042895955061663   0.0041717769335128   0.0040597633163145   0.0039538266433576   0.0038542255229009   0.0037612074517979   0.0036750106404389   0.0035958653394561   0.0035239947979294   0.0034596158819738   0.0034029409418429   0.0033541476222674   0.0033139915291720   0.0032693991763579   0.0034341140369981   0.3314665776406104   0.8856148889263721   0.9396531067385960   0.0000000000000000   0.0000000000000000   0.0000000000000000   0.0000000000000000   0.0000000000000000   0.0000901525699761   0.0003272570156674   0.0017311491302505   0.0055849647544676   0.0131394460335259   0.0251668918491705   0.0419125574070844   0.0629214848386473   0.0815965318994296   0.2924061344694023   0.7815917516540736   0.8871863258526326   0.9304461329750592   0.9599462294668821   0.9798484646923776   0.9924052222031284   0.9962832924546344   0.9949129161099849   0.9931334424910832   0.9929199395348347   0.9944130588298293   0.9974058424616319   0.9999999682042149   0.9999999710722384   0.9999999743608131   0.9999999789759774   0.9999999844217207   0.9999999884625574   0.0000000000000000   0.0000000000000000   0.0000000000000000   0.0000000000000000   0.9999999733779928   0.9999999759068371   0.9999999779724735   0.9999999794601220   0.9999999802151314   0.9999999800356414   0.9999999797924741   0.9999999800073616   0.9999999812938813   0.9999999833850307   0.9999999861002127   0.9999999899574673   0.0000000000000000   0.0000000000000000   0.0000000000000000   0.0000000000000000   0.0000000000000000   0.0000000000000000   0.0000000000000000   0.0000000000000000   0.0000000000000000   0.0000000000000000   0.0000000000000000   0.0000000000000000   0.0000000000000000   0.0000000000000000   0.0000000000000000   0.0000000000000000   0.0000000000000000   0.0000000000000000   0.0000000000000000   0.0000000000000000   0.0000000000000000   0.0000000000000000   0.0000000000000000
   0.0000000000000000   0.0000000000000000   0.0000000000000000   0.0000000000000000   0.0000000000000000   0.0000000000000000   0.0000000000000000   0.0000000000000000   0.0000000000000000   0.0000000000000000   0.0000000000000000   0.0000250092729812   0.0000250803535976   0.0000245844480986   0.0000198254381560   0.0000199564339748   0.0000198966449932   0.0000198388607096   0.0000197736059393   0.0000196442542777   0.0000190434033902   0.1306820919144255   0.1291847273825817   0.1279115408198158   0.1262043329458961   0.1240645288165787   0.1219580245580020   0.1198469003876840   0.1177343647539986   0.1156211284369748   0.1135080017698656   0.1113957732330651   0.1092852379836886   0.1071772191246697   0.1050725886393961   0.1029722862169024   0.1008773350184717   0.0987888536843777   0.0967080641363815   0.0946362949669746   0.0925749804199551   0.0905256551530950   0.0884899451313590   0.0864695551280895   0.0844662534128179   0.0824818542776480   0.0805181990981460   0.0785771366371949   0.0766605032804757   0.0747701038436280   0.0729076935180415   0.0710749614289808   0.0692735161729175   0.0675048735901678   0.0657704469216594   0.0640715393982734   0.0624093392221326   0.0607849168268316   0.0591992242503337   0.0576530964191093   0.0561472541247959   0.0546823084732776   0.0532587665964619   0.0518770384331955   0.0505374444010676   0.0492402237898557   0.0479855437055578   0.0467735083776511   0.0456041686136291   0.0444775311481888   0.0433935675940770   0.0423522226703175   0.0413534213696375   0.0403970747540315   0.0394830840305091   0.0386113427531120   0.0377817369441547   0.0369941431846384   0.0362484246704183   0.0355444252837865   0.0348819624830767   0.0342608190010609   0.0336807256604771   0.0331415039975078   0.0326399681451270   0.0322327688066525   0.0307942627749657   0.1652564247319397   0.8696797411596702   0.0000000000000000   0.0000000000000000   0.0000000000000000   0.0000000000000000   0.0000000000000000   0.0000000000000000   0.0171101164617193   0.0617873175859205   0.1274325491610106   0.1993634850754006   0.2698800642399023   0.3339617082840786   0.3894189840957676   0.4347559497565973   0.6283490084435744   0.8457363198594210   0.9051454389582829   0.9380506319117118   0.9633120401987434   0.9808081068306261   0.9950708969890630   0.9999998813335863   0.9999998948983725   0.9999999153188225   0.9989192199446416   0.9979897250626818   0.9989353083588264   0.9999999654429511   0.9999999689809502   0.9999999723621079   0.9999999770531444   0.9999999818479105   0.9999999855386922   0.9999999880814484   0.0000000000000000   0.0000000000000000   0.0000000000000000   0.0000000000000000   0.0000000000000000   0.9999999577626398   0.9999999727471536   0.9999999793823572   0.9999999832635221   0.9999999854503270   0.9999999813798724   0.9999999797173524   0.9999999796032002   0.9999999809981475   0.9999999839903193   0.9999999893164840   0.0000000000000000   0.0000000000000000   0.0000000000000000   0.0000000000000000   0.0000000000000000   0.0000000000000000   0.0000000000000000   0.0000000000000000   0.0000000000000000   0.0000000000000000   0.0000000000000000   0.0000000000000000   0.0000000000000000   0.0000000000000000   0.0000000000000000   0.0000000000000000   0.0000000000000000   0.0000000000000000   0.0000000000000000   0.0000000000000000   0.0000000000000000   0.0000000000000000   0.0000000000000000
   0.0000000000000000   0.0000000000000000   0.0000000000000000   0.0000000000000000   0.0000000000000000   0.0000000000000000   0.0000000000000000   0.0000000000000000   0.0000000000000000   0.0000000000000000   0.0000000000000000   0.0000000000000000   0.0000000000000000   0.0000000000000000   0.0000045414283006   0.0000045535361836   0.0000044627667501   0.0000035987204827   0.0000036251242777   0.0000036214188681   0.0000035993594250   0.0000035425882500   0.0000034850579376   0.0000034277690026   0.0000033813876154   0.0000033454500692   0.0000033095822982   0.0000032736765916   0.0000032376058509   0.0000032012256481   0.0000031643981963   0.0000031269946032   0.0000030888982376   0.0000030500071171   0.0000030102354010   0.0000029695140358   0.0000029277906788   0.0000028850290673   0.0000028412080175   0.0000027963202298   0.0000027503710532   0.0000027033773283   0.0000026553663908   0.0000026063752804   0.0000025564501647   0.0000025056459612   0.0000024540261123   0.0000024016624562   0.0000023486351193   0.0000022950323578   0.0000022409502741   0.0000021864923461   0.0000021317687238   0.0000020768952682   0.0000020219923319   0.0000019671833067   0.0000019125929844   0.0000018583457952   0.0000018045640008   0.0000017513659216   0.0000016988642743   0.0000016471646876   0.0000015963644470   0.0000015465515046   0.0000014978037692   0.0000014501886770   0.0000014037630285   0.0000013585730644   0.0000013146547494   0.0000012720342263   0.0000012307284034   0.0000011907456411   0.0000011520865042   0.0000011147445535   0.0000010787071519   0.0000010439562667   0.0000010104692542   0.0000009782196086   0.0000009471776716   0.0000009173113000   0.0000008885864738   0.0000008609678520   0.0000008344191999   0.0000008089057279   0.0000007843581967   0.0000007613589658   0.0000007265306728   0.0312318218864060   0.8540699106462513   0.0000000000000000   0.0000000000000000   0.0000000000000000   0.0000000000000000   0.0000000000000000   0.1603601614458551   0.4401817911185784   0.6424728563458288   0.6786956868635349   0.6797638238597166   0.6683201469962582   0.6506941062789123   0.6295070428301823   0.6308523271837146   0.8155294744841535   0.9039146400312819   0.9386429834727557   0.9615996341915239   0.9785417483847528   0.9908139067097670   0.9999998792591566   0.9999998866701812   0.9999999035850979   0.9999999234900190   0.9999999410482824   0.9999999538248434   0.9999999619171810   0.9999999664550949   0.9999999695255407   0.9999999737525966   0.9999999784987988   0.9999999819591719   0.9999999832274222   0.9999999827128840   0.9999999794735512   0.0000000000000000   0.0000000000000000   0.0000000000000000   0.0000000000000000   0.0000000000000000   0.0000000000000000   0.0000000000000000   0.0000000000000000   0.0000000000000000   0.9999999796789542   0.9999999791091463   0.9999999782640081   0.9999999779117805   0.9999999801295323   0.9999999877643718   0.0000000000000000   0.0000000000000000   0.0000000000000000   0.0000000000000000   0.0000000000000000   0.0000000000000000   0.0000000000000000   0.0000000000000000   0.0000000000000000   0.0000000000000000   0.0000000000000000   0.0000000000000000   0.0000000000000000   0.0000000000000000   0.0000000000000000   0.0000000000000000   0.0000000000000000   0.0000000000000000   0.0000000000000000   0.0000000000000000   0.0000000000000000   0.0000000000000000   0.0000000000000000
   0.0000000000000000   0.0000000000000000   0.0000000000000000   0.0000000000000000   0.0000000000000000   0.0000000000000000   0.0000000000000000   0.0000000000000000   0.0000000000000000   0.0000000000000000   0.0000000000000000   0.0000000000000000   0.0000000000000000   0.0000000000000000   0.0000000000000000   0.0000000000000000   0.0000000000000000   0.0000008245827463   0.0000008141029167   0.0000006562715292   0.0000006610609956   0.0000006605381177   0.0000006593547035   0.0000006573065614   0.0000006548416394   0.0000006518524860   0.0000006485717550   0.0000006450769572   0.0000006413298692   0.0000006373028300   0.0000006329690880   0.0000006283042755   0.0000006232870096   0.0000006178993557   0.0000006121271083   0.0000006059599100   0.0000005993912349   0.0000005924182726   0.0000005850417459   0.0000005772656952   0.0000005690972547   0.0000005605464414   0.0000005516259678   0.0000005423510843   0.0000005327394512   0.0000005228110332   0.0000005125880079   0.0000005020946745   0.0000004913573495   0.0000004804042352   0.0000004692652495   0.0000004579718071   0.0000004465565481   0.0000004350530151   0.0000004234952827   0.0000004119175529   0.0000004003537285   0.0000003888369841   0.0000003773993520   0.0000003660713422   0.0000003548816113   0.0000003438566940   0.0000003330208048   0.0000003223957139   0.0000003120006970   0.0000003018525520   0.0000002919656758   0.0000002823521881   0.0000002730220886   0.0000002639834340   0.0000002552425209   0.0000002468040612   0.0000002386713421   0.0000002308463614   0.0000002233299380   0.0000002161217951   0.0000002092206215   0.0000002026241151   0.0000001963290196   0.0000001903311560   0.0000001846254606   0.0000001792059436   0.0000001740652643   0.0000001691956610   0.0000001645794312   0.0000001603804461   0.0000001553744404   0.0017535904752813   0.4324459072764639   0.4752722930263928   0.5642397275102563   0.6545567159025067   0.7517817622082988   0.8180149147400780   0.8426537831641631   0.8552044665731081   0.8517369147241619   0.6879193499945279   0.5323129424536279   0.4926620456909213   0.4489750276104429   0.4100715852643093   0.3880845128676272   0.8006481170727298   0.9142969622065343   0.9532593488550345   0.9682334745730558   0.9805699762396308   0.9903416337837424   0.9993429605098691   0.9999998920589452   0.9999999112075835   0.9999999306984962   0.9999999468847660   0.9999999577837719   0.9999999636995427   0.9999999665873333   0.9999999698139261   0.9999999736984135   0.9999999773427924   0.9999999798990157   0.9999999809053046   0.9999999819522396   0.9999999803722199   0.0000000000000000   0.0000000000000000   0.0000000000000000   0.0000000000000000   0.0000000000000000   0.0000000000000000   0.0000000000000000   0.0000000000000000   0.0000000000000000   0.0000000000000000   0.9999999763487484   0.9999999823632216   0.9999999768899483   0.9999999757100482   0.9999999850134292   0.0000000000000000   0.0000000000000000   0.0000000000000000   0.0000000000000000   0.0000000000000000   0.0000000000000000   0.0000000000000000   0.0000000000000000   0.0000000000000000   0.0000000000000000   0.0000000000000000   0.0000000000000000   0.0000000000000000   0.0000000000000000   0.0000000000000000   0.0000000000000000   0.0000000000000000   0.0000000000000000   0.0000000000000000   0.0000000000000000   0.0000000000000000   0.0000000000000000   0.0000000000000000
   0.0000000000000000   0.0000000000000000   0.0000000000000000   0.0000000000000000   0.0000000000000000   0.0000000000000000   0.0000000000000000   0.0000000000000000   0.0000000000000000   0.0000000000000000   0.0000000000000000   0.0000000000000000   0.0000000000000000   0.0000000000000000   0.0000000000000000   0.0000000000000000   0.0000000000000000   0.0000000000000000   0.0000000000000000   0.0000001503871194   0.0000001484865066   0.0000001201335774   0.0000001208471961   0.0000001201168090   0.0000001194192957   0.0000001186915592   0.0000001179314579   0.0000001171335622   0.0000001162926720   0.0000001154038638   0.0000001144625842   0.0000001134648109   0.0000001124071315   0.0000001112867981   0.0000001101017524   0.0000001088506250   0.0000001075327168   0.0000001061479671   0.0000001046969164   0.0000001031806662   0.0000001016008409   0.0000000999595543   0.0000000982593804   0.0000000965033297   0.0000000946948295   0.0000000928377067   0.0000000909361718   0.0000000889947997   0.0000000870185077   0.0000000850125262   0.0000000829823619   0.0000000809337514   0.0000000788726067   0.0000000768049533   0.0000000747368626   0.0000000726743810   0.0000000706234594   0.0000000685898861   0.0000000665792262   0.0000000645967718   0.0000000626475020   0.0000000607360556   0.0000000588667153   0.0000000570434024   0.0000000552696801   0.0000000535487629   0.0000000518835293   0.0000000502765356   0.0000000487300268   0.0000000472459451   0.0000000458259345   0.0000000444713406   0.0000000431832073   0.0000000419622713   0.0000000408089544   0.0000000397233576   0.0000000387052556   0.0000000377540954   0.0000000368689971   0.0000000360487589   0.0000000352918678   0.0000000345965038   0.0000000339604953   0.0000000333814991   0.0000000328590667   0.0000000323838542   0.0000000319407196   0.0000047094868173   0.0826028826980286   0.3890037897801474   0.6778567170724955   0.5784163419872089   0.5420930716669619   0.6143827243669173   0.8595204467054131   0.9130630608561771   0.9377507436466785   0.0000000000000000   0.0662387792221178   0.0652337908000784   0.0624902913443335   0.0602509471935243   0.0566264969637449   0.3871929450679762   0.8954582649592659   0.9571123103155790   0.9703957387144672   0.9819167147338412   0.9912090471624754   0.9991917920064951   0.9999998980524561   0.9999999197978848   0.9999999392092460   0.9999999534945049   0.9999999614268412   0.9999999642215675   0.9999999657234719   0.9999999688221961   0.9999999714016430   0.9999999743015625   0.9999999776350140   0.9999999815026609   0.9999999833944044   0.0000000000000000   0.0000000000000000   0.0000000000000000   0.0000000000000000   0.0000000000000000   0.0000000000000000   0.0000000000000000   0.0000000000000000   0.0000000000000000   0.0000000000000000   0.0000000000000000   0.0000000000000000   0.0000000000000000   0.9999999797961199   0.9999999724124977   0.9999999807603637   0.0000000000000000   0.0000000000000000   0.0000000000000000   0.0000000000000000   0.0000000000000000   0.0000000000000000   0.0000000000000000   0.0000000000000000   0.0000000000000000   0.0000000000000000   0.0000000000000000   0.0000000000000000   0.0000000000000000   0.0000000000000000   0.0000000000000000   0.0000000000000000   0.0000000000000000   0.0000000000000000   0.0000000000000000   0.0000000000000000   0.0000000000000000   0.0000000000000000   0.0000000000000000
   0.0000000000000000   0.0000000000000000   0.0000000000000000   0.0000000000000000   0.0000000000000000   0.0000000000000000   0.0000000000000000   0.0000000000000000   0.0000000000000000   0.0000000000000000   0.0000000000000000   0.0000000000000000   0.0000000000000000   0.0000000000000000   0.0000000000000000   0.0000000000000000   0.0000000000000000   0.0000000000000000   0.0000000000000000   0.0000000000000000   0.0000000000000000   0.0000000185270364   0.0000000189805768   0.0000000189207226   0.0000000188005522   0.0000000186809322   0.0000000185572926   0.0000000184274843   0.0000000182902752   0.0000000181449492   0.0000000179908426   0.0000000178273812   0.0000000176540949   0.0000000174706221   0.0000000172767116   0.0000000170722198   0.0000000168571068   0.0000000166314305   0.0000000163953405   0.0000000161490721   0.0000000158929409   0.0000000156273374   0.0000000153527236   0.0000000150696289   0.0000000147786477   0.0000000144804357   0.0000000141757073   0.0000000138652318   0.0000000135498288   0.0000000132303619   0.0000000129077318   0.0000000125828688   0.0000000122567251   0.0000000119302628   0.0000000116044410   0.0000000112802045   0.0000000109584745   0.0000000106401405   0.0000000103260513   0.0000000100170093   0.0000000097137657   0.0000000094170192   0.0000000091274134   0.0000000088455395   0.0000000085719384   0.0000000083071025   0.0000000080514771   0.0000000078054622   0.0000000075694156   0.0000000073436542   0.0000000071284534   0.0000000069240467   0.0000000067306236   0.0000000065483284   0.0000000063772581   0.0000000062174612   0.0000000060689368   0.0000000059316350   0.0000000058054574   0.0000000056902599   0.0000000055858521   0.0000000054919867   0.0000000054085410   0.0000000053355737   0.0000000052772987   0.0000000069241010   0.0002816831353798   0.2872174217225014   0.7766303950859028   0.8738817023420448   0.9137024842180212   0.0000000000000000   0.0000000000000000   0.7137132469708862   0.9038642924107486   0.9470643415272441   0.9712771634713949   0.0000000000000000   0.0196172106862322   0.0201955582606536   0.0201155185028068   0.0201042911357631   0.0193170324626197   0.1347158869706933   0.8985654857601446   0.9603000083724466   0.9746123319123240   0.9872513034734302   0.9965795134294715   0.9999998869521127   0.9999999067787662   0.9999999295121329   0.9999999473486039   0.9999999579662893   0.9999999619918880   0.9999999625725556   0.9999999639838898   0.9999999664132982   0.9999999685550456   0.9999999706487233   0.9999999740947307   0.9999999821292221   0.0000000000000000   0.0000000000000000   0.0000000000000000   0.0000000000000000   0.0000000000000000   0.0000000000000000   0.0000000000000000   0.0000000000000000   0.0000000000000000   0.0000000000000000   0.0000000000000000   0.0000000000000000   0.0000000000000000   0.0000000000000000   0.0000000000000000   0.9999999643413863   0.9999999760037686   0.0000000000000000   0.0000000000000000   0.0000000000000000   0.0000000000000000   0.0000000000000000   0.0000000000000000   0.0000000000000000   0.0000000000000000   0.0000000000000000   0.0000000000000000   0.0000000000000000   0.0000000000000000   0.0000000000000000   0.0000000000000000   0.0000000000000000   0.0000000000000000   0.0000000000000000   0.0000000000000000   0.0000000000000000   0.0000000000000000   0.0000000000000000   0.0000000000000000   0.0000000000000000
   0.0000000000000000   0.0000000000000000   0.0000000000000000   0.0000000000000000   0.0000000000000000   0.0000000000000000   0.0000000000000000   0.0000000000000000   0.0000000000000000   0.0000000000000000   0.0000000000000000   0.0000000000000000   0.0000000000000000   0.0000000000000000   0.0000000000000000   0.0000000000000000   0.0000000000000000   0.0000000000000000   0.0000000000000000   0.0000000000000000   0.0000000000000000   0.0000000079236584   0.0000000064809578   0.0000000065189737   0.0000000064876228   0.0000000064484089   0.0000000064018727   0.0000000063548896   0.0000000063051958   0.0000000062524962   0.0000000061965946   0.0000000061373171   0.0000000060745292   0.0000000060081350   0.0000000059380761   0.0000000058643306   0.0000000057869109   0.0000000057058620   0.0000000056212587   0.0000000055332044   0.0000000054418287   0.0000000053472863   0.0000000052497556   0.0000000051494377   0.0000000050465553   0.0000000049413516   0.0000000048340894   0.0000000047250493   0.0000000046145277   0.0000000045028360   0.0000000043902980   0.0000000042772435   0.0000000041640019   0.0000000040509019   0.0000000039382729   0.0000000038264405   0.0000000037157185   0.0000000036064058   0.0000000034987848   0.0000000033931209   0.0000000032896609   0.0000000031886336   0.0000000030902500   0.0000000029947024   0.0000000029021624   0.0000000028127852   0.0000000027267141   0.0000000026440799   0.0000000025649983   0.0000000024895698   0.0000000024178808   0.0000000023500028   0.0000000022859922   0.0000000022258896   0.0000000021697194   0.0000000021174891   0.0000000020691903   0.0000000020247981   0.0000000019842725   0.0000000019475581   0.0000000019145763   0.0000000018853336   0.0000000018596207   0.0000000018344442   0.0000000231959829   0.0117596855574782   0.4990548275189687   0.8450972006227031   0.9035324543034942   0.9291829223997218   0.0000000000000000   0.0000000000000000   0.0000000000000000   0.0000000000000000   0.9120184366649674   0.9587170594093968   0.9999998088131068   0.0000000000000000   0.0085157719812728   0.0085904194192155   0.0085865201748933   0.0085972054937246   0.0083759041436674   0.1010111258475485   0.9144827992505430   0.9648205560401484   0.9875392845675928   0.9999998773939748   0.9999998916776537   0.9999999113376388   0.9999999211864408   0.9999999400795906   0.9999999525871631   0.9999999570331927   0.9999999600290451   0.9999999678280328   0.9999999649265570   0.9999999664805305   0.9999999749827071   0.9999999695361256   0.9999999689603718   0.9999999728861110   0.9999999673033714   0.0000000000000000   0.0000000000000000   0.0000000000000000   0.0000000000000000   0.0000000000000000   0.0000000000000000   0.0000000000000000   0.0000000000000000   0.0000000000000000   0.0000000000000000   0.0000000000000000   0.0000000000000000   0.0000000000000000   0.0000000000000000   0.9957022482100916   0.9999999665700824   0.0000000000000000   0.0000000000000000   0.0000000000000000   0.0000000000000000   0.0000000000000000   0.0000000000000000   0.0000000000000000   0.0000000000000000   0.0000000000000000   0.0000000000000000   0.0000000000000000   0.0000000000000000   0.0000000000000000   0.0000000000000000   0.0000000000000000   0.0000000000000000   0.0000000000000000   0.0000000000000000   0.0000000000000000   0.0000000000000000   0.0000000000000000   0.0000000000000000   0.0000000000000000
   0.0000000000000000   0.0000000000000000   0.0000000000000000   0.0000000000000000   0.0000000000000000   0.0000000000000000   0.0000000000000000   0.0000000000000000   0.0000000000000000   0.0000000000000000   0.0000000000000000   0.0000000000000000   0.0000000000000000   0.0000000000000000   0.0000000000000000   0.0000000000000000   0.0000000000000000   0.0000000000000000   0.0000000000000000   0.0000000000000000   0.0000000000000000   0.0000000000000000   0.0000000014543860   0.0000000014344492   0.0000000011575725   0.0000000011636873   0.0000000011564731   0.0000000011473663   0.0000000011379423   0.0000000011279319   0.0000000011173143   0.0000000011060636   0.0000000010941606   0.0000000010815932   0.0000000010683560   0.0000000010544498   0.0000000010398814   0.0000000010246633   0.0000000010088132   0.0000000009923534   0.0000000009753112   0.0000000009577179   0.0000000009396092   0.0000000009210247   0.0000000009020077   0.0000000008826052   0.0000000008628676   0.0000000008428482   0.0000000008226030   0.0000000008021890   0.0000000007816419   0.0000000007609689   0.0000000007402671   0.0000000007197022   0.0000000006993453   0.0000000006791959   0.0000000006592897   0.0000000006396800   0.0000000006204157   0.0000000006015425   0.0000000005831027   0.0000000005651340   0.0000000005476529   0.0000000005306574   0.0000000005142073   0.0000000004984019   0.0000000004832681   0.0000000004687842   0.0000000004549601   0.0000000004418128   0.0000000004293563   0.0000000004176016   0.0000000004065571   0.0000000003962282   0.0000000003866172   0.0000000003777237   0.0000000003695442   0.0000000003620725   0.0000000003552995   0.0000000003492110   0.0000000003438247   0.0000000003390704   0.0000000003340579   0.0000003079715451   0.0895516737750936   0.7250770437121217   0.8837451368304107   0.9187866396548214   0.9315117251004238   0.9359849349014312   0.0000000000000000   0.0000000000000000   0.0000000000000000   0.0000000000000000   0.0000000000000000   0.0000000000000000   0.0000000000000000   0.0000000000000000   0.0000000000000000   0.0000000000000000   0.0000000000000000   0.0000000000000000   0.0000000000000000   0.0000000000000000   0.0000000000000000   0.0000000000000000   0.0000000000000000   0.0000000000000000   0.0000000000000000   0.0000000000000000   0.9674598781206206   0.9853870815253707   0.9999999418518351   0.9999999451665390   0.9999999571570222   0.0000000000000000   0.9999999344626718   0.9999999644718647   0.0000000000000000   0.9999999629110825   0.9999999714671117   0.9999999666829698   0.9999999657974701   0.0000000000000000   0.0000000000000000   0.0000000000000000   0.0000000000000000   0.0000000000000000   0.0000000000000000   0.0000000000000000   0.0000000000000000   0.0000000000000000   0.0000000000000000   0.0000000000000000   0.0000000000000000   0.0000000000000000   0.0000000000000000   0.9934731330491006   0.9999999390749876   0.0000000000000000   0.0000000000000000   0.0000000000000000   0.0000000000000000   0.0000000000000000   0.0000000000000000   0.0000000000000000   0.0000000000000000   0.0000000000000000   0.0000000000000000   0.0000000000000000   0.0000000000000000   0.0000000000000000   0.0000000000000000   0.0000000000000000   0.0000000000000000   0.0000000000000000   0.0000000000000000   0.0000000000000000   0.0000000000000000   0.0000000000000000   0.0000000000000000   0.0000000000000000
   0.0000000000000000   0.0000000000000000   0.0000000000000000   0.0000000000000000   0.0000000000000000   0.0000000000000000   0.0000000000000000   0.0000000000000000   0.0000000000000000   0.0000000000000000   0.0000000000000000   0.0000000000000000   0.0000000000000000   0.0000000000000000   0.0000000000000000   0.0000000000000000   0.0000000000000000   0.0000000000000000   0.0000000000000000   0.0000000000000000   0.0000000000000000   0.0000000000000000   0.0000000000000000   0.0000000000000000   0.0000000002591365   0.0000000002113255   0.0000000002120681   0.0000000002102794   0.0000000002084639   0.0000000002065323   0.0000000002044843   0.0000000002023165   0.0000000002000264   0.0000000001976129   0.0000000001950757   0.0000000001924159   0.0000000001896355   0.0000000001867377   0.0000000001837264   0.0000000001806064   0.0000000001773832   0.0000000001740634   0.0000000001706541   0.0000000001671631   0.0000000001635990   0.0000000001599709   0.0000000001562885   0.0000000001525620   0.0000000001488024   0.0000000001450184   0.0000000001412394   0.0000000001376300   0.0000000001340718   0.0000000001303932   0.0000000001266439   0.0000000001229453   0.0000000001192991   0.0000000001157151   0.0000000001122018   0.0000000001087673   0.0000000001054188   0.0000000001021624   0.0000000000990292   0.0000000000961034   0.0000000000933011   0.0000000000905152   0.0000000000877714   0.0000000000851734   0.0000000000827013   0.0000000000803573   0.0000000000781435   0.0000000000760616   0.0000000000741129   0.0000000000722977   0.0000000000706163   0.0000000000690680   0.0000000000676519   0.0000000000663664   0.0000000000652090   0.0000000000641858   0.0000000000632812   0.0000000000626541   0.0000027986996243   0.1898285764536519   0.8045979439831028   0.9022524754860419   0.9255558514993335   0.9274086776465844   0.9610132036335888   0.9865136663465327   0.0000000000000000   0.0000000000000000   0.0000000000000000   0.0000000000000000   0.0000000000000000   0.0000000000000000   0.0000000000000000   0.0000000000000000   0.0000000000000000   0.0000000000000000   0.0000000000000000   0.0000000000000000   0.0000000000000000   0.0000000000000000   0.0000000000000000   0.0000000000000000   0.0000000000000000   0.0000000000000000   0.0000000000000000   0.0000000000000000   0.9534932073493071   0.9948763689846020   0.9999998841571948   0.9999999164601707   0.0000000000000000   0.0000000000000000   0.0000000000000000   0.0000000000000000   0.0000000000000000   0.0000000000000000   0.0000000000000000   0.9999999495420336   0.9999999538601414   0.0000000000000000   0.0000000000000000   0.0000000000000000   0.0000000000000000   0.0000000000000000   0.0000000000000000   0.0000000000000000   0.0000000000000000   0.0000000000000000   0.0000000000000000   0.0000000000000000   0.0000000000000000   0.0000000000000000   0.0000000000000000   0.9999996907046084   0.9999997765218482   0.0000000000000000   0.0000000000000000   0.0000000000000000   0.0000000000000000   0.0000000000000000   0.0000000000000000   0.0000000000000000   0.0000000000000000   0.0000000000000000   0.0000000000000000   0.0000000000000000   0.0000000000000000   0.0000000000000000   0.0000000000000000   0.0000000000000000   0.0000000000000000   0.0000000000000000   0.0000000000000000   0.0000000000000000   0.0000000000000000   0.0000000000000000   0.0000000000000000   0.0000000000000000
   0.0000000000000000   0.0000000000000000   0.0000000000000000   0.0000000000000000   0.0000000000000000   0.0000000000000000   0.0000000000000000   0.0000000000000000   0.0000000000000000   0.0000000000000000   0.0000000000000000   0.0000000000000000   0.0000000000000000   0.0000000000000000   0.0000000000000000   0.0000000000000000   0.0000000000000000   0.0000000000000000   0.0000000000000000   0.0000000000000000   0.0000000000000000   0.0000000000000000   0.0000000000000000   0.0000000000000000   0.0000000000000000   0.0000000000321684   0.0000000000328748   0.0000000000326797   0.0000000000323739   0.0000000000320595   0.0000000000317269   0.0000000000313752   0.0000000000310042   0.0000000000306139   0.0000000000302043   0.0000000000297757   0.0000000000293286   0.0000000000288636   0.0000000000283813   0.0000000000278825   0.0000000000273684   0.0000000000268398   0.0000000000262981   0.0000000000257445   0.0000000000251804   0.0000000000246074   0.0000000000240269   0.0000000000234407   0.0000000000228505   0.0000000000222571   0.0000000000216923   0.0000000000208571   0.0000000000165427   0.0000000000162293   0.0000000000157650   0.0000000000153008   0.0000000000148439   0.0000000000143954   0.0000000000139562   0.0000000000135275   0.0000000000131101   0.0000000000127047   0.0000000000123205   0.0000000000117684   0.0000000000093121   0.0000000000091387   0.0000000000088830   0.0000000000086203   0.0000000000083714   0.0000000000081356   0.0000000000079131   0.0000000000077042   0.0000000000075089   0.0000000000073273   0.0000000000071593   0.0000000000070050   0.0000000000068647   0.0000000000067389   0.0000000000066320   0.0000000000065528   0.0000000000068841   0.0000082844855062   0.2914703378019475   0.8440231445297883   0.9165610092541479   0.9289596728879331   0.9238996103879723   0.0000000000000000   0.0000000000000000   0.0000000000000000   0.0000000000000000   0.0000000000000000   0.0000000000000000   0.0000000000000000   0.0000000000000000   0.0000000000000000   0.0000000000000000   0.0000000000000000   0.0000000000000000   0.0000000000000000   0.0000000000000000   0.0000000000000000   0.0000000000000000   0.0000000000000000   0.0000000000000000   0.0000000000000000   0.0000000000000000   0.0000000000000000   0.0000000000000000   0.0000000000000000   0.9896539476882615   0.9999996646514338   0.0000000000000000   0.0000000000000000   0.0000000000000000   0.0000000000000000   0.0000000000000000   0.0000000000000000   0.0000000000000000   0.0000000000000000   0.0000000000000000   0.0000000000000000   0.0000000000000000   0.0000000000000000   0.0000000000000000   0.0000000000000000   0.0000000000000000   0.0000000000000000   0.0000000000000000   0.0000000000000000   0.0000000000000000   0.0000000000000000   0.0000000000000000   0.0000000000000000   0.0000000000000000   0.0000000000000000   0.0000000000000000   0.0000000000000000   0.0000000000000000   0.0000000000000000   0.0000000000000000   0.0000000000000000   0.0000000000000000   0.0000000000000000   0.0000000000000000   0.0000000000000000   0.0000000000000000   0.0000000000000000   0.0000000000000000   0.0000000000000000   0.0000000000000000   0.0000000000000000   0.0000000000000000   0.0000000000000000   0.0000000000000000   0.0000000000000000   0.0000000000000000   0.0000000000000000   0.0000000000000000   0.0000000000000000   0.0000000000000000   0.0000000000000000
   0.0000000000000000   0.0000000000000000   0.0000000000000000   0.0000000000000000   0.0000000000000000   0.0000000000000000   0.0000000000000000   0.0000000000000000   0.0000000000000000   0.0000000000000000   0.0000000000000000   0.0000000000000000   0.0000000000000000   0.0000000000000000   0.0000000000000000   0.0000000000000000   0.0000000000000000   0.0000000000000000   0.0000000000000000   0.0000000000000000   0.0000000000000000   0.0000000000000000   0.0000000000000000   0.0000000000000000   0.0000000000000000   0.0000000000137281   0.0000000000112292   0.0000000000112588   0.0000000000111551   0.0000000000110387   0.0000000000109183   0.0000000000107912   0.0000000000106573   0.0000000000105167   0.0000000000103695   0.0000000000102158   0.0000000000100559   0.0000000000098898   0.0000000000097180   0.0000000000095408   0.0000000000093585   0.0000000000091715   0.0000000000089802   0.0000000000087852   0.0000000000085870   0.0000000000083861   0.0000000000081830   0.0000000000079783   0.0000000000077728   0.0000000000075664   0.0000000000073752   0.0000000000069260   0.0000000000355439   0.0000000000000000   0.0000000000000000   0.0000000000000000   0.0000000000000000   0.0000000000000000   0.0000000000000000   0.0000000000000000   0.0000000000000000   0.0000000000000000   0.0000000000000000   0.0000000000000000   0.0000000000020357   0.0000000000016291   0.0000000000015986   0.0000000000015518   0.0000000000015079   0.0000000000014663   0.0000000000014273   0.0000000000013907   0.0000000000013567   0.0000000000013252   0.0000000000012962   0.0000000000012698   0.0000000000012459   0.0000000000012253   0.0000000000012094   0.0000000000013946   0.0000109625122656   0.3856164668866044   0.8708565155448849   0.9283209918654609   0.9283790154376064   0.9494298663484435   0.0000000000000000   0.0000000000000000   0.0000000000000000   0.0000000000000000   0.0000000000000000   0.0000000000000000   0.0000000000000000   0.0000000000000000   0.0000000000000000   0.0000000000000000   0.0000000000000000   0.0000000000000000   0.0000000000000000   0.0000000000000000   0.0000000000000000   0.0000000000000000   0.0000000000000000   0.0000000000000000   0.0000000000000000   0.0000000000000000   0.0000000000000000   0.0000000000000000   0.0000000000000000   0.0000000000000000   0.0000000000000000   0.0000000000000000   0.0000000000000000   0.0000000000000000   0.0000000000000000   0.0000000000000000   0.0000000000000000   0.0000000000000000   0.0000000000000000   0.0000000000000000   0.0000000000000000   0.0000000000000000   0.0000000000000000   0.0000000000000000   0.0000000000000000   0.0000000000000000   0.0000000000000000   0.0000000000000000   0.0000000000000000   0.0000000000000000   0.0000000000000000   0.0000000000000000   0.0000000000000000   0.0000000000000000   0.0000000000000000   0.0000000000000000   0.0000000000000000   0.0000000000000000   0.0000000000000000   0.0000000000000000   0.0000000000000000   0.0000000000000000   0.0000000000000000   0.0000000000000000   0.0000000000000000   0.0000000000000000   0.0000000000000000   0.0000000000000000   0.0000000000000000   0.0000000000000000   0.0000000000000000   0.0000000000000000   0.0000000000000000   0.0000000000000000   0.0000000000000000   0.0000000000000000   0.0000000000000000   0.0000000000000000   0.0000000000000000   0.0000000000000000   0.0000000000000000   0.0000000000000000
   0.0000000000000000   0.0000000000000000   0.0000000000000000   0.0000000000000000   0.0000000000000000   0.0000000000000000   0.0000000000000000   0.0000000000000000   0.0000000000000000   0.0000000000000000   0.0000000000000000   0.0000000000000000   0.0000000000000000   0.0000000000000000   0.0000000000000000   0.0000000000000000   0.0000000000000000   0.0000000000000000   0.0000000000000000   0.0000000000000000   0.0000000000000000   0.0000000000000000   0.0000000000000000   0.0000000000000000   0.0000000000000000   0.0000000000000000   0.0000000000024577   0.0000000000020004   0.0000000000020025   0.0000000000019805   0.0000000000019578   0.0000000000019339   0.0000000000019087   0.0000000000018823   0.0000000000018548   0.0000000000018261   0.0000000000017963   0.0000000000017654   0.0000000000017336   0.0000000000017008   0.0000000000016671   0.0000000000016327   0.0000000000015975   0.0000000000015618   0.0000000000015255   0.0000000000014888   0.0000000000014518   0.0000000000014147   0.0000000000013774   0.0000000000013401   0.0000000000013064   0.0000000000012211   0.0000000000223970   0.8794055050825601   0.0000000000000000   0.9079292172731285   0.9669457088717969   0.9844077935493946   0.0000000000000000   0.0000000000000000   0.0000000000000000   0.0000000000000000   0.0000000000000000   0.0000000000000000   0.0000000000000000   0.0000000000002444   0.0000000000002441   0.0000000000002373   0.0000000000002307   0.0000000000002245   0.0000000000002187   0.0000000000002132   0.0000000000002082   0.0000000000002036   0.0000000000001993   0.0000000000001954   0.0000000000001920   0.0000000000001894   0.0000000000002532   0.0000084108812276   0.4699813049563364   0.8922999787961159   0.9359894737525029   0.9318164205294576   0.9603791539602188   0.0000000000000000   0.0000000000000000   0.0000000000000000   0.0000000000000000   0.0000000000000000   0.0000000000000000   0.0000000000000000   0.0000000000000000   0.0000000000000000   0.0000000000000000   0.0000000000000000   0.0000000000000000   0.0000000000000000   0.0000000000000000   0.0000000000000000   0.0000000000000000   0.0000000000000000   0.0000000000000000   0.0000000000000000   0.0000000000000000   0.0000000000000000   0.0000000000000000   0.0000000000000000   0.0000000000000000   0.0000000000000000   0.0000000000000000   0.0000000000000000   0.0000000000000000   0.0000000000000000   0.0000000000000000   0.0000000000000000   0.0000000000000000   0.0000000000000000   0.0000000000000000   0.0000000000000000   0.0000000000000000   0.0000000000000000   0.0000000000000000   0.0000000000000000   0.0000000000000000   0.0000000000000000   0.0000000000000000   0.0000000000000000   0.0000000000000000   0.0000000000000000   0.0000000000000000   0.0000000000000000   0.0000000000000000   0.0000000000000000   0.0000000000000000   0.0000000000000000   0.0000000000000000   0.0000000000000000   0.0000000000000000   0.0000000000000000   0.0000000000000000   0.0000000000000000   0.0000000000000000   0.0000000000000000   0.0000000000000000   0.0000000000000000   0.0000000000000000   0.0000000000000000   0.0000000000000000   0.0000000000000000   0.0000000000000000   0.0000000000000000   0.0000000000000000   0.0000000000000000   0.0000000000000000   0.0000000000000000   0.0000000000000000   0.0000000000000000   0.0000000000000000   0.0000000000000000   0.0000000000000000   0.0000000000000000
   0.0000000000000000   0.0000000000000000   0.0000000000000000   0.0000000000000000   0.0000000000000000   0.0000000000000000   0.0000000000000000   0.0000000000000000   0.0000000000000000   0.0000000000000000   0.0000000000000000   0.0000000000000000   0.0000000000000000   0.0000000000000000   0.0000000000000000   0.0000000000000000   0.0000000000000000   0.0000000000000000   0.0000000000000000   0.0000000000000000   0.0000000000000000   0.0000000000000000   0.0000000000000000   0.0000000000000000   0.0000000000000000   0.0000000000000000   0.0000000000000000   0.0000000000003044   0.0000000000003098   0.0000000000003065   0.0000000000003029   0.0000000000002990   0.0000000000002950   0.0000000000002907   0.0000000000002863   0.0000000000002817   0.0000000000002770   0.0000000000002720   0.0000000000002670   0.0000000000002618   0.0000000000002564   0.0000000000002510   0.0000000000002454   0.0000000000002398   0.0000000000002341   0.0000000000002283   0.0000000000002225   0.0000000000002167   0.0000000000002109   0.0000000000002052   0.0000000000001985   0.0000000000001913   0.8445515034231019   0.9702294978286891   0.9689699527883378   0.9634963190459880   0.9760720408145643   0.9901276457639966   0.0000000000000000   0.0000000000000000   0.0000000000000000   0.0000000000000000   0.0000000000000000   0.0000000000000000   0.0000000000000000   0.0000000000000715   0.0000000000000716   0.0000000000000696   0.0000000000000677   0.0000000000000659   0.0000000000000643   0.0000000000000627   0.0000000000000613   0.0000000000000600   0.0000000000000588   0.0000000000000577   0.0000000000000568   0.0000000000000702   0.0000042520044461   0.5435838014146955   0.9110946162025764   0.9410244329018900   0.9428553501373258   0.9710331754966315   0.9797128310821182   0.0000000000000000   0.0000000000000000   0.0000000000000000   0.0000000000000000   0.0000000000000000   0.0000000000000000   0.0000000000000000   0.0000000000000000   0.0000000000000000   0.0000000000000000   0.0000000000000000   0.0000000000000000   0.0000000000000000   0.0000000000000000   0.0000000000000000   0.0000000000000000   0.0000000000000000   0.0000000000000000   0.0000000000000000   0.0000000000000000   0.0000000000000000   0.0000000000000000   0.0000000000000000   0.0000000000000000   0.0000000000000000   0.0000000000000000   0.0000000000000000   0.0000000000000000   0.0000000000000000   0.0000000000000000   0.0000000000000000   0.0000000000000000   0.0000000000000000   0.0000000000000000   0.0000000000000000   0.0000000000000000   0.0000000000000000   0.0000000000000000   0.0000000000000000   0.0000000000000000   0.0000000000000000   0.0000000000000000   0.0000000000000000   0.0000000000000000   0.0000000000000000   0.0000000000000000   0.0000000000000000   0.0000000000000000   0.0000000000000000   0.0000000000000000   0.0000000000000000   0.0000000000000000   0.0000000000000000   0.0000000000000000   0.0000000000000000   0.0000000000000000   0.0000000000000000   0.0000000000000000   0.0000000000000000   0.0000000000000000   0.0000000000000000   0.0000000000000000   0.0000000000000000   0.0000000000000000   0.0000000000000000   0.0000000000000000   0.0000000000000000   0.0000000000000000   0.0000000000000000   0.0000000000000000   0.0000000000000000   0.0000000000000000   0.0000000000000000   0.0000000000000000   0.0000000000000000   0.0000000000000000   0.0000000000000000
   0.0000000000000000   0.0000000000000000   0.0000000000000000   0.0000000000000000   0.0000000000000000   0.0000000000000000   0.0000000000000000   0.0000000000000000   0.0000000000000000   0.0000000000000000   0.0000000000000000   0.0000000000000000   0.0000000000000000   0.0000000000000000   0.0000000000000000   0.0000000000000000   0.0000000000000000   0.0000000000000000   0.0000000000000000   0.0000000000000000   0.0000000000000000   0.0000000000000000   0.0000000000000000   0.0000000000000000   0.0000000000000000   0.0000000000000000   0.0000000000000000   0.0000000000000902   0.0000000000000921   0.0000000000000912   0.0000000000000900   0.0000000000000888   0.0000000000000876   0.0000000000000863   0.0000000000000849   0.0000000000000835   0.0000000000000820   0.0000000000000805   0.0000000000000790   0.0000000000000774   0.0000000000000758   0.0000000000000741   0.0000000000000724   0.0000000000000707   0.0000000000000690   0.0000000000000673   0.0000000000000655   0.0000000000000638   0.0000000000000620   0.0000000000000604   0.0000000000000576   0.0000000000000903   0.9314432046003435   0.9822758174812892   0.9806549830387499   0.9836533876776528   0.9895199956717742   0.9973677789191099   0.9994025258421028   0.0000000000000000   0.0000000000000000   0.0000000000000000   0.0000000000000000   0.0000000000000000   0.0000000000000000   0.0000000000000246   0.0000000000000243   0.0000000000000237   0.0000000000000230   0.0000000000000225   0.0000000000000219   0.0000000000000214   0.0000000000000209   0.0000000000000205   0.0000000000000201   0.0000000000000198   0.0000000000000203   0.0000015976588932   0.6113660406987281   0.9293155524022577   0.9480705919558838   0.9609109848633827   0.9796642617476337   0.9845209733672716   0.9846623388802205   0.0000000000000000   0.0000000000000000   0.0000000000000000   0.0000000000000000   0.0000000000000000   0.0000000000000000   0.0000000000000000   0.0000000000000000   0.0000000000000000   0.0000000000000000   0.0000000000000000   0.0000000000000000   0.0000000000000000   0.0000000000000000   0.0000000000000000   0.0000000000000000   0.0000000000000000   0.0000000000000000   0.0000000000000000   0.0000000000000000   0.0000000000000000   0.0000000000000000   0.0000000000000000   0.0000000000000000   0.0000000000000000   0.0000000000000000   0.0000000000000000   0.0000000000000000   0.0000000000000000   0.0000000000000000   0.0000000000000000   0.0000000000000000   0.0000000000000000   0.0000000000000000   0.0000000000000000   0.0000000000000000   0.0000000000000000   0.0000000000000000   0.0000000000000000   0.0000000000000000   0.0000000000000000   0.0000000000000000   0.0000000000000000   0.0000000000000000   0.0000000000000000   0.0000000000000000   0.0000000000000000   0.0000000000000000   0.0000000000000000   0.0000000000000000   0.0000000000000000   0.0000000000000000   0.0000000000000000   0.0000000000000000   0.0000000000000000   0.0000000000000000   0.0000000000000000   0.0000000000000000   0.0000000000000000   0.0000000000000000   0.0000000000000000   0.0000000000000000   0.0000000000000000   0.0000000000000000   0.0000000000000000   0.0000000000000000   0.0000000000000000   0.0000000000000000   0.0000000000000000   0.0000000000000000   0.0000000000000000   0.0000000000000000   0.0000000000000000   0.0000000000000000   0.0000000000000000   0.0000000000000000   0.0000000000000000
   0.0000000000000000   0.0000000000000000   0.0000000000000000   0.0000000000000000   0.0000000000000000   0.0000000000000000   0.0000000000000000   0.0000000000000000   0.0000000000000000   0.0000000000000000   0.0000000000000000   0.0000000000000000   0.0000000000000000   0.0000000000000000   0.0000000000000000   0.0000000000000000   0.0000000000000000   0.0000000000000000   0.0000000000000000   0.0000000000000000   0.0000000000000000   0.0000000000000000   0.0000000000000000   0.0000000000000000   0.0000000000000000   0.0000000000000000   0.0000000000000000   0.0000000000000382   0.0000000000000312   0.0000000000000311   0.0000000000000307   0.0000000000000303   0.0000000000000298   0.0000000000000294   0.0000000000000289   0.0000000000000284   0.0000000000000279   0.0000000000000274   0.0000000000000268   0.0000000000000263   0.0000000000000257   0.0000000000000251   0.0000000000000245   0.0000000000000239   0.0000000000000233   0.0000000000000227   0.0000000000000221   0.0000000000000215   0.0000000000000209   0.0000000000000203   0.0000000000000184   0.6482457689763585   0.9932677308421668   0.9908931472993711   0.9880989018429612   0.9905317956928562   0.9931639671039244   0.9960276319305230   0.9984754214320063   0.9983065878547785   0.9999999022870237   0.0000000000000000   0.0000000000000000   0.0000000000000000   0.0000000000000000   0.0000000000000053   0.0000000000000052   0.0000000000000051   0.0000000000000049   0.0000000000000048   0.0000000000000047   0.0000000000000046   0.0000000000000045   0.0000000000000044   0.0000000000000044   0.0000000000000043   0.0000006181762178   0.6741720166605946   0.9485988461846009   0.9588516367040180   0.9748063834754572   0.9835432973011260   0.9863168253093246   0.9892829788483866   0.9893157098731827   0.0000000000000000   0.0000000000000000   0.0000000000000000   0.0000000000000000   0.0000000000000000   0.0000000000000000   0.0000000000000000   0.0000000000000000   0.0000000000000000   0.0000000000000000   0.0000000000000000   0.0000000000000000   0.0000000000000000   0.0000000000000000   0.0000000000000000   0.0000000000000000   0.0000000000000000   0.0000000000000000   0.0000000000000000   0.0000000000000000   0.0000000000000000   0.0000000000000000   0.0000000000000000   0.0000000000000000   0.0000000000000000   0.0000000000000000   0.0000000000000000   0.0000000000000000   0.0000000000000000   0.0000000000000000   0.0000000000000000   0.0000000000000000   0.0000000000000000   0.0000000000000000   0.0000000000000000   0.0000000000000000   0.0000000000000000   0.0000000000000000   0.0000000000000000   0.0000000000000000   0.0000000000000000   0.0000000000000000   0.0000000000000000   0.0000000000000000   0.0000000000000000   0.0000000000000000   0.0000000000000000   0.0000000000000000   0.0000000000000000   0.0000000000000000   0.0000000000000000   0.0000000000000000   0.0000000000000000   0.0000000000000000   0.0000000000000000   0.0000000000000000   0.0000000000000000   0.0000000000000000   0.0000000000000000   0.0000000000000000   0.0000000000000000   0.0000000000000000   0.0000000000000000   0.0000000000000000   0.0000000000000000   0.0000000000000000   0.0000000000000000   0.0000000000000000   0.0000000000000000   0.0000000000000000   0.0000000000000000   0.0000000000000000   0.0000000000000000   0.0000000000000000   0.0000000000000000   0.0000000000000000   0.0000000000000000
   0.0000000000000000   0.0000000000000000   0.0000000000000000   0.0000000000000000   0.0000000000000000   0.0000000000000000   0.0000000000000000   0.0000000000000000   0.0000000000000000   0.0000000000000000   0.0000000000000000   0.0000000000000000   0.0000000000000000   0.0000000000000000   0.0000000000000000   0.0000000000000000   0.0000000000000000   0.0000000000000000   0.0000000000000000   0.0000000000000000   0.0000000000000000   0.0000000000000000   0.0000000000000000   0.0000000000000000   0.0000000000000000   0.0000000000000000   0.0000000000000000   0.0000000000000000   0.0000000000000068   0.0000000000000055   0.0000000000000055   0.0000000000000054   0.0000000000000053   0.0000000000000052   0.0000000000000052   0.0000000000000051   0.0000000000000050   0.0000000000000049   0.0000000000000048   0.0000000000000047   0.0000000000000046   0.0000000000000045   0.0000000000000043   0.0000000000000042   0.0000000000000041   0.0000000000000040   0.0000000000000039   0.0000000000000038   0.0000000000000037   0.0000000000000035   0.0000000000000051   0.9201773203200824   0.9918545155381215   0.9889858887323276   0.9915145924746440   0.9940005928249045   0.9958757997240473   0.9970635396034135   0.9984701233624448   0.9999999337627098   0.9999999236583692   0.0000000000000000   0.0000000000000000   0.0000000000000000   0.0000000000000000   0.0000000000000000   0.0000000000000000   0.0000000000000000   0.0000000000000000   0.0000000000000000   0.0000000000000000   0.0000000000000000   0.0000000000000000   0.0000000000000000   0.0000000000000000   0.0000003470209842   0.7085482624686940   0.9667135167416154   0.9732437942859338   0.9826553526475934   0.9861269461679666   0.9877385882076690   0.9896888446273279   0.9912665935546339   0.9912444424422104   0.9930871804785153   0.0000000000000000   0.0000000000000000   0.0000000000000000   0.0000000000000000   0.0000000000000000   0.0000000000000000   0.0000000000000000   0.0000000000000000   0.0000000000000000   0.0000000000000000   0.0000000000000000   0.0000000000000000   0.0000000000000000   0.0000000000000000   0.0000000000000000   0.0000000000000000   0.0000000000000000   0.0000000000000000   0.0000000000000000   0.0000000000000000   0.0000000000000000   0.0000000000000000   0.0000000000000000   0.0000000000000000   0.0000000000000000   0.0000000000000000   0.0000000000000000   0.0000000000000000   0.0000000000000000   0.0000000000000000   0.0000000000000000   0.0000000000000000   0.0000000000000000   0.0000000000000000   0.0000000000000000   0.0000000000000000   0.0000000000000000   0.0000000000000000   0.0000000000000000   0.0000000000000000   0.0000000000000000   0.0000000000000000   0.0000000000000000   0.0000000000000000   0.0000000000000000   0.0000000000000000   0.0000000000000000   0.0000000000000000   0.0000000000000000   0.0000000000000000   0.0000000000000000   0.0000000000000000   0.0000000000000000   0.0000000000000000   0.0000000000000000   0.0000000000000000   0.0000000000000000   0.0000000000000000   0.0000000000000000   0.0000000000000000   0.0000000000000000   0.0000000000000000   0.0000000000000000   0.0000000000000000   0.0000000000000000   0.0000000000000000   0.0000000000000000   0.0000000000000000   0.0000000000000000   0.0000000000000000   0.0000000000000000   0.0000000000000000   0.0000000000000000   0.0000000000000000   0.0000000000000000   0.0000000000000000
   0.0000000000000000   0.0000000000000000   0.0000000000000000   0.0000000000000000   0.0000000000000000   0.0000000000000000   0.0000000000000000   0.0000000000000000   0.0000000000000000   0.0000000000000000   0.0000000000000000   0.0000000000000000   0.0000000000000000   0.0000000000000000   0.0000000000000000   0.0000000000000000   0.0000000000000000   0.0000000000000000   0.0000000000000000   0.0000000000000000   0.0000000000000000   0.0000000000000000   0.0000000000000000   0.0000000000000000   0.0000000000000000   0.0000000000000000   0.0000000000000000   0.0000000000000000   0.0000000000000000   0.0000000000000012   0.0000000000000012   0.0000000000000010   0.0000000000000010   0.0000000000000009   0.0000000000000009   0.0000000000000009   0.0000000000000009   0.0000000000000009   0.0000000000000009   0.0000000000000008   0.0000000000000008   0.0000000000000008   0.0000000000000008   0.0000000000000008   0.0000000000000007   0.0000000000000007   0.0000000000000007   0.0000000000000007   0.0000000000000007   0.0000000000000006   0.4494544688395417   0.9789138470707462   0.9962889858548154   0.9894088613324010   0.9923689041455596   0.9945810116149476   0.9973790423925000   0.9999999529732152   0.9999707531522239   0.9999999353661589   0.0000000000000000   0.0000000000000000   0.0000000000000000   0.0000000000000000   0.0000000000000000   0.0000000000000000   0.0000000000000000   0.0000000000000000   0.0000000000000000   0.0000000000000000   0.0000000000000000   0.0000000000000000   0.0000000000000000   0.0000000000000000   0.0000000000000000   0.2249309434954465   0.9399150898199763   0.9879764800735800   0.9891898217934585   0.9898519019919327   0.9903783384159618   0.9910276795719382   0.9924051643112271   0.9943425232604511   0.9965550992537660   0.9982098194722592   0.0000000000000000   0.0000000000000000   0.0000000000000000   0.0000000000000000   0.0000000000000000   0.0000000000000000   0.0000000000000000   0.0000000000000000   0.0000000000000000   0.0000000000000000   0.0000000000000000   0.0000000000000000   0.0000000000000000   0.0000000000000000   0.0000000000000000   0.0000000000000000   0.0000000000000000   0.0000000000000000   0.0000000000000000   0.0000000000000000   0.0000000000000000   0.0000000000000000   0.0000000000000000   0.0000000000000000   0.0000000000000000   0.0000000000000000   0.0000000000000000   0.0000000000000000   0.0000000000000000   0.0000000000000000   0.0000000000000000   0.0000000000000000   0.0000000000000000   0.0000000000000000   0.0000000000000000   0.0000000000000000   0.0000000000000000   0.0000000000000000   0.0000000000000000   0.0000000000000000   0.0000000000000000   0.0000000000000000   0.0000000000000000   0.0000000000000000   0.0000000000000000   0.0000000000000000   0.0000000000000000   0.0000000000000000   0.0000000000000000   0.0000000000000000   0.0000000000000000   0.0000000000000000   0.0000000000000000   0.0000000000000000   0.0000000000000000   0.0000000000000000   0.0000000000000000   0.0000000000000000   0.0000000000000000   0.0000000000000000   0.0000000000000000   0.0000000000000000   0.0000000000000000   0.0000000000000000   0.0000000000000000   0.0000000000000000   0.0000000000000000   0.0000000000000000   0.0000000000000000   0.0000000000000000   0.0000000000000000   0.0000000000000000   0.0000000000000000   0.0000000000000000   0.0000000000000000   0.0000000000000000
   0.0000000000000000   0.0000000000000000   0.0000000000000000   0.0000000000000000   0.0000000000000000   0.0000000000000000   0.0000000000000000   0.0000000000000000   0.0000000000000000   0.0000000000000000   0.0000000000000000   0.0000000000000000   0.0000000000000000   0.0000000000000000   0.0000000000000000   0.0000000000000000   0.0000000000000000   0.0000000000000000   0.0000000000000000   0.0000000000000000   0.0000000000000000   0.0000000000000000   0.0000000000000000   0.0000000000000000   0.0000000000000000   0.0000000000000000   0.0000000000000000   0.0000000000000000   0.0000000000000000   0.0000000000000000   0.0000000000000000   0.0000000000000002   0.0000000000000002   0.0000000000000002   0.0000000000000001   0.0000000000000001   0.0000000000000001   0.0000000000000001   0.0000000000000001   0.0000000000000001   0.0000000000000001   0.0000000000000001   0.0000000000000001   0.0000000000000001   0.0000000000000001   0.0000000000000001   0.0000000000000001   0.0000000000000001   0.0000000000000001   0.0000000000000001   0.9017724516075770   0.9777187409127247   0.9806241256950237   0.9866713833089529   0.9912906015012538   0.9954409283360801   0.9957918419948752   0.0000000000000000   0.0000000000000000   0.0000000000000000   0.0000000000000000   0.0000000000000000   0.0000000000000000   0.0000000000000000   0.0000000000000000   0.0000000000000000   0.0000000000000000   0.0000000000000000   0.0000000000000000   0.0000000000000000   0.0000000000000000   0.0000000000000000   0.0000000000000000   0.0000000000000000   0.0330790585423527   0.9017856080585716   0.9978600329540223   0.9974046795766370   0.9948851789408485   0.9944215141764889   0.9941523419497249   0.9938267919461116   0.9943603240634217   0.9961836562104504   0.9988686058872502   0.9999999804449869   0.0000000000000000   0.0000000000000000   0.0000000000000000   0.0000000000000000   0.0000000000000000   0.0000000000000000   0.0000000000000000   0.0000000000000000   0.0000000000000000   0.0000000000000000   0.0000000000000000   0.0000000000000000   0.0000000000000000   0.0000000000000000   0.0000000000000000   0.0000000000000000   0.0000000000000000   0.0000000000000000   0.0000000000000000   0.0000000000000000   0.0000000000000000   0.0000000000000000   0.0000000000000000   0.0000000000000000   0.0000000000000000   0.0000000000000000   0.0000000000000000   0.0000000000000000   0.0000000000000000   0.0000000000000000   0.0000000000000000   0.0000000000000000   0.0000000000000000   0.0000000000000000   0.0000000000000000   0.0000000000000000   0.0000000000000000   0.0000000000000000   0.0000000000000000   0.0000000000000000   0.0000000000000000   0.0000000000000000   0.0000000000000000   0.0000000000000000   0.0000000000000000   0.0000000000000000   0.0000000000000000   0.0000000000000000   0.0000000000000000   0.0000000000000000   0.0000000000000000   0.0000000000000000   0.0000000000000000   0.0000000000000000   0.0000000000000000   0.0000000000000000   0.0000000000000000   0.0000000000000000   0.0000000000000000   0.0000000000000000   0.0000000000000000   0.0000000000000000   0.0000000000000000   0.0000000000000000   0.0000000000000000   0.0000000000000000   0.0000000000000000   0.0000000000000000   0.0000000000000000   0.0000000000000000   0.0000000000000000   0.0000000000000000   0.0000000000000000   0.0000000000000000   0.0000000000000000   0.0000000000000000
   0.0000000000000000   0.0000000000000000   0.0000000000000000   0.0000000000000000   0.0000000000000000   0.0000000000000000   0.0000000000000000   0.0000000000000000   0.0000000000000000   0.0000000000000000   0.0000000000000000   0.0000000000000000   0.0000000000000000   0.0000000000000000   0.0000000000000000   0.0000000000000000   0.0000000000000000   0.0000000000000000   0.0000000000000000   0.0000000000000000   0.0000000000000000   0.0000000000000000   0.0000000000000000   0.0000000000000000   0.0000000000000000   0.0000000000000000   0.0000000000000000   0.0000000000000000   0.0000000000000000   0.0000000000000000   0.0000000000000000   0.0000000000000000   0.0000000000000000   0.0000000000000000   0.0000000000000001   0.0000000000000000   0.0000000000000000   0.0000000000000000   0.0000000000000000   0.0000000000000000   0.0000000000000000   0.0000000000000000   0.0000000000000000   0.0000000000000000   0.0000000000000000   0.0000000000000000   0.0000000000000000   0.0000000000000000   0.0000000000000000   0.0537163409709938   0.9480259935912789   0.9733061136812655   0.9766759698259859   0.9833167457438864   0.9897013861133801   0.9924864985868941   0.0000000000000000   0.0000000000000000   0.0000000000000000   0.0000000000000000   0.0000000000000000   0.0000000000000000   0.0000000000000000   0.0000000000000000   0.0000000000000000   0.0000000000000000   0.0000000000000000   0.0000000000000000   0.0000000000000000   0.0000000000000000   0.0000000000000000   0.0000000000000000   0.0000000000000000   0.0000000015315889   0.8691077509940629   0.9910960327020923   0.9999995933420264   0.9983909631442633   0.9970342393869794   0.9970726529696227   0.9970966423769845   0.9962961467829181   0.9953657075112422   0.9961759141094719   0.9985165624309980   0.9999999795338258   0.0000000000000000   0.0000000000000000   0.0000000000000000   0.0000000000000000   0.0000000000000000   0.0000000000000000   0.0000000000000000   0.0000000000000000   0.0000000000000000   0.0000000000000000   0.0000000000000000   0.0000000000000000   0.0000000000000000   0.0000000000000000   0.0000000000000000   0.0000000000000000   0.0000000000000000   0.0000000000000000   0.0000000000000000   0.0000000000000000   0.0000000000000000   0.0000000000000000   0.0000000000000000   0.0000000000000000   0.0000000000000000   0.0000000000000000   0.0000000000000000   0.0000000000000000   0.0000000000000000   0.0000000000000000   0.0000000000000000   0.0000000000000000   0.0000000000000000   0.0000000000000000   0.0000000000000000   0.0000000000000000   0.0000000000000000   0.0000000000000000   0.0000000000000000   0.0000000000000000   0.0000000000000000   0.0000000000000000   0.0000000000000000   0.0000000000000000   0.0000000000000000   0.0000000000000000   0.0000000000000000   0.0000000000000000   0.0000000000000000   0.0000000000000000   0.0000000000000000   0.0000000000000000   0.0000000000000000   0.0000000000000000   0.0000000000000000   0.0000000000000000   0.0000000000000000   0.0000000000000000   0.0000000000000000   0.0000000000000000   0.0000000000000000   0.0000000000000000   0.0000000000000000   0.0000000000000000   0.0000000000000000   0.0000000000000000   0.0000000000000000   0.0000000000000000   0.0000000000000000   0.0000000000000000   0.0000000000000000   0.0000000000000000   0.0000000000000000   0.0000000000000000   0.0000000000000000   0.0000000000000000
   0.0000000000000000   0.0000000000000000   0.0000000000000000   0.0000000000000000   0.0000000000000000   0.0000000000000000   0.0000000000000000   0.0000000000000000   0.0000000000000000   0.0000000000000000   0.0000000000000000   0.0000000000000000   0.0000000000000000   0.0000000000000000   0.0000000000000000   0.0000000000000000   0.0000000000000000   0.0000000000000000   0.0000000000000000   0.0000000000000000   0.0000000000000000   0.0000000000000000   0.0000000000000000   0.0000000000000000   0.0000000000000000   0.0000000000000000   0.0000000000000000   0.0000000000000000   0.0000000000000000   0.0000000000000000   0.0000000000000000   0.0000000000000000   0.0000000000000000   0.0000000000000000   0.0000006820379631   0.0000000000000000   0.0000000000000000   0.0000000000000000   0.0000000000000000   0.0000000000000000   0.0000000000000000   0.0000000000000000   0.0000000000000000   0.0000000000000000   0.0000000000000000   0.0000000000000000   0.0000000000000000   0.0000000000000000   0.7907898058231342   0.0000000000000000   0.0000000000000000   0.9452182686647856   0.9741210369886988   0.9838106741970831   0.9887549478929059   0.0000000000000000   0.0000000000000000   0.0000000000000000   0.0000000000000000   0.0000000000000000   0.0000000000000000   0.0000000000000000   0.0000000000000000   0.0000000000000000   0.0000000000000000   0.0000000000000000   0.0000000000000000   0.0000000000000000   0.0000000000000000   0.0000000000000000   0.0000000000000000   0.0000000000000000   0.0000000000000000   0.2095626335766075   0.9369681979467439   0.9881738510507063   0.9872511463409839   0.9920748761286668   0.9953743861327692   0.9975515630148267   0.9985714110475118   0.9982742871935166   0.9957628004760588   0.9956512511980483   0.9957741234954595   0.9943494682016439   0.9960588118566976   0.0000000000000000   0.0000000000000000   0.0000000000000000   0.0000000000000000   0.0000000000000000   0.0000000000000000   0.0000000000000000   0.0000000000000000   0.0000000000000000   0.0000000000000000   0.0000000000000000   0.0000000000000000   0.0000000000000000   0.0000000000000000   0.0000000000000000   0.0000000000000000   0.0000000000000000   0.0000000000000000   0.0000000000000000   0.0000000000000000   0.0000000000000000   0.0000000000000000   0.0000000000000000   0.0000000000000000   0.0000000000000000   0.0000000000000000   0.0000000000000000   0.0000000000000000   0.0000000000000000   0.0000000000000000   0.0000000000000000   0.0000000000000000   0.0000000000000000   0.0000000000000000   0.0000000000000000   0.0000000000000000   0.0000000000000000   0.0000000000000000   0.0000000000000000   0.0000000000000000   0.0000000000000000   0.0000000000000000   0.0000000000000000   0.0000000000000000   0.0000000000000000   0.0000000000000000   0.0000000000000000   0.0000000000000000   0.0000000000000000   0.0000000000000000   0.0000000000000000   0.0000000000000000   0.0000000000000000   0.0000000000000000   0.0000000000000000   0.0000000000000000   0.0000000000000000   0.0000000000000000   0.0000000000000000   0.0000000000000000   0.0000000000000000   0.0000000000000000   0.0000000000000000   0.0000000000000000   0.0000000000000000   0.0000000000000000   0.0000000000000000   0.0000000000000000   0.0000000000000000   0.0000000000000000   0.0000000000000000   0.0000000000000000   0.0000000000000000   0.0000000000000000   0.0000000000000000
   0.0000000000000000   0.0000000000000000   0.0000000000000000   0.0000000000000000   0.0000000000000000   0.0000000000000000   0.0000000000000000   0.0000000000000000   0.0000000000000000   0.0000000000000000   0.0000000000000000   0.0000000000000000   0.0000000000000000   0.0000000000000000   0.0000000000000000   0.0000000000000000   0.0000000000000000   0.0000000000000000   0.0000000000000000   0.0000000000000000   0.0000000000000000   0.0000000000000000   0.0000000000000000   0.0000000000000000   0.0000000000000000   0.0000000000000000   0.0000000000000000   0.0000000000000000   0.0000000000000000   0.0000000000000000   0.0000000000000000   0.0000000000000000   0.0000000000000000   0.0000000000000000   0.0000000000000000   0.0000000000000000   0.0000000000000000   0.0000000000000000   0.0000000000000000   0.0000000000000000   0.0000000000000000   0.0000000000000000   0.0000000000000000   0.0000000000000000   0.0000000000000000   0.0000000000000000   0.0000000000000000   0.6489470329883562   0.0000000000000000   0.0000000000000000   0.0000000000000000   0.0000000000000000   0.0000000000000000   0.0000000000000000   0.0000000000000000   0.0000000000000000   0.0000000000000000   0.0000000000000000   0.0000000000000000   0.0000000000000000   0.0000000000000000   0.0000000000000000   0.0000000000000000   0.0000000000000000   0.0000000000000000   0.0000000000000000   0.0000000000000000   0.0000000000000000   0.0000000000000000   0.0000000000000000   0.0000000000000000   0.0000000000000000   0.0005167270665502   0.8822142291129095   0.9498789662535018   0.0000000000000000   0.9599842120138021   0.9776056014658115   0.9896987221546519   0.9950696153643688   0.9978068027368292   0.9980402169795914   0.9963576253758111   0.9971857643903477   0.9977588895350405   0.9974042024869934   0.9993359179171990   0.0000000000000000   0.0000000000000000   0.0000000000000000   0.0000000000000000   0.0000000000000000   0.0000000000000000   0.0000000000000000   0.0000000000000000   0.0000000000000000   0.0000000000000000   0.0000000000000000   0.0000000000000000   0.0000000000000000   0.0000000000000000   0.0000000000000000   0.0000000000000000   0.0000000000000000   0.0000000000000000   0.0000000000000000   0.0000000000000000   0.0000000000000000   0.0000000000000000   0.0000000000000000   0.0000000000000000   0.0000000000000000   0.0000000000000000   0.0000000000000000   0.0000000000000000   0.0000000000000000   0.0000000000000000   0.0000000000000000   0.0000000000000000   0.0000000000000000   0.0000000000000000   0.0000000000000000   0.0000000000000000   0.0000000000000000   0.0000000000000000   0.0000000000000000   0.0000000000000000   0.0000000000000000   0.0000000000000000   0.0000000000000000   0.0000000000000000   0.0000000000000000   0.0000000000000000   0.0000000000000000   0.0000000000000000   0.0000000000000000   0.0000000000000000   0.0000000000000000   0.0000000000000000   0.0000000000000000   0.0000000000000000   0.0000000000000000   0.0000000000000000   0.0000000000000000   0.0000000000000000   0.0000000000000000   0.0000000000000000   0.0000000000000000   0.0000000000000000   0.0000000000000000   0.0000000000000000   0.0000000000000000   0.0000000000000000   0.0000000000000000   0.0000000000000000   0.0000000000000000   0.0000000000000000   0.0000000000000000   0.0000000000000000   0.0000000000000000   0.0000000000000000   0.0000000000000000
   0.0000000000000000   0.0000000000000000   0.0000000000000000   0.0000000000000000   0.0000000000000000   0.0000000000000000   0.0000000000000000   0.0000000000000000   0.0000000000000000   0.0000000000000000   0.0000000000000000   0.0000000000000000   0.0000000000000000   0.0000000000000000   0.0000000000000000   0.0000000000000000   0.0000000000000000   0.0000000000000000   0.0000000000000000   0.0000000000000000   0.0000000000000000   0.0000000000000000   0.0000000000000000   0.0000000000000000   0.0000000000000000   0.0000000000000000   0.0000000000000000   0.0000000000000000   0.0000000000000000   0.0000000000000000   0.0000000000000000   0.0000000000000000   0.0000000000000000   0.0000000000000000   0.0000000000000000   0.0000000000000000   0.0000000000000000   0.0000000000000000   0.0000000000000000   0.0000000000000000   0.0000000000000000   0.0000000000000000   0.0000000000000000   0.0000000000000000   0.0000027376967117   0.0000000000000000   0.0000000000000000   0.0000000000000000   0.0000000000000000   0.0000000000000000   0.0000000000000000   0.0000000000000000   0.0000000000000000   0.0000000000000000   0.0000000000000000   0.0000000000000000   0.0000000000000000   0.0000000000000000   0.0000000000000000   0.0000000000000000   0.0000000000000000   0.0000000000000000   0.0000000000000000   0.0000000000000000   0.0000000000000000   0.0000000000000000   0.0000000000000000   0.0000000000000000   0.0000000000000000   0.0000000000000000   0.0000000000000000   0.0000000000000078   0.8786495059226440   0.0000000000000000   0.0000000000000000   0.0000000000000000   0.0000000000000000   0.9617988162760538   0.9837378630609429   0.9923671072835072   0.9948858087781063   0.0000000000000000   0.0000000000000000   0.0000000000000000   0.0000000000000000   0.0000000000000000   0.0000000000000000   0.0000000000000000   0.0000000000000000   0.0000000000000000   0.0000000000000000   0.0000000000000000   0.0000000000000000   0.0000000000000000   0.0000000000000000   0.0000000000000000   0.0000000000000000   0.0000000000000000   0.0000000000000000   0.0000000000000000   0.0000000000000000   0.0000000000000000   0.0000000000000000   0.0000000000000000   0.0000000000000000   0.0000000000000000   0.0000000000000000   0.0000000000000000   0.0000000000000000   0.0000000000000000   0.0000000000000000   0.0000000000000000   0.0000000000000000   0.0000000000000000   0.0000000000000000   0.0000000000000000   0.0000000000000000   0.0000000000000000   0.0000000000000000   0.0000000000000000   0.0000000000000000   0.0000000000000000   0.0000000000000000   0.0000000000000000   0.0000000000000000   0.0000000000000000   0.0000000000000000   0.0000000000000000   0.0000000000000000   0.0000000000000000   0.0000000000000000   0.0000000000000000   0.0000000000000000   0.0000000000000000   0.0000000000000000   0.0000000000000000   0.0000000000000000   0.0000000000000000   0.0000000000000000   0.0000000000000000   0.0000000000000000   0.0000000000000000   0.0000000000000000   0.0000000000000000   0.0000000000000000   0.0000000000000000   0.0000000000000000   0.0000000000000000   0.0000000000000000   0.0000000000000000   0.0000000000000000   0.0000000000000000   0.0000000000000000   0.0000000000000000   0.0000000000000000   0.0000000000000000   0.0000000000000000   0.0000000000000000   0.0000000000000000   0.0000000000000000   0.0000000000000000   0.0000000000000000
   0.0000000000000000   0.0000000000000000   0.0000000000000000   0.0000000000000000   0.0000000000000000   0.0000000000000000   0.0000000000000000   0.0000000000000000   0.0000000000000000   0.0000000000000000   0.0000000000000000   0.0000000000000000   0.0000000000000000   0.0000000000000000   0.0000000000000000   0.0000000000000000   0.0000000000000000   0.0000000000000000   0.0000000000000000   0.0000000000000000   0.0000000000000000   0.0000000000000000   0.0000000000000000   0.0000000000000000   0.0000000000000000   0.0000000000000000   0.0000000000000000   0.0000000000000000   0.0000000000000000   0.0000000000000000   0.0000000000000000   0.0000000000000000   0.0000000000000000   0.0000000000000000   0.0000000000000000   0.0000000000000000   0.0000000000000000   0.0000000000000000   0.0000000000000000   0.0000000000000000   0.0000000000000000   0.0000000000000000   0.0000000000000000   0.0000000000000000   0.0000000000000000   0.0000000000000000   0.0000000000000000   0.0000000000000000   0.0000000000000000   0.0000000000000000   0.0000000000000000   0.0000000000000000   0.0000000000000000   0.0000000000000000   0.0000000000000000   0.0000000000000000   0.0000000000000000   0.0000000000000000   0.0000000000000000   0.0000000000000000   0.0000000000000000   0.0000000000000000   0.0000000000000000   0.0000000000000000   0.0000000000000000   0.0000000000000000   0.0000000000000000   0.0000000000000000   0.0000000000000000   0.0000000000000000   0.7328016362131514   0.0000000000000000   0.0000000000000000   0.0000000000000000   0.0000000000000000   0.0000000000000000   0.0000000000000000   0.9678939924277274   0.9830300975169606   0.9912418338534820   0.9950272533441897   0.0000000000000000   0.0000000000000000   0.0000000000000000   0.0000000000000000   0.0000000000000000   0.0000000000000000   0.0000000000000000   0.0000000000000000   0.0000000000000000   0.0000000000000000   0.0000000000000000   0.0000000000000000   0.0000000000000000   0.0000000000000000   0.0000000000000000   0.0000000000000000   0.0000000000000000   0.0000000000000000   0.0000000000000000   0.0000000000000000   0.0000000000000000   0.0000000000000000   0.0000000000000000   0.0000000000000000   0.0000000000000000   0.0000000000000000   0.0000000000000000   0.0000000000000000   0.0000000000000000   0.0000000000000000   0.0000000000000000   0.0000000000000000   0.0000000000000000   0.0000000000000000   0.0000000000000000   0.0000000000000000   0.0000000000000000   0.0000000000000000   0.0000000000000000   0.0000000000000000   0.0000000000000000   0.0000000000000000   0.0000000000000000   0.0000000000000000   0.0000000000000000   0.0000000000000000   0.0000000000000000   0.0000000000000000   0.0000000000000000   0.0000000000000000   0.0000000000000000   0.0000000000000000   0.0000000000000000   0.0000000000000000   0.0000000000000000   0.0000000000000000   0.0000000000000000   0.0000000000000000   0.0000000000000000   0.0000000000000000   0.0000000000000000   0.0000000000000000   0.0000000000000000   0.0000000000000000   0.0000000000000000   0.0000000000000000   0.0000000000000000   0.0000000000000000   0.0000000000000000   0.0000000000000000   0.0000000000000000   0.0000000000000000   0.0000000000000000   0.0000000000000000   0.0000000000000000   0.0000000000000000   0.0000000000000000   0.0000000000000000   0.0000000000000000   0.0000000000000000   0.0000000000000000
   0.0000000000000000   0.0000000000000000   0.0000000000000000   0.0000000000000000   0.0000000000000000   0.0000000000000000   0.0000000000000000   0.0000000000000000   0.0000000000000000   0.0000000000000000   0.0000000000000000   0.0000000000000000   0.0000000000000000   0.0000000000000000   0.0000000000000000   0.0000000000000000   0.0000000000000000   0.0000000000000000   0.0000000000000000   0.0000000000000000   0.0000000000000000   0.0000000000000000   0.0000000000000000   0.0000000000000000   0.0000000000000000   0.0000000000000000   0.0000000000000000   0.0000000000000000   0.0000000000000000   0.0000000000000000   0.0000000000000000   0.0000000000000000   0.0000000000000000   0.0000000000000000   0.0000000000000000   0.0000000000000000   0.0000000000000000   0.0000000000000000   0.0000000000000000   0.0000000000000000   0.0000000000000000   0.0000000000000000   0.0000000000000000   0.0000000000000000   0.0000000000000000   0.0000000000000000   0.0000000000000000   0.0000000000000000   0.0000000000000000   0.0000000000000000   0.0000000000000000   0.0000000000000000   0.0000000000000000   0.0000000000000000   0.0000000000000000   0.0000000000000000   0.0000000000000000   0.0000000000000000   0.0000000000000000   0.0000000000000000   0.0000000000000000   0.0000000000000000   0.0000000000000000   0.0000000000000000   0.0000000000000000   0.0000000000000000   0.0000000000000000   0.0000000000000000   0.0000000000000000   0.0000000000004073   0.0000000000000000   0.0000000000000000   0.0000000000000000   0.0000000000000000   0.0000000000000000   0.0000000000000000   0.0000000000000000   0.0000000000000000   0.9857990642222207   0.9946748386949984   0.0000000000000000   0.0000000000000000   0.0000000000000000   0.0000000000000000   0.0000000000000000   0.0000000000000000   0.0000000000000000   0.0000000000000000   0.0000000000000000   0.0000000000000000   0.0000000000000000   0.0000000000000000   0.0000000000000000   0.0000000000000000   0.0000000000000000   0.0000000000000000   0.0000000000000000   0.0000000000000000   0.0000000000000000   0.0000000000000000   0.0000000000000000   0.0000000000000000   0.0000000000000000   0.0000000000000000   0.0000000000000000   0.0000000000000000   0.0000000000000000   0.0000000000000000   0.0000000000000000   0.0000000000000000   0.0000000000000000   0.0000000000000000   0.0000000000000000   0.0000000000000000   0.0000000000000000   0.0000000000000000   0.0000000000000000   0.0000000000000000   0.0000000000000000   0.0000000000000000   0.0000000000000000   0.0000000000000000   0.0000000000000000   0.0000000000000000   0.0000000000000000   0.0000000000000000   0.0000000000000000   0.0000000000000000   0.0000000000000000   0.0000000000000000   0.0000000000000000   0.0000000000000000   0.0000000000000000   0.0000000000000000   0.0000000000000000   0.0000000000000000   0.0000000000000000   0.0000000000000000   0.0000000000000000   0.0000000000000000   0.0000000000000000   0.0000000000000000   0.0000000000000000   0.0000000000000000   0.0000000000000000   0.0000000000000000   0.0000000000000000   0.0000000000000000   0.0000000000000000   0.0000000000000000   0.0000000000000000   0.0000000000000000   0.0000000000000000   0.0000000000000000   0.0000000000000000   0.0000000000000000   0.0000000000000000   0.0000000000000000   0.0000000000000000   0.0000000000000000   0.0000000000000000   0.0000000000000000
   0.0000000000000000   0.0000000000000000   0.0000000000000000   0.0000000000000000   0.0000000000000000   0.0000000000000000   0.0000000000000000   0.0000000000000000   0.0000000000000000   0.0000000000000000   0.0000000000000000   0.0000000000000000   0.0000000000000000   0.0000000000000000   0.0000000000000000   0.0000000000000000   0.0000000000000000   0.0000000000000000   0.0000000000000000   0.0000000000000000   0.0000000000000000   0.0000000000000000   0.0000000000000000   0.0000000000000000   0.0000000000000000   0.0000000000000000   0.0000000000000000   0.0000000000000000   0.0000000000000000   0.0000000000000000   0.0000000000000000   0.0000000000000000   0.0000000000000000   0.0000000000000000   0.0000000000000000   0.0000000000000000   0.0000000000000000   0.0000000000000000   0.0000000000000000   0.0000000000000000   0.0000000000000000   0.0000000000000000   0.0000000000000000   0.0000000000000000   0.0000000000000000   0.0000000000000000   0.0000000000000000   0.0000000000000000   0.0000000000000000   0.0000000000000000   0.0000000000000000   0.0000000000000000   0.0000000000000000   0.0000000000000000   0.0000000000000000   0.0000000000000000   0.0000000000000000   0.0000000000000000   0.0000000000000000   0.0000000000000000   0.0000000000000000   0.0000000000000000   0.0000000000000000   0.0000000000000000   0.0000000000000000   0.0000000000000000   0.0000000000000000   0.0000000000000000   0.0000000000000000   0.0000000000596516   0.0000000000000000   0.0000000000000000   0.0000000000000000   0.0000000000000000   0.0000000000000000   0.0000000000000000   0.0000000000000000   0.0000000000000000   0.0000000000000000   0.0000000000000000   0.0000000000000000   0.0000000000000000   0.0000000000000000   0.0000000000000000   0.0000000000000000   0.0000000000000000   0.0000000000000000   0.0000000000000000   0.0000000000000000   0.0000000000000000   0.0000000000000000   0.0000000000000000   0.0000000000000000   0.0000000000000000   0.0000000000000000   0.0000000000000000   0.0000000000000000   0.0000000000000000   0.0000000000000000   0.0000000000000000   0.0000000000000000   0.0000000000000000   0.0000000000000000   0.0000000000000000   0.0000000000000000   0.0000000000000000   0.0000000000000000   0.0000000000000000   0.0000000000000000   0.0000000000000000   0.0000000000000000   0.0000000000000000   0.0000000000000000   0.0000000000000000   0.0000000000000000   0.0000000000000000   0.0000000000000000   0.0000000000000000   0.0000000000000000   0.0000000000000000   0.0000000000000000   0.0000000000000000   0.0000000000000000   0.0000000000000000   0.0000000000000000   0.0000000000000000   0.0000000000000000   0.0000000000000000   0.0000000000000000   0.0000000000000000   0.0000000000000000   0.0000000000000000   0.0000000000000000   0.0000000000000000   0.0000000000000000   0.0000000000000000   0.0000000000000000   0.0000000000000000   0.0000000000000000   0.0000000000000000   0.0000000000000000   0.0000000000000000   0.0000000000000000   0.0000000000000000   0.0000000000000000   0.0000000000000000   0.0000000000000000   0.0000000000000000   0.0000000000000000   0.0000000000000000   0.0000000000000000   0.0000000000000000   0.0000000000000000   0.0000000000000000   0.0000000000000000   0.0000000000000000   0.0000000000000000   0.0000000000000000   0.0000000000000000   0.0000000000000000   0.0000000000000000   0.0000000000000000
   0.0000000000000000   0.0000000000000000   0.0000000000000000   0.0000000000000000   0.0000000000000000   0.0000000000000000   0.0000000000000000   0.0000000000000000   0.0000000000000000   0.0000000000000000   0.0000000000000000   0.0000000000000000   0.0000000000000000   0.0000000000000000   0.0000000000000000   0.0000000000000000   0.0000000000000000   0.0000000000000000   0.0000000000000000   0.0000000000000000   0.0000000000000000   0.0000000000000000   0.0000000000000000   0.0000000000000000   0.0000000000000000   0.0000000000000000   0.0000000000000000   0.0000000000000000   0.0000000000000000   0.0000000000000000   0.0000000000000000   0.0000000000000000   0.0000000000000000   0.0000000000000000   0.0000000000000000   0.0000000000000000   0.0000000000000000   0.0000000000000000   0.0000000000000000   0.0000000000000000   0.0000000000000000   0.0000000000000000   0.0000000000000000   0.0000000000000000   0.0000000000000000   0.0000000000000000   0.0000000000000000   0.0000000000000000   0.0000000000000000   0.0000000000000000   0.0000000000000000   0.0000000000000000   0.0000000000000000   0.0000000000000000   0.0000000000000000   0.0000000000000000   0.0000000000000000   0.0000000000000000   0.0000000000000000   0.0000000000000000   0.0000000000000000   0.0000000000000000   0.0000000000000000   0.0000000000000000   0.0000000000000000   0.0000000000000000   0.0000000000000000   0.0000000000000000   0.0000000000000000   0.0013757996617569   0.0000000000000000   0.0000000000000000   0.0000000000000000   0.0000000000000000   0.0000000000000000   0.0000000000000000   0.0000000000000000   0.0000000000000000   0.0000000000000000   0.0000000000000000   0.0000000000000000   0.0000000000000000   0.0000000000000000   0.0000000000000000   0.0000000000000000   0.0000000000000000   0.0000000000000000   0.0000000000000000   0.0000000000000000   0.0000000000000000   0.0000000000000000   0.0000000000000000   0.0000000000000000   0.0000000000000000   0.0000000000000000   0.0000000000000000   0.0000000000000000   0.0000000000000000   0.0000000000000000   0.0000000000000000   0.0000000000000000   0.0000000000000000   0.0000000000000000   0.0000000000000000   0.0000000000000000   0.0000000000000000   0.0000000000000000   0.0000000000000000   0.0000000000000000   0.0000000000000000   0.0000000000000000   0.0000000000000000   0.0000000000000000   0.0000000000000000   0.0000000000000000   0.0000000000000000   0.0000000000000000   0.0000000000000000   0.0000000000000000   0.0000000000000000   0.0000000000000000   0.0000000000000000   0.0000000000000000   0.0000000000000000   0.0000000000000000   0.0000000000000000   0.0000000000000000   0.0000000000000000   0.0000000000000000   0.0000000000000000   0.0000000000000000   0.0000000000000000   0.0000000000000000   0.0000000000000000   0.0000000000000000   0.0000000000000000   0.0000000000000000   0.0000000000000000   0.0000000000000000   0.0000000000000000   0.0000000000000000   0.0000000000000000   0.0000000000000000   0.0000000000000000   0.0000000000000000   0.0000000000000000   0.0000000000000000   0.0000000000000000   0.0000000000000000   0.0000000000000000   0.0000000000000000   0.0000000000000000   0.0000000000000000   0.0000000000000000   0.0000000000000000   0.0000000000000000   0.0000000000000000   0.0000000000000000   0.0000000000000000   0.0000000000000000   0.0000000000000000   0.0000000000000000
   0.0000000000000000   0.0000000000000000   0.0000000000000000   0.0000000000000000   0.0000000000000000   0.0000000000000000   0.0000000000000000   0.0000000000000000   0.0000000000000000   0.0000000000000000   0.0000000000000000   0.0000000000000000   0.0000000000000000   0.0000000000000000   0.0000000000000000   0.0000000000000000   0.0000000000000000   0.0000000000000000   0.0000000000000000   0.0000000000000000   0.0000000000000000   0.0000000000000000   0.0000000000000000   0.0000000000000000   0.0000000000000000   0.0000000000000000   0.0000000000000000   0.0000000000000000   0.0000000000000000   0.0000000000000000   0.0000000000000000   0.0000000000000000   0.0000000000000000   0.0000000000000000   0.0000000000000000   0.0000000000000000   0.0000000000000000   0.0000000000000000   0.0000000000000000   0.0000000000000000   0.0000000000000000   0.0000000000000000   0.0000000000000000   0.0000000000000000   0.0000000000000000   0.0000000000000000   0.0000000000000000   0.0000000000000000   0.0000000000000000   0.0000000000000000   0.0000000000000000   0.0000000000000000   0.0000000000000000   0.0000000000000000   0.0000000000000000   0.0000000000000000   0.0000000000000000   0.0000000000000000   0.0000000000000000   0.0000000000000000   0.0000000000000000   0.0000000000000000   0.0000000000000000   0.0000000000000000   0.0000000000000000   0.0000000000000000   0.0000000000000000   0.0000000000000000   0.0000000000000000   0.8629707173139806   0.0000000000000000   0.0000000000000000   0.0000000000000000   0.0000000000000000   0.0000000000000000   0.0000000000000000   0.0000000000000000   0.0000000000000000   0.0000000000000000   0.0000000000000000   0.0000000000000000   0.0000000000000000   0.0000000000000000   0.0000000000000000   0.0000000000000000   0.0000000000000000   0.0000000000000000   0.0000000000000000   0.0000000000000000   0.0000000000000000   0.0000000000000000   0.0000000000000000   0.0000000000000000   0.0000000000000000   0.0000000000000000   0.0000000000000000   0.0000000000000000   0.0000000000000000   0.0000000000000000   0.0000000000000000   0.0000000000000000   0.0000000000000000   0.0000000000000000   0.0000000000000000   0.0000000000000000   0.0000000000000000   0.0000000000000000   0.0000000000000000   0.0000000000000000   0.0000000000000000   0.0000000000000000   0.0000000000000000   0.0000000000000000   0.0000000000000000   0.0000000000000000   0.0000000000000000   0.0000000000000000   0.0000000000000000   0.0000000000000000   0.0000000000000000   0.0000000000000000   0.0000000000000000   0.0000000000000000   0.0000000000000000   0.0000000000000000   0.0000000000000000   0.0000000000000000   0.0000000000000000   0.0000000000000000   0.0000000000000000   0.0000000000000000   0.0000000000000000   0.0000000000000000   0.0000000000000000   0.0000000000000000   0.0000000000000000   0.0000000000000000   0.0000000000000000   0.0000000000000000   0.0000000000000000   0.0000000000000000   0.0000000000000000   0.0000000000000000   0.0000000000000000   0.0000000000000000   0.0000000000000000   0.0000000000000000   0.0000000000000000   0.0000000000000000   0.0000000000000000   0.0000000000000000   0.0000000000000000   0.0000000000000000   0.0000000000000000   0.0000000000000000   0.0000000000000000   0.0000000000000000   0.0000000000000000   0.0000000000000000   0.0000000000000000   0.0000000000000000   0.0000000000000000
   0.0000000000000000   0.0000000000000000   0.0000000000000000   0.0000000000000000   0.0000000000000000   0.0000000000000000   0.0000000000000000   0.0000000000000000   0.0000000000000000   0.0000000000000000   0.0000000000000000   0.0000000000000000   0.0000000000000000   0.0000000000000000   0.0000000000000000   0.0000000000000000   0.0000000000000000   0.0000000000000000   0.0000000000000000   0.0000000000000000   0.0000000000000000   0.0000000000000000   0.0000000000000000   0.0000000000000000   0.0000000000000000   0.0000000000000000   0.0000000000000000   0.0000000000000000   0.0000000000000000   0.0000000000000000   0.0000000000000000   0.0000000000000000   0.0000000000000000   0.0000000000000000   0.0000000000000000   0.0000000000000000   0.0000000000000000   0.0000000000000000   0.0000000000000000   0.0000000000000000   0.0000000000000000   0.0000000000000000   0.0000000000000000   0.0000000000000000   0.0000000000000000   0.0000000000000000   0.0000000000000000   0.0000000000000000   0.0000000000000000   0.0000000000000000   0.0000000000000000   0.0000000000000000   0.0000000000000000   0.0000000000000000   0.0000000000000000   0.0000000000000000   0.0000000000000000   0.0000000000000000   0.0000000000000000   0.0000000000000000   0.0000000000000000   0.0000000000000000   0.0000000000000000   0.0000000000000000   0.0000000000000000   0.0000000000000000   0.0000000000000000   0.0000000000000000   0.0000000000000011   0.9535476587063615   0.0000000000000000   0.0000000000000000   0.0000000000000000   0.0000000000000000   0.0000000000000000   0.0000000000000000   0.0000000000000000   0.0000000000000000   0.0000000000000000   0.0000000000000000   0.0000000000000000   0.0000000000000000   0.0000000000000000   0.0000000000000000   0.0000000000000000   0.0000000000000000   0.0000000000000000   0.0000000000000000   0.0000000000000000   0.0000000000000000   0.0000000000000000   0.0000000000000000   0.0000000000000000   0.0000000000000000   0.0000000000000000   0.0000000000000000   0.0000000000000000   0.0000000000000000   0.0000000000000000   0.0000000000000000   0.0000000000000000   0.0000000000000000   0.0000000000000000   0.0000000000000000   0.0000000000000000   0.0000000000000000   0.0000000000000000   0.0000000000000000   0.0000000000000000   0.0000000000000000   0.0000000000000000   0.0000000000000000   0.0000000000000000   0.0000000000000000   0.0000000000000000   0.0000000000000000   0.0000000000000000   0.0000000000000000   0.0000000000000000   0.0000000000000000   0.0000000000000000   0.0000000000000000   0.0000000000000000   0.0000000000000000   0.0000000000000000   0.0000000000000000   0.0000000000000000   0.0000000000000000   0.0000000000000000   0.0000000000000000   0.0000000000000000   0.0000000000000000   0.0000000000000000   0.0000000000000000   0.0000000000000000   0.0000000000000000   0.0000000000000000   0.0000000000000000   0.0000000000000000   0.0000000000000000   0.0000000000000000   0.0000000000000000   0.0000000000000000   0.0000000000000000   0.0000000000000000   0.0000000000000000   0.0000000000000000   0.0000000000000000   0.0000000000000000   0.0000000000000000   0.0000000000000000   0.0000000000000000   0.0000000000000000   0.0000000000000000   0.0000000000000000   0.0000000000000000   0.0000000000000000   0.0000000000000000   0.0000000000000000   0.0000000000000000   0.0000000000000000   0.0000000000000000
   0.0000000000000000   0.0000000000000000   0.0000000000000000   0.0000000000000000   0.0000000000000000   0.0000000000000000   0.0000000000000000   0.0000000000000000   0.0000000000000000   0.0000000000000000   0.0000000000000000   0.0000000000000000   0.0000000000000000   0.0000000000000000   0.0000000000000000   0.0000000000000000   0.0000000000000000   0.0000000000000000   0.0000000000000000   0.0000000000000000   0.0000000000000000   0.0000000000000000   0.0000000000000000   0.0000000000000000   0.0000000000000000   0.0000000000000000   0.0000000000000000   0.0000000000000000   0.0000000000000000   0.0000000000000000   0.0000000000000000   0.0000000000000000   0.0000000000000000   0.0000000000000000   0.0000000000000000   0.0000000000000000   0.0000000000000000   0.0000000000000000   0.0000000000000000   0.0000000000000000   0.0000000000000000   0.0000000000000000   0.0000000000000000   0.0000000000000000   0.0000000000000000   0.0000000000000000   0.0000000000000000   0.0000000000000000   0.0000000000000000   0.0000000000000000   0.0000000000000000   0.0000000000000000   0.0000000000000000   0.0000000000000000   0.0000000000000000   0.0000000000000000   0.0000000000000000   0.0000000000000000   0.0000000000000000   0.0000000000000000   0.0000000000000000   0.0000000000000000   0.0000000000000000   0.0000000000000000   0.0000000000000000   0.0000000000000000   0.0000000000000000   0.0000000000000000   0.3174044977315532   0.9999992435263625   0.0000000000000000   0.0000000000000000   0.0000000000000000   0.0000000000000000   0.0000000000000000   0.0000000000000000   0.0000000000000000   0.0000000000000000   0.0000000000000000   0.0000000000000000   0.0000000000000000   0.0000000000000000   0.0000000000000000   0.0000000000000000   0.0000000000000000   0.0000000000000000   0.0000000000000000   0.0000000000000000   0.0000000000000000   0.0000000000000000   0.0000000000000000   0.0000000000000000   0.0000000000000000   0.0000000000000000   0.0000000000000000   0.0000000000000000   0.0000000000000000   0.0000000000000000   0.0000000000000000   0.0000000000000000   0.0000000000000000   0.0000000000000000   0.0000000000000000   0.0000000000000000   0.0000000000000000   0.0000000000000000   0.0000000000000000   0.0000000000000000   0.0000000000000000   0.0000000000000000   0.0000000000000000   0.0000000000000000   0.0000000000000000   0.0000000000000000   0.0000000000000000   0.0000000000000000   0.0000000000000000   0.0000000000000000   0.0000000000000000   0.0000000000000000   0.0000000000000000   0.0000000000000000   0.0000000000000000   0.0000000000000000   0.0000000000000000   0.0000000000000000   0.0000000000000000   0.0000000000000000   0.0000000000000000   0.0000000000000000   0.0000000000000000   0.0000000000000000   0.0000000000000000   0.0000000000000000   0.0000000000000000   0.0000000000000000   0.0000000000000000   0.0000000000000000   0.0000000000000000   0.0000000000000000   0.0000000000000000   0.0000000000000000   0.0000000000000000   0.0000000000000000   0.0000000000000000   0.0000000000000000   0.0000000000000000   0.0000000000000000   0.0000000000000000   0.0000000000000000   0.0000000000000000   0.0000000000000000   0.0000000000000000   0.0000000000000000   0.0000000000000000   0.0000000000000000   0.0000000000000000   0.0000000000000000   0.0000000000000000   0.0000000000000000   0.0000000000000000   0.0000000000000000
   0.0000000000000000   0.0000000000000000   0.0000000000000000   0.0000000000000000   0.0000000000000000   0.0000000000000000   0.0000000000000000   0.0000000000000000   0.0000000000000000   0.0000000000000000   0.0000000000000000   0.0000000000000000   0.0000000000000000   0.0000000000000000   0.0000000000000000   0.0000000000000000   0.0000000000000000   0.0000000000000000   0.0000000000000000   0.0000000000000000   0.0000000000000000   0.0000000000000000   0.0000000000000000   0.0000000000000000   0.0000000000000000   0.0000000000000000   0.0000000000000000   0.0000000000000000   0.0000000000000000   0.0000000000000000   0.0000000000000000   0.0000000000000000   0.0000000000000000   0.0000000000000000   0.0000000000000000   0.0000000000000000   0.0000000000000000   0.0000000000000000   0.0000000000000000   0.0000000000000000   0.0000000000000000   0.0000000000000000   0.0000000000000000   0.0000000000000000   0.0000000000000000   0.0000000000000000   0.0000000000000000   0.0000000000000000   0.0000000000000000   0.0000000000000000   0.0000000000000000   0.0000000000000000   0.0000000000000000   0.0000000000000000   0.0000000000000000   0.0000000000000000   0.0000000000000000   0.0000000000000000   0.0000000000000000   0.0000000000000000   0.0000000000000000   0.0000000000000000   0.0000000000000000   0.0000000000000000   0.0000000000000000   0.0000000000000000   0.0000000000000000   0.0000000000000000   0.0000000000000000   0.0000000000000000   0.0000000000000000   0.0000000000000000   0.0000000000000000   0.0000000000000000   0.0000000000000000   0.0000000000000000   0.0000000000000000   0.0000000000000000   0.0000000000000000   0.0000000000000000   0.0000000000000000   0.0000000000000000   0.0000000000000000   0.0000000000000000   0.0000000000000000   0.0000000000000000   0.0000000000000000   0.0000000000000000   0.0000000000000000   0.0000000000000000   0.0000000000000000   0.0000000000000000   0.0000000000000000   0.0000000000000000   0.0000000000000000   0.0000000000000000   0.0000000000000000   0.0000000000000000   0.0000000000000000   0.0000000000000000   0.0000000000000000   0.0000000000000000   0.0000000000000000   0.0000000000000000   0.0000000000000000   0.0000000000000000   0.0000000000000000   0.0000000000000000   0.0000000000000000   0.0000000000000000   0.0000000000000000   0.0000000000000000   0.0000000000000000   0.0000000000000000   0.0000000000000000   0.0000000000000000   0.0000000000000000   0.0000000000000000   0.0000000000000000   0.0000000000000000   0.0000000000000000   0.0000000000000000   0.0000000000000000   0.0000000000000000   0.0000000000000000   0.0000000000000000   0.0000000000000000   0.0000000000000000   0.0000000000000000   0.0000000000000000   0.0000000000000000   0.0000000000000000   0.0000000000000000   0.0000000000000000   0.0000000000000000   0.0000000000000000   0.0000000000000000   0.0000000000000000   0.0000000000000000   0.0000000000000000   0.0000000000000000   0.0000000000000000   0.0000000000000000   0.0000000000000000   0.0000000000000000   0.0000000000000000   0.0000000000000000   0.0000000000000000   0.0000000000000000   0.0000000000000000   0.0000000000000000   0.0000000000000000   0.0000000000000000   0.0000000000000000   0.0000000000000000   0.0000000000000000   0.0000000000000000   0.0000000000000000   0.0000000000000000   0.0000000000000000   0.0000000000000000   0.0000000000000000
   0.0000000000000000   0.0000000000000000   0.0000000000000000   0.0000000000000000   0.0000000000000000   0.0000000000000000   0.0000000000000000   0.0000000000000000   0.0000000000000000   0.0000000000000000   0.0000000000000000   0.0000000000000000   0.0000000000000000   0.0000000000000000   0.0000000000000000   0.0000000000000000   0.0000000000000000   0.0000000000000000   0.0000000000000000   0.0000000000000000   0.0000000000000000   0.0000000000000000   0.0000000000000000   0.0000000000000000   0.0000000000000000   0.0000000000000000   0.0000000000000000   0.0000000000000000   0.0000000000000000   0.0000000000000000   0.0000000000000000   0.0000000000000000   0.0000000000000000   0.0000000000000000   0.0000000000000000   0.0000000000000000   0.0000000000000000   0.0000000000000000   0.0000000000000000   0.0000000000000000   0.0000000000000000   0.0000000000000000   0.0000000000000000   0.0000000000000000   0.0000000000000000   0.0000000000000000   0.0000000000000000   0.0000000000000000   0.0000000000000000   0.0000000000000000   0.0000000000000000   0.0000000000000000   0.0000000000000000   0.0000000000000000   0.0000000000000000   0.0000000000000000   0.0000000000000000   0.0000000000000000   0.0000000000000000   0.0000000000000000   0.0000000000000000   0.0000000000000000   0.0000000000000000   0.0000000000000000   0.0000000000000000   0.0000000000000000   0.0000000000000000   0.0000000000000000   0.0000000000000000   0.0000000000000000   0.0000000000000000   0.0000000000000000   0.0000000000000000   0.0000000000000000   0.0000000000000000   0.0000000000000000   0.0000000000000000   0.0000000000000000   0.0000000000000000   0.0000000000000000   0.0000000000000000   0.0000000000000000   0.0000000000000000   0.0000000000000000   0.0000000000000000   0.0000000000000000   0.0000000000000000   0.0000000000000000   0.0000000000000000   0.0000000000000000   0.0000000000000000   0.0000000000000000   0.0000000000000000   0.0000000000000000   0.0000000000000000   0.0000000000000000   0.0000000000000000   0.0000000000000000   0.0000000000000000   0.0000000000000000   0.0000000000000000   0.0000000000000000   0.0000000000000000   0.0000000000000000   0.0000000000000000   0.0000000000000000   0.0000000000000000   0.0000000000000000   0.0000000000000000   0.0000000000000000   0.0000000000000000   0.0000000000000000   0.0000000000000000   0.0000000000000000   0.0000000000000000   0.0000000000000000   0.0000000000000000   0.0000000000000000   0.0000000000000000   0.0000000000000000   0.0000000000000000   0.0000000000000000   0.0000000000000000   0.0000000000000000   0.0000000000000000   0.0000000000000000   0.0000000000000000   0.0000000000000000   0.0000000000000000   0.0000000000000000   0.0000000000000000   0.0000000000000000   0.0000000000000000   0.0000000000000000   0.0000000000000000   0.0000000000000000   0.0000000000000000   0.0000000000000000   0.0000000000000000   0.0000000000000000   0.0000000000000000   0.0000000000000000   0.0000000000000000   0.0000000000000000   0.0000000000000000   0.0000000000000000   0.0000000000000000   0.0000000000000000   0.0000000000000000   0.0000000000000000   0.0000000000000000   0.0000000000000000   0.0000000000000000   0.0000000000000000   0.0000000000000000   0.0000000000000000   0.0000000000000000   0.0000000000000000   0.0000000000000000   0.0000000000000000   0.0000000000000000   0.0000000000000000
