   0.0000000000000000   0.0000000000000000   0.0000000000000000   0.0000000000000000   0.0000000000000000   0.0000000000000000   0.0000000000000000   0.0000000000000000   0.0000000000000000   0.0000000000000000   0.0000000000000000   0.0000000000000000   0.0000000000000000   0.0000000000000000   0.0000000000000000   0.0000000000000000   0.0000000000000000   0.0000000000000000   0.0000000000000000   0.0000000000000000   0.0000000000000000   0.0000000000000000   0.0000000000000000   0.0000000000000000   0.0000000000000000   0.0000000000000000   0.0000000000000000   0.0000000000000000   0.0000000000000000   0.0000000000000000   0.0000000000000000   0.0000000000000000   0.0000000000000000   0.0000000000000000   0.0000000000000000   0.0000000000000000   0.0000000000000000   0.0000000000000000   0.0000000000000000   0.0000000000000000   0.0000000000000000   0.0000000000000000   0.0000000000000000   0.0000000000000000   0.0000000000000000   0.0000000000000000   0.0000000000000000   0.0000000000000000   0.0000000000000000   0.0000000000000000   0.0000000000000000   0.0000000000000000   0.0000000000000000   0.0000000000000000   0.0000000000000000   0.0000000000000000   0.0000000000000000   0.0000000000000000   0.0000000000000000   0.0000000000000000   0.0000000000000000   0.0000000000000000   0.0000000000000000   0.0000000000000000   0.0000000000000000   0.0000000000000000   0.0000000000000000   0.0000000000000000   0.0000000000000000   0.0000000000000000   0.0000000000000000   0.0000000000000000   0.0000000000000000   0.0000000000000000   0.0000000000000000   0.0000000000000000   0.0000000000000000   0.0000000000000000   0.0000000000000000   0.0000000000000000   0.0000000000000000   0.0000000000000000   0.0000000000000000   0.0000000000000000   0.0000000000000000   0.0000000000000000   0.0000000000000000   0.0000000000000000   0.0000000000000000   0.0000000000000000   0.0000000000000000   0.0000000000000000   0.0000000000000000   0.0000000000000000   0.0000000000000000   0.0000000000000000   0.0000000000000000   0.0000000000000000   0.0000000000000000   0.0000000000000000   0.0000000000000000   0.0000000000000000   0.0000000000000000   0.0000000000000000   0.0000000000000000   0.0000000000000000   0.0000000000000000   0.0000000000000000   0.0000000000000000   0.0000000000000000   0.0000000000000000   0.0000000000000000   0.0000000000000000   0.0000000000000000   0.0000000000000000   0.0000000000000000   0.0000000000000000   0.0000000000000000   0.0000000000000000   0.0000000000000000   0.0000000000000000   0.0000000000000000   0.0000000000000000   0.0000000000000000   0.0000000000000000   0.0000000000000000   0.0000000000000000   0.0000000000000000   0.0000000000000000   0.0000000000000000   0.0000000000000000   0.0000000000000000   0.0000000000000000   0.0000000000000000   0.0000000000000000   0.0000000000000000   0.0000000000000000   0.0000000000000000   0.0000000000000000   0.0000000000000000   0.0000000000000000   0.0000000000000000   0.0000000000000000   0.0000000000000000   0.0000000000000000   0.0000000000000000   0.0000000000000000   0.0000000000000000   0.0000000000000000   0.0000000000000000   0.0000000000000000   0.0000000000000000   0.0000000000000000   0.0000000000000000   0.0000000000000000   0.0000000000000000   0.0000000000000000   0.0000000000000000   0.0000000000000000   0.0000000000000000   0.0000000000000000   0.0000000000000000
   0.0000000000000000   0.0000000000000000   0.0000000000000000   0.0000000000000000   0.0000000000000000   0.0000000000000000   0.0000000000000000   0.0000000000000000   0.0000000000000000   0.0000000000000000   0.0000000000000000   0.0000000000000000   0.0000000000000000   0.0000000000000000   0.0000000000000000   0.0000000000000000   0.0000000000000000   0.0000000000000000   0.0000000000000000   0.0000000000000000   0.0000000000000000   0.0000000000000000   0.0000000000000000   0.0000000000000000   0.0000000000000000   0.0000000000000000   0.0000000000000000   0.0000000000000000   0.0000000000000000   0.0000000000000000   0.0000000000000000   0.0000000000000000   0.0000000000000000   0.0000000000000000   0.0000000000000000   0.0000000000000000   0.0000000000000000   0.0000000000000000   0.0000000000000000   0.0000000000000000   0.0000000000000000   0.0000000000000000   0.0000000000000000   0.0000000000000000   0.0000000000000000   0.0000000000000000   0.0000000000000000   0.0000000000000000   0.0000000000000000   0.0000000000000000   0.0000000000000000   0.0000000000000000   0.0000000000000000   0.0000000000000000   0.0000000000000000   0.0000000000000000   0.0000000000000000   0.0000000000000000   0.0000000000000000   0.0000000000000000   0.0000000000000000   0.0000000000000000   0.0000000000000000   0.0000000000000000   0.0000000000000000   0.0000000000000000   0.0000000000000000   0.0000000000000000   0.0000000000000000   0.0000000000000000   0.0000000000000000   0.0000000000000000   0.0000000000000000   0.0000000000000000   0.0000000000000000   0.0000000000000000   0.0000000000000000   0.0000000000000000   0.0000000000000000   0.0000000000000000   0.0000000000000000   0.0000000000000000   0.0000000000000000   0.0000000000000000   0.0000000000000000   0.0000000000000000   0.0000000000000000   0.0000000000000000   0.0000000000000000   0.0000000000000000   0.0000000000000000   0.0000000000000000   0.0000000000000000   0.0000000000000000   0.0000000000000000   0.0000000000000000   0.0000000000000000   0.0000000000000000   0.0000000000000000   0.0000000000000000   0.0000000000000000   0.0000000000000000   0.0000000000000000   0.0000000000000000   0.0000000000000000   0.0000000000000000   0.0000000000000000   0.0000000000000000   0.0000000000000000   0.0000000000000000   0.0000000000000000   0.0000000000000000   0.0000000000000000   0.0000000000000000   0.0000000000000000   0.0000000000000000   0.0000000000000000   0.0000000000000000   0.0000000000000000   0.0000000000000000   0.0000000000000000   0.0000000000000000   0.0000000000000000   0.0000000000000000   0.0000000000000000   3.5205369168617722   0.0000000000000000   0.0000000000000000   0.0000000000000000   0.0000000000000000   0.0000000000000000   0.0000000000000000   0.0000000000000000   0.0000000000000000   0.0000000000000000   0.0000000000000000   0.0000000000000000   0.0000000000000000   0.0000000000000000   0.0000000000000000   0.0000000000000000   0.0000000000000000   0.0000000000000000   0.0000000000000000   0.0000000000000000   0.0000000000000000   0.0000000000000000   0.0000000000000000   0.0000000000000000   0.0000000000000000   0.0000000000000000   0.0000000000000000   0.0000000000000000   0.0000000000000000   0.0000000000000000   0.0000000000000000   0.0000000000000000   0.0000000000000000   0.0000000000000000   0.0000000000000000   0.0000000000000000   0.0000000000000000
   0.0000000000000000   0.0000000000000000   0.0000000000000000   0.0000000000000000   0.0000000000000000   0.0000000000000000   0.0000000000000000   0.0000000000000000   0.0000000000000000   0.0000000000000000   0.0000000000000000   0.0000000000000000   0.0000000000000000   0.0000000000000000   0.0000000000000000   0.0000000000000000   0.0000000000000000   0.0000000000000000   0.0000000000000000   0.0000000000000000   0.0000000000000000   0.0000000000000000   0.0000000000000000   0.0000000000000000   0.0000000000000000   0.0000000000000000   0.0000000000000000   0.0000000000000000   0.0000000000000000   0.0000000000000000   0.0000000000000000   0.0000000000000000   0.0000000000000000   0.0000000000000000   0.0000000000000000   0.0000000000000000   0.0000000000000000   0.0000000000000000   0.0000000000000000   0.0000000000000000   0.0000000000000000   0.0000000000000000   0.0000000000000000   0.0000000000000000   0.0000000000000000   0.0000000000000000   0.0000000000000000   0.0000000000000000   0.0000000000000000   0.0000000000000000   0.0000000000000000   0.0000000000000000   0.0000000000000000   0.0000000000000000   0.0000000000000000   0.0000000000000000   0.0000000000000000   0.0000000000000000   0.0000000000000000   0.0000000000000000   0.0000000000000000   0.0000000000000000   0.0000000000000000   0.0000000000000000   0.0000000000000000   0.0000000000000000   0.0000000000000000   0.0000000000000000   0.0000000000000000   0.0000000000000000   0.0000000000000000   0.0000000000000000   0.0000000000000000   0.0000000000000000   0.0000000000000000   0.0000000000000000   0.0000000000000000   0.0000000000000000   0.0000000000000000   0.0000000000000000   0.0000000000000000   0.0000000000000000   0.0000000000000000   0.0000000000000000   0.0000000000000000   0.0000000000000000   0.0000000000000000   0.0000000000000000   0.0000000000000000   0.0000000000000000   0.0000000000000000   0.0000000000000000   0.0000000000000000   0.0000000000000000   0.0000000000000000   0.0000000000000000   0.0000000000000000   0.0000000000000000   0.0000000000000000   0.0000000000000000   0.0000000000000000   0.0000000000000000   0.0000000000000000   0.0000000000000000   0.0000000000000000   0.0000000000000000   0.0000000000000000   0.0000000000000000   0.0000000000000000   0.0000000000000000   0.0000000000000000   0.0000000000000000   0.0000000000000000   0.0000000000000000   0.0000000000000000   0.0000000000000000   0.0000000000000000   0.0000000000000000   0.0000000000000000   0.0000000000000000   0.0000000000000000   0.0000000000000000   0.0000000000000000   0.0000000000000000   0.0000000000000000   0.0000137045068358   0.0000142036488882   0.0000148236558920   0.0000153757459111   0.0001134419461532   0.0000000000000000   0.0000000000000000   0.0000000000000000   0.0000000000000000   0.0000000000000000   0.0000000000000000   0.0000000000000000   0.0000000000000000   0.0000000000000000   0.0000000000000000   0.0000000000000000   0.0000000000000006   0.0000000000000006   0.0000000000000007   0.0000000000000007   0.0000000000000008   0.0000000000000009   0.0000000000000010   0.0000000000000011   0.0000000000000012   0.0000000000000012   0.0000000000000013   0.0000000000000014   0.0000000000000015   0.0000000000000016   0.0000000000000017   0.0000000000000018   0.0000000000000019   0.0000000000000020   0.0000000000000021   0.0000000000000021   0.0000000000000000
   0.0000000000000000   0.0000000000000000   0.0000000000000000   0.0000000000000000   0.0000000000000000   0.0000000000000000   0.0000000000000000   0.0000000000000000   0.0000000000000000   0.0000000000000000   0.0000000000000000   0.0000000000000000   0.0000000000000000   0.0000000000000000   0.0000000000000000   0.0000000000000000   0.0000000000000000   0.0000000000000000   0.0000000000000000   0.0000000000000000   0.0000000000000000   0.0000000000000000   0.0000000000000000   0.0000000000000000   0.0000000000000000   0.0000000000000000   0.0000000000000000   0.0000000000000000   0.0000000000000000   0.0000000000000000   0.0000000000000000   0.0000000000000000   0.0000000000000000   0.0000000000000000   0.0000000000000000   0.0000000000000000   0.0000000000000000   0.0000000000000000   0.0000000000000000   0.0000000000000000   0.0000000000000000   0.0000000000000000   0.0000000000000000   0.0000000000000000   0.0000000000000000   0.0000000000000000   0.0000000000000000   0.0000000000000000   0.0000000000000000   0.0000000000000000   0.0000000000000000   0.0000000000000000   0.0000000000000000   0.0000000000000000   0.0000000000000000   0.0000000000000000   0.0000000000000000   0.0000000000000000   0.0000000000000000   0.0000000000000000   0.0000000000000000   0.0000000000000000   0.0000000000000000   0.0000000000000000   0.0000000000000000   0.0000000000000000   0.0000000000000000   0.0000000000000000   0.0000000000000000   0.0000000000000000   0.0000000000000000   0.0000000000000000   0.0000000000000000   0.0000000000000000   0.0000000000000000   0.0000000000000000   0.0000000000000000   0.0000000000000000   0.0000000000000000   0.0000000000000000   0.0000000000000000   0.0000000000000000   0.0000000000000000   0.0000000000000000   0.0000000000000000   0.0000000000000000   0.0000000000000000   0.0000000000000000   0.0000000000000000   0.0000000000000000   0.0000000000000000   0.0000000000000000   0.0000000000000000   0.0000000000000000   0.0000000000000000   0.0000000000000000   0.0000000000000000   0.0000000000000000   0.0000000000000000   0.0000000000000000   0.0000000000000000   0.0000000000000000   0.0000000000000000   0.0000000000000000   0.0000000000000000   0.0000000000000000   0.0000000000000000   0.0000000000000000   0.0000000000000000   0.0000000000000000   0.0000000000000000   0.0000000000000000   0.0000000000000000   0.0000000000000000   0.0000000000000000   0.0000000000000000   0.0000000000000000   0.0000000000000000   0.0000000000000000   0.0000000000000000   0.0000000000000000   0.0000000000000000   0.0000000000000000   0.0000000000000000   0.0000000000000000   0.0000000000000000   0.0000000000000000   0.0000000025156783   0.0000000026160207   0.0000276924406363   0.0000853784636523   0.0000000000000000   0.0000000000000000   0.0000000000000000   0.0000000000000000   0.0000000000000000   0.0000000000000000   0.0000000000000000   0.0000000000000000   0.0000000000000000   0.0000000000000000   0.0000000000000526   0.0000000000000582   0.0000000000000645   0.0000000000000712   0.0000000000000784   0.0000000000000860   0.0000000000000941   0.0000000000001026   0.0000000000001115   0.0000000000001208   0.0000000000001303   0.0000000000001401   0.0000000000001500   0.0000000000001600   0.0000000000001700   0.0000000000001799   0.0000000000001896   0.0000000000001990   0.0000000000002080   0.0000000000002166   0.0000000000000000
   0.0000000000000000   0.0000000000000000   0.0000000000000000   0.0000000000000000   0.0000000000000000   0.0000000000000000   0.0000000000000000   0.0000000000000000   0.0000000000000000   0.0000000000000000   0.0000000000000000   0.0000000000000000   0.0000000000000000   0.0000000000000000   0.0000000000000000   0.0000000000000000   0.0000000000000000   0.0000000000000000   0.0000000000000000   0.0000000000000000   0.0000000000000000   0.0000000000000000   0.0000000000000000   0.0000000000000000   0.0000000000000000   0.0000000000000000   0.0000000000000000   0.0000000000000000   0.0000000000000000   0.0000000000000000   0.0000000000000000   0.0000000000000000   0.0000000000000000   0.0000000000000000   0.0000000000000000   0.0000000000000000   0.0000000000000000   0.0000000000000000   0.0000000000000000   0.0000000000000000   0.0000000000000000   0.0000000000000000   0.0000000000000000   0.0000000000000000   0.0000000000000000   0.0000000000000000   0.0000000000000000   0.0000000000000000   0.0000000000000000   0.0000000000000000   0.0000000000000000   0.0000000000000000   0.0000000000000000   0.0000000000000000   0.0000000000000000   0.0000000000000000   0.0000000000000000   0.0000000000000000   0.0000000000000000   0.0000000000000000   0.0000000000000000   0.0000000000000000   0.0000000000000000   0.0000000000000000   0.0000000000000000   0.0000000000000000   0.0000000000000000   0.0000000000000000   0.0000000000000000   0.0000000000000000   0.0000000000000000   0.0000000000000000   0.0000000000000000   0.0000000000000000   0.0000000000000000   0.0000000000000000   0.0000000000000000   0.0000000000000000   0.0000000000000000   0.0000000000000000   0.0000000000000000   0.0000000000000000   0.0000000000000000   0.0000000000000000   0.0000000000000000   0.0000000000000000   0.0000000000000000   0.0000000000000000   0.0000000000000000   0.0000000000000000   0.0000000000000000   0.0000000000000000   0.0000000000000000   0.0000000000000000   0.0000000000000000   0.0000000000000000   0.0000000000000000   0.0000000000000000   0.0000000000000000   0.0000000000000000   0.0000000000000000   0.0000000000000000   0.0000000000000000   0.0000000000000000   0.0000000000000000   0.0000000000000000   0.0000000000000000   0.0000000000000000   0.0000000000000000   0.0000000000000000   0.0000000000000000   0.0000000000000000   0.0000000000000000   0.0000000000000000   0.0000000000000000   0.0000000000000000   0.0000000000000000   0.0000000000000000   0.0000000000000000   0.0000000000000000   0.0000000000000000   0.0000000000000000   0.0000000000000000   0.0000000000000000   0.0000000000000000   0.0000000000000000   0.0000000000000000   0.0000000000002998   0.0000000000003195   0.0000000000003258   0.0003664224879542   0.0000000000000000   0.0000000000000000   0.0000000000000000   0.0000000000000000   0.0000000000000000   0.0000000000000000   0.0000000000000000   0.0000000000000000   0.0000000000000000   0.0000000000000000   0.0000000000029623   0.0000000000032844   0.0000000000036522   0.0000000000040418   0.0000000000044613   0.0000000000049106   0.0000000000053891   0.0000000000058958   0.0000000000064291   0.0000000000069868   0.0000000000075661   0.0000000000081636   0.0000000000087752   0.0000000000093966   0.0000000000100226   0.0000000000106480   0.0000000000112670   0.0000000000118740   0.0000000000124631   0.0000000000130283   0.0000000000000000
   0.0000000000000000   0.0000000000000000   0.0000000000000000   0.0000000000000000   0.0000000000000000   0.0000000000000000   0.0000000000000000   0.0000000000000000   0.0000000000000000   0.0000000000000000   0.0000000000000000   0.0000000000000000   0.0000000000000000   0.0000000000000000   0.0000000000000000   0.0000000000000000   0.0000000000000000   0.0000000000000000   0.0000000000000000   0.0000000000000000   0.0000000000000000   0.0000000000000000   0.0000000000000000   0.0000000000000000   0.0000000000000000   0.0000000000000000   0.0000000000000000   0.0000000000000000   0.0000000000000000   0.0000000000000000   0.0000000000000000   0.0000000000000000   0.0000000000000000   0.0000000000000000   0.0000000000000000   0.0000000000000000   0.0000000000000000   0.0000000000000000   0.0000000000000000   0.0000000000000000   0.0000000000000000   0.0000000000000000   0.0000000000000000   0.0000000000000000   0.0000000000000000   0.0000000000000000   0.0000000000000000   0.0000000000000000   0.0000000000000000   0.0000000000000000   0.0000000000000000   0.0000000000000000   0.0000000000000000   0.0000000000000000   0.0000000000000000   0.0000000000000000   0.0000000000000000   0.0000000000000000   0.0000000000000000   0.0000000000000000   0.0000000000000000   0.0000000000000000   0.0000000000000000   0.0000000000000000   0.0000000000000000   0.0000000000000000   0.0000000000000000   0.0000000000000000   0.0000000000000000   0.0000000000000000   0.0000000000000000   0.0000000000000000   0.0000000000000000   0.0000000000000000   0.0000000000000000   0.0000000000000000   0.0000000000000000   0.0000000000000000   0.0000000000000000   0.0000000000000000   0.0000000000000000   0.0000000000000000   0.0000000000000000   0.0000000000000000   0.0000000000000000   0.0000000000000000   0.0000000000000000   0.0000000000000000   0.0000000000000000   0.0000000000000000   0.0000000000000000   0.0000000000000000   0.0000000000000000   0.0000000000000000   0.0000000000000000   0.0000000000000000   0.0000000000000000   0.0000000000000000   0.0000000000000000   0.0000000000000000   0.0000000000000000   0.0000000000000000   0.0000000000000000   0.0000000000000000   0.0000000000000000   0.0000000000000000   0.0000000000000000   0.0000000000000000   0.0000000000000000   0.0000000000000000   0.0000000000000000   0.0000000000000000   0.0000000000000000   0.0000000000000000   0.0000000000000000   0.0000000000000000   0.0000000000000000   0.0000000000000000   0.0000000000000000   0.0000000000000000   0.0000000000000000   0.0000000000000000   0.0000000000000000   0.0000000000000000   0.0000000000000000   0.0000000000000000   0.0000000000000000   0.0000000000000000   0.0000000000000002   0.0000000000000002   0.0000920095809211   0.0009324851045639   0.0000000000000000   0.0000000000000000   0.0000000000000000   0.0000000000000000   0.0000000000000000   0.0000000000000000   0.0000000000000000   0.0000000000000000   0.0000000000000000   0.0000000001504720   0.0000000001672125   0.0000000001863606   0.0000000002067616   0.0000000002288349   0.0000000002526008   0.0000000002780597   0.0000000003051850   0.0000000003339209   0.0000000003641802   0.0000000003958426   0.0000000004287541   0.0000000004627276   0.0000000004975445   0.0000000005329568   0.0000000005686918   0.0000000006044555   0.0000000006399387   0.0000000006748227   0.0000000007087853   0.0000000000000000
   0.0000000000000000   0.0000000000000000   0.0000000000000000   0.0000000000000000   0.0000000000000000   0.0000000000000000   0.0000000000000000   0.0000000000000000   0.0000000000000000   0.0000000000000000   0.0000000000000000   0.0000000000000000   0.0000000000000000   0.0000000000000000   0.0000000000000000   0.0000000000000000   0.0000000000000000   0.0000000000000000   0.0000000000000000   0.0000000000000000   0.0000000000000000   0.0000000000000000   0.0000000000000000   0.0000000000000000   0.0000000000000000   0.0000000000000000   0.0000000000000000   0.0000000000000000   0.0000000000000000   0.0000000000000000   0.0000000000000000   0.0000000000000000   0.0000000000000000   0.0000000000000000   0.0000000000000000   0.0000000000000000   0.0000000000000000   0.0000000000000000   0.0000000000000000   0.0000000000000000   0.0000000000000000   0.0000000000000000   0.0000000000000000   0.0000000000000000   0.0000000000000000   0.0000000000000000   0.0000000000000000   0.0000000000000000   0.0000000000000000   0.0000000000000000   0.0000000000000000   0.0000000000000000   0.0000000000000000   0.0000000000000000   0.0000000000000000   0.0000000000000000   0.0000000000000000   0.0000000000000000   0.0000000000000000   0.0000000000000000   0.0000000000000000   0.0000000000000000   0.0000000000000000   0.0000000000000000   0.0000000000000000   0.0000000000000000   0.0000000000000000   0.0000000000000000   0.0000000000000000   0.0000000000000000   0.0000000000000000   0.0000000000000000   0.0000000000000000   0.0000000000000000   0.0000000000000000   0.0000000000000000   0.0000000000000000   0.0000000000000000   0.0000000000000000   0.0000000000000000   0.0000000000000000   0.0000000000000000   0.0000000000000000   0.0000000000000000   0.0000000000000000   0.0000000000000000   0.0000000000000000   0.0000000000000000   0.0000000000000000   0.0000000000000000   0.0000000000000000   0.0000000000000000   0.0000000000000000   0.0000000000000000   0.0000000000000000   0.0000000000000000   0.0000000000000000   0.0000000000000000   0.0000000000000000   0.0000000000000000   0.0000000000000000   0.0000000000000000   0.0000000000000000   0.0000000000000000   0.0000000000000000   0.0000000000000000   0.0000000000000000   0.0000000000000000   0.0000000000000000   0.0000000000000000   0.0000000000000000   0.0000000000000000   0.0000000000000000   0.0000000000000000   0.0000000000000000   0.0000000000000000   0.0000000000000000   0.0000000000000000   0.0000000000000000   0.0000000000000000   0.0000000000000000   0.0000000000000000   0.0000000000000000   0.0000000000000000   0.0000000000000000   0.0000000000000000   0.0000000000000000   0.0000000000000000   0.0000000000000000   0.0000000000000000   0.0000000000000000   0.0002320891640845   0.0007534572938916   0.0000000000000000   0.0000000000000000   0.0000000000000000   0.0000000000000000   0.0000000000000000   0.0000000000000000   0.0000000000000000   0.0000000000000000   0.0000000085125045   0.0000000094871723   0.0000000106002327   0.0000000117895321   0.0000000130830826   0.0000000144829582   0.0000000159908031   0.0000000176067431   0.0000000193292561   0.0000000211549829   0.0000000230785806   0.0000000250926249   0.0000000271875692   0.0000000293517688   0.0000000315715729   0.0000000338314863   0.0000000361143963   0.0000000384018969   0.0000000406745718   0.0000000429125745   0.0000000000000000
   0.0000000000000000   0.0000000000000000   0.0000000000000000   0.0000000000000000   0.0000000000000000   0.0000000000000000   0.0000000000000000   0.0000000000000000   0.0000000000000000   0.0000000000000000   0.0000000000000000   0.0000000000000000   0.0000000000000000   0.0000000000000000   0.0000000000000000   0.0000000000000000   0.0000000000000000   0.0000000000000000   0.0000000000000000   0.0000000000000000   0.0000000000000000   0.0000000000000000   0.0000000000000000   0.0000000000000000   0.0000000000000000   0.0000000000000000   0.0000000000000000   0.0000000000000000   0.0000000000000000   0.0000000000000000   0.0000000000000000   0.0000000000000000   0.0000000000000000   0.0000000000000000   0.0000000000000000   0.0000000000000000   0.0000000000000000   0.0000000000000000   0.0000000000000000   0.0000000000000000   0.0000000000000000   0.0000000000000000   0.0000000000000000   0.0000000000000000   0.0000000000000000   0.0000000000000000   0.0000000000000000   0.0000000000000000   0.0000000000000000   0.0000000000000000   0.0000000000000000   0.0000000000000000   0.0000000000000000   0.0000000000000000   0.0000000000000000   0.0000000000000000   0.0000000000000000   0.0000000000000000   0.0000000000000000   0.0000000000000000   0.0000000000000000   0.0000000000000000   0.0000000000000000   0.0000000000000000   0.0000000000000000   0.0000000000000000   0.0000000000000000   0.0000000000000000   0.0000000000000000   0.0000000000000000   0.0000000000000000   0.0000000000000000   0.0000000000000000   0.0000000000000000   0.0000000000000000   0.0000000000000000   0.0000000000000000   0.0000000000000000   0.0000000000000000   0.0000000000000000   0.0000000000000000   0.0000000000000000   0.0000000000000000   0.0000000000000000   0.0000000000000000   0.0000000000000000   0.0000000000000000   0.0000000000000000   0.0000000000000000   0.0000000000000000   0.0000000000000000   0.0000000000000000   0.0000000000000000   0.0000000000000000   0.0000000000000000   0.0000000000000000   0.0000000000000000   0.0000000000000000   0.0000000000000000   0.0000000000000000   0.0000000000000000   0.0000000000000000   0.0000000000000000   0.0000000000000000   0.0000000000000000   0.0000000000000000   0.0000000000000000   0.0000000000000000   0.0000000000000000   0.0000000000000000   0.0000000000000000   0.0000000000000000   0.0000000000000000   0.0000000000000000   0.0000000000000000   0.0000000000000000   0.0000000000000000   0.0000000000000000   0.0000000000000000   0.0000000000000000   0.0000000000000000   0.0000000000000000   0.0000000000000000   0.0000000000000000   0.0000000000000000   0.0000000000000000   0.0000000000000000   0.0000000000000000   0.0000000000000000   0.0000000000000000   0.0000000000000000   0.0000000000000000   0.0010454429300224   0.0000000000000000   0.0000000000000000   0.0000000000000000   0.0000000000000000   0.0000000000000000   0.0000000000000000   0.0000000000000000   0.0000005911198850   0.0000008035462497   0.0000008981425328   0.0000010031580101   0.0000011179714071   0.0000012432812222   0.0000013794760164   0.0000015268413451   0.0000016855314191   0.0000018555467181   0.0000020367138482   0.0000022286676355   0.0000024308365781   0.0000026424331442   0.0000028624501416   0.0000030896639298   0.0000033226448145   0.0000035597745696   0.0000037992706998   0.0000040392178812   0.0000042776354514   0.0000000000000000
   0.0000000000000000   0.0000000000000000   0.0000000000000000   0.0000000000000000   0.0000000000000000   0.0000000000000000   0.0000000000000000   0.0000000000000000   0.0000000000000000   0.0000000000000000   0.0000000000000000   0.0000000000000000   0.0000000000000000   0.0000000000000000   0.0000000000000000   0.0000000000000000   0.0000000000000000   0.0000000000000000   0.0000000000000000   0.0000000000000000   0.0000000000000000   0.0000000000000000   0.0000000000000000   0.0000000000000000   0.0000000000000000   0.0000000000000000   0.0000000000000000   0.0000000000000000   0.0000000000000000   0.0000000000000000   0.0000000000000000   0.0000000000000000   0.0000000000000000   0.0000000000000000   0.0000000000000000   0.0000000000000000   0.0000000000000000   0.0000000000000000   0.0000000000000000   0.0000000000000000   0.0000000000000000   0.0000000000000000   0.0000000000000000   0.0000000000000000   0.0000000000000000   0.0000000000000000   0.0000000000000000   0.0000000000000000   0.0000000000000000   0.0000000000000000   0.0000000000000000   0.0000000000000000   0.0000000000000000   0.0000000000000000   0.0000000000000000   0.0000000000000000   0.0000000000000000   0.0000000000000000   0.0000000000000000   0.0000000000000000   0.0000000000000000   0.0000000000000000   0.0000000000000000   0.0000000000000000   0.0000000000000000   0.0000000000000000   0.0000000000000000   0.0000000000000000   0.0000000000000000   0.0000000000000000   0.0000000000000000   0.0000000000000000   0.0000000000000000   0.0000000000000000   0.0000000000000000   0.0000000000000000   0.0000000000000000   0.0000000000000000   0.0000000000000000   0.0000000000000000   0.0000000000000000   0.0000000000000000   0.0000000000000000   0.0000000000000000   0.0000000000000000   0.0000000000000000   0.0000000000000000   0.0000000000000000   0.0000000000000000   0.0000000000000000   0.0000000000000000   0.0000000000000000   0.0000000000000000   0.0000000000000000   0.0000000000000000   0.0000000000000000   0.0000000000000000   0.0000000000000000   0.0000000000000000   0.0000000000000000   0.0000000000000000   0.0000000000000000   0.0000000000000000   0.0000000000000000   0.0000000000000000   0.0000000000000000   0.0000000000000000   0.0000000000000000   0.0000000000000000   0.0000000000000000   0.0000000000000000   0.0000000000000000   0.0000000000000000   0.0000000000000000   0.0000000000000000   0.0000000000000000   0.0000000000000000   0.0000000000000000   0.0000000000000000   0.0000000000000000   0.0000000000000000   0.0000000000000000   0.0000000000000000   0.0000000000000000   0.0000000000000000   0.0000000000000000   0.0000000000000000   0.0000000000000000   0.0000000000000000   0.0000000000000000   0.0000000000000000   0.0000000000000000   0.0041534830597606   0.0000000000000000   0.0000000000000000   0.0000097450921112   0.0000109732678241   0.0000125353973743   0.0000207188806126   0.0000380207210007   0.0000504088650078   0.0000563929223206   0.0000640752796587   0.0000730019229618   0.0000832570479270   0.0000950378917996   0.0001085500195840   0.0001240186917839   0.0001416837865945   0.0001617942464141   0.0001846012916868   0.0002103504380988   0.0002392723232944   0.0002715725327359   0.0003074207752103   0.0003469398782730   0.0003901951537115   0.0004371847194091   0.0004878314205535   0.0005419754498162   0.0005994046083274   0.0000000000000000
   0.0000000000000000   0.0000000000000000   0.0000000000000000   0.0000000000000000   0.0000000000000000   0.0000000000000000   0.0000000000000000   0.0000000000000000   0.0000000000000000   0.0000000000000000   0.0000000000000000   0.0000000000000000   0.0000000000000000   0.0000000000000000   0.0000000000000000   0.0000000000000000   0.0000000000000000   0.0000000000000000   0.0000000000000000   0.0000000000000000   0.0000000000000000   0.0000000000000000   0.0000000000000000   0.0000000000000000   0.0000000000000000   0.0000000000000000   0.0000000000000000   0.0000000000000000   0.0000000000000000   0.0000000000000000   0.0000000000000000   0.0000000000000000   0.0000000000000000   0.0000000000000000   0.0000000000000000   0.0000000000000000   0.0000000000000000   0.0000000000000000   0.0000000000000000   0.0000000000000000   0.0000000000000000   0.0000000000000000   0.0000000000000000   0.0000000000000000   0.0000000000000000   0.0000000000000000   0.0000000000000000   0.0000000000000000   0.0000000000000000   0.0000000000000000   0.0000000000000000   0.0000000000000000   0.0000000000000000   0.0000000000000000   0.0000000000000000   0.0000000000000000   0.0000000000000000   0.0000000000000000   0.0000000000000000   0.0000000000000000   0.0000000000000000   0.0000000000000000   0.0000000000000000   0.0000000000000000   0.0000000000000000   0.0000000000000000   0.0000000000000000   0.0000000000000000   0.0000000000000000   0.0000000000000000   0.0000000000000000   0.0000000000000000   0.0000000000000000   0.0000000000000000   0.0000000000000000   0.0000000000000000   0.0000000000000000   0.0000000000000000   0.0000000000000000   0.0000000000000000   0.0000000000000000   0.0000000000000000   0.0000000000000000   0.0000000000000000   0.0000000000000000   0.0000000000000000   0.0000000000000000   0.0000000000000000   0.0000000000000000   0.0000000000000000   0.0000000000000000   0.0000000000000000   0.0000000000000000   0.0000000000000000   0.0000000000000000   0.0000000000000000   0.0000000000000000   0.0000000000000000   0.0000000000000000   0.0000000000000000   0.0000000000000000   0.0000000000000000   0.0000000000000000   0.0000000000000000   0.0000000000000000   0.0000000000000000   0.0000000000000000   0.0000000000000000   0.0000000000000000   0.0000000000000000   0.0000000000000000   0.0000000000000000   0.0000000000000000   0.0000000000000000   0.0000000000000000   0.0000000000000000   0.0000000000000000   0.0000000000000000   0.0000000000000000   0.0000000000000000   0.0000000000000000   0.0000000000000000   0.0000000000000000   0.0000000000000000   0.0000000000000000   0.0000000000000000   0.0000000000000000   0.0000000000000000   0.0000000000000000   0.0000000000000000   0.0000000000000000   0.0000000000000000   0.0010573250401937   0.0011920992155495   0.0013429219996562   0.0015222603212508   0.0017114484748583   0.0019221947157504   0.0021488585270558   0.0023897255161437   0.0026603558215003   0.0029645277956035   0.0032958696680837   0.0036554189605960   0.0040441127218091   0.0044624922609266   0.0049107853926116   0.0053888555032264   0.0058961633262662   0.0064317350447548   0.0069941384433562   0.0075814690603600   0.0081913479863228   0.0088209324616973   0.0094669398471932   0.0101256849207463   0.0107931298095970   0.0114649452408740   0.0121365809673025   0.0128033488247753   0.0134603582766227   0.0000000000000000
   0.0000000000000000   0.0000000000000000   0.0000000000000000   0.0000000000000000   0.0000000000000000   0.0000000000000000   0.0000000000000000   0.0000000000000000   0.0000000000000000   0.0000000000000000   0.0000000000000000   0.0000000000000000   0.0000000000000000   0.0000000000000000   0.0000000000000000   0.0000000000000000   0.0000000000000000   0.0000000000000000   0.0000000000000000   0.0000000000000000   0.0000000000000000   0.0000000000000000   0.0000000000000000   0.0000000000000000   0.0000000000000000   0.0000000000000000   0.0000000000000000   0.0000000000000000   0.0000000000000000   0.0000000000000000   0.0000000000000000   0.0000000000000000   0.0000000000000000   0.0000000000000000   0.0000000000000000   0.0000000000000000   0.0000000000000000   0.0000000000000000   0.0000000000000000   0.0000000000000000   0.0000000000000000   0.0000000000000000   0.0000000000000000   0.0000000000000000   0.0000000000000000   0.0000000000000000   0.0000000000000000   0.0000000000000000   0.0000000000000000   0.0000000000000000   0.0000000000000000   0.0000000000000000   0.0000000000000000   0.0000000000000000   0.0000000000000000   0.0000000000000000   0.0000000000000000   0.0000000000000000   0.0000000000000000   0.0000000000000000   0.0000000000000000   0.0000000000000000   0.0000000000000000   0.0000000000000000   0.0000000000000000   0.0000000000000000   0.0000000000000000   0.0000000000000000   0.0000000000000000   0.0000000000000000   0.0000000000000000   0.0000000000000000   0.0000000000000000   0.0000000000000000   0.0000000000000000   0.0000000000000000   0.0000000000000000   0.0000000000000000   0.0000000000000000   0.0000000000000000   0.0000000000000000   0.0000000000000000   0.0000000000000000   0.0000000000000000   0.0000000000000000   0.0000000000000000   0.0000000000000000   0.0000000000000000   0.0000000000000000   0.0000000000000000   0.0000000000000000   0.0000000000000000   0.0000000000000000   0.0000000000000000   0.0000000000000000   0.0000000000000000   0.0000000000000000   0.0000000000000000   0.0000000000000000   0.0000000000000000   0.0000000000000000   0.0000000000000000   0.0000000000000000   0.0000000000000000   0.0000000000000000   0.0000000000000000   0.0000000000000000   0.0000000000000000   0.0000000000000000   0.0000000000000000   0.0000000000000000   0.0000000000000000   0.0000000000000000   0.0000000000000000   0.0000000000000000   0.0000000000000000   0.0000000000000000   0.0000000000000000   0.0000000000000000   0.0000000000000000   0.0000000000000000   0.0000000000000000   0.0000000000000000   0.0000000000000000   0.0000000000000000   0.0000000000000000   0.0000000000000000   0.0000000000000000   0.0000000000000000   0.0000000000000000   0.0000000000000000   0.0000000000000000   0.0000000000000000   0.0000000000000000   0.0000000000000000   0.0000000000000000   0.0000000130582417   0.0000000045411646   0.0000000012607296   0.0000000614572813   0.0000000323082979   0.0000000142208250   0.0000000053181128   0.0000000017167009   0.0000000004853533   0.0000000001217183   0.0000000000273715   0.0000000000055706   0.0000000000010342   0.0000000000001763   0.0000000000000278   0.0000000000000041   0.0000000000000006   0.0000000000000001   0.0000000000000000   0.0000000000000000   0.0000000000000000   0.0000000000000000   0.0000000000000000   0.0000000000000000   0.0000000000000000   0.0000000000000000
   0.0000000000000000   0.0000000000000000   0.0000000000000000   0.0000000000000000   0.0000000000000000   0.0000000000000000   0.0000000000000000   0.0000000000000000   0.0000000000000000   0.0000000000000000   0.0000000000000000   0.0000000000000000   0.0000000000000000   0.0000000000000000   0.0000000000000000   0.0000000000000000   0.0000000000000000   0.0000000000000000   0.0000000000000000   0.0000000000000000   0.0000000000000000   0.0000000000000000   0.0000000000000000   0.0000000000000000   0.0000000000000000   0.0000000000000000   0.0000000000000000   0.0000000000000000   0.0000000000000000   0.0000000000000000   0.0000000000000000   0.0000000000000000   0.0000000000000000   0.0000000000000000   0.0000000000000000   0.0000000000000000   0.0000000000000000   0.0000000000000000   0.0000000000000000   0.0000000000000000   0.0000000000000000   0.0000000000000000   0.0000000000000000   0.0000000000000000   0.0000000000000000   0.0000000000000000   0.0000000000000000   0.0000000000000000   0.0000000000000000   0.0000000000000000   0.0000000000000000   0.0000000000000000   0.0000000000000000   0.0000000000000000   0.0000000000000000   0.0000000000000000   0.0000000000000000   0.0000000000000000   0.0000000000000000   0.0000000000000000   0.0000000000000000   0.0000000000000000   0.0000000000000000   0.0000000000000000   0.0000000000000000   0.0000000000000000   0.0000000000000000   0.0000000000000000   0.0000000000000000   0.0000000000000000   0.0000000000000000   0.0000000000000000   0.0000000000000000   0.0000000000000000   0.0000000000000000   0.0000000000000000   0.0000000000000000   0.0000000000000000   0.0000000000000000   0.0000000000000000   0.0000000000000000   0.0000000000000000   0.0000000000000000   0.0000000000000000   0.0000000000000000   0.0000000000000000   0.0000000000000000   0.0000000000000000   0.0000000000000000   0.0000000000000000   0.0000000000000000   0.0000000000000000   0.0000000000000000   0.0000000000000000   0.0000000000000000   0.0000000000000000   0.0000000000000000   0.0000000000000000   0.0000000000000000   0.0000000000000000   0.0000000000000000   0.0000000000000000   0.0000000000000000   0.0000000000000000   0.0000000000000000   0.0000000000000000   0.0000000000000000   0.0000000000000000   0.0000000000000000   0.0000000000000000   0.0000000000000000   0.0000000000000000   0.0000000000000000   0.0000000000000000   0.0000000000000000   0.0000000000000000   0.0000000000000000   0.0000000000000000   0.0000000000000000   0.0000000000000000   0.0000000000000000   0.0000000000000000   0.0000000000000000   0.0000000000000000   0.0000000000000000   0.0000000000000000   0.0000000000000000   0.0000000000000000   0.0000000000000000   0.0000000000000000   0.0000000000000000   0.0000000000000000   0.0000000000000000   0.0000000000000000   0.0000000000000000   0.0000000000000000   0.0000000000001472   0.0000000000000435   0.0000000000000104   0.0000000000000071   0.0000000000000524   0.0000000000000650   0.0000000000000409   0.0000000000000179   0.0000000000000062   0.0000000000000018   0.0000000000000005   0.0000000000000001   0.0000000000000000   0.0000000000000000   0.0000000000000000   0.0000000000000000   0.0000000000000000   0.0000000000000000   0.0000000000000000   0.0000000000000000   0.0000000000000000   0.0000000000000000   0.0000000000000000   0.0000000000000000   0.0000000000000000   0.0000000000000000
   0.0000000000000000   0.0000000000000000   0.0000000000000000   0.0000000000000000   0.0000000000000000   0.0000000000000000   0.0000000000000000   0.0000000000000000   0.0000000000000000   0.0000000000000000   0.0000000000000000   0.0000000000000000   0.0000000000000000   0.0000000000000000   0.0000000000000000   0.0000000000000000   0.0000000000000000   0.0000000000000000   0.0000000000000000   0.0000000000000000   0.0000000000000000   0.0000000000000000   0.0000000000000000   0.0000000000000000   0.0000000000000000   0.0000000000000000   0.0000000000000000   0.0000000000000000   0.0000000000000000   0.0000000000000000   0.0000000000000000   0.0000000000000000   0.0000000000000000   0.0000000000000000   0.0000000000000000   0.0000000000000000   0.0000000000000000   0.0000000000000000   0.0000000000000000   0.0000000000000000   0.0000000000000000   0.0000000000000000   0.0000000000000000   0.0000000000000000   0.0000000000000000   0.0000000000000000   0.0000000000000000   0.0000000000000000   0.0000000000000000   0.0000000000000000   0.0000000000000000   0.0000000000000000   0.0000000000000000   0.0000000000000000   0.0000000000000000   0.0000000000000000   0.0000000000000000   0.0000000000000000   0.0000000000000000   0.0000000000000000   0.0000000000000000   0.0000000000000000   0.0000000000000000   0.0000000000000000   0.0000000000000000   0.0000000000000000   0.0000000000000000   0.0000000000000000   0.0000000000000000   0.0000000000000000   0.0000000000000000   0.0000000000000000   0.0000000000000000   0.0000000000000000   0.0000000000000000   0.0000000000000000   0.0000000000000000   0.0000000000000000   0.0000000000000000   0.0000000000000000   0.0000000000000000   0.0000000000000000   0.0000000000000000   0.0000000000000000   0.0000000000000000   0.0000000000000000   0.0000000000000000   0.0000000000000000   0.0000000000000000   0.0000000000000000   0.0000000000000000   0.0000000000000000   0.0000000000000000   0.0000000000000000   0.0000000000000000   0.0000000000000000   0.0000000000000000   0.0000000000000000   0.0000000000000000   0.0000000000000000   0.0000000000000000   0.0000000000000000   0.0000000000000000   0.0000000000000000   0.0000000000000000   0.0000000000000000   0.0000000000000000   0.0000000000000000   0.0000000000000000   0.0000000000000000   0.0000000000000000   0.0000000000000000   0.0000000000000000   0.0000000000000000   0.0000000000000000   0.0000000000000000   0.0000000000000000   0.0000000000000000   0.0000000000000000   0.0000000000000000   0.0000000000000000   0.0000000000000000   0.0000000000000000   0.0000000000000000   0.0000000000000000   0.0000000000000000   0.0000000000000000   0.0000000000000000   0.0000000000000000   0.0000000000000000   0.0000000000000000   0.0000000000000000   0.0000000000000000   0.0000000000000000   0.0000000000000000   0.0000000000000000   0.0000000000000000   0.0000000000000000   0.0000000000000000   0.0000000000000000   0.0000000000000000   0.0000000000000000   0.0000000000000000   0.0000000000000000   0.0000000000000000   0.0000000000000000   0.0000000000000000   0.0000000000000000   0.0000000000000000   0.0000000000000000   0.0000000000000000   0.0000000000000000   0.0000000000000000   0.0000000000000000   0.0000000000000000   0.0000000000000000   0.0000000000000000   0.0000000000000000   0.0000000000000000   0.0000000000000000   0.0000000000000000   0.0000000000000000
   0.0000000000000000   0.0000000000000000   0.0000000000000000   0.0000000000000000   0.0000000000000000   0.0000000000000000   0.0000000000000000   0.0000000000000000   0.0000000000000000   0.0000000000000000   0.0000000000000000   0.0000000000000000   0.0000000000000000   0.0000000000000000   0.0000000000000000   0.0000000000000000   0.0000000000000000   0.0000000000000000   0.0000000000000000   0.0000000000000000   0.0000000000000000   0.0000000000000000   0.0000000000000000   0.0000000000000000   0.0000000000000000   0.0000000000000000   0.0000000000000000   0.0000000000000000   0.0000000000000000   0.0000000000000000   0.0000000000000000   0.0000000000000000   0.0000000000000000   0.0000000000000000   0.0000000000000000   0.0000000000000000   0.0000000000000000   0.0000000000000000   0.0000000000000000   0.0000000000000000   0.0000000000000000   0.0000000000000000   0.0000000000000000   0.0000000000000000   0.0000000000000000   0.0000000000000000   0.0000000000000000   0.0000000000000000   0.0000000000000000   0.0000000000000000   0.0000000000000000   0.0000000000000000   0.0000000000000000   0.0000000000000000   0.0000000000000000   0.0000000000000000   0.0000000000000000   0.0000000000000000   0.0000000000000000   0.0000000000000000   0.0000000000000000   0.0000000000000000   0.0000000000000000   0.0000000000000000   0.0000000000000000   0.0000000000000000   0.0000000000000000   0.0000000000000000   0.0000000000000000   0.0000000000000000   0.0000000000000000   0.0000000000000000   0.0000000000000000   0.0000000000000000   0.0000000000000000   0.0000000000000000   0.0000000000000000   0.0000000000000000   0.0000000000000000   0.0000000000000000   0.0000000000000000   0.0000000000000000   0.0000000000000000   0.0000000000000000   0.0000000000000000   0.0000000000000000   0.0000000000000000   0.0000000000000000   0.0000000000000000   0.0000000000000000   0.0000000000000000   0.0000000000000000   0.0000000000000000   0.0000000000000000   0.0000000000000000   0.0000000000000000   0.0000000000000000   0.0000000000000000   0.0000000000000000   0.0000000000000000   0.0000000000000000   0.0000000000000000   0.0000000000000000   0.0000000000000000   0.0000000000000000   0.0000000000000000   0.0000000000000000   0.0000000000000000   0.0000000000000000   0.0000000000000000   0.0000000000000000   0.0000000000000000   0.0000000000000000   0.0000000000000000   0.0000000000000000   0.0000000000000000   0.0000000000000000   0.0000000000000000   0.0000000000000000   0.0000000000000000   0.0000000000000000   0.0000000000000000   0.0000000000000000   0.0000000000000000   0.0000000000000000   0.0000000000000000   0.0000000000000000   0.0000000000000000   0.0000000000000000   0.0000000000000000   0.0000000000000000   0.0000000000000000   0.0000000000000000   0.0000000000000000   0.0000000000000000   0.0000000000000000   0.0000000000000000   0.0000000000000000   0.0000000000000000   0.0000000000000000   0.0000000000000000   0.0000000000000000   0.0000000000000000   0.0000000000000000   0.0000000000000000   0.0000000000000000   0.0000000000000000   0.0000000000000000   0.0000000000000000   0.0000000000000000   0.0000000000000000   0.0000000000000000   0.0000000000000000   0.0000000000000000   0.0000000000000000   0.0000000000000000   0.0000000000000000   0.0000000000000000   0.0000000000000000   0.0000000000000000   0.0000000000000000   0.0000000000000000
   0.0000000000000000   0.0000000000000000   0.0000000000000000   0.0000000000000000   0.0000000000000000   0.0000000000000000   0.0000000000000000   0.0000000000000000   0.0000000000000000   0.0000000000000000   0.0000000000000000   0.0000000000000000   0.0000000000000000   0.0000000000000000   0.0000000000000000   0.0000000000000000   0.0000000000000000   0.0000000000000000   0.0000000000000000   0.0000000000000000   0.0000000000000000   0.0000000000000000   0.0000000000000000   0.0000000000000000   0.0000000000000000   0.0000000000000000   0.0000000000000000   0.0000000000000000   0.0000000000000000   0.0000000000000000   0.0000000000000000   0.0000000000000000   0.0000000000000000   0.0000000000000000   0.0000000000000000   0.0000000000000000   0.0000000000000000   0.0000000000000000   0.0000000000000000   0.0000000000000000   0.0000000000000000   0.0000000000000000   0.0000000000000000   0.0000000000000000   0.0000000000000000   0.0000000000000000   0.0000000000000000   0.0000000000000000   0.0000000000000000   0.0000000000000000   0.0000000000000000   0.0000000000000000   0.0000000000000000   0.0000000000000000   0.0000000000000000   0.0000000000000000   0.0000000000000000   0.0000000000000000   0.0000000000000000   0.0000000000000000   0.0000000000000000   0.0000000000000000   0.0000000000000000   0.0000000000000000   0.0000000000000000   0.0000000000000000   0.0000000000000000   0.0000000000000000   0.0000000000000000   0.0000000000000000   0.0000000000000000   0.0000000000000000   0.0000000000000000   0.0000000000000000   0.0000000000000000   0.0000000000000000   0.0000000000000000   0.0000000000000000   0.0000000000000000   0.0000000000000000   0.0000000000000000   0.0000000000000000   0.0000000000000000   0.0000000000000000   0.0000000000000000   0.0000000000000000   0.0000000000000000   0.0000000000000000   0.0000000000000000   0.0000000000000000   0.0000000000000000   0.0000000000000000   0.0000000000000000   0.0000000000000000   0.0000000000000000   0.0000000000000000   0.0000000000000000   0.0000000000000000   0.0000000000000000   0.0000000000000000   0.0000000000000000   0.0000000000000000   0.0000000000000000   0.0000000000000000   0.0000000000000000   0.0000000000000000   0.0000000000000000   0.0000000000000000   0.0000000000000000   0.0000000000000000   0.0000000000000000   0.0000000000000000   0.0000000000000000   0.0000000000000000   0.0000000000000000   0.0000000000000000   0.0000000000000000   0.0000000000000000   0.0000000000000000   0.0000000000000000   0.0000000000000000   0.0000000000000000   0.0000000000000000   0.0000000000000000   0.0000000000000000   0.0000000000000000   0.0000000000000000   0.0000000000000000   0.0000000000000000   0.0000000000000000   0.0000000000000000   0.0000000000000000   0.0000000000000000   0.0000000000000000   0.0000000000000000   0.0000000000000000   0.0000000000000000   0.0000000000000000   0.0000000000000000   0.0000000000000000   0.0000000000000000   0.0000000000000000   0.0000000000000000   0.0000000000000000   0.0000000000000000   0.0000000000000000   0.0000000000000000   0.0000000000000000   0.0000000000000000   0.0000000000000000   0.0000000000000000   0.0000000000000000   0.0000000000000000   0.0000000000000000   0.0000000000000000   0.0000000000000000   0.0000000000000000   0.0000000000000000   0.0000000000000000   0.0000000000000000   0.0000000000000000   0.0000000000000000
   0.0000000000000000   0.0000000000000000   0.0000000000000000   0.0000000000000000   0.0000000000000000   0.0000000000000000   0.0000000000000000   0.0000000000000000   0.0000000000000000   0.0000000000000000   0.0000000000000000   0.0000000000000000   0.0000000000000000   0.0000000000000000   0.0000000000000000   0.0000000000000000   0.0000000000000000   0.0000000000000000   0.0000000000000000   0.0000000000000000   0.0000000000000000   0.0000000000000000   0.0000000000000000   0.0000000000000000   0.0000000000000000   0.0000000000000000   0.0000000000000000   0.0000000000000000   0.0000000000000000   0.0000000000000000   0.0000000000000000   0.0000000000000000   0.0000000000000000   0.0000000000000000   0.0000000000000000   0.0000000000000000   0.0000000000000000   0.0000000000000000   0.0000000000000000   0.0000000000000000   0.0000000000000000   0.0000000000000000   0.0000000000000000   0.0000000000000000   0.0000000000000000   0.0000000000000000   0.0000000000000000   0.0000000000000000   0.0000000000000000   0.0000000000000000   0.0000000000000000   0.0000000000000000   0.0000000000000000   0.0000000000000000   0.0000000000000000   0.0000000000000000   0.0000000000000000   0.0000000000000000   0.0000000000000000   0.0000000000000000   0.0000000000000000   0.0000000000000000   0.0000000000000000   0.0000000000000000   0.0000000000000000   0.0000000000000000   0.0000000000000000   0.0000000000000000   0.0000000000000000   0.0000000000000000   0.0000000000000000   0.0000000000000000   0.0000000000000000   0.0000000000000000   0.0000000000000000   0.0000000000000000   0.0000000000000000   0.0000000000000000   0.0000000000000000   0.0000000000000000   0.0000000000000000   0.0000000000000000   0.0000000000000000   0.0000000000000000   0.0000000000000000   0.0000000000000000   0.0000000000000000   0.0000000000000000   0.0000000000000000   0.0000000000000000   0.0000000000000000   0.0000000000000000   0.0000000000000000   0.0000000000000000   0.0000000000000000   0.0000000000000000   0.0000000000000000   0.0000000000000000   0.0000000000000000   0.0000000000000000   0.0000000000000000   0.0000000000000000   0.0000000000000000   0.0000000000000000   0.0000000000000000   0.0000000000000000   0.0000000000000000   0.0000000000000000   0.0000000000000000   0.0000000000000000   0.0000000000000000   0.0000000000000000   0.0000000000000000   0.0000000000000000   0.0000000000000000   0.0000000000000000   0.0000000000000000   0.0000000000000000   0.0000000000000000   0.0000000000000000   0.0000000000000000   0.0000000000000000   0.0000000000000000   0.0000000000000000   0.0000000000000000   0.0000000000000000   0.0000000000000000   0.0000000000000000   0.0000000000000000   0.0000000000000000   0.0000000000000000   0.0000000000000000   0.0000000000000000   0.0000000000000000   0.0000000000000000   0.0000000000000000   0.0000000000000000   0.0000000000000000   0.0000000000000000   0.0000000000000000   0.0000000000000000   0.0000000000000000   0.0000000000000000   0.0000000000000000   0.0000000000000000   0.0000000000000000   0.0000000000000000   0.0000000000000000   0.0000000000000000   0.0000000000000000   0.0000000000000000   0.0000000000000000   0.0000000000000000   0.0000000000000000   0.0000000000000000   0.0000000000000000   0.0000000000000000   0.0000000000000000   0.0000000000000000   0.0000000000000000   0.0000000000000000   0.0000000000000000
   0.0000000000000000   0.0000000000000000   0.0000000000000000   0.0000000000000000   0.0000000000000000   0.0000000000000000   0.0000000000000000   0.0000000000000000   0.0000000000000000   0.0000000000000000   0.0000000000000000   0.0000000000000000   0.0000000000000000   0.0000000000000000   0.0000000000000000   0.0000000000000000   0.0000000000000000   0.0000000000000000   0.0000000000000000   0.0000000000000000   0.0000000000000000   0.0000000000000000   0.0000000000000000   0.0000000000000000   0.0000000000000000   0.0000000000000000   0.0000000000000000   0.0000000000000000   0.0000000000000000   0.0000000000000000   0.0000000000000000   0.0000000000000000   0.0000000000000000   0.0000000000000000   0.0000000000000000   0.0000000000000000   0.0000000000000000   0.0000000000000000   0.0000000000000000   0.0000000000000000   0.0000000000000000   0.0000000000000000   0.0000000000000000   0.0000000000000000   0.0000000000000000   0.0000000000000000   0.0000000000000000   0.0000000000000000   0.0000000000000000   0.0000000000000000   0.0000000000000000   0.0000000000000000   0.0000000000000000   0.0000000000000000   0.0000000000000000   0.0000000000000000   0.0000000000000000   0.0000000000000000   0.0000000000000000   0.0000000000000000   0.0000000000000000   0.0000000000000000   0.0000000000000000   0.0000000000000000   0.0000000000000000   0.0000000000000000   0.0000000000000000   0.0000000000000000   0.0000000000000000   0.0000000000000000   0.0000000000000000   0.0000000000000000   0.0000000000000000   0.0000000000000000   0.0000000000000000   0.0000000000000000   0.0000000000000000   0.0000000000000000   0.0000000000000000   0.0000000000000000   0.0000000000000000   0.0000000000000000   0.0000000000000000   0.0000000000000000   0.0000000000000000   0.0000000000000000   0.0000000000000000   0.0000000000000000   0.0000000000000000   0.0000000000000000   0.0000000000000000   0.0000000000000000   0.0000000000000000   0.0000000000000000   0.0000000000000000   0.0000000000000000   0.0000000000000000   0.0000000000000000   0.0000000000000000   0.0000000000000000   0.0000000000000000   0.0000000000000000   0.0000000000000000   0.0000000000000000   0.0000000000000000   0.0000000000000000   0.0000000000000000   0.0000000000000000   0.0000000000000000   0.0000000000000000   0.0000000000000000   0.0000000000000000   0.0000000000000000   0.0000000000000000   0.0000000000000000   0.0000000000000000   0.0000000000000000   0.0000000000000000   0.0000000000000000   0.0000000000000000   0.0000000000000000   0.0000000000000000   0.0000000000000000   0.0000000000000000   0.0000000000000000   0.0000000000000000   0.0000000000000000   0.0000000000000000   0.0000000000000000   0.0000000000000000   0.0000000000000000   0.0000000000000000   0.0000000000000000   0.0000000000000000   0.0000000000000000   0.0000000000000000   0.0000000000000000   0.0000000000000000   0.0000000000000000   0.0000000000000000   0.0000000000000000   0.0000000000000000   0.0000000000000000   0.0000000000000000   0.0000000000000000   0.0000000000000000   0.0000000000000000   0.0000000000000000   0.0000000000000000   0.0000000000000000   0.0000000000000000   0.0000000000000000   0.0000000000000000   0.0000000000000000   0.0000000000000000   0.0000000000000000   0.0000000000000000   0.0000000000000000   0.0000000000000000   0.0000000000000000   0.0000000000000000   0.0000000000000000
   0.0000000000000000   0.0000000000000000   0.0000000000000000   0.0000000000000000   0.0000000000000000   0.0000000000000000   0.0000000000000000   0.0000000000000000   0.0000000000000000   0.0000000000000000   0.0000000000000000   0.0000000000000000   0.0000000000000000   0.0000000000000000   0.0000000000000000   0.0000000000000000   0.0000000000000000   0.0000000000000000   0.0000000000000000   0.0000000000000000   0.0000000000000000   0.0000000000000000   0.0000000000000000   0.0000000000000000   0.0000000000000000   0.0000000000000000   0.0000000000000000   0.0000000000000000   0.0000000000000000   0.0000000000000000   0.0000000000000000   0.0000000000000000   0.0000000000000000   0.0000000000000000   0.0000000000000000   0.0000000000000000   0.0000000000000000   0.0000000000000000   0.0000000000000000   0.0000000000000000   0.0000000000000000   0.0000000000000000   0.0000000000000000   0.0000000000000000   0.0000000000000000   0.0000000000000000   0.0000000000000000   0.0000000000000000   0.0000000000000000   0.0000000000000000   0.0000000000000000   0.0000000000000000   0.0000000000000000   0.0000000000000000   0.0000000000000000   0.0000000000000000   0.0000000000000000   0.0000000000000000   0.0000000000000000   0.0000000000000000   0.0000000000000000   0.0000000000000000   0.0000000000000000   0.0000000000000000   0.0000000000000000   0.0000000000000000   0.0000000000000000   0.0000000000000000   0.0000000000000000   0.0000000000000000   0.0000000000000000   0.0000000000000000   0.0000000000000000   0.0000000000000000   0.0000000000000000   0.0000000000000000   0.0000000000000000   0.0000000000000000   0.0000000000000000   0.0000000000000000   0.0000000000000000   0.0000000000000000   0.0000000000000000   0.0000000000000000   0.0000000000000000   0.0000000000000000   0.0000000000000000   0.0000000000000000   0.0000000000000000   0.0000000000000000   0.0000000000000000   0.0000000000000000   0.0000000000000000   0.0000000000000000   0.0000000000000000   0.0000000000000000   0.0000000000000000   0.0000000000000000   0.0000000000000000   0.0000000000000000   0.0000000000000000   0.0000000000000000   0.0000000000000000   0.0000000000000000   0.0000000000000000   0.0000000000000000   0.0000000000000000   0.0000000000000000   0.0000000000000000   0.0000000000000000   0.0000000000000000   0.0000000000000000   0.0000000000000000   0.0000000000000000   0.0000000000000000   0.0000000000000000   0.0000000000000000   0.0000000000000000   0.0000000000000000   0.0000000000000000   0.0000000000000000   0.0000000000000000   0.0000000000000000   0.0000000000000000   0.0000000000000000   0.0000000000000000   0.0000000000000000   0.0000000000000000   0.0000000000000000   0.0000000000000000   0.0000000000000000   0.0000000000000000   0.0000000000000000   0.0000000000000000   0.0000000000000000   0.0000000000000000   0.0000000000000000   0.0000000000000000   0.0000000000000000   0.0000000000000000   0.0000000000000000   0.0000000000000000   0.0000000000000000   0.0000000000000000   0.0000000000000000   0.0000000000000000   0.0000000000000000   0.0000000000000000   0.0000000000000000   0.0000000000000000   0.0000000000000000   0.0000000000000000   0.0000000000000000   0.0000000000000000   0.0000000000000000   0.0000000000000000   0.0000000000000000   0.0000000000000000   0.0000000000000000   0.0000000000000000   0.0000000000000000   0.0000000000000000
   0.0000000000000000   0.0000000000000000   0.0000000000000000   0.0000000000000000   0.0000000000000000   0.0000000000000000   0.0000000000000000   0.0000000000000000   0.0000000000000000   0.0000000000000000   0.0000000000000000   0.0000000000000000   0.0000000000000000   0.0000000000000000   0.0000000000000000   0.0000000000000000   0.0000000000000000   0.0000000000000000   0.0000000000000000   0.0000000000000000   0.0000000000000000   0.0000000000000000   0.0000000000000000   0.0000000000000000   0.0000000000000000   0.0000000000000000   0.0000000000000000   0.0000000000000000   0.0000000000000000   0.0000000000000000   0.0000000000000000   0.0000000000000000   0.0000000000000000   0.0000000000000000   0.0000000000000000   0.0000000000000000   0.0000000000000000   0.0000000000000000   0.0000000000000000   0.0000000000000000   0.0000000000000000   0.0000000000000000   0.0000000000000000   0.0000000000000000   0.0000000000000000   0.0000000000000000   0.0000000000000000   0.0000000000000000   0.0000000000000000   0.0000000000000000   0.0000000000000000   0.0000000000000000   0.0000000000000000   0.0000000000000000   0.0000000000000000   0.0000000000000000   0.0000000000000000   0.0000000000000000   0.0000000000000000   0.0000000000000000   0.0000000000000000   0.0000000000000000   0.0000000000000000   0.0000000000000000   0.0000000000000000   0.0000000000000000   0.0000000000000000   0.0000000000000000   0.0000000000000000   0.0000000000000000   0.0000000000000000   0.0000000000000000   0.0000000000000000   0.0000000000000000   0.0000000000000000   0.0000000000000000   0.0000000000000000   0.0000000000000000   0.0000000000000000   0.0000000000000000   0.0000000000000000   0.0000000000000000   0.0000000000000000   0.0000000000000000   0.0000000000000000   0.0000000000000000   0.0000000000000000   0.0000000000000000   0.0000000000000000   0.0000000000000000   0.0000000000000000   0.0000000000000000   0.0000000000000000   0.0000000000000000   0.0000000000000000   0.0000000000000000   0.0000000000000000   0.0000000000000000   0.0000000000000000   0.0000000000000000   0.0000000000000000   0.0000000000000000   0.0000000000000000   0.0000000000000000   0.0000000000000000   0.0000000000000000   0.0000000000000000   0.0000000000000000   0.0000000000000000   0.0000000000000000   0.0000000000000000   0.0000000000000000   0.0000000000000000   0.0000000000000000   0.0000000000000000   0.0000000000000000   0.0000000000000000   0.0000000000000000   0.0000000000000000   0.0000000000000000   0.0000000000000000   0.0000000000000000   0.0000000000000000   0.0000000000000000   0.0000000000000000   0.0000000000000000   0.0000000000000000   0.0000000000000000   0.0000000000000000   0.0000000000000000   0.0000000000000000   0.0000000000000000   0.0000000000000000   0.0000000000000000   0.0000000000000000   0.0000000000000000   0.0000000000000000   0.0000000000000000   0.0000000000000000   0.0000000000000000   0.0000000000000000   0.0000000000000000   0.0000000000000000   0.0000000000000000   0.0000000000000000   0.0000000000000000   0.0000000000000000   0.0000000000000000   0.0000000000000000   0.0000000000000000   0.0000000000000000   0.0000000000000000   0.0000000000000000   0.0000000000000000   0.0000000000000000   0.0000000000000000   0.0000000000000000   0.0000000000000000   0.0000000000000000   0.0000000000000000   0.0000000000000000   0.0000000000000000
   0.0000000000000000   0.0000000000000000   0.0000000000000000   0.0000000000000000   0.0000000000000000   0.0000000000000000   0.0000000000000000   0.0000000000000000   0.0000000000000000   0.0000000000000000   0.0000000000000000   0.0000000000000000   0.0000000000000000   0.0000000000000000   0.0000000000000000   0.0000000000000000   0.0000000000000000   0.0000000000000000   0.0000000000000000   0.0000000000000000   0.0000000000000000   0.0000000000000000   0.0000000000000000   0.0000000000000000   0.0000000000000000   0.0000000000000000   0.0000000000000000   0.0000000000000000   0.0000000000000000   0.0000000000000000   0.0000000000000000   0.0000000000000000   0.0000000000000000   0.0000000000000000   0.0000000000000000   0.0000000000000000   0.0000000000000000   0.0000000000000000   0.0000000000000000   0.0000000000000000   0.0000000000000000   0.0000000000000000   0.0000000000000000   0.0000000000000000   0.0000000000000000   0.0000000000000000   0.0000000000000000   0.0000000000000000   0.0000000000000000   0.0000000000000000   0.0000000000000000   0.0000000000000000   0.0000000000000000   0.0000000000000000   0.0000000000000000   0.0000000000000000   0.0000000000000000   0.0000000000000000   0.0000000000000000   0.0000000000000000   0.0000000000000000   0.0000000000000000   0.0000000000000000   0.0000000000000000   0.0000000000000000   0.0000000000000000   0.0000000000000000   0.0000000000000000   0.0000000000000000   0.0000000000000000   0.0000000000000000   0.0000000000000000   0.0000000000000000   0.0000000000000000   0.0000000000000000   0.0000000000000000   0.0000000000000000   0.0000000000000000   0.0000000000000000   0.0000000000000000   0.0000000000000000   0.0000000000000000   0.0000000000000000   0.0000000000000000   0.0000000000000000   0.0000000000000000   0.0000000000000000   0.0000000000000000   0.0000000000000000   0.0000000000000000   0.0000000000000000   0.0000000000000000   0.0000000000000000   0.0000000000000000   0.0000000000000000   0.0000000000000000   0.0000000000000000   0.0000000000000000   0.0000000000000000   0.0000000000000000   0.0000000000000000   0.0000000000000000   0.0000000000000000   0.0000000000000000   0.0000000000000000   0.0000000000000000   0.0000000000000000   0.0000000000000000   0.0000000000000000   0.0000000000000000   0.0000000000000000   0.0000000000000000   0.0000000000000000   0.0000000000000000   0.0000000000000000   0.0000000000000000   0.0000000000000000   0.0000000000000000   0.0000000000000000   0.0000000000000000   0.0000000000000000   0.0000000000000000   0.0000000000000000   0.0000000000000000   0.0000000000000000   0.0000000000000000   0.0000000000000000   0.0000000000000000   0.0000000000000000   0.0000000000000000   0.0000000000000000   0.0000000000000000   0.0000000000000000   0.0000000000000000   0.0000000000000000   0.0000000000000000   0.0000000000000000   0.0000000000000000   0.0000000000000000   0.0000000000000000   0.0000000000000000   0.0000000000000000   0.0000000000000000   0.0000000000000000   0.0000000000000000   0.0000000000000000   0.0000000000000000   0.0000000000000000   0.0000000000000000   0.0000000000000000   0.0000000000000000   0.0000000000000000   0.0000000000000000   0.0000000000000000   0.0000000000000000   0.0000000000000000   0.0000000000000000   0.0000000000000000   0.0000000000000000   0.0000000000000000   0.0000000000000000   0.0000000000000000
   0.0000000000000000   0.0000000000000000   0.0000000000000000   0.0000000000000000   0.0000000000000000   0.0000000000000000   0.0000000000000000   0.0000000000000000   0.0000000000000000   0.0000000000000000   0.0000000000000000   0.0000000000000000   0.0000000000000000   0.0000000000000000   0.0000000000000000   0.0000000000000000   0.0000000000000000   0.0000000000000000   0.0000000000000000   0.0000000000000000   0.0000000000000000   0.0000000000000000   0.0000000000000000   0.0000000000000000   0.0000000000000000   0.0000000000000000   0.0000000000000000   0.0000000000000000   0.0000000000000000   0.0000000000000000   0.0000000000000000   0.0000000000000000   0.0000000000000000   0.0000000000000000   0.0000000000000000   0.0000000000000000   0.0000000000000000   0.0000000000000000   0.0000000000000000   0.0000000000000000   0.0000000000000000   0.0000000000000000   0.0000000000000000   0.0000000000000000   0.0000000000000000   0.0000000000000000   0.0000000000000000   0.0000000000000000   0.0000000000000000   0.0000000000000000   0.0000000000000000   0.0000000000000000   0.0000000000000000   0.0000000000000000   0.0000000000000000   0.0000000000000000   0.0000000000000000   0.0000000000000000   0.0000000000000000   0.0000000000000000   0.0000000000000000   0.0000000000000000   0.0000000000000000   0.0000000000000000   0.0000000000000000   0.0000000000000000   0.0000000000000000   0.0000000000000000   0.0000000000000000   0.0000000000000000   0.0000000000000000   0.0000000000000000   0.0000000000000000   0.0000000000000000   0.0000000000000000   0.0000000000000000   0.0000000000000000   0.0000000000000000   0.0000000000000000   0.0000000000000000   0.0000000000000000   0.0000000000000000   0.0000000000000000   0.0000000000000000   0.0000000000000000   0.0000000000000000   0.0000000000000000   0.0000000000000000   0.0000000000000000   0.0000000000000000   0.0000000000000000   0.0000000000000000   0.0000000000000000   0.0000000000000000   0.0000000000000000   0.0000000000000000   0.0000000000000000   0.0000000000000000   0.0000000000000000   0.0000000000000000   0.0000000000000000   0.0000000000000000   0.0000000000000000   0.0000000000000000   0.0000000000000000   0.0000000000000000   0.0000000000000000   0.0000000000000000   0.0000000000000000   0.0000000000000000   0.0000000000000000   0.0000000000000000   0.0000000000000000   0.0000000000000000   0.0000000000000000   0.0000000000000000   0.0000000000000000   0.0000000000000000   0.0000000000000000   0.0000000000000000   0.0000000000000000   0.0000000000000000   0.0000000000000000   0.0000000000000000   0.0000000000000000   0.0000000000000000   0.0000000000000000   0.0000000000000000   0.0000000000000000   0.0000000000000000   0.0000000000000000   0.0000000000000000   0.0000000000000000   0.0000000000000000   0.0000000000000000   0.0000000000000000   0.0000000000000000   0.0000000000000000   0.0000000000000000   0.0000000000000000   0.0000000000000000   0.0000000000000000   0.0000000000000000   0.0000000000000000   0.0000000000000000   0.0000000000000000   0.0000000000000000   0.0000000000000000   0.0000000000000000   0.0000000000000000   0.0000000000000000   0.0000000000000000   0.0000000000000000   0.0000000000000000   0.0000000000000000   0.0000000000000000   0.0000000000000000   0.0000000000000000   0.0000000000000000   0.0000000000000000   0.0000000000000000   0.0000000000000000
   0.0000000000000000   0.0000000000000000   0.0000000000000000   0.0000000000000000   0.0000000000000000   0.0000000000000000   0.0000000000000000   0.0000000000000000   0.0000000000000000   0.0000000000000000   0.0000000000000000   0.0000000000000000   0.0000000000000000   0.0000000000000000   0.0000000000000000   0.0000000000000000   0.0000000000000000   0.0000000000000000   0.0000000000000000   0.0000000000000000   0.0000000000000000   0.0000000000000000   0.0000000000000000   0.0000000000000000   0.0000000000000000   0.0000000000000000   0.0000000000000000   0.0000000000000000   0.0000000000000000   0.0000000000000000   0.0000000000000000   0.0000000000000000   0.0000000000000000   0.0000000000000000   0.0000000000000000   0.0000000000000000   0.0000000000000000   0.0000000000000000   0.0000000000000000   0.0000000000000000   0.0000000000000000   0.0000000000000000   0.0000000000000000   0.0000000000000000   0.0000000000000000   0.0000000000000000   0.0000000000000000   0.0000000000000000   0.0000000000000000   0.0000000000000000   0.0000000000000000   0.0000000000000000   0.0000000000000000   0.0000000000000000   0.0000000000000000   0.0000000000000000   0.0000000000000000   0.0000000000000000   0.0000000000000000   0.0000000000000000   0.0000000000000000   0.0000000000000000   0.0000000000000000   0.0000000000000000   0.0000000000000000   0.0000000000000000   0.0000000000000000   0.0000000000000000   0.0000000000000000   0.0000000000000000   0.0000000000000000   0.0000000000000000   0.0000000000000000   0.0000000000000000   0.0000000000000000   0.0000000000000000   0.0000000000000000   0.0000000000000000   0.0000000000000000   0.0000000000000000   0.0000000000000000   0.0000000000000000   0.0000000000000000   0.0000000000000000   0.0000000000000000   0.0000000000000000   0.0000000000000000   0.0000000000000000   0.0000000000000000   0.0000000000000000   0.0000000000000000   0.0000000000000000   0.0000000000000000   0.0000000000000000   0.0000000000000000   0.0000000000000000   0.0000000000000000   0.0000000000000000   0.0000000000000000   0.0000000000000000   0.0000000000000000   0.0000000000000000   0.0000000000000000   0.0000000000000000   0.0000000000000000   0.0000000000000000   0.0000000000000000   0.0000000000000000   0.0000000000000000   0.0000000000000000   0.0000000000000000   0.0000000000000000   0.0000000000000000   0.0000000000000000   0.0000000000000000   0.0000000000000000   0.0000000000000000   0.0000000000000000   0.0000000000000000   0.0000000000000000   0.0000000000000000   0.0000000000000000   0.0000000000000000   0.0000000000000000   0.0000000000000000   0.0000000000000000   0.0000000000000000   0.0000000000000000   0.0000000000000000   0.0000000000000000   0.0000000000000000   0.0000000000000000   0.0000000000000000   0.0000000000000000   0.0000000000000000   0.0000000000000000   0.0000000000000000   0.0000000000000000   0.0000000000000000   0.0000000000000000   0.0000000000000000   0.0000000000000000   0.0000000000000000   0.0000000000000000   0.0000000000000000   0.0000000000000000   0.0000000000000000   0.0000000000000000   0.0000000000000000   0.0000000000000000   0.0000000000000000   0.0000000000000000   0.0000000000000000   0.0000000000000000   0.0000000000000000   0.0000000000000000   0.0000000000000000   0.0000000000000000   0.0000000000000000   0.0000000000000000   0.0000000000000000   0.0000000000000000
   0.0000000000000000   0.0000000000000000   0.0000000000000000   0.0000000000000000   0.0000000000000000   0.0000000000000000   0.0000000000000000   0.0000000000000000   0.0000000000000000   0.0000000000000000   0.0000000000000000   0.0000000000000000   0.0000000000000000   0.0000000000000000   0.0000000000000000   0.0000000000000000   0.0000000000000000   0.0000000000000000   0.0000000000000000   0.0000000000000000   0.0000000000000000   0.0000000000000000   0.0000000000000000   0.0000000000000000   0.0000000000000000   0.0000000000000000   0.0000000000000000   0.0000000000000000   0.0000000000000000   0.0000000000000000   0.0000000000000000   0.0000000000000000   0.0000000000000000   0.0000000000000000   0.0000000000000000   0.0000000000000000   0.0000000000000000   0.0000000000000000   0.0000000000000000   0.0000000000000000   0.0000000000000000   0.0000000000000000   0.0000000000000000   0.0000000000000000   0.0000000000000000   0.0000000000000000   0.0000000000000000   0.0000000000000000   0.0000000000000000   0.0000000000000000   0.0000000000000000   0.0000000000000000   0.0000000000000000   0.0000000000000000   0.0000000000000000   0.0000000000000000   0.0000000000000000   0.0000000000000000   0.0000000000000000   0.0000000000000000   0.0000000000000000   0.0000000000000000   0.0000000000000000   0.0000000000000000   0.0000000000000000   0.0000000000000000   0.0000000000000000   0.0000000000000000   0.0000000000000000   0.0000000000000000   0.0000000000000000   0.0000000000000000   0.0000000000000000   0.0000000000000000   0.0000000000000000   0.0000000000000000   0.0000000000000000   0.0000000000000000   0.0000000000000000   0.0000000000000000   0.0000000000000000   0.0000000000000000   0.0000000000000000   0.0000000000000000   0.0000000000000000   0.0000000000000000   0.0000000000000000   0.0000000000000000   0.0000000000000000   0.0000000000000000   0.0000000000000000   0.0000000000000000   0.0000000000000000   0.0000000000000000   0.0000000000000000   0.0000000000000000   0.0000000000000000   0.0000000000000000   0.0000000000000000   0.0000000000000000   0.0000000000000000   0.0000000000000000   0.0000000000000000   0.0000000000000000   0.0000000000000000   0.0000000000000000   0.0000000000000000   0.0000000000000000   0.0000000000000000   0.0000000000000000   0.0000000000000000   0.0000000000000000   0.0000000000000000   0.0000000000000000   0.0000000000000000   0.0000000000000000   0.0000000000000000   0.0000000000000000   0.0000000000000000   0.0000000000000000   0.0000000000000000   0.0000000000000000   0.0000000000000000   0.0000000000000000   0.0000000000000000   0.0000000000000000   0.0000000000000000   0.0000000000000000   0.0000000000000000   0.0000000000000000   0.0000000000000000   0.0000000000000000   0.0000000000000000   0.0000000000000000   0.0000000000000000   0.0000000000000000   0.0000000000000000   0.0000000000000000   0.0000000000000000   0.0000000000000000   0.0000000000000000   0.0000000000000000   0.0000000000000000   0.0000000000000000   0.0000000000000000   0.0000000000000000   0.0000000000000000   0.0000000000000000   0.0000000000000000   0.0000000000000000   0.0000000000000000   0.0000000000000000   0.0000000000000000   0.0000000000000000   0.0000000000000000   0.0000000000000000   0.0000000000000000   0.0000000000000000   0.0000000000000000   0.0000000000000000   0.0000000000000000   0.0000000000000000
   0.0000000000000000   0.0000000000000000   0.0000000000000000   0.0000000000000000   0.0000000000000000   0.0000000000000000   0.0000000000000000   0.0000000000000000   0.0000000000000000   0.0000000000000000   0.0000000000000000   0.0000000000000000   0.0000000000000000   0.0000000000000000   0.0000000000000000   0.0000000000000000   0.0000000000000000   0.0000000000000000   0.0000000000000000   0.0000000000000000   0.0000000000000000   0.0000000000000000   0.0000000000000000   0.0000000000000000   0.0000000000000000   0.0000000000000000   0.0000000000000000   0.0000000000000000   0.0000000000000000   0.0000000000000000   0.0000000000000000   0.0000000000000000   0.0000000000000000   0.0000000000000000   0.0000000000000000   0.0000000000000000   0.0000000000000000   0.0000000000000000   0.0000000000000000   0.0000000000000000   0.0000000000000000   0.0000000000000000   0.0000000000000000   0.0000000000000000   0.0000000000000000   0.0000000000000000   0.0000000000000000   0.0000000000000000   0.0000000000000000   0.0000000000000000   0.0000000000000000   0.0000000000000000   0.0000000000000000   0.0000000000000000   0.0000000000000000   0.0000000000000000   0.0000000000000000   0.0000000000000000   0.0000000000000000   0.0000000000000000   0.0000000000000000   0.0000000000000000   0.0000000000000000   0.0000000000000000   0.0000000000000000   0.0000000000000000   0.0000000000000000   0.0000000000000000   0.0000000000000000   0.0000000000000000   0.0000000000000000   0.0000000000000000   0.0000000000000000   0.0000000000000000   0.0000000000000000   0.0000000000000000   0.0000000000000000   0.0000000000000000   0.0000000000000000   0.0000000000000000   0.0000000000000000   0.0000000000000000   0.0000000000000000   0.0000000000000000   0.0000000000000000   0.0000000000000000   0.0000000000000000   0.0000000000000000   0.0000000000000000   0.0000000000000000   0.0000000000000000   0.0000000000000000   0.0000000000000000   0.0000000000000000   0.0000000000000000   0.0000000000000000   0.0000000000000000   0.0000000000000000   0.0000000000000000   0.0000000000000000   0.0000000000000000   0.0000000000000000   0.0000000000000000   0.0000000000000000   0.0000000000000000   0.0000000000000000   0.0000000000000000   0.0000000000000000   0.0000000000000000   0.0000000000000000   0.0000000000000000   0.0000000000000000   0.0000000000000000   0.0000000000000000   0.0000000000000000   0.0000000000000000   0.0000000000000000   0.0000000000000000   0.0000000000000000   0.0000000000000000   0.0000000000000000   0.0000000000000000   0.0000000000000000   0.0000000000000000   0.0000000000000000   0.0000000000000000   0.0000000000000000   0.0000000000000000   0.0000000000000000   0.0000000000000000   0.0000000000000000   0.0000000000000000   0.0000000000000000   0.0000000000000000   0.0000000000000000   0.0000000000000000   0.0000000000000000   0.0000000000000000   0.0000000000000000   0.0000000000000000   0.0000000000000000   0.0000000000000000   0.0000000000000000   0.0000000000000000   0.0000000000000000   0.0000000000000000   0.0000000000000000   0.0000000000000000   0.0000000000000000   0.0000000000000000   0.0000000000000000   0.0000000000000000   0.0000000000000000   0.0000000000000000   0.0000000000000000   0.0000000000000000   0.0000000000000000   0.0000000000000000   0.0000000000000000   0.0000000000000000   0.0000000000000000   0.0000000000000000
   0.0000000000000000   0.0000000000000000   0.0000000000000000   0.0000000000000000   0.0000000000000000   0.0000000000000000   0.0000000000000000   0.0000000000000000   0.0000000000000000   0.0000000000000000   0.0000000000000000   0.0000000000000000   0.0000000000000000   0.0000000000000000   0.0000000000000000   0.0000000000000000   0.0000000000000000   0.0000000000000000   0.0000000000000000   0.0000000000000000   0.0000000000000000   0.0000000000000000   0.0000000000000000   0.0000000000000000   0.0000000000000000   0.0000000000000000   0.0000000000000000   0.0000000000000000   0.0000000000000000   0.0000000000000000   0.0000000000000000   0.0000000000000000   0.0000000000000000   0.0000000000000000   0.0000000000000000   0.0000000000000000   0.0000000000000000   0.0000000000000000   0.0000000000000000   0.0000000000000000   0.0000000000000000   0.0000000000000000   0.0000000000000000   0.0000000000000000   0.0000000000000000   0.0000000000000000   0.0000000000000000   0.0000000000000000   0.0000000000000000   0.0000000000000000   0.0000000000000000   0.0000000000000000   0.0000000000000000   0.0000000000000000   0.0000000000000000   0.0000000000000000   0.0000000000000000   0.0000000000000000   0.0000000000000000   0.0000000000000000   0.0000000000000000   0.0000000000000000   0.0000000000000000   0.0000000000000000   0.0000000000000000   0.0000000000000000   0.0000000000000000   0.0000000000000000   0.0000000000000000   0.0000000000000000   0.0000000000000000   0.0000000000000000   0.0000000000000000   0.0000000000000000   0.0000000000000000   0.0000000000000000   0.0000000000000000   0.0000000000000000   0.0000000000000000   0.0000000000000000   0.0000000000000000   0.0000000000000000   0.0000000000000000   0.0000000000000000   0.0000000000000000   0.0000000000000000   0.0000000000000000   0.0000000000000000   0.0000000000000000   0.0000000000000000   0.0000000000000000   0.0000000000000000   0.0000000000000000   0.0000000000000000   0.0000000000000000   0.0000000000000000   0.0000000000000000   0.0000000000000000   0.0000000000000000   0.0000000000000000   0.0000000000000000   0.0000000000000000   0.0000000000000000   0.0000000000000000   0.0000000000000000   0.0000000000000000   0.0000000000000000   0.0000000000000000   0.0000000000000000   0.0000000000000000   0.0000000000000000   0.0000000000000000   0.0000000000000000   0.0000000000000000   0.0000000000000000   0.0000000000000000   0.0000000000000000   0.0000000000000000   0.0000000000000000   0.0000000000000000   0.0000000000000000   0.0000000000000000   0.0000000000000000   0.0000000000000000   0.0000000000000000   0.0000000000000000   0.0000000000000000   0.0000000000000000   0.0000000000000000   0.0000000000000000   0.0000000000000000   0.0000000000000000   0.0000000000000000   0.0000000000000000   0.0000000000000000   0.0000000000000000   0.0000000000000000   0.0000000000000000   0.0000000000000000   0.0000000000000000   0.0000000000000000   0.0000000000000000   0.0000000000000000   0.0000000000000000   0.0000000000000000   0.0000000000000000   0.0000000000000000   0.0000000000000000   0.0000000000000000   0.0000000000000000   0.0000000000000000   0.0000000000000000   0.0000000000000000   0.0000000000000000   0.0000000000000000   0.0000000000000000   0.0000000000000000   0.0000000000000000   0.0000000000000000   0.0000000000000000   0.0000000000000000   0.0000000000000000
   0.0000000000000000   0.0000000000000000   0.0000000000000000   0.0000000000000000   0.0000000000000000   0.0000000000000000   0.0000000000000000   0.0000000000000000   0.0000000000000000   0.0000000000000000   0.0000000000000000   0.0000000000000000   0.0000000000000000   0.0000000000000000   0.0000000000000000   0.0000000000000000   0.0000000000000000   0.0000000000000000   0.0000000000000000   0.0000000000000000   0.0000000000000000   0.0000000000000000   0.0000000000000000   0.0000000000000000   0.0000000000000000   0.0000000000000000   0.0000000000000000   0.0000000000000000   0.0000000000000000   0.0000000000000000   0.0000000000000000   0.0000000000000000   0.0000000000000000   0.0000000000000000   0.0000000000000000   0.0000000000000000   0.0000000000000000   0.0000000000000000   0.0000000000000000   0.0000000000000000   0.0000000000000000   0.0000000000000000   0.0000000000000000   0.0000000000000000   0.0000000000000000   0.0000000000000000   0.0000000000000000   0.0000000000000000   0.0000000000000000   0.0000000000000000   0.0000000000000000   0.0000000000000000   0.0000000000000000   0.0000000000000000   0.0000000000000000   0.0000000000000000   0.0000000000000000   0.0000000000000000   0.0000000000000000   0.0000000000000000   0.0000000000000000   0.0000000000000000   0.0000000000000000   0.0000000000000000   0.0000000000000000   0.0000000000000000   0.0000000000000000   0.0000000000000000   0.0000000000000000   0.0000000000000000   0.0000000000000000   0.0000000000000000   0.0000000000000000   0.0000000000000000   0.0000000000000000   0.0000000000000000   0.0000000000000000   0.0000000000000000   0.0000000000000000   0.0000000000000000   0.0000000000000000   0.0000000000000000   0.0000000000000000   0.0000000000000000   0.0000000000000000   0.0000000000000000   0.0000000000000000   0.0000000000000000   0.0000000000000000   0.0000000000000000   0.0000000000000000   0.0000000000000000   0.0000000000000000   0.0000000000000000   0.0000000000000000   0.0000000000000000   0.0000000000000000   0.0000000000000000   0.0000000000000000   0.0000000000000000   0.0000000000000000   0.0000000000000000   0.0000000000000000   0.0000000000000000   0.0000000000000000   0.0000000000000000   0.0000000000000000   0.0000000000000000   0.0000000000000000   0.0000000000000000   0.0000000000000000   0.0000000000000000   0.0000000000000000   0.0000000000000000   0.0000000000000000   0.0000000000000000   0.0000000000000000   0.0000000000000000   0.0000000000000000   0.0000000000000000   0.0000000000000000   0.0000000000000000   0.0000000000000000   0.0000000000000000   0.0000000000000000   0.0000000000000000   0.0000000000000000   0.0000000000000000   0.0000000000000000   0.0000000000000000   0.0000000000000000   0.0000000000000000   0.0000000000000000   0.0000000000000000   0.0000000000000000   0.0000000000000000   0.0000000000000000   0.0000000000000000   0.0000000000000000   0.0000000000000000   0.0000000000000000   0.0000000000000000   0.0000000000000000   0.0000000000000000   0.0000000000000000   0.0000000000000000   0.0000000000000000   0.0000000000000000   0.0000000000000000   0.0000000000000000   0.0000000000000000   0.0000000000000000   0.0000000000000000   0.0000000000000000   0.0000000000000000   0.0000000000000000   0.0000000000000000   0.0000000000000000   0.0000000000000000   0.0000000000000000   0.0000000000000000   0.0000000000000000
   0.0000000000000000   0.0000000000000000   0.0000000000000000   0.0000000000000000   0.0000000000000000   0.0000000000000000   0.0000000000000000   0.0000000000000000   0.0000000000000000   0.0000000000000000   0.0000000000000000   0.0000000000000000   0.0000000000000000   0.0000000000000000   0.0000000000000000   0.0000000000000000   0.0000000000000000   0.0000000000000000   0.0000000000000000   0.0000000000000000   0.0000000000000000   0.0000000000000000   0.0000000000000000   0.0000000000000000   0.0000000000000000   0.0000000000000000   0.0000000000000000   0.0000000000000000   0.0000000000000000   0.0000000000000000   0.0000000000000000   0.0000000000000000   0.0000000000000000   0.0000000000000000   0.0000000000000000   0.0000000000000000   0.0000000000000000   0.0000000000000000   0.0000000000000000   0.0000000000000000   0.0000000000000000   0.0000000000000000   0.0000000000000000   0.0000000000000000   0.0000000000000000   0.0000000000000000   0.0000000000000001   0.0000000000000000   0.0000000000000000   0.0000000000000000   0.0000000000000000   0.0000000000000000   0.0000000000000000   0.0000000000000000   0.0000000000000000   0.0000000000000000   0.0000000000000000   0.0000000000000000   0.0000000000000000   0.0000000000000000   0.0000000000000000   0.0000000000000000   0.0000000000000000   0.0000000000000000   0.0000000000000000   0.0000000000000000   0.0000000000000000   0.0000000000000000   0.0000000000000000   0.0000000000000000   0.0000000000000000   0.0000000000000000   0.0000000000000000   0.0000000000000000   0.0000000000000000   0.0000000000000000   0.0000000000000000   0.0000000000000000   0.0000000000000000   0.0000000000000000   0.0000000000000000   0.0000000000000000   0.0000000000000000   0.0000000000000000   0.0000000000000000   0.0000000000000000   0.0000000000000000   0.0000000000000000   0.0000000000000000   0.0000000000000000   0.0000000000000000   0.0000000000000000   0.0000000000000000   0.0000000000000000   0.0000000000000000   0.0000000000000000   0.0000000000000000   0.0000000000000000   0.0000000000000000   0.0000000000000000   0.0000000000000000   0.0000000000000000   0.0000000000000000   0.0000000000000000   0.0000000000000000   0.0000000000000000   0.0000000000000000   0.0000000000000000   0.0000000000000000   0.0000000000000000   0.0000000000000000   0.0000000000000000   0.0000000000000000   0.0000000000000000   0.0000000000000000   0.0000000000000000   0.0000000000000000   0.0000000000000000   0.0000000000000000   0.0000000000000000   0.0000000000000000   0.0000000000000000   0.0000000000000000   0.0000000000000000   0.0000000000000000   0.0000000000000000   0.0000000000000000   0.0000000000000000   0.0000000000000000   0.0000000000000000   0.0000000000000000   0.0000000000000000   0.0000000000000000   0.0000000000000000   0.0000000000000000   0.0000000000000000   0.0000000000000000   0.0000000000000000   0.0000000000000000   0.0000000000000000   0.0000000000000000   0.0000000000000000   0.0000000000000000   0.0000000000000000   0.0000000000000000   0.0000000000000000   0.0000000000000000   0.0000000000000000   0.0000000000000000   0.0000000000000000   0.0000000000000000   0.0000000000000000   0.0000000000000000   0.0000000000000000   0.0000000000000000   0.0000000000000000   0.0000000000000000   0.0000000000000000   0.0000000000000000   0.0000000000000000   0.0000000000000000   0.0000000000000000
   0.0000000000000000   0.0000000000000000   0.0000000000000000   0.0000000000000000   0.0000000000000000   0.0000000000000000   0.0000000000000000   0.0000000000000000   0.0000000000000000   0.0000000000000000   0.0000000000000000   0.0000000000000000   0.0000000000000000   0.0000000000000000   0.0000000000000000   0.0000000000000000   0.0000000000000000   0.0000000000000000   0.0000000000000000   0.0000000000000000   0.0000000000000000   0.0000000000000000   0.0000000000000000   0.0000000000000000   0.0000000000000000   0.0000000000000000   0.0000000000000000   0.0000000000000000   0.0000000000000000   0.0000000000000000   0.0000000000000000   0.0000000000000000   0.0000000000000000   0.0000000000000000   0.0000000000000000   0.0000000000000000   0.0000000000000000   0.0000000000000000   0.0000000000000000   0.0000000000000000   0.0000000000000000   0.0000000000000000   0.0000000000000000   0.0000000000000009   0.0000000000000009   0.0000000000000000   0.0000000000000000   0.0000000000000000   0.0000000000000000   0.0000000000000000   0.0000000000000000   0.0000000000000000   0.0000000000000000   0.0000000000000000   0.0000000000000000   0.0000000000000000   0.0000000000000000   0.0000000000000000   0.0000000000000000   0.0000000000000000   0.0000000000000000   0.0000000000000000   0.0000000000000000   0.0000000000000000   0.0000000000000000   0.0000000000000000   0.0000000000000000   0.0000000000000000   0.0000000000000000   0.0000000000000000   0.0000000000000000   0.0000000000000000   0.0000000000000000   0.0000000000000000   0.0000000000000000   0.0000000000000000   0.0000000000000000   0.0000000000000000   0.0000000000000000   0.0000000000000000   0.0000000000000000   0.0000000000000000   0.0000000000000000   0.0000000000000000   0.0000000000000000   0.0000000000000000   0.0000000000000000   0.0000000000000000   0.0000000000000000   0.0000000000000000   0.0000000000000000   0.0000000000000000   0.0000000000000000   0.0000000000000000   0.0000000000000000   0.0000000000000000   0.0000000000000000   0.0000000000000000   0.0000000000000000   0.0000000000000000   0.0000000000000000   0.0000000000000000   0.0000000000000000   0.0000000000000000   0.0000000000000000   0.0000000000000000   0.0000000000000000   0.0000000000000000   0.0000000000000000   0.0000000000000000   0.0000000000000000   0.0000000000000000   0.0000000000000000   0.0000000000000000   0.0000000000000000   0.0000000000000000   0.0000000000000000   0.0000000000000000   0.0000000000000000   0.0000000000000000   0.0000000000000000   0.0000000000000000   0.0000000000000000   0.0000000000000000   0.0000000000000000   0.0000000000000000   0.0000000000000000   0.0000000000000000   0.0000000000000000   0.0000000000000000   0.0000000000000000   0.0000000000000000   0.0000000000000000   0.0000000000000000   0.0000000000000000   0.0000000000000000   0.0000000000000000   0.0000000000000000   0.0000000000000000   0.0000000000000000   0.0000000000000000   0.0000000000000000   0.0000000000000000   0.0000000000000000   0.0000000000000000   0.0000000000000000   0.0000000000000000   0.0000000000000000   0.0000000000000000   0.0000000000000000   0.0000000000000000   0.0000000000000000   0.0000000000000000   0.0000000000000000   0.0000000000000000   0.0000000000000000   0.0000000000000000   0.0000000000000000   0.0000000000000000   0.0000000000000000   0.0000000000000000   0.0000000000000000
   0.0000000000000000   0.0000000000000000   0.0000000000000000   0.0000000000000000   0.0000000000000000   0.0000000000000000   0.0000000000000000   0.0000000000000000   0.0000000000000000   0.0000000000000000   0.0000000000000000   0.0000000000000000   0.0000000000000000   0.0000000000000000   0.0000000000000000   0.0000000000000000   0.0000000000000000   0.0000000000000000   0.0000000000000000   0.0000000000000000   0.0000000000000000   0.0000000000000000   0.0000000000000000   0.0000000000000000   0.0000000000000000   0.0000000000000000   0.0000000000000000   0.0000000000000000   0.0000000000000000   0.0000000000000000   0.0000000000000000   0.0000000000000000   0.0000000000000000   0.0000000000000000   0.0000000000000000   0.0000000000000000   0.0000000000000000   0.0000000000000000   0.0000000000009349   0.0000000000000000   0.0000000000000000   0.0000000000000064   0.0000000000000156   0.0000000000000377   0.0000000000001853   0.0000000000000000   0.0000000000000000   0.0000000000000000   0.0000000000000000   0.0000000000000000   0.0000000000000000   0.0000000000000000   0.0000000000000000   0.0000000000000000   0.0000000000000000   0.0000000000000000   0.0000000000000000   0.0000000000000000   0.0000000000000000   0.0000000000000000   0.0000000000000000   0.0000000000000000   0.0000000000000000   0.0000000000000000   0.0000000000000000   0.0000000000000000   0.0000000000000000   0.0000000000000000   0.0000000000000000   0.0000000000000000   0.0000000000000000   0.0000000000000000   0.0000000000000000   0.0000000000000000   0.0000000000000000   0.0000000000000000   0.0000000000000000   0.0000000000000000   0.0000000000000000   0.0000000000000000   0.0000000000000000   0.0000000000000000   0.0000000000000000   0.0000000000000000   0.0000000000000000   0.0000000000000000   0.0000000000000000   0.0000000000000000   0.0000000000000000   0.0000000000000000   0.0000000000000000   0.0000000000000000   0.0000000000000000   0.0000000000000000   0.0000000000000000   0.0000000000000000   0.0000000000000000   0.0000000000000000   0.0000000000000000   0.0000000000000000   0.0000000000000000   0.0000000000000000   0.0000000000000000   0.0000000000000000   0.0000000000000000   0.0000000000000000   0.0000000000000000   0.0000000000000000   0.0000000000000000   0.0000000000000000   0.0000000000000000   0.0000000000000000   0.0000000000000000   0.0000000000000000   0.0000000000000000   0.0000000000000000   0.0000000000000000   0.0000000000000000   0.0000000000000000   0.0000000000000000   0.0000000000000000   0.0000000000000000   0.0000000000000000   0.0000000000000000   0.0000000000000000   0.0000000000000000   0.0000000000000000   0.0000000000000000   0.0000000000000000   0.0000000000000000   0.0000000000000000   0.0000000000000000   0.0000000000000000   0.0000000000000000   0.0000000000000000   0.0000000000000000   0.0000000000000000   0.0000000000000000   0.0000000000000000   0.0000000000000000   0.0000000000000000   0.0000000000000000   0.0000000000000000   0.0000000000000000   0.0000000000000000   0.0000000000000000   0.0000000000000000   0.0000000000000000   0.0000000000000000   0.0000000000000000   0.0000000000000000   0.0000000000000000   0.0000000000000000   0.0000000000000000   0.0000000000000000   0.0000000000000000   0.0000000000000000   0.0000000000000000   0.0000000000000000   0.0000000000000000   0.0000000000000000   0.0000000000000000
   0.0000000000000000   0.0000000000000000   0.0000000000000000   0.0000000000000000   0.0000000000000000   0.0000000000000000   0.0000000000000000   0.0000000000000000   0.0000000000000000   0.0000000000000000   0.0000000000000000   0.0000000000000000   0.0000000000000000   0.0000000000000000   0.0000000000000000   0.0000000000000000   0.0000000000000000   0.0000000000000000   0.0000000000000000   0.0000000000000000   0.0000000000000000   0.0000000000000000   0.0000000000000000   0.0000000000000000   0.0000000000000000   0.0000000000000000   0.0000000000000000   0.0000000000000000   0.0000000000000000   0.0000000000000000   0.0000000000000000   0.0000000000000000   0.0000000000000000   0.0000000000000000   0.0000000000000000   0.0000000000000000   0.0000000000000000   0.0000000000000000   0.0000000000002805   0.0000000000003646   0.0000000000004743   0.0000000000006211   0.0000000000007907   0.0000000000007649   0.0000000000000000   0.0000000000000000   0.0000000000000000   0.0000000000000000   0.0000000000000000   0.0000000000000000   0.0000000000000000   0.0000000000000000   0.0000000000000000   0.0000000000000000   0.0000000000000000   0.0000000000000000   0.0000000000000000   0.0000000000000000   0.0000000000000000   0.0000000000000000   0.0000000000000000   0.0000000000000000   0.0000000000000000   0.0000000000000000   0.0000000000000000   0.0000000000000000   0.0000000000000000   0.0000000000000000   0.0000000000000000   0.0000000000000000   0.0000000000000000   0.0000000000000000   0.0000000000000000   0.0000000000000000   0.0000000000000000   0.0000000000000000   0.0000000000000000   0.0000000000000000   0.0000000000000000   0.0000000000000000   0.0000000000000000   0.0000000000000000   0.0000000000000000   0.0000000000000000   0.0000000000000000   0.0000000000000000   0.0000000000000000   0.0000000000000000   0.0000000000000000   0.0000000000000000   0.0000000000000000   0.0000000000000000   0.0000000000000000   0.0000000000000000   0.0000000000000000   0.0000000000000000   0.0000000000000000   0.0000000000000000   0.0000000000000000   0.0000000000000000   0.0000000000000000   0.0000000000000000   0.0000000000000000   0.0000000000000000   0.0000000000000000   0.0000000000000000   0.0000000000000000   0.0000000000000000   0.0000000000000000   0.0000000000000000   0.0000000000000000   0.0000000000000000   0.0000000000000000   0.0000000000000000   0.0000000000000000   0.0000000000000000   0.0000000000000000   0.0000000000000000   0.0000000000000000   0.0000000000000000   0.0000000000000000   0.0000000000000000   0.0000000000000000   0.0000000000000000   0.0000000000000000   0.0000000000000000   0.0000000000000000   0.0000000000000000   0.0000000000000000   0.0000000000000000   0.0000000000000000   0.0000000000000000   0.0000000000000000   0.0000000000000000   0.0000000000000000   0.0000000000000000   0.0000000000000000   0.0000000000000000   0.0000000000000000   0.0000000000000000   0.0000000000000000   0.0000000000000000   0.0000000000000000   0.0000000000000000   0.0000000000000000   0.0000000000000000   0.0000000000000000   0.0000000000000000   0.0000000000000000   0.0000000000000000   0.0000000000000000   0.0000000000000000   0.0000000000000000   0.0000000000000000   0.0000000000000000   0.0000000000000000   0.0000000000000000   0.0000000000000000   0.0000000000000000   0.0000000000000000   0.0000000000000000   0.0000000000000000
   0.0000000000000000   0.0000000000000000   0.0000000000000000   0.0000000000000000   0.0000000000000000   0.0000000000000000   0.0000000000000000   0.0000000000000000   0.0000000000000000   0.0000000000000000   0.0000000000000000   0.0000000000000000   0.0000000000000000   0.0000000000000000   0.0000000000000000   0.0000000000000000   0.0000000000000000   0.0000000000000000   0.0000000000000000   0.0000000000000000   0.0000000000000000   0.0000000000000000   0.0000000000000000   0.0000000000000000   0.0000000000000000   0.0000000000000000   0.0000000000000000   0.0000000000000000   0.0000000000000000   0.0000000000000000   0.0000000000000000   0.0000000000000000   0.0000000000000000   0.0000000000000000   0.0000000000000000   0.0000000000000000   0.0000000000000000   0.0000000000000000   0.0000000000000000   0.0000000000000000   0.0000000000000000   0.0000000000000000   0.0000000000000000   0.0000000000000000   0.0000000000000000   0.0000000000000000   0.0000000000000000   0.0000000000000000   0.0000000000000000   0.0000000000000000   0.0000000000000000   0.0000000000000000   0.0000000000000000   0.0000000000000000   0.0000000000000000   0.0000000000000000   0.0000000000000000   0.0000000000000000   0.0000000000000000   0.0000000000000000   0.0000000000000000   0.0000000000000000   0.0000000000000000   0.0000000000000000   0.0000000000000000   0.0000000000000000   0.0000000000000000   0.0000000000000000   0.0000000000000000   0.0000000000000000   0.0000000000000000   0.0000000000000000   0.0000000000000000   0.0000000000000000   0.0000000000000000   0.0000000000000000   0.0000000000000000   0.0000000000000000   0.0000000000000000   0.0000000000000000   0.0000000000000000   0.0000000000000000   0.0000000000000000   0.0000000000000000   0.0000000000000000   0.0000000000000000   0.0000000000000000   0.0000000000000000   0.0000000000000000   0.0000000000000000   0.0000000000000000   0.0000000000000000   0.0000000000000000   0.0000000000000000   0.0000000000000000   0.0000000000000000   0.0000000000000000   0.0000000000000000   0.0000000000000000   0.0000000000000000   0.0000000000000000   0.0000000000000000   0.0000000000000000   0.0000000000000000   0.0000000000000000   0.0000000000000000   0.0000000000000000   0.0000000000000000   0.0000000000000000   0.0000000000000000   0.0000000000000000   0.0000000000000000   0.0000000000000000   0.0000000000000000   0.0000000000000000   0.0000000000000000   0.0000000000000000   0.0000000000000000   0.0000000000000000   0.0000000000000000   0.0000000000000000   0.0000000000000000   0.0000000000000000   0.0000000000000000   0.0000000000000000   0.0000000000000000   0.0000000000000000   0.0000000000000000   0.0000000000000000   0.0000000000000000   0.0000000000000000   0.0000000000000000   0.0000000000000000   0.0000000000000000   0.0000000000000000   0.0000000000000000   0.0000000000000000   0.0000000000000000   0.0000000000000000   0.0000000000000000   0.0000000000000000   0.0000000000000000   0.0000000000000000   0.0000000000000000   0.0000000000000000   0.0000000000000000   0.0000000000000000   0.0000000000000000   0.0000000000000000   0.0000000000000000   0.0000000000000000   0.0000000000000000   0.0000000000000000   0.0000000000000000   0.0000000000000000   0.0000000000000000   0.0000000000000000   0.0000000000000000   0.0000000000000000   0.0000000000000000   0.0000000000000000   0.0000000000000000
   0.0000000000000000   0.0000000000000000   0.0000000000000000   0.0000000000000000   0.0000000000000000   0.0000000000000000   0.0000000000000000   0.0000000000000000   0.0000000000000000   0.0000000000000000   0.0000000000000000   0.0000000000000000   0.0000000000000000   0.0000000000000000   0.0000000000000000   0.0000000000000000   0.0000000000000000   0.0000000000000000   0.0000000000000000   0.0000000000000000   0.0000000000000000   0.0000000000000000   0.0000000000000000   0.0000000000000000   0.0000000000000000   0.0000000000000000   0.0000000000000000   0.0000000000000000   0.0000000000000000   0.0000000000000000   0.0000000000000000   0.0000000000000000   0.0000000000000000   0.0000000000000000   0.0000000000000000   0.0000000000000000   0.0000000000000000   0.0000000000000000   0.0000000000000000   0.0000000000000000   0.0000000000000000   0.0000000000000000   0.0000000000000026   0.0000000000000000   0.0000000000000000   0.0000000000000000   0.0000000000000000   0.0000000000000000   0.0000000000000000   0.0000000000000000   0.0000000000000000   0.0000000000000000   0.0000000000000000   0.0000000000000000   0.0000000000000000   0.0000000000000000   0.0000000000000000   0.0000000000000000   0.0000000000000000   0.0000000000000000   0.0000000000000000   0.0000000000000000   0.0000000000000000   0.0000000000000000   0.0000000000000000   0.0000000000000000   0.0000000000000000   0.0000000000000000   0.0000000000000000   0.0000000000000000   0.0000000000000000   0.0000000000000000   0.0000000000000000   0.0000000000000000   0.0000000000000000   0.0000000000000000   0.0000000000000000   0.0000000000000000   0.0000000000000000   0.0000000000000000   0.0000000000000000   0.0000000000000000   0.0000000000000000   0.0000000000000000   0.0000000000000000   0.0000000000000000   0.0000000000000000   0.0000000000000000   0.0000000000000000   0.0000000000000000   0.0000000000000000   0.0000000000000000   0.0000000000000000   0.0000000000000000   0.0000000000000000   0.0000000000000000   0.0000000000000000   0.0000000000000000   0.0000000000000000   0.0000000000000000   0.0000000000000000   0.0000000000000000   0.0000000000000000   0.0000000000000000   0.0000000000000000   0.0000000000000000   0.0000000000000000   0.0000000000000000   0.0000000000000000   0.0000000000000000   0.0000000000000000   0.0000000000000000   0.0000000000000000   0.0000000000000000   0.0000000000000000   0.0000000000000000   0.0000000000000000   0.0000000000000000   0.0000000000000000   0.0000000000000000   0.0000000000000000   0.0000000000000000   0.0000000000000000   0.0000000000000000   0.0000000000000000   0.0000000000000000   0.0000000000000000   0.0000000000000000   0.0000000000000000   0.0000000000000000   0.0000000000000000   0.0000000000000000   0.0000000000000000   0.0000000000000000   0.0000000000000000   0.0000000000000000   0.0000000000000000   0.0000000000000000   0.0000000000000000   0.0000000000000000   0.0000000000000000   0.0000000000000000   0.0000000000000000   0.0000000000000000   0.0000000000000000   0.0000000000000000   0.0000000000000000   0.0000000000000000   0.0000000000000000   0.0000000000000000   0.0000000000000000   0.0000000000000000   0.0000000000000000   0.0000000000000000   0.0000000000000000   0.0000000000000000   0.0000000000000000   0.0000000000000000   0.0000000000000000   0.0000000000000000   0.0000000000000000   0.0000000000000000
   0.0000000000000000   0.0000000000000000   0.0000000000000000   0.0000000000000000   0.0000000000000000   0.0000000000000000   0.0000000000000000   0.0000000000000000   0.0000000000000000   0.0000000000000000   0.0000000000000000   0.0000000000000000   0.0000000000000000   0.0000000000000000   0.0000000000000000   0.0000000000000000   0.0000000000000000   0.0000000000000000   0.0000000000000000   0.0000000000000000   0.0000000000000000   0.0000000000000000   0.0000000000000000   0.0000000000000000   0.0000000000000000   0.0000000000000000   0.0000000000000000   0.0000000000000000   0.0000000000000000   0.0000000000000000   0.0000000000000000   0.0000000000000000   0.0000000000000000   0.0000000000000000   0.0000000000000000   0.0000000000000000   0.0000000000000000   0.0000000000000000   0.0000000000000000   0.0000000000000000   0.0000000000000000   0.0000000000000000   0.0000000000001340   0.0000000000000000   0.0000000000000000   0.0000000000000000   0.0000000000000000   0.0000000000000000   0.0000000000000000   0.0000000000000000   0.0000000000000000   0.0000000000000000   0.0000000000000000   0.0000000000000000   0.0000000000000000   0.0000000000000000   0.0000000000000000   0.0000000000000000   0.0000000000000000   0.0000000000000000   0.0000000000000000   0.0000000000000000   0.0000000000000000   0.0000000000000000   0.0000000000000000   0.0000000000000000   0.0000000000000000   0.0000000000000000   0.0000000000000000   0.0000000000000000   0.0000000000000000   0.0000000000000000   0.0000000000000000   0.0000000000000000   0.0000000000000000   0.0000000000000000   0.0000000000000000   0.0000000000000000   0.0000000000000000   0.0000000000000000   0.0000000000000000   0.0000000000000000   0.0000000000000000   0.0000000000000000   0.0000000000000000   0.0000000000000000   0.0000000000000000   0.0000000000000000   0.0000000000000000   0.0000000000000000   0.0000000000000000   0.0000000000000000   0.0000000000000000   0.0000000000000000   0.0000000000000000   0.0000000000000000   0.0000000000000000   0.0000000000000000   0.0000000000000000   0.0000000000000000   0.0000000000000000   0.0000000000000000   0.0000000000000000   0.0000000000000000   0.0000000000000000   0.0000000000000000   0.0000000000000000   0.0000000000000000   0.0000000000000000   0.0000000000000000   0.0000000000000000   0.0000000000000000   0.0000000000000000   0.0000000000000000   0.0000000000000000   0.0000000000000000   0.0000000000000000   0.0000000000000000   0.0000000000000000   0.0000000000000000   0.0000000000000000   0.0000000000000000   0.0000000000000000   0.0000000000000000   0.0000000000000000   0.0000000000000000   0.0000000000000000   0.0000000000000000   0.0000000000000000   0.0000000000000000   0.0000000000000000   0.0000000000000000   0.0000000000000000   0.0000000000000000   0.0000000000000000   0.0000000000000000   0.0000000000000000   0.0000000000000000   0.0000000000000000   0.0000000000000000   0.0000000000000000   0.0000000000000000   0.0000000000000000   0.0000000000000000   0.0000000000000000   0.0000000000000000   0.0000000000000000   0.0000000000000000   0.0000000000000000   0.0000000000000000   0.0000000000000000   0.0000000000000000   0.0000000000000000   0.0000000000000000   0.0000000000000000   0.0000000000000000   0.0000000000000000   0.0000000000000005   0.0000000000002396   0.0000000000001593   0.0000000000002160   0.0000000000000000
   0.0000000000000000   0.0000000000000000   0.0000000000000000   0.0000000000000000   0.0000000000000000   0.0000000000000000   0.0000000000000000   0.0000000000000000   0.0000000000000000   0.0000000000000000   0.0000000000000000   0.0000000000000000   0.0000000000000000   0.0000000000000000   0.0000000000000000   0.0000000000000000   0.0000000000000000   0.0000000000000000   0.0000000000000000   0.0000000000000000   0.0000000000000000   0.0000000000000000   0.0000000000000000   0.0000000000000000   0.0000000000000000   0.0000000000000000   0.0000000000000000   0.0000000000000000   0.0000000000000000   0.0000000000000000   0.0000000000000000   0.0000000000000000   0.0000000000000000   0.0000000000000000   0.0000000000000000   0.0000000000000000   0.0000000000000000   0.0000000000000000   0.0000000000000000   0.0000000000000000   0.0000000000000000   0.0000000000000000   0.0000000000346462   0.0000000000000000   0.0000000000000000   0.0000000000000000   0.0000000000000000   0.0000000000000000   0.0000000000000000   0.0000000000000000   0.0000000000000000   0.0000000000000000   0.0000000000000000   0.0000000000000000   0.0000000000000000   0.0000000000000000   0.0000000000000000   0.0000000000000000   0.0000000000000000   0.0000000000000000   0.0000000000000000   0.0000000000000000   0.0000000000000000   0.0000000000000000   0.0000000000000000   0.0000000000000000   0.0000000000000000   0.0000000000000000   0.0000000000000000   0.0000000000000000   0.0000000000000000   0.0000000000000000   0.0000000000000000   0.0000000000000000   0.0000000000000000   0.0000000000000000   0.0000000000000000   0.0000000000000000   0.0000000000000000   0.0000000000000000   0.0000000000000000   0.0000000000000000   0.0000000000000000   0.0000000000000000   0.0000000000000000   0.0000000000000000   0.0000000000000000   0.0000000000000000   0.0000000000000000   0.0000000000000000   0.0000000000000000   0.0000000000000000   0.0000000000000000   0.0000000000000000   0.0000000000000000   0.0000000000000000   0.0000000000000000   0.0000000000000000   0.0000000000000000   0.0000000000000000   0.0000000000000000   0.0000000000000000   0.0000000000000000   0.0000000000000000   0.0000000000000000   0.0000000000000000   0.0000000000000000   0.0000000000000000   0.0000000000000000   0.0000000000000000   0.0000000000000000   0.0000000000000000   0.0000000000000000   0.0000000000000000   0.0000000000000000   0.0000000000000000   0.0000000000000000   0.0000000000000000   0.0000000000000000   0.0000000000000000   0.0000000000000000   0.0000000000000000   0.0000000000000000   0.0000000000000000   0.0000000000000000   0.0000000000000000   0.0000000000000000   0.0000000000000000   0.0000000000000000   0.0000000000000000   0.0000000000000000   0.0000000000000000   0.0000000000000000   0.0000000000000000   0.0000000000000000   0.0000000000000000   0.0000000000000000   0.0000000000000000   0.0000000000000000   0.0000000000000000   0.0000000000000000   0.0000000000000000   0.0000000000000000   0.0000000000000000   0.0000000000000000   0.0000000000000000   0.0000000000000000   0.0000000000000000   0.0000000000000000   0.0000000000000000   0.0000000000000000   0.0000000000000000   0.0000000000000000   0.0000000000000000   0.0000000000000000   0.0000000000000026   0.0000000000000070   0.0000000000072140   0.0000000393091400   0.0000175700962410   0.0002326813491793   0.0000000000000000
   0.0000000000000000   0.0000000000000000   0.0000000000000000   0.0000000000000000   0.0000000000000000   0.0000000000000000   0.0000000000000000   0.0000000000000000   0.0000000000000000   0.0000000000000000   0.0000000000000000   0.0000000000000000   0.0000000000000000   0.0000000000000000   0.0000000000000000   0.0000000000000000   0.0000000000000000   0.0000000000000000   0.0000000000000000   0.0000000000000000   0.0000000000000000   0.0000000000000000   0.0000000000000000   0.0000000000000000   0.0000000000000000   0.0000000000000000   0.0000000000000000   0.0000000000000000   0.0000000000000000   0.0000000000000000   0.0000000000000000   0.0000000000000000   0.0000000000000000   0.0000000000000000   0.0000000000000000   0.0000000000000000   0.0000000000000000   0.0000000000000000   0.0000000000000000   0.0007887612691494   0.0000000000000000   0.0000000000000000   0.0374247644283675   0.0000000000000000   0.0000000000000000   0.0000000000000000   0.0000000000000000   0.0000000000000000   0.0000000000000000   0.0000000000037495   0.0000000000000000   0.0000000000000000   0.0000000000000000   0.0000000000000000   0.0000000000000000   0.0000000000000000   0.0000000000000000   0.0000000000000000   0.0000000000000000   0.0000000000000000   0.0000000000000000   0.0000000000000000   0.0000000000000000   0.0000000000000000   0.0000000000000000   0.0000000000000000   0.0000000000000000   0.0000000000000000   0.0000000000000000   0.0000000000000000   0.0000000000000000   0.0000000000000000   0.0000000000000000   0.0000000000000000   0.0000000000000000   0.0000000000000000   0.0000000000000000   0.0000000000000000   0.0000000000000000   0.0000000000000000   0.0000000000000000   0.0000000000000000   0.0000000000000000   0.0000000000000000   0.0000000000000000   0.0000000000000000   0.0000000000000000   0.0000000000000000   0.0000000000000000   0.0000000000000000   0.0000000000000000   0.0000000000000000   0.0000000000000000   0.0000000000000000   0.0000000000000000   0.0000000000000000   0.0000000000000000   0.0000000000000000   0.0000000000000000   0.0000000000000000   0.0000000000000000   0.0000000000000000   0.0000000000000000   0.0000000000000000   0.0000000000000000   0.0000000000000000   0.0000000000000000   0.0000000000000000   0.0000000000000000   0.0000000000000000   0.0000000000000000   0.0000000000000000   0.0000000000000000   0.0000000000000000   0.0000000000000000   0.0000000000000000   0.0000000000000000   0.0000000000000000   0.0000000000000000   0.0000000000000000   0.0000000000000000   0.0000000000000000   0.0000000000000000   0.0000000000000000   0.0000000000000000   0.0000000000000000   0.0000000000000000   0.0000000000000000   0.0000000000000000   0.0000000000000000   0.0000000000000000   0.0000000000000000   0.0000000000000000   0.0000000000000000   0.0000000000000000   0.0000000000000000   0.0000000000000000   0.0000000000000000   0.0000000000000000   0.0000000000000000   0.0000000000000000   0.0000000000000000   0.0000000000000000   0.0000000000000000   0.0000000000000000   0.0000000000000000   0.0000000000000000   0.0000000000000000   0.0000000000000000   0.0000000000000000   0.0000000000000000   0.0000000000000000   0.0000000000000005   0.0000000000000385   0.0000000000001235   0.0000000000510600   0.0000010865691402   0.0005044231673436   0.0056178498141726   0.0234698405478307   0.0570490670365461   0.0000000000000000
   0.0000000000000000   0.0000000000000000   0.0000000000000000   0.0000000000000000   0.0000000000000000   0.0000000000000000   0.0000000000000000   0.0000000000000000   0.0000000000000000   0.0000000000000000   0.0000000000000000   0.0000000000000000   0.0000000000000000   0.0000000000000000   0.0000000000000000   0.0000000000000000   0.0000000000000000   0.0000000000000000   0.0000000000000000   0.0000000000000000   0.0000000000000000   0.0000000000000000   0.0000000000000000   0.0000000000000000   0.0000000000000000   0.0000000000000000   0.0000000000000000   0.0000000000000000   0.0000000000000000   0.0000000000000000   0.0000000000000000   0.0000000000000000   0.0000000000000000   0.0000000000000000   0.0000000000000000   0.0000000000000000   0.0000000000000000   0.0001228203509112   0.0000000000000000   0.0000000000000000   0.0000000000000000   0.0000000000000000   0.1585522212075801   0.0000000000000000   0.0000000000000000   0.0000000000000000   0.0000000000000000   0.0000000000000000   0.0000000000000000   0.0000000000010346   0.0000000000048688   0.0000000000000000   0.0000000000000000   0.0000000000000000   0.0000000000000000   0.0000000000000000   0.0000000000000000   0.0000000000000000   0.0000000000000000   0.0000000000000000   0.0000000000000000   0.0000000000000000   0.0000000000000000   0.0000000000000000   0.0000000000000000   0.0000000000000000   0.0000000000000000   0.0000000000000000   0.0000000000000000   0.0000000000000000   0.0000000000000000   0.0000000000000000   0.0000000000000000   0.0000000000000000   0.0000000000000000   0.0000000000000000   0.0000000000000000   0.0000000000000000   0.0000000000000000   0.0000000000000000   0.0000000000000000   0.0000000000000000   0.0000000000000000   0.0000000000000000   0.0000000000000000   0.0000000000000000   0.0000000000000000   0.0000000000000000   0.0000000000000000   0.0000000000000000   0.0000000000000000   0.0000000000000000   0.0000000000000000   0.0000000000000000   0.0000000000000000   0.0000000000000000   0.0000000000000000   0.0000000000000000   0.0000000000000000   0.0000000000000000   0.0000000000000000   0.0000000000000000   0.0000000000000000   0.0000000000000000   0.0000000000000000   0.0000000000000000   0.0000000000000000   0.0000000000000000   0.0000000000000000   0.0000000000000000   0.0000000000000000   0.0000000000000000   0.0000000000000000   0.0000000000000000   0.0000000000000000   0.0000000000000000   0.0000000000000000   0.0000000000000000   0.0000000000000000   0.0000000000000000   0.0000000000000000   0.0000000000000000   0.0000000000000000   0.0000000000000000   0.0000000000000000   0.0000000000000000   0.0000000000000000   0.0000000000000000   0.0000000000000000   0.0000000000000000   0.0000000000000000   0.0000000000000000   0.0000000000000000   0.0000000000000000   0.0000000000000000   0.0000000000000000   0.0000000000000000   0.0000000000000000   0.0000000000000000   0.0000000000000000   0.0000000000000000   0.0000000000000000   0.0000000000000000   0.0000000000000000   0.0000000000000000   0.0000000000000000   0.0000000000000000   0.0000000000000000   0.0000000000000000   0.0000000000000000   0.0000000000000001   0.0000000000000186   0.0000000001100377   0.0000000003158312   0.0000043691595756   0.0024609556432653   0.0194811661115988   0.1028959992395645   0.2909755810487009   0.4901845477138645   0.6155582266893019   0.0000000000000000
   0.0000000000000000   0.0000000000000000   0.0000000000000000   0.0000000000000000   0.0000000000000000   0.0000000000000000   0.0000000000000000   0.0000000000000000   0.0000000000000000   0.0000000000000000   0.0000000000000000   0.0000000000000000   0.0000000000000000   0.0000000000000000   0.0000000000000000   0.0000000000000000   0.0000000000000000   0.0000000000000000   0.0000000000000000   0.0000000000000000   0.0000000000000000   0.0000000000000000   0.0000000000000000   0.0000000000000000   0.0000000000000000   0.0000000000000000   0.0000000000000000   0.0000000000000000   0.0000000000000000   0.0000000000000000   0.0000000000000000   0.0000000000000000   0.0000000000000000   0.0000000000000000   0.0000000000000000   0.0000000000000000   0.0003887016877632   0.0000000000000000   0.0000000000000000   0.0000000000000000   0.0000000000000000   0.0000000000000000   0.0000000000000000   0.0000000000000000   0.0000000000000000   0.0000000000000000   0.0000000000000000   0.0000000000000000   0.0000000000000000   0.0000000000000000   0.0000000000098404   0.0000000000000000   0.0000000000000000   0.0000000000000000   0.0000000000000000   0.0000000000000000   0.0000000000000000   0.0000000000000000   0.0000000000000000   0.0000000000000000   0.0000000000000000   0.0000000000000000   0.0000000000000000   0.0000000000000000   0.0000000000000000   0.0000000000000000   0.0000000000000000   0.0000000000000000   0.0000000000000000   0.0000000000000000   0.0000000000000000   0.0000000000000000   0.0000000000000000   0.0000000000000000   0.0000000000000000   0.0000000000000000   0.0000000000000000   0.0000000000000000   0.0000000000000000   0.0000000000000000   0.0000000000000000   0.0000000000000000   0.0000000000000000   0.0000000000000000   0.0000000000000000   0.0000000000000000   0.0000000000000000   0.0000000000000000   0.0000000000000000   0.0000000000000000   0.0000000000000000   0.0000000000000000   0.0000000000000000   0.0000000000000000   0.0000000000000000   0.0000000000000000   0.0000000000000000   0.0000000000000000   0.0000000000000000   0.0000000000000000   0.0000000000000000   0.0000000000000000   0.0000000000000000   0.0000000000000000   0.0000000000000000   0.0000000000000000   0.0000000000000000   0.0000000000000000   0.0000000000000000   0.0000000000000000   0.0000000000000000   0.0000000000000000   0.0000000000000000   0.0000000000000000   0.0000000000000000   0.0000000000000000   0.0000000000000000   0.0000000000000000   0.0000000000000000   0.0000000000000000   0.0000000000000000   0.0000000000000000   0.0000000000000000   0.0000000000000000   0.0000000000000000   0.0000000000000000   0.0000000000000000   0.0000000000000000   0.0000000000000000   0.0000000000000000   0.0000000000000000   0.0000000000000000   0.0000000000000000   0.0000000000000000   0.0000000000000000   0.0000000000000000   0.0000000000000000   0.0000000000000000   0.0000000000000000   0.0000000000000000   0.0000000000000000   0.0000000000000000   0.0000000000000000   0.0000000000000000   0.0000000000000000   0.0000000000000000   0.0000000000000000   0.0000000000000000   0.0000000000000000   0.0000000000000011   0.0000000000019658   0.0000000006402541   0.0000009085342376   0.0016473162905328   0.0273770317219716   0.2593241445690249   0.5948894199955084   0.8558380933318059   0.9347314483290060   0.9574906162288710   0.9977478375790310   0.0000000000000000
   0.0000000000000000   0.0000000000000000   0.0000000000000000   0.0000000000000000   0.0000000000000000   0.0000000000000000   0.0000000000000000   0.0000000000000000   0.0000000000000000   0.0000000000000000   0.0000000000000000   0.0000000000000000   0.0000000000000000   0.0000000000000000   0.0000000000000000   0.0000000000000000   0.0000000000000000   0.0000000000000000   0.0000000000000000   0.0000000000000000   0.0000000000000000   0.0000000000000000   0.0000000000000000   0.0000000000000000   0.0000000000000000   0.0000000000000000   0.0000000000000000   0.0000000000000000   0.0000000000000000   0.0000000000000000   0.0000000000000000   0.0000000000000000   0.0000000000000000   0.0000000000000000   0.0000000000000000   0.0022277858058467   0.0000000000000000   0.0000000000000000   0.0000000000000000   0.0000000000000000   0.0000000000000000   0.0000000000000000   0.0000000000000000   0.0000000000000000   0.0000000000000000   0.0000000000000000   0.0000000000000000   0.0000000000000000   0.0000000000000000   0.0000000000000000   0.0000006253563387   0.0000000000000000   0.0000000000000000   0.0000000000000000   0.0000000000000000   0.0000000000000000   0.0000000000000000   0.0000000000000000   0.0000000000000000   0.0000000000000000   0.0000000000000000   0.0000000000000000   0.0000000000000000   0.0000000000000000   0.0000000000000000   0.0000000000000000   0.0000000000000000   0.0000000000000000   0.0000000000000000   0.0000000000000000   0.0000000000000000   0.0000000000000000   0.0000000000000000   0.0000000000000000   0.0000000000000000   0.0000000000000000   0.0000000000000000   0.0000000000000000   0.0000000000000000   0.0000000000000000   0.0000000000000000   0.0000000000000000   0.0000000000000000   0.0000000000000000   0.0000000000000000   0.0000000000000000   0.0000000000000000   0.0000000000000000   0.0000000000000000   0.0000000000000000   0.0000000000000000   0.0000000000000000   0.0000000000000000   0.0000000000000000   0.0000000000000000   0.0000000000000000   0.0000000000000000   0.0000000000000000   0.0000000000000000   0.0000000000000000   0.0000000000000000   0.0000000000000000   0.0000000000000000   0.0000000000000000   0.0000000000000000   0.0000000000000000   0.0000000000000000   0.0000000000000000   0.0000000000000000   0.0000000000000000   0.0000000000000000   0.0000000000000000   0.0000000000000000   0.0000000000000000   0.0000000000000000   0.0000000000000000   0.0000000000000000   0.0000000000000000   0.0000000000000000   0.0000000000000000   0.0000000000000000   0.0000000000000000   0.0000000000000000   0.0000000000000000   0.0000000000000000   0.0000000000000000   0.0000000000000000   0.0000000000000000   0.0000000000000000   0.0000000000000000   0.0000000000000000   0.0000000000000000   0.0000000000000000   0.0000000000000000   0.0000000000000000   0.0000000000000000   0.0000000000000000   0.0000000000000000   0.0000000000000000   0.0000000000000000   0.0000000000000000   0.0000000000000000   0.0000000000000000   0.0000000000000000   0.0000000000000000   0.0000000000000000   0.0000000000000000   0.0000000000000000   0.0000000000000003   0.0000000000170782   0.0000000015228966   0.0000186001198087   0.0132560153540950   0.2914992193876068   0.7429205472321176   0.9302324138709699   0.9782336490107738   1.0043115812220733   1.0213681092574212   1.0268423637405173   0.9897312891583926   0.0000000000000000
   0.0000000000000000   0.0000000000000000   0.0000000000000000   0.0000000000000000   0.0000000000000000   0.0000000000000000   0.0000000000000000   0.0000000000000000   0.0000000000000000   0.0000000000000000   0.0000000000000000   0.0000000000000000   0.0000000000000000   0.0000000000000000   0.0000000000000000   0.0000000000000000   0.0000000000000000   0.0000000000000000   0.0000000000000000   0.0000000000000000   0.0000000000000000   0.0000000000000000   0.0000000000000000   0.0000000000000000   0.0000000000000000   0.0000000000000000   0.0000000000000000   0.0000000000000000   0.0000000000000000   0.0000000000000000   0.0000000000000000   0.0000000000000000   0.0000000000000000   0.0173809175729919   0.0000000000000000   0.0000000000000000   0.0000000000000000   0.0000000000000000   0.0000000000000000   0.0000000000000000   0.0000000000000000   0.0000000000000000   0.0000000000000000   0.0000000000000000   0.0000000000000000   0.0000000000000000   0.0000000000000000   0.0000000000000000   0.0000000000000000   0.0121975677563610   0.0000000000000000   0.0000000000000000   0.0000000000000000   0.0000000000000000   0.0000000000000000   0.0000000000000000   0.0000000000000000   0.0000000000000000   0.0000000000000000   0.0000000000000000   0.0000000000000000   0.0000000000000000   0.0000000000000000   0.0000000000000000   0.0000000000000000   0.0000000000000000   0.0000000000000000   0.0000000000000000   0.0000000000000000   0.0000000000000000   0.0000000000000000   0.0000000000000000   0.0000000000000000   0.0000000000000000   0.0000000000000000   0.0000000000000000   0.0000000000000000   0.0000000000000000   0.0000000000000000   0.0000000000000000   0.0000000000000000   0.0000000000000000   0.0000000000000000   0.0000000000000000   0.0000000000000000   0.0000000000000000   0.0000000000000000   0.0000000000000000   0.0000000000000000   0.0000000000000000   0.0000000000000000   0.0000000000000000   0.0000000000000000   0.0000000000000000   0.0000000000000000   0.0000000000000000   0.0000000000000000   0.0000000000000000   0.0000000000000000   0.0000000000000000   0.0000000000000000   0.0000000000000000   0.0000000000000000   0.0000000000000000   0.0000000000000000   0.0000000000000000   0.0000000000000000   0.0000000000000000   0.0000000000000000   0.0000000000000000   0.0000000000000000   0.0000000000000000   0.0000000000000000   0.0000000000000000   0.0000000000000000   0.0000000000000000   0.0000000000000000   0.0000000000000000   0.0000000000000000   0.0000000000000000   0.0000000000000000   0.0000000000000000   0.0000000000000000   0.0000000000000000   0.0000000000000000   0.0000000000000000   0.0000000000000000   0.0000000000000000   0.0000000000000000   0.0000000000000000   0.0000000000000000   0.0000000000000000   0.0000000000000000   0.0000000000000000   0.0000000000000000   0.0000000000000000   0.0000000000000000   0.0000000000000000   0.0000000000000000   0.0000000000000000   0.0000000000000000   0.0000000000000000   0.0000000000000000   0.0000000000000000   0.0000000000000000   0.0000000000000000   0.0000000000000032   0.0000000000001960   0.0000000000013726   0.0000000166285925   0.0005856370517764   0.1936746311744090   0.7030138929398132   0.9177588296799487   0.9739759817768742   1.0109817319101952   1.0425895631149835   1.0711086299615811   1.0901924668019949   1.0975176241929088   0.9405435674063661   0.0000000000000000
   0.0000000000000000   0.0000000000000000   0.0000000000000000   0.0000000000000000   0.0000000000000000   0.0000000000000000   0.0000000000000000   0.0000000000000000   0.0000000000000000   0.0000000000000000   0.0000000000000000   0.0000000000000000   0.0000000000000000   0.0000000000000000   0.0000000000000000   0.0000000000000000   0.0000000000000000   0.0000000000000000   0.0000000000000000   0.0000000000000000   0.0000000000000000   0.0000000000000000   0.0000000000000000   0.0000000000000000   0.0000000000000000   0.0000000000000000   0.0000000000000000   0.0000000000000000   0.0000000000000000   0.0000000000000000   0.0000000000000000   0.0000000000000000   0.0000000000008428   0.0000000000000000   0.0000000000000000   0.0000000000000000   0.0000000000000000   0.0000000000000000   0.0000000000000000   0.0000000000000000   0.0000000000000000   0.0000000000000000   0.0000000000000000   0.0000000000000000   0.0000000000000000   0.0000000000000000   0.0000000000000000   0.0000000000000000   0.0000000000000000   0.0000000000000000   0.0000000000000000   0.0000000000000000   0.0000000000000000   0.0000000000000000   0.0000000000000000   0.0000000000000000   0.0000000000000000   0.0000000000000000   0.0000000000000000   0.0000000000000000   0.0000000000000000   0.0000000000000000   0.0000000000000000   0.0000000000000000   0.0000000000000000   0.0000000000000000   0.0000000000000000   0.0000000000000000   0.0000000000000000   0.0000000000000000   0.0000000000000000   0.0000000000000000   0.0000000000000000   0.0000000000000000   0.0000000000000000   0.0000000000000000   0.0000000000000000   0.0000000000000000   0.0000000000000000   0.0000000000000000   0.0000000000000000   0.0000000000000000   0.0000000000000000   0.0000000000000000   0.0000000000000000   0.0000000000000000   0.0000000000000000   0.0000000000000000   0.0000000000000000   0.0000000000000000   0.0000000000000000   0.0000000000000000   0.0000000000000000   0.0000000000000000   0.0000000000000000   0.0000000000000000   0.0000000000000000   0.0000000000000000   0.0000000000000000   0.0000000000000000   0.0000000000000000   0.0000000000000000   0.0000000000000000   0.0000000000000000   0.0000000000000000   0.0000000000000000   0.0000000000000000   0.0000000000000000   0.0000000000000000   0.0000000000000000   0.0000000000000000   0.0000000000000000   0.0000000000000000   0.0000000000000000   0.0000000000000000   0.0000000000000000   0.0000000000000000   0.0000000000000000   0.0000000000000000   0.0000000000000000   0.0000000000000000   0.0000000000000000   0.0000000000000000   0.0000000000000000   0.0000000000000000   0.0000000000000000   0.0000000000000000   0.0000000000000000   0.0000000000000000   0.0000000000000000   0.0000000000000000   0.0000000000000000   0.0000000000000000   0.0000000000000000   0.0000000000000000   0.0000000000000000   0.0000000000000000   0.0000000000000000   0.0000000000000000   0.0000000000000000   0.0000000000000000   0.0000000000000000   0.0000000000000000   0.0000000000000000   0.0000000000000000   0.0000000000000335   0.0000000000540602   0.0000000001772085   0.0000053365003271   0.0417236650534361   0.4820233525857736   0.8626327821542973   0.9420310183690106   0.9860316800615350   1.0268598476657824   1.0709407787997609   1.1134769059152099   1.1614898954666018   1.1758375423769045   1.2079227903064012   0.0000000000000000   0.0000000000000000
   0.0000000000000000   0.0000000000000000   0.0000000000000000   0.0000000000000000   0.0000000000000000   0.0000000000000000   0.0000000000000000   0.0000000000000000   0.0000000000000000   0.0000000000000000   0.0000000000000000   0.0000000000000000   0.0000000000000000   0.0000000000000000   0.0000000000000000   0.0000000000000000   0.0000000000000000   0.0000000000000000   0.0000000000000000   0.0422004872410482   0.0000000000000000   0.0000000000000000   0.0000000000000000   0.0000000000000000   0.0000000000000000   0.0000000000000000   0.0000000000000000   0.0000000000000000   0.0000000000000000   0.0000000000000000   0.0000000000000000   0.0000000000000000   0.0000000000002370   0.0000000000011336   0.0000000000000000   0.0000000000000000   0.0000000000000000   0.0000000000000000   0.0000000000000000   0.0000000000000000   0.0000000000000000   0.0000000000000000   0.0000000000000000   0.0000000000000000   0.0000000000000000   0.0000000000000000   0.0000000000000000   0.0000000000000000   0.0000000000000000   0.0000000000000000   0.0000000000000000   0.0000000000000000   0.0000000000000000   0.0000000000000000   0.0000000000000000   0.0000000000000000   0.0000000000000000   0.0000000000000000   0.0000000000000000   0.0000000000000000   0.0000000000000000   0.0000000000000000   0.0000000000000000   0.0000000000000000   0.0000000000000000   0.0000000000000000   0.0000000000000000   0.0000000000000000   0.0000000000000000   0.0000000000000000   0.0000000000000000   0.0000000000000000   0.0000000000000000   0.0000000000000000   0.0000000000000000   0.0000000000000000   0.0000000000000000   0.0000000000000000   0.0000000000000000   0.0000000000000000   0.0000000000000000   0.0000000000000000   0.0000000000000000   0.0000000000000000   0.0000000000000000   0.0000000000000000   0.0000000000000000   0.0000000000000000   0.0000000000000000   0.0000000000000000   0.0000000000000000   0.0000000000000000   0.0000000000000000   0.0000000000000000   0.0000000000000000   0.0000000000000000   0.0000000000000000   0.0000000000000000   0.0000000000000000   0.0000000000000000   0.0000000000000000   0.0000000000000000   0.0000000000000000   0.0000000000000000   0.0000000000000000   0.0000000000000000   0.0000000000000000   0.0000000000000000   0.0000000000000000   0.0000000000000000   0.0000000000000000   0.0000000000000000   0.0000000000000000   0.0000000000000000   0.0000000000000000   0.0000000000000000   0.0000000000000000   0.0000000000000000   0.0000000000000000   0.0000000000000000   0.0000000000000000   0.0000000000000000   0.0000000000000000   0.0000000000000000   0.0000000000000000   0.0000000000000000   0.0000000000000000   0.0000000000000000   0.0000000000000000   0.0000000000000000   0.0000000000000000   0.0000000000000000   0.0000000000000000   0.0000000000000000   0.0000000000000000   0.0000000000000000   0.0000000000000000   0.0000000000000000   0.0000000000000000   0.0000000000000000   0.0000000000000000   0.0000000000000000   0.0000000000000000   0.0000000000000022   0.0000000000004920   0.0000000014601217   0.0000000311025484   0.0004022663430982   0.1955665088043388   0.7473340276888669   0.8893747270094264   0.9442189038431433   0.9883252747571459   1.0360851268531277   1.0893196362012829   1.1509109347549082   1.2167120713824626   1.2808364322618178   0.0000000000000000   0.0000000000000000   0.0000000000000000   0.0000000000000000
   0.0000000000000000   0.0000000000000000   0.0000000000000000   0.0000000000000000   0.0000000000000000   0.0000000000000000   0.0000000000000000   0.0000000000000000   0.0000000000000000   0.0000000000000000   0.0000000000000000   0.0000000000000000   0.0000000000000000   0.0000000000000000   0.0000000000000000   0.0000000000000000   0.0000000000000000   0.0000000000000000   0.0607788208494309   0.0000000000000000   0.0000000000000000   0.0000000000000000   0.0000000000000000   0.0000000000000000   0.0000000000000000   0.0000000000000000   0.0000000000000000   0.0000000000000000   0.0000000000000000   0.0000000000000000   0.0000000000000000   0.0000000000000000   0.0000000000000000   0.0000000000023271   0.0000000000000000   0.0000000000000000   0.0000000000000000   0.0000000000000000   0.0000000000000000   0.0000000000000000   0.0000000000000000   0.0000000000000000   0.0000000000000000   0.0000000000000000   0.0000000000000000   0.0000000000000000   0.0000000000000000   0.0000000000000000   0.0000000000000000   0.0000000000000000   0.0000000000000000   0.0000000000000000   0.0000000000000000   0.0000000000000000   0.0000000000000000   0.0000000000000000   0.0000000000000000   0.0000000000000000   0.0000000000000000   0.0000000000000000   0.0000000000000000   0.0000000000000000   0.0000000000000000   0.0000000000000000   0.0000000000000000   0.0000000000000000   0.0000000000000000   0.0000000000000000   0.0000000000000000   0.0000000000000000   0.0000000000000000   0.0000000000000000   0.0000000000000000   0.0000000000000000   0.0000000000000000   0.0000000000000000   0.0000000000000000   0.0000000000000000   0.0000000000000000   0.0000000000000000   0.0000000000000000   0.0000000000000000   0.0000000000000000   0.0000000000000000   0.0000000000000000   0.0000000000000000   0.0000000000000000   0.0000000000000000   0.0000000000000000   0.0000000000000000   0.0000000000000000   0.0000000000000000   0.0000000000000000   0.0000000000000000   0.0000000000000000   0.0000000000000000   0.0000000000000000   0.0000000000000000   0.0000000000000000   0.0000000000000000   0.0000000000000000   0.0000000000000000   0.0000000000000000   0.0000000000000000   0.0000000000000000   0.0000000000000000   0.0000000000000000   0.0000000000000000   0.0000000000000000   0.0000000000000000   0.0000000000000000   0.0000000000000000   0.0000000000000000   0.0000000000000000   0.0000000000000000   0.0000000000000000   0.0000000000000000   0.0000000000000000   0.0000000000000000   0.0000000000000000   0.0000000000000000   0.0000000000000000   0.0000000000000000   0.0000000000000000   0.0000000000000000   0.0000000000000000   0.0000000000000000   0.0000000000000000   0.0000000000000000   0.0000000000000000   0.0000000000000000   0.0000000000000000   0.0000000000000001   0.0000000000000001   0.0000000000000001   0.0000000000000001   0.0000000000000001   0.0000000000000002   0.0000000000000002   0.0000000000000003   0.0000000000000003   0.0000000000000004   0.0000000000000363   0.0000000000433367   0.0000000003022807   0.0000034019646698   0.0116039591515586   0.3927818140732952   0.7981395622945001   0.8835253798587623   0.9338141209557508   0.9824238363746761   1.0340295658918863   1.0939847040399322   1.1658022740026524   1.2481197505488653   1.3332413796331759   1.5378379141080574   0.0000000000000000   0.0000000000000000   0.0000000000000000   0.0000000000000000
   0.0000000000000000   0.0000000000000000   0.0000000000000000   0.0000000000000000   0.0000000000000000   0.0000000000000000   0.0000000000000000   0.0000000000000000   0.0000000000000000   0.0000000000000000   0.0000000000000000   0.0000000000000000   0.0000000000000000   0.0000000000000000   0.0000000000000000   0.0000000000000000   0.0000000000000000   0.0000000000049519   0.0000000000000000   0.0000000000000000   0.0000000000000000   0.0000000000000000   0.0000000000000000   0.0000000000000000   0.0000000000000000   0.0000000000000000   0.0000000000000000   0.0000000000000000   0.0000000000000000   0.0000000000000000   0.0000000000000000   0.0000000000000000   0.0000000000000000   0.0000000000000000   0.0000000000000000   0.0000000000000000   0.0000000000000000   0.0000000000000000   0.0000000000000000   0.0000000000000000   0.0000000000000000   0.0000000000000000   0.0000000000000000   0.0000000000000000   0.0000000000000000   0.0000000000000000   0.0000000000000000   0.0000000000000000   0.0000000000000000   0.0000000000000000   0.0000000000000000   0.0000000000000000   0.0000000000000000   0.0000000000000001   0.0000000000000002   0.0000000000000000   0.0000000000000000   0.0000000000000000   0.0000000000000000   0.0000000000000000   0.0000000000000000   0.0000000000000000   0.0000000000000000   0.0000000000000000   0.0000000000000000   0.0000000000000000   0.0000000000000000   0.0000000000000000   0.0000000000000000   0.0000000000000000   0.0000000000000000   0.0000000000000000   0.0000000000000000   0.0000000000000000   0.0000000000000000   0.0000000000000000   0.0000000000000000   0.0000000000000000   0.0000000000000000   0.0000000000000000   0.0000000000000000   0.0000000000000000   0.0000000000000000   0.0000000000000000   0.0000000000000000   0.0000000000000000   0.0000000000000000   0.0000000000000000   0.0000000000000000   0.0000000000000000   0.0000000000000000   0.0000000000000000   0.0000000000000000   0.0000000000000000   0.0000000000000000   0.0000000000000000   0.0000000000000000   0.0000000000000000   0.0000000000000000   0.0000000000000000   0.0000000000000000   0.0000000000000000   0.0000000000000000   0.0000000000000000   0.0000000000000000   0.0000000000000000   0.0000000000000000   0.0000000000000000   0.0000000000000000   0.0000000000000000   0.0000000000000000   0.0000000000000000   0.0000000000000000   0.0000000000000000   0.0000000000000000   0.0000000000000000   0.0000000000000000   0.0000000000000000   0.0000000000000001   0.0000000000000001   0.0000000000000001   0.0000000000000001   0.0000000000000002   0.0000000000000002   0.0000000000000003   0.0000000000000004   0.0000000000000005   0.0000000000000006   0.0000000000000008   0.0000000000000011   0.0000000000000013   0.0000000000000017   0.0000000000000022   0.0000000000000028   0.0000000000000035   0.0000000000000044   0.0000000000000056   0.0000000000000070   0.0000000000000087   0.0000000000000109   0.0000000000000139   0.0000000000003025   0.0000000008450011   0.0000000182701430   0.0000957467115478   0.0979253487297610   0.6160496082141609   0.8039498156081561   0.8686166182766796   0.9186790744102554   0.9695693147864825   1.0253156585729895   1.0900840087533468   1.1677371424477805   1.2667287543532748   1.3791036191941377   1.6119461660260059   0.0000000000000000   0.0000000000000000   0.0000000000000000   0.0000000000000000   0.0000000000000000
   0.0000000000000000   0.0000000000000000   0.0000000000000000   0.0000000000000000   0.0000000000000000   0.0000000000000000   0.0000000000000000   0.0000000000000000   0.0000000000000000   0.0000000000000000   0.0000000000000000   0.0000000000000000   0.0000000000000000   0.0000000000000000   0.0000000000000000   0.0000000000000000   0.0000000000000000   0.0000000000013864   0.0000000000065627   0.0000000000000000   0.0000000000000000   0.0000000000000000   0.0000000000000000   0.0000000000000000   0.0000000000000000   0.0000000000000000   0.0000000000000000   0.0000000000000000   0.0000000000000000   0.0000000000000000   0.0000000000000000   0.0000000000000008   0.0000000000890886   0.0000000000000000   0.0000000000000000   0.0000000000000000   0.0000000000000000   0.0000000000000000   0.0000000000000000   0.0000000000000000   0.0000000000000000   0.0000000000000000   0.0084895177280054   0.0000000000000000   0.0000000000000000   0.0000000000000000   0.0000000000000000   0.0000000000000000   0.0000000000000000   0.0000000000000000   0.0000000000000000   0.0000000000000000   0.0000000000000000   0.0000000000000038   0.0000000000000059   0.0000000000000093   0.0000000000000184   0.0000000000026096   0.0000000000000000   0.0000000000000000   0.0000000000000000   0.0000000000000000   0.0000000000000000   0.0000000000000000   0.0000000000000000   0.0000000000000000   0.0000000000000000   0.0000000000000000   0.0000000000000000   0.0000000000000000   0.0000000000000000   0.0000000000000000   0.0000000000000000   0.0000000000000000   0.0000000000000000   0.0000000000000000   0.0000000000000000   0.0000000000000000   0.0000000000000369   0.0000000000000929   0.0000000008119018   0.0000000000000000   0.0000000000000000   0.0000000000000000   0.0000000000000000   0.0000000000000000   0.0000000000000000   0.0000000000000000   0.0000000000000000   0.0000000000000000   0.0000000000000000   0.0000000000000000   0.0000000000000000   0.0000000000000000   0.0000000000000000   0.0000000000000000   0.0000000000000000   0.0000000000000000   0.0000000000000000   0.0000000000000000   0.0000000000000000   0.0000000000000000   0.0000000000000002   0.0000000000000002   0.0000000000000003   0.0000000000000003   0.0000000000000003   0.0000000000000004   0.0000000000000004   0.0000000000000005   0.0000000000000006   0.0000000000000006   0.0000000000000008   0.0000000000000009   0.0000000000000011   0.0000000000000014   0.0000000000000017   0.0000000000000022   0.0000000000000028   0.0000000000000035   0.0000000000000046   0.0000000000000059   0.0000000000000077   0.0000000000000100   0.0000000000000130   0.0000000000000169   0.0000000000000219   0.0000000000000283   0.0000000000000365   0.0000000000000470   0.0000000000000603   0.0000000000000772   0.0000000000000986   0.0000000000001256   0.0000000000001595   0.0000000000002019   0.0000000000002552   0.0000000000003233   0.0000000000004184   0.0000000000006208   0.0000000000078350   0.0000000055310964   0.0000004139287593   0.0009467933947778   0.2217675859043782   0.6907945273061131   0.7906060143626852   0.8456374790155565   0.8985644388715417   0.9538260242033768   1.0126666631168342   1.0794941150965227   1.1645409589818001   1.2685525734065468   1.4215029852816410   1.6889211396527615   0.0000000000000000   0.0000000000000000   0.0000000000000000   0.0000000000000000   0.0000000000000000   0.0000000000000000
   0.0000000000000000   0.0000000000000000   0.0000000000000000   0.0000000000000000   0.0000000000000000   0.0000000000000000   0.0000000000000000   0.0000000000000000   0.0000000000000000   0.0000000000000000   0.0000000000000000   0.0000000000000000   0.0000000000000000   0.0000000000000000   0.0000000000000000   0.0000000000000000   0.0000000000000000   0.0000000000000000   0.0000000003499862   0.0000000000000000   0.0000000000000000   0.0000000000000000   0.0000000000000000   0.0000000000000000   0.0000000000000000   0.0000000000000000   0.0000000000000000   0.0000000000000000   0.0000000000000000   0.0000000000000000   0.0000000000000000   0.0000000000000267   0.0000000000251604   0.0000000001195312   0.0000000000000000   0.0000000000000000   0.0000000000000000   0.0000000000000000   0.0000000000000000   0.0000000000000000   0.0000000000000000   0.0000000000000000   0.0000000000000000   0.0000000000000000   0.0000000000000000   0.0000000000000000   0.0000000000000000   0.0000000000000000   0.0000000000000023   0.0000000000215779   0.0000000000000000   0.0000000000000000   0.0000000000001972   0.0000000000003126   0.0000000000004090   0.0000000000005345   0.0000000000008133   0.0000000000025840   0.0000000002802872   0.0000000000000000   0.0000000000000000   0.0000000000000000   0.0000000000000000   0.0000000000000000   0.0000000000000000   0.0000000000000000   0.0000000000000000   0.0000000000000000   0.0000000000000000   0.0000000000000000   0.0000000000000000   0.0000000000000000   0.0000000000000000   0.0000000000000000   0.0000000000000000   0.0000000000000000   0.0000000000000000   0.0000000000038601   0.0000000000057362   0.0000000000078941   0.0000000002574542   0.0000000012084111   0.0000000000000000   0.0000000000000000   0.0000000000000000   0.0000000000000000   0.0000000000000000   0.0000000000000000   0.0000000000000000   0.0000000000000000   0.0000000000000000   0.0000000000000000   0.0000000000000000   0.0000000000000000   0.0000000000000000   0.0000000000000000   0.0000000000000000   0.0000000000000000   0.0000000000000000   0.0000000000000000   0.0000000000000000   0.0000000000000000   0.0000000000000117   0.0000000000000130   0.0000000000000146   0.0000000000000163   0.0000000000000183   0.0000000000000206   0.0000000000000233   0.0000000000000265   0.0000000000000303   0.0000000000000351   0.0000000000000410   0.0000000000000485   0.0000000000000582   0.0000000000000707   0.0000000000000872   0.0000000000001088   0.0000000000001374   0.0000000000001752   0.0000000000002251   0.0000000000002908   0.0000000000003770   0.0000000000004898   0.0000000000006366   0.0000000000008271   0.0000000000010735   0.0000000000013908   0.0000000000017985   0.0000000000023207   0.0000000000029882   0.0000000000038394   0.0000000000049237   0.0000000000063077   0.0000000000081000   0.0000000000105593   0.0000000000145800   0.0000000000239289   0.0000000000593993   0.0000000004275756   0.0000000173658081   0.0000040621025401   0.0048575829284855   0.3408330433222395   0.6922077700520938   0.7686651275397872   0.8202011294566575   0.8741008989821744   0.9367912340692482   1.0017976494614096   1.0695197731555446   1.1510014298086024   1.2690334577152169   1.4411881827956987   1.7716508454397040   0.0000000000000000   0.0000000000000000   0.0000000000000000   0.0000000000000000   0.0000000000000000   0.0000000000000000   0.0000000000000000
   0.0000000000000000   0.0000000000000000   0.0000000000000000   0.0000000000000000   0.0000000000000000   0.0000000000000000   0.0000000000000000   0.0000000000000000   0.0000000000000000   0.0000000000000000   0.0000000000000000   0.0000000000000000   0.0000000000000000   0.0000000000000000   0.0000000000000000   0.0000000000000000   0.0000000000000000   0.0000000000000000   0.0000000000978464   0.0000000044522667   0.0000000000000000   0.0000000000000000   0.0000000000000000   0.0000000000000000   0.0000000000000000   0.0000000000000000   0.0000000000000000   0.0000000000000000   0.0000000000000000   0.0000000000000000   0.0000000000000000   0.0000000000012595   0.0000000000043847   0.0000000040573433   0.0000000000000000   0.0000000000000000   0.0000000000000000   0.0000000000000000   0.0000000000000000   0.0000000000000000   0.0000000000000000   0.0028644591032496   0.0000000000000000   0.0000000000000000   0.0000000000000000   0.0000000000000000   0.0000000000000000   0.0000000000000000   0.0000000000001202   0.0000000000065091   0.0000000000084882   0.0000000000110866   0.0000000000144839   0.0000000000188870   0.0000000000248580   0.0000000000329015   0.0000000000436427   0.0000000000565528   0.0000000001572473   0.0000000002053113   0.0000000122288159   0.0000000000000000   0.0000000000000000   0.0000000000000000   0.0000000000000000   0.0000000000000000   0.0000000000000000   0.0000000000000000   0.0000000000000000   0.0000000000000000   0.0000000000000000   0.0000000000000000   0.0000000000000000   0.0000000000000000   0.0000000000000000   0.0000000001036825   0.0000000002074666   0.0000000002991957   0.0000000003643375   0.0000000004446138   0.0000000008738835   0.0000001283722721   0.0000000000000000   0.0000000000000000   0.0000000000000000   0.0000000000000000   0.0000000000000000   0.0000000000000000   0.0000000000000000   0.0000000000000000   0.0000000000000000   0.0000000000000000   0.0000000000000000   0.0000000000000000   0.0000000000000000   0.0000000000000000   0.0000000000000000   0.0000000000000000   0.0000000000000000   0.0000000000000000   0.0000000000000000   0.0000000000009187   0.0000000000011249   0.0000000000012533   0.0000000000013986   0.0000000000015616   0.0000000000017465   0.0000000000019584   0.0000000000022037   0.0000000000024915   0.0000000000028340   0.0000000000032481   0.0000000000037571   0.0000000000043928   0.0000000000051993   0.0000000000062362   0.0000000000075842   0.0000000000093510   0.0000000000116794   0.0000000000147568   0.0000000000188268   0.0000000000242043   0.0000000000312939   0.0000000000406129   0.0000000000528211   0.0000000000687591   0.0000000000894976   0.0000000001164017   0.0000000001512186   0.0000000001962129   0.0000000002544517   0.0000000003306716   0.0000000004345311   0.0000000005934399   0.0000000009023008   0.0000000017091803   0.0000000042848421   0.0000000134955523   0.0000000592710608   0.0000002235256951   0.0000237148331738   0.0170522490259639   0.4409656671285542   0.6763245163590129   0.7409118148525236   0.7915489287849808   0.8489458979442063   0.9178882874013533   0.9989356556825855   1.0698248459448685   1.1407741933095106   1.2535418644739387   1.4563492660626041   1.8097269647041401   0.0000000000000000   0.0000000000000000   0.0000000000000000   0.0000000000000000   0.0000000000000000   0.0000000000000000   0.0000000000000000   0.0000000000000000
   0.0000000000000000   0.0000000000000000   0.0000000000000000   0.0000000000000000   0.0000000000000000   0.0000000000000000   0.0000000000000000   0.0000000000000000   0.0000000000000000   0.0000000000000000   0.0000000000000000   0.0000000000000000   0.0000000000000000   0.0000000000000000   0.0000000000000000   0.0000000000000000   0.0000000000000000   0.0000000000000000   0.0000000000000000   0.0000000012759390   0.0000000016307641   0.0000000020238921   0.0000000577289839   0.0000000000000000   0.0000000000000000   0.0000000000000000   0.0000000000000000   0.0000000000000000   0.0000000000000000   0.0000000000000000   0.0000000000818796   0.0000000001172787   0.0000000002664070   0.0000000014093571   0.0909725270023263   0.0000000000000000   0.0000000000000000   0.0000000000000000   0.0000000000000000   0.0000000000000000   0.0000000000000000   0.0000000000000000   0.0000000000000000   0.0000000000000000   0.0000000000000000   0.0000000000000000   0.0000000000000000   0.0000000000075804   0.0000000000105559   0.0000000000120638   0.0000000000137549   0.0000000000156410   0.0000000000177975   0.0000000000202647   0.0000000000230177   0.0000000000260722   0.0000000000294580   0.0000000000330892   0.0000000000369462   0.0000000000487286   0.0000000036532496   0.0000000047132516   0.0000000059844779   0.0000000075972551   0.0000000096419437   0.0000000120699227   0.0000003360797397   0.0000000000000000   0.0000000000000000   0.0000000000000000   0.0000000000000000   0.0000000000000000   0.0000000000000000   0.0000000000000000   0.0000000070934768   0.0000000105683784   0.0000000128598113   0.0000000156958853   0.0000000192022886   0.0000000234910460   0.0000000328925825   0.0000001028248157   0.0000028281159506   0.0000000000000000   0.0000000000000000   0.0000000000000000   0.0000000000000000   0.0000000000000000   0.0000000000000000   0.0000000000000000   0.0000000000000000   0.0000000000000000   0.0000000000000000   0.0000000000000000   0.0000000000000000   0.0000000000000000   0.0000000000000000   0.0000000000000000   0.0000000000000000   0.0000000000000000   0.0000000000000000   0.0000000000441268   0.0000000000489862   0.0000000000546807   0.0000000000609926   0.0000000000680586   0.0000000000760224   0.0000000000850692   0.0000000000954444   0.0000000001074776   0.0000000001216155   0.0000000001384705   0.0000000001588863   0.0000000001840284   0.0000000002155036   0.0000000002555167   0.0000000003070707   0.0000000003742191   0.0000000004623797   0.0000000005787203   0.0000000007326317   0.0000000009363084   0.0000000012054677   0.0000000015602594   0.0000000020264703   0.0000000026373330   0.0000000034370209   0.0000000044898827   0.0000000059104428   0.0000000079676557   0.0000000114433960   0.0000000188265087   0.0000000381149646   0.0000000943688842   0.0000002632070626   0.0000007634078894   0.0000022170659769   0.0000067539108436   0.0000173078256717   0.0001367152801343   0.0477429897769981   0.5086553773023614   0.6543724977048045   0.7087695214617630   0.7580793171872158   0.8192158081028620   0.8968024241845967   0.9932047528026662   1.1116574690247920   1.1479518664204915   1.2204836690784875   1.3947921369890464   1.7137559280124595   1.6388719713119935   0.0000000000000000   0.0000000000000000   0.0000000000000000   0.0000000000000000   0.0000000000000000   0.0000000000000000   0.0000000000000000   0.0000000000000000
   0.0000000000000000   0.0000000000000000   0.0000000000000000   0.0000000000000000   0.0000000000000000   0.0000000000000000   0.0000000000000000   0.0000000000000000   0.0000000000000000   0.0000000000000000   0.0000000000000000   0.0000000000000000   0.0000000000000000   0.0000000000000000   0.0000000000000000   0.0000000000000000   0.0000000000000000   0.0000000000000000   0.0000000000000000   0.0000000000000000   0.0000000000000000   0.0000000000000000   0.0000000165015161   0.0000000208000930   0.0000000258756834   0.0000000316685340   0.0000006682532246   0.0000000000000000   0.0000000000000000   0.0000000043993283   0.0000000065021127   0.0000000079102769   0.0000000170893502   0.0000000208857373   0.5397902238156578   0.0000000000000000   0.0000000000000000   0.0000000000000000   0.0000000000000000   0.0000000000000000   0.0000000000000000   0.0000000000000000   0.0000000000660201   0.0000000001469031   0.0000000002573640   0.0000000003658252   0.0000000005026908   0.0000000006249454   0.0000000007220570   0.0000000008353892   0.0000000009647050   0.0000000011109458   0.0000000012757901   0.0000000014609694   0.0000000016683393   0.0000000018998127   0.0000000021573320   0.0000000024430118   0.0000000027581681   0.0000000030963848   0.0000000034524634   0.0000000038483531   0.0000000042908267   0.0000000047702724   0.0000000052895489   0.0000000061361704   0.0000001036418124   0.0000001298138053   0.0000001597961328   0.0000001967268174   0.0000002421393583   0.0000002979816562   0.0000003617870974   0.0000004454221568   0.0000005476038698   0.0000006693938815   0.0000008208338524   0.0000010060228624   0.0000012320285830   0.0000015077381295   0.0000018393882856   0.0000021860974804   0.0000034611503835   0.0000041859022727   0.0000161143836079   0.0000000000000000   0.0000000000000000   0.0000000000000000   0.0000000000000000   0.0000000000000000   0.0000000000000000   0.0000000000000000   0.0000000000000000   0.0000000000000000   0.0000000000000000   0.0000000000000000   0.0000000000024730   0.0000000000000000   0.0000000000000000   0.0000000000000000   0.0000000000000000   0.0000000022542490   0.0000000025158187   0.0000000028199897   0.0000000031515521   0.0000000035214352   0.0000000039359470   0.0000000044033158   0.0000000049343271   0.0000000055432605   0.0000000062492442   0.0000000070782036   0.0000000080655955   0.0000000092601943   0.0000000107292448   0.0000000125653009   0.0000000148951361   0.0000000178911542   0.0000000217858200   0.0000000268899114   0.0000000336163614   0.0000000425148576   0.0000000543339346   0.0000000701650426   0.0000000918370485   0.0000001230640830   0.0000001728080620   0.0000002648083398   0.0000004635369999   0.0000009418927968   0.0000021501295194   0.0000052177075934   0.0000128322821075   0.0000310715356590   0.0000729745810938   0.0001651457790664   0.0003652291309630   0.0007154519754093   0.0015742845803186   0.0941632890202414   0.5288095918656548   0.6268183413532984   0.6739672387364902   0.7224313180375346   0.7859463097071474   0.8732643833385745   0.9865116803018334   1.1368736495284966   1.3365839288689325   0.0000000000000000   0.0000000000000000   0.0000000000000000   0.0000000000000000   0.0000000000000000   0.0000000000000000   0.0000000000000000   0.0000000000000000   0.0000000000000000   0.0000000000000000   0.0000000000000000   0.0000000000000000   0.0000000000000000
   0.0000000000000000   0.0000000000000000   0.0000000000000000   0.0000000000000000   0.0000000000000000   0.0000000000000000   0.0000000000000000   0.0000000000000000   0.0000000000000000   0.0000000000000000   0.0000000000000000   0.0000000000000000   0.0000000000000000   0.0000000000000000   0.0000000000000000   0.0000000000000000   0.0000000000000000   0.0000000000000000   0.0000000000000000   0.0000000000000000   0.0000000000000000   0.0000000000000000   0.0000000000000000   0.0000000000000000   0.0000000000077453   0.0000000000093743   0.0000001881668781   0.0000002299499728   0.0000002808842938   0.0000003435134431   0.0000004181901936   0.0000005110806022   0.0000005901820704   0.0000023139501777   0.0000000000000000   0.0000000000000000   0.0000000000000000   0.0000000000000000   0.0000000000000000   0.0000000000000000   0.0000000026172764   0.0000000050360212   0.0000000069980577   0.0000000081315111   0.0000000094314340   0.0000000109501408   0.0000000126879955   0.0000000147200253   0.0000000170935492   0.0000000198138033   0.0000000229080373   0.0000000264228042   0.0000000304023967   0.0000000348932020   0.0000000399432509   0.0000000456018013   0.0000000519187515   0.0000000589436450   0.0000000667322536   0.0000000753468018   0.0000000848323702   0.0000000952075650   0.0000001064904743   0.0000001187351929   0.0000001319730283   0.0000001458163657   0.0000001600237657   0.0000001755464020   0.0000001926011168   0.0000002106753689   0.0000002297283362   0.0000002498059388   0.0000002700552046   0.0000002901756869   0.0000003119031374   0.0000003356097025   0.0000003602569874   0.0000003859028741   0.0000004127275750   0.0000004409787951   0.0000004713502772   0.0000005018971359   0.0000005334438661   0.0000010750557240   0.0001429673498615   0.0000000000000000   0.0000000000000000   0.0000000000000000   0.0000000000000000   0.0000000000000000   0.0000000000000000   0.0000000000000000   0.0000000000000000   0.0000000000000000   0.0000000000000000   0.0000000374068615   0.0000000730590868   0.0000006195409524   0.0000000000000000   0.0000000000000000   0.0000000000000000   0.0000001269043451   0.0000001418775604   0.0000001591993605   0.0000001780360243   0.0000001990127913   0.0000002224167628   0.0000002486474303   0.0000002782216483   0.0000003118151865   0.0000003503213028   0.0000003949394451   0.0000004473176734   0.0000005097280821   0.0000005852950313   0.0000006783984825   0.0000007952918444   0.0000009451988755   0.0000011424980236   0.0000014114633418   0.0000017970053583   0.0000023891925794   0.0000033784651840   0.0000051747364325   0.0000086380874779   0.0000155395854596   0.0000294299346573   0.0000571995018945   0.0001117535944344   0.0002163701457854   0.0004114057532549   0.0007639692845894   0.0013808662070882   0.0024244152794973   0.0041277819161054   0.0068295902763733   0.0108481490071843   0.0160578320360236   0.1412042828825247   0.5172385493997581   0.5947692072424291   0.6375280112791663   0.6845983867206283   0.7522142575196844   0.8479756563614778   0.9804341345484680   1.1560010043092723   1.4135756408720759   1.9620708661600790   0.0000000000000000   0.0000000000000000   0.0000000000000000   0.0000000000000000   0.0000000000000000   0.0000000000000000   0.0000000000000000   0.0000000000000000   0.0000000000000000   0.0000000000000000   0.0000000000000000   0.0000000000000000   0.0000000000000000
   0.0000000000000000   0.0000000000000000   0.0000000000000000   0.0000000000000000   0.0000000000000000   0.0000000000000000   0.0000000000000000   0.0000000000000000   0.0000000000000000   0.0000000000000000   0.0000000000000000   0.0000000000000000   0.0000000000000000   0.0000000000000000   0.0000000000000000   0.0000000000000000   0.0000000000000000   0.0000000000000000   0.0000000000000000   0.0000000000000000   0.0000000000000000   0.0000000000000000   0.0000000000000000   0.0000000000000000   0.0000000000000016   0.0000000000000019   0.0000000000000024   0.0000000000000029   0.0000000000000035   0.0000000000000043   0.0000000001137853   0.0000000005403752   0.0000000006218956   0.0000159869317699   0.0000000000000000   0.0000000000000000   0.0000000483099983   0.0000000573053750   0.0000000995187594   0.0000001946103430   0.0000002714935551   0.0000003179148068   0.0000003730395314   0.0000004383211930   0.0000005148529081   0.0000006034736995   0.0000007058675784   0.0000008238079855   0.0000009593053901   0.0000011146922548   0.0000012925526854   0.0000014956199325   0.0000017268413796   0.0000019894060607   0.0000022867423803   0.0000026225178609   0.0000030006359688   0.0000034252260837   0.0000039006214445   0.0000044313542040   0.0000050221998619   0.0000056781797013   0.0000064044601659   0.0000072063950916   0.0000080901665905   0.0000090625929995   0.0000101291231981   0.0000112930628154   0.0000125584799256   0.0000139318757054   0.0000154206394842   0.0000170329541784   0.0000187780053433   0.0000206627534898   0.0000226915744638   0.0000248724690366   0.0000272201078482   0.0000297530066660   0.0000324923181707   0.0000354650126803   0.0000387072801749   0.0000422848638469   0.0000459707437043   0.0000537405037154   0.0001179603623753   0.0011843081050725   0.0000000000000000   0.0000000000000000   0.0000000000000000   0.0000000000000000   0.0000000000000000   0.0000000000000000   0.0000000000000000   0.0000000000000000   0.0000000000000000   0.0000017655496776   0.0000022969782049   0.0000040315111059   0.0000053132485583   0.0000067136054992   0.0000095531849341   0.0000118148219332   0.0000132360954762   0.0000148275456991   0.0000165939376924   0.0000185560174174   0.0000207413041276   0.0000231922203704   0.0000259726160577   0.0000291634836257   0.0000328791541934   0.0000372848491309   0.0000426248530969   0.0000492684159167   0.0000577847846064   0.0000690653721712   0.0000845211993777   0.0001063979043721   0.0001382698055381   0.0001857985081951   0.0002578686572186   0.0003682391709413   0.0005378640069294   0.0007980300381662   0.0011944264458055   0.0017921260870874   0.0026812767541507   0.0039829994400618   0.0058545819517915   0.0084925852905075   0.0121320281816762   0.0170395332741495   0.0234984212103750   0.0317846434522807   0.0421288002553652   0.0547734064245711   0.0674704503013721   0.1615135869588943   0.4877409423638004   0.5577725459213356   0.5988280002908344   0.6455325788242035   0.7162094122171749   0.8249699838695344   0.9775582968817086   1.1827204327088940   1.4762062857258462   2.0656478804700784   0.0000000000000000   0.0000000000000000   0.0000000000000000   0.0000000000000000   0.0000000000000000   0.0000000000000000   0.0000000000000000   0.0000000000000000   0.0000000000000000   0.0000000000000000   0.0000000000000000   0.0000000000000000   0.0000000000000000   0.0000000000000000
   0.0000000000000000   0.0000000000000000   0.0000000000000000   0.0000000000000000   0.0000000000000000   0.0000000000000000   0.0000000000000000   0.0000000000000000   0.0000000000000000   0.0000000000000000   0.0000000000000000   0.0000000000000000   0.0000000000000000   0.0000000000000000   0.0000000000000000   0.0000000000000000   0.0000000000000000   0.0000000000000000   0.0000000000000000   0.0000000000000000   0.0000000000000000   0.0000000000000000   0.0000000000000000   0.0000000000000000   0.0000000000000000   0.0000000000000000   0.0000000000000000   0.0000000000000000   0.0000000000000000   0.0000000000000000   0.0000000000000000   0.0000000000002968   0.0000000000003506   0.0000043023321039   0.0000051211158443   0.0000060901677841   0.0000072917417149   0.0000086615062494   0.0000102480480387   0.0000120623768563   0.0000142224179883   0.0000167956371642   0.0000198048813126   0.0000233127131531   0.0000273921762624   0.0000321263979716   0.0000376073464315   0.0000439370153114   0.0000512277649025   0.0000596025131859   0.0000691949177423   0.0000801493264135   0.0000926203495695   0.0001067721527974   0.0001227774673705   0.0001408162690090   0.0001610741180823   0.0001837401635335   0.0002090048158514   0.0002370570827270   0.0002680815824894   0.0003022553186657   0.0003397443314927   0.0003807000819889   0.0004252553021418   0.0004735206298881   0.0005255835255364   0.0005815064719180   0.0006413222657335   0.0007050314719305   0.0007726043229118   0.0008439827923548   0.0009190842929025   0.0009978109418021   0.0010800582488530   0.0011657195399450   0.0012546955431680   0.0013469118760267   0.0014423361802739   0.0015409920816620   0.0016429741600846   0.0017484155701232   0.0018581795660217   0.0019683447118599   0.0020362468175798   0.0024637255330077   0.0026716258368853   0.0028238697740773   0.0184465502144234   0.0000000000000000   0.0000000000000000   0.0000388183632105   0.0000443471939968   0.0000727242450482   0.0001295547005078   0.0001715054159899   0.0001942118077199   0.0002217631367394   0.0002556480313464   0.0002962480436889   0.0003430599783520   0.0004009176950299   0.0004725462632343   0.0005578887032265   0.0006585028446284   0.0007768373669249   0.0009156817323893   0.0010783486733752   0.0012688266283005   0.0014919970861295   0.0017538957550946   0.0020620611479643   0.0024259949165669   0.0028577695072808   0.0033728203526808   0.0039909532433665   0.0047375790491357   0.0056451544007946   0.0067547562415216   0.0081176504350883   0.0097966338252516   0.0118668439777665   0.0144156548954904   0.0175412293110899   0.0213493033902998   0.0259478649517691   0.0314395722418449   0.0379120556668919   0.0454266415212577   0.0540064963237355   0.0636256407621906   0.0742006214598634   0.0855868463627938   0.0975786529493536   0.1099595606617955   0.1218476774839145   0.1438200934813165   0.4333548619065966   0.5160526991219441   0.5598662993232251   0.6066530041364143   0.6801169533061988   0.8034175091068656   0.9783731308637453   1.2118511887635679   1.5233080021698420   1.8934337066512332   2.2910282434320473   0.0000000000000000   0.0000000000000000   0.0000000000000000   0.0000000000000000   0.0000000000000000   0.0000000000000000   0.0000000000000000   0.0000000000000000   0.0000000000000000   0.0000000000000000   0.0000000000000000   0.0000000000000000   0.0000000000000000   0.0000000000000000
   0.0000000000000000   0.0000000000000000   0.0000000000000000   0.0000000000000000   0.0000000000000000   0.0000000000000000   0.0000000000000000   0.0000000000000000   0.0000000000000000   0.0000000000000000   0.0000000000000000   0.0000000000000000   0.0000000000000000   0.0000000000000000   0.0000000000000000   0.0000000000000000   0.0000000000000000   0.0000000000000000   0.0000000000000000   0.0000000000000000   0.0000000000000000   0.0000000000000000   0.0000000000000000   0.0000000000000000   0.0000000000000000   0.0000000000000000   0.0000000000000000   0.0000000000000000   0.0000000000000000   0.0000000000000000   0.0000000000000000   0.0000000000000001   0.0000000000000001   0.0000000000000001   0.0000000000000001   0.0000000000000001   0.0000000000000002   0.0000000016592469   0.0000000035144573   0.0000000070228698   0.0000000103514630   0.0000000125260501   0.0000000147070245   0.0000000172287297   0.0000000201344044   0.0000000234701403   0.0000000272843453   0.0000000316269237   0.0000000365482059   0.0000000420976515   0.0000000483223410   0.0000000552652915   0.0000000629635973   0.0000000714463420   0.0000000807321750   0.0000000908264313   0.0000001017177106   0.0000001133739187   0.0000001257378407   0.0000001387225963   0.0000001522074691   0.0000001660346324   0.0000001800073095   0.0000001938898865   0.0000002074104272   0.0000002202659316   0.0000002321305620   0.0000002426669129   0.0000002515400980   0.0000002584340279   0.0000002630689358   0.0000002652189344   0.0000002647281245   0.0000002615236951   0.0000002556246419   0.0000002471450176   0.0000002362910867   0.0000002233524619   0.0000002086880495   0.0000001927082651   0.0000001758556404   0.0000001585856902   0.0000001413555781   0.0000003611217191   0.0000003385489493   0.0000003137270587   0.0000002888380914   0.0000002598171646   0.0045748621347368   0.0049630804953657   0.0053936462476199   0.0059110024052481   0.0064431236155453   0.0070125576655626   0.0076130447479134   0.0082925301466237   0.0090624361554610   0.0099026037699760   0.0108149814040284   0.0118015792720075   0.0128638459202816   0.0140002914159923   0.0152091602734471   0.0164897870314681   0.0178408570102973   0.0192606227663926   0.0207479017689792   0.0223024679119563   0.0239254025988202   0.0256193440866744   0.0273886237862770   0.0292393007786036   0.0311791218985429   0.0332174377429532   0.0353650923190274   0.0376342777907867   0.0400383123656848   0.0425912688552793   0.0453073655822204   0.0482000395877009   0.0512806586059617   0.0545568931547543   0.0580308589564963   0.0616972361876496   0.0655416520758683   0.0695396580020874   0.0736566217110789   0.0778487823327243   0.0820655789551204   0.0862531703990353   0.0903588636855052   0.0943359981129221   0.0981483473794373   0.1017751754246753   0.1052912706233008   0.1066291308809034   0.1759124211966009   0.4609100197788363   0.5246984474704068   0.5704196192621952   0.6457979566959003   0.7820140320920166   0.9785271293951840   1.2324672119233402   1.5327430932029911   1.7857137228197992   2.0072512654610004   2.1954435130340699   0.0000000000000000   0.0000000000000000   0.0000000000000000   0.0000000000000000   0.0000000000000000   0.0000000000000000   0.0000000000000000   0.0000000000000000   0.0000000000000000   0.0000000000000000   0.0000000000000000   0.0000000000000000   0.0000000000000000   0.0000000000000000
   0.0000000000000000   0.0000000000000000   0.0000000000000000   0.0000000000000000   0.0000000000000000   0.0000000000000000   0.0000000000000000   0.0000000000000000   0.0000000000000000   0.0000000000000000   0.0000000000000000   0.0000000000000000   0.0000000000000000   0.0000000000000000   0.0000000000000000   0.0000000000000000   0.0000000000000000   0.0000000000000000   0.0000000000000000   0.0000000000000000   0.0000000000000000   0.0000000000000000   0.0000000000000000   0.0000000000000000   0.0000000000000000   0.0000000000000000   0.0000000000000000   0.0000000000000000   0.0000000000000000   0.0000000000000000   0.0000000000000000   0.0000000000000000   0.0000000000000000   0.0000000000000000   0.0000000000000000   0.0000000000000000   0.0000000000000000   0.0000000000000481   0.0000000000000567   0.0000000000000666   0.0000000000000782   0.0000000000000915   0.0000000000001087   0.0000000000001315   0.0000000000001562   0.0000000000001856   0.0000000000002219   0.0000000000002671   0.0000000000003239   0.0000000000003955   0.0000000000004862   0.0000000000006012   0.0000000000007473   0.0000000000009328   0.0000000000011681   0.0000000000014651   0.0000000000018381   0.0000000000023035   0.0000000000028790   0.0000000000035840   0.0000000000044379   0.0000000000054595   0.0000000000066650   0.0000000000080663   0.0000000000096686   0.0000000000114690   0.0000000000134549   0.0000000000156029   0.0000000000178760   0.0000000000202230   0.0000000000225799   0.0000000000248733   0.0000000000270241   0.0000000000289527   0.0000000000305830   0.0000000000318463   0.0000000000326850   0.0000000000330574   0.0000000000329405   0.0000000000323292   0.0000000000312421   0.0000000000296925   0.0000000000272374   0.0000000000338480   0.0000000000715894   0.0000000001237452   0.0000000001859751   0.0000000001718892   0.0000000001644981   0.0000000001715491   0.0000000002048405   0.0000000002840524   0.0000000004392412   0.0000000007131507   0.0000000011698105   0.0000000018998833   0.0000000030288066   0.0000000047264553   0.0000000072172439   0.0000000107912504   0.0000000158173048   0.0000000227591295   0.0000000321977767   0.0000000448670634   0.0000000617157906   0.0000000840242475   0.0000001136318706   0.0000001533942974   0.0000002081111902   0.0000002864043265   0.0000004044601788   0.0000005933006775   0.0000009124599069   0.0000014747807963   0.0000024896157982   0.0000043349967151   0.0000076730593690   0.0000136265396208   0.0000240365152846   0.0000418213370879   0.0000714516838010   0.0001195452021726   0.0001955672670476   0.0003126019323877   0.0004881264524649   0.0007446904877265   0.0011103784556205   0.0016189195713167   0.0023093075328438   0.0032248118157473   0.0044113900502458   0.0059160583632152   0.0077843607909466   0.0100605540208438   0.0127418994951077   0.0150959281821093   0.3268870015763805   0.5085374320512939   0.5388012420288560   0.6062953258132023   0.7544387372219826   0.9697511186893866   1.2306425249047521   1.4960634653875537   1.6868402238710711   1.8660578816612772   2.0380554056550881   1.9650418191401693   0.0000000000000000   0.0000000000000000   0.0000000000000000   0.0000000000000000   0.0000000000000000   0.0000000000000000   0.0000000000000000   0.0000000000000000   0.0000000000000000   0.0000000000000000   0.0000000000000000   0.0000000000000000   0.0000000000000000   0.0000000000000000
   0.0000000000000000   0.0000000000000000   0.0000000000000000   0.0000000000000000   0.0000000000000000   0.0000000000000000   0.0000000000000000   0.0000000000000000   0.0000000000000000   0.0000000000000000   0.0000000000000000   0.0000000000000000   0.0000000000000000   0.0000000000000000   0.0000000000000000   0.0000000000000000   0.0000000000000000   0.0000000000000000   0.0000000000000000   0.0000000000000000   0.0000000000000000   0.0000000000000000   0.0000000000000000   0.0000000000000000   0.0000000000000000   0.0000000000000000   0.0000000000000000   0.0000000000000000   0.0000000000000000   0.0000000000000000   0.0000000000000000   0.0000000000000000   0.0000000000000000   0.0000000000000000   0.0000000000000000   0.0000000000000000   0.0000000000000000   0.0000000000000000   0.0000000000000000   0.0000000000000000   0.0000000000000000   0.0000000000000000   0.0000000000000000   0.0000000000000000   0.0000000000000000   0.0000000000000000   0.0000000000000000   0.0000000000000000   0.0000000000000000   0.0000000000000000   0.0000000000000000   0.0000000000000000   0.0000000000000000   0.0000000000000000   0.0000000000000000   0.0000000000000000   0.0000000000000000   0.0000000000000000   0.0000000000000000   0.0000000000000000   0.0000000000000000   0.0000000000000000   0.0000000000000000   0.0000000000000000   0.0000000000000000   0.0000000000000000   0.0000000000000000   0.0000000000000000   0.0000000000000000   0.0000000000000000   0.0000000000000000   0.0000000000000000   0.0000000000000000   0.0000000000000000   0.0000000000000000   0.0000000000000000   0.0000000000000000   0.0000000000000000   0.0000000000000000   0.0000000000000000   0.0000000000000000   0.0000000000000000   0.0000000000000000   0.0000000000000000   0.0000000000000000   0.0000000000000000   0.0000000000000033   0.0000000000000243   0.0000000000000673   0.0000000000001389   0.0000000000002638   0.0000000000004717   0.0000000000008003   0.0000000000013395   0.0000000000022342   0.0000000000036866   0.0000000000060066   0.0000000000096439   0.0000000000152558   0.0000000000238296   0.0000000000368828   0.0000000000568343   0.0000000000877295   0.0000000001366593   0.0000000002165330   0.0000000003515068   0.0000000005878738   0.0000000010175441   0.0000000018240138   0.0000000033751277   0.0000000064101752   0.0000000124131668   0.0000000243471371   0.0000000480717224   0.0000000950186932   0.0000001871142582   0.0000003655866554   0.0000007063358961   0.0000013458326920   0.0000025231837959   0.0000046458749677   0.0000083928704114   0.0000148697850043   0.0000258250100546   0.0000439428715522   0.0000732455721893   0.0001196023020582   0.0001913535151923   0.0003000459691083   0.0004612585029102   0.0006953969653920   0.0010278196474349   0.0014892393290324   0.0021158786291626   0.0028833301419548   0.0076476126402877   0.4252394985532075   0.4744614410081470   0.5420749426087649   0.7073861004069868   0.9414380906299460   1.1971866709074717   1.4210185469978625   1.5722858270868880   1.7522133879934272   1.9796926363598519   2.0804776247831547   0.0000000000000000   0.0000000000000000   0.0000000000000000   0.0000000000000000   0.0000000000000000   0.0000000000000000   0.0000000000000000   0.0000000000000000   0.0000000000000000   0.0000000000000000   0.0000000000000000   0.0000000000000000   0.0000000000000000   0.0000000000000000   0.0000000000000000
   0.0000000000000000   0.0000000000000000   0.0000000000000000   0.0000000000000000   0.0000000000000000   0.0000000000000000   0.0000000000000000   0.0000000000000000   0.0000000000000000   0.0000000000000000   0.0000000000000000   0.0000000000000000   0.0000000000000000   0.0000000000000000   0.0000000000000000   0.0000000000000000   0.0000000000000000   0.0000000000000000   0.0000000000000000   0.0000000000000000   0.0000000000000000   0.0000000000000000   0.0000000000000000   0.0000000000000000   0.0000000000000000   0.0000000000000000   0.0000000000000000   0.0000000000000000   0.0000000000000000   0.0000000000000000   0.0000000000000000   0.0000000000000000   0.0000000000000000   0.0000000000000000   0.0000000000000000   0.0000000000000000   0.0000000000000000   0.0000000000000000   0.0000000000000000   0.0000000000000000   0.0000000000000000   0.0000000000000000   0.0000000000000000   0.0000000000000000   0.0000000000000000   0.0000000000000000   0.0000000000000000   0.0000000000000000   0.0000000000000000   0.0000000000000000   0.0000000000000000   0.0000000000000000   0.0000000000000000   0.0000000000000000   0.0000000000000000   0.0000000000000000   0.0000000000000000   0.0000000000000000   0.0000000000000000   0.0000000000000000   0.0000000000000000   0.0000000000000000   0.0000000000000000   0.0000000000000000   0.0000000000000000   0.0000000000000000   0.0000000000000000   0.0000000000000000   0.0000000000000000   0.0000000000000000   0.0000000000000000   0.0000000000000000   0.0000000000000000   0.0000000000000000   0.0000000000000000   0.0000000000000000   0.0000000000000000   0.0000000000000000   0.0000000000000000   0.0000000000000000   0.0000000000000000   0.0000000000000000   0.0000000000000000   0.0000000000000000   0.0000000000000000   0.0000000000000000   0.0000000000000000   0.0000000000000000   0.0000000000000000   0.0000000000000000   0.0000000000000000   0.0000000000000000   0.0000000000000000   0.0000000000000000   0.0000000000000000   0.0000000000000000   0.0000000000000000   0.0000000000000000   0.0000000000000000   0.0000000000000000   0.0000000000000000   0.0000000000000000   0.0000000000000000   0.0000000000000000   0.0000000000000000   0.0000000000000000   0.0000000000000000   0.0000000000000000   0.0000000000000000   0.0000000000093646   0.0000000000681652   0.0000000002661490   0.0000000008163888   0.0000000022013550   0.0000000054748333   0.0000000128687497   0.0000000289916191   0.0000000630490642   0.0000001327015798   0.0000002715963257   0.0000005448733419   0.0000010673464842   0.0000020358254689   0.0000037835982798   0.0000068758952230   0.0000122191180381   0.0000212376837989   0.0000361107326085   0.0000600830418048   0.0000978537212314   0.0001560401624082   0.0002436987763763   0.0003730779185847   0.0005551974006866   0.0007820236830692   0.2774606684727928   0.3780817513410865   0.4581177319007121   0.6398192580589972   0.8872072578495898   1.1345703900642374   1.3260968831533861   1.4537659917086363   1.6155121687163259   1.8452239780554505   2.1651703297868767   0.0000000000000000   0.0000000000000000   0.0000000000000000   0.0000000000000000   0.0000000000000000   0.0000000000000000   0.0000000000000000   0.0000000000000000   0.0000000000000000   0.0000000000000000   0.0000000000000000   0.0000000000000000   0.0000000000000000   0.0000000000000000   0.0000000000000000   0.0000000000000000
   0.0000000000000000   0.0000000000000000   0.0000000000000000   0.0000000000000000   0.0000000000000000   0.0000000000000000   0.0000000000000000   0.0000000000000000   0.0000000000000000   0.0000000000000000   0.0000000000000000   0.0000000000000000   0.0000000000000000   0.0000000000000000   0.0000000000000000   0.0000000000000000   0.0000000000000000   0.0000000000000000   0.0000000000000000   0.0000000000000000   0.0000000000000000   0.0000000000000000   0.0000000000000000   0.0000000000000000   0.0000000000000000   0.0000000000000000   0.0000000000000000   0.0000000000000000   0.0000000000000000   0.0000000000000000   0.0000000000000000   0.0000000000000000   0.0000000000000000   0.0000000000000000   0.0000000000000000   0.0000000000000000   0.0000000000000000   0.0000000000000000   0.0000000000000000   0.0000000000000000   0.0000000000000000   0.0000000000000000   0.0000000000000000   0.0000000000000000   0.0000000000000000   0.0000000000000000   0.0000000000000000   0.0000000000000000   0.0000000000000000   0.0000000000000000   0.0000000000000000   0.0000000000000000   0.0000000000000000   0.0000000000000000   0.0000000000000000   0.0000000000000000   0.0000000000000000   0.0000000000000000   0.0000000000000000   0.0000000000000000   0.0000000000000000   0.0000000000000000   0.0000000000000000   0.0000000000000000   0.0000000000000000   0.0000000000000000   0.0000000000000000   0.0000000000000000   0.0000000000000000   0.0000000000000000   0.0000000000000000   0.0000000000000000   0.0000000000000000   0.0000000000000000   0.0000000000000000   0.0000000000000000   0.0000000000000000   0.0000000000000000   0.0000000000000000   0.0000000000000000   0.0000000000000000   0.0000000000000000   0.0000000000000000   0.0000000000000000   0.0000000000000000   0.0000000000000000   0.0000000000000000   0.0000000000000000   0.0000000000000000   0.0000000000000000   0.0000000000000000   0.0000000000000000   0.0000000000000000   0.0000000000000000   0.0000000000000000   0.0000000000000000   0.0000000000000000   0.0000000000000000   0.0000000000000000   0.0000000000000000   0.0000000000000000   0.0000000000000000   0.0000000000000000   0.0000000000000000   0.0000000000000000   0.0000000000000000   0.0000000000000000   0.0000000000000000   0.0000000000000000   0.0000000000000000   0.0000000000000000   0.0000000000000000   0.0000000000238424   0.0000000001564154   0.0000000005749614   0.0000000016807396   0.0000000043188490   0.0000000096147704   0.0000000213381552   0.0000000469856878   0.0000000957970046   0.0000001317564489   0.0000002680667821   0.0000005277237957   0.0000010123837285   0.0000019010784738   0.0000035099483581   0.0000063715073340   0.0000113617898717   0.0000198739702634   0.0000340486282963   0.0000570719023921   0.0000934739326240   0.0001433645354584   0.0078744062569800   0.2810073294832300   0.3742791676883324   0.5671930713927607   0.8272158261714778   1.0599320370777678   1.2267863934198386   1.3460638700646146   1.4877318294967401   1.6935092834928740   1.9198798668671169   2.1503163105825198   0.0000000000000000   0.0000000000000000   0.0000000000000000   0.0000000000000000   0.0000000000000000   0.0000000000000000   0.0000000000000000   0.0000000000000000   0.0000000000000000   0.0000000000000000   0.0000000000000000   0.0000000000000000   0.0000000000000000   0.0000000000000000   0.0000000000000000   0.0000000000000000
   0.0000000000000000   0.0000000000000000   0.0000000000000000   0.0000000000000000   0.0000000000000000   0.0000000000000000   0.0000000000000000   0.0000000000000000   0.0000000000000000   0.0000000000000000   0.0000000000000000   0.0000000000000000   0.0000000000000000   0.0000000000000000   0.0000000000000000   0.0000000000000000   0.0000000000000000   0.0000000000000000   0.0000000000000000   0.0000000000000000   0.0000000000000000   0.0000000000000000   0.0000000000000000   0.0000000000000000   0.0000000000000000   0.0000000000000000   0.0000000000000000   0.0000000000000000   0.0000000000000000   0.0000000000000000   0.0000000000000000   0.0000000000000000   0.0000000000000000   0.0000000000000000   0.0000000000000000   0.0000000000000000   0.0000000000000000   0.0000000000000000   0.0000000000000000   0.0000000000000000   0.0000000000000000   0.0000000000000000   0.0000000000000000   0.0000000000000000   0.0000000000000000   0.0000000000000000   0.0000000000000000   0.0000000000000000   0.0000000000000000   0.0000000000000000   0.0000000000000000   0.0000000000000000   0.0000000000000000   0.0000000000000000   0.0000000000000000   0.0000000000000000   0.0000000000000000   0.0000000000000000   0.0000000000000000   0.0000000000000000   0.0000000000000000   0.0000000000000000   0.0000000000000000   0.0000000000000000   0.0000000000000000   0.0000000000000000   0.0000000000000000   0.0000000000000000   0.0000000000000000   0.0000000000000000   0.0000000000000000   0.0000000000000000   0.0000000000000000   0.0000000000000000   0.0000000000000000   0.0000000000000000   0.0000000000000000   0.0000000000000000   0.0000000000000000   0.0000000000000000   0.0000000000000000   0.0000000000000000   0.0000000000000000   0.0000000000000000   0.0000000000000000   0.0000000000000000   0.0000000000000000   0.0000000000000000   0.0000000000000000   0.0000000000000000   0.0000000000000000   0.0000000000000000   0.0000000000000000   0.0000000000000000   0.0000000000000000   0.0000000000000000   0.0000000000000000   0.0000000000000000   0.0000000000000000   0.0000000000000000   0.0000000000000000   0.0000000000000000   0.0000000000000000   0.0000000000000000   0.0000000000000000   0.0000000000000000   0.0000000000000000   0.0000000000000000   0.0000000000000000   0.0000000000000000   0.0000000000000000   0.0000000000000000   0.0000000000000000   0.0000000000000000   0.0000000000113506   0.0000000001134475   0.0000000004531577   0.0000000030395463   0.1959870047907283   0.0000000000000000   0.0000000000000000   0.0000000600579103   0.0000001144819297   0.0000001511868462   0.0000002896115295   0.0000005383457331   0.0000009843430292   0.0000017688692827   0.0000031196633351   0.0000053910946575   0.0000091159939209   0.0000150881166416   0.0000241028051863   0.0000407149127722   0.2493104616974224   0.3493722430813445   0.5181670810455045   0.7327009646878891   0.9350383815562991   1.1042770763435370   1.2413076154290312   1.3732892867841062   1.5605893419566976   1.7693843080410681   1.9530520129986413   2.1142238043171599   0.0000000000000000   0.0000000000000000   0.0000000000000000   0.0000000000000000   0.0000000000000000   0.0000000000000000   0.0000000000000000   0.0000000000000000   0.0000000000000000   0.0000000000000000   0.0000000000000000   0.0000000000000000   0.0000000000000000   0.0000000000000000   0.0000000000000000   0.0000000000000000
   0.0000000000000000   0.0000000000000000   0.0000000000000000   0.0000000000000000   0.0000000000000000   0.0000000000000000   0.0000000000000000   0.0000000000000000   0.0000000000000000   0.0000000000000000   0.0000000000000000   0.0000000000000000   0.0000000000000000   0.0000000000000000   0.0000000000000000   0.0000000000000000   0.0000000000000000   0.0000000000000000   0.0000000000000000   0.0000000000000000   0.0000000000000000   0.0000000000000000   0.0000000000000000   0.0000000000000000   0.0000000000000000   0.0000000000000000   0.0000000000000000   0.0000000000000000   0.0000000000000000   0.0000000000000000   0.0000000000000000   0.0000000000000000   0.0000000000000000   0.0000000000000000   0.0000000000000000   0.0000000000000000   0.0000000000000000   0.0000000000000000   0.0000000000000000   0.0000000000000000   0.0000000000000000   0.0000000000000000   0.0000000000000000   0.0000000000000000   0.0000000000000000   0.0000000000000000   0.0000000000000000   0.0000000000000000   0.0000000000000000   0.0000000000000000   0.0000000000000000   0.0000000000000000   0.0000000000000000   0.0000000000000000   0.0000000000000000   0.0000000000000000   0.0000000000000000   0.0000000000000000   0.0000000000000000   0.0000000000000000   0.0000000000000000   0.0000000000000000   0.0000000000000000   0.0000000000000000   0.0000000000000000   0.0000000000000000   0.0000000000000000   0.0000000000000000   0.0000000000000000   0.0000000000000000   0.0000000000000000   0.0000000000000000   0.0000000000000000   0.0000000000000000   0.0000000000000000   0.0000000000000000   0.0000000000000000   0.0000000000000000   0.0000000000000000   0.0000000000000000   0.0000000000000000   0.0000000000000000   0.0000000000000000   0.0000000000000000   0.0000000000000000   0.0000000000000000   0.0000000000000000   0.0000000000000000   0.0000000000000000   0.0000000000000000   0.0000000000000000   0.0000000000000000   0.0000000000000000   0.0000000000000000   0.0000000000000000   0.0000000000000000   0.0000000000000000   0.0000000000000000   0.0000000000000000   0.0000000000000000   0.0000000000000000   0.0000000000000000   0.0000000000000000   0.0000000000000000   0.0000000000000000   0.0000000000000000   0.0000000000000000   0.0000000000000000   0.0000000000000000   0.0000000000000000   0.0000000706526680   0.0000000000000000   0.0000000000000000   0.0000000000000000   0.0000000000000000   0.0000000000000000   0.0000000000000000   0.0000000000000000   0.0000000000000000   0.0000000000000000   0.0000000000000000   0.0000000000000000   0.0000000000000000   0.0000000448866877   0.0000000852439513   0.0000001567894705   0.0000002833901102   0.0000005029311089   0.0000008749129251   0.0000014896876731   0.0000024800763563   0.0000040441679621   0.0000062039494841   0.0028868003530404   0.3031467483056022   0.4529648203542846   0.6379814970426377   0.8174172383998027   0.9772812603624056   1.1273386020700997   1.2707711546761755   1.4388301905617804   1.6526171448287399   1.8476431568192453   1.9752456672471437   2.0875728928440953   0.0000000000000000   0.0000000000000000   0.0000000000000000   0.0000000000000000   0.0000000000000000   0.0000000000000000   0.0000000000000000   0.0000000000000000   0.0000000000000000   0.0000000000000000   0.0000000000000000   0.0000000000000000   0.0000000000000000   0.0000000000000000   0.0000000000000000   0.0000000000000000
   0.0000000000000000   0.0000000000000000   0.0000000000000000   0.0000000000000000   0.0000000000000000   0.0000000000000000   0.0000000000000000   0.0000000000000000   0.0000000000000000   0.0000000000000000   0.0000000000000000   0.0000000000000000   0.0000000000000000   0.0000000000000000   0.0000000000000000   0.0000000000000000   0.0000000000000000   0.0000000000000000   0.0000000000000000   0.0000000000000000   0.0000000000000000   0.0000000000000000   0.0000000000000000   0.0000000000000000   0.0000000000000000   0.0000000000000000   0.0000000000000000   0.0000000000000000   0.0000000000000000   0.0000000000000000   0.0000000000000000   0.0000000000000000   0.0000000000000000   0.0000000000000000   0.0000000000000000   0.0000000000000000   0.0000000000000000   0.0000000000000000   0.0000000000000000   0.0000000000000000   0.0000000000000000   0.0000000000000000   0.0000000000000000   0.0000000000000000   0.0000000000000000   0.0000000000000000   0.0000000000000000   0.0000000000000000   0.0000000000000000   0.0000000000000000   0.0000000000000000   0.0000000000000000   0.0000000000000000   0.0000000000000000   0.0000000000000000   0.0000000000000000   0.0000000000000000   0.0000000000000000   0.0000000000000000   0.0000000000000000   0.0000000000000000   0.0000000000000000   0.0000000000000000   0.0000000000000000   0.0000000000000000   0.0000000000000000   0.0000000000000000   0.0000000000000000   0.0000000000000000   0.0000000000000000   0.0000000000000000   0.0000000000000000   0.0000000000000000   0.0000000000000000   0.0000000000000000   0.0000000000000000   0.0000000000000000   0.0000000000000000   0.0000000000000000   0.0000000000000000   0.0000000000000000   0.0000000000000000   0.0000000000000000   0.0000000000000000   0.0000000000000000   0.0000000000000000   0.0000000000000000   0.0000000000000000   0.0000000000000000   0.0000000000000000   0.0000000000000000   0.0000000000000000   0.0000000000000000   0.0000000000000000   0.0000000000000000   0.0000000000000000   0.0000000000000000   0.0000000000000000   0.0000000000000000   0.0000000000000000   0.0000000000000000   0.0000000000000000   0.0000000000000000   0.0000000000000000   0.0000000000000000   0.0000000000000000   0.0000000000000000   0.0000000000000000   0.0000000000000000   0.0000000000000000   0.0000000485103730   1.8218273407085184   0.0000000000000000   0.0000000000000000   0.0000000000000000   0.0000000000000000   0.0000000000000000   0.0000000000000000   0.0000000000000000   0.0000000000000000   0.0000000000000000   0.0000000000000000   0.0000000000000000   0.0000000187305153   0.0000000343935423   0.0000000622357964   0.0000001105185377   0.0000001923863390   0.0000003277899969   0.0000005460825988   0.0000008896327893   0.0000014073222561   0.0000020549940951   0.2216275509137461   0.3941150942383947   0.5690393212716118   0.7342102822237087   0.8686894689367052   1.0030954927402258   1.1565976772191526   1.3221358595725732   1.5248692828488275   1.7525873298652315   1.9418668121660956   2.0693297400820647   2.0322899414441316   0.0000000000000000   0.0000000000000000   0.0000000000000000   0.0000000000000000   0.0000000000000000   0.0000000000000000   0.0000000000000000   0.0000000000000000   0.0000000000000000   0.0000000000000000   0.0000000000000000   0.0000000000000000   0.0000000000000000   0.0000000000000000   0.0000000000000000   0.0000000000000000
   0.0000000000000000   0.0000000000000000   0.0000000000000000   0.0000000000000000   0.0000000000000000   0.0000000000000000   0.0000000000000000   0.0000000000000000   0.0000000000000000   0.0000000000000000   0.0000000000000000   0.0000000000000000   0.0000000000000000   0.0000000000000000   0.0000000000000000   0.0000000000000000   0.0000000000000000   0.0000000000000000   0.0000000000000000   0.0000000000000000   0.0000000000000000   0.0000000000000000   0.0000000000000000   0.0000000000000000   0.0000000000000000   0.0000000000000000   0.0000000000000000   0.0000000000000000   0.0000000000000000   0.0000000000000000   0.0000000000000000   0.0000000000000000   0.0000000000000000   0.0000000000000000   0.0000000000000000   0.0000000000000000   0.0000000000000000   0.0000000000000000   0.0000000000000000   0.0000000000000000   0.0000000000000000   0.0000000000000000   0.0000000000000000   0.0000000000000000   0.0000000000000000   0.0000000000000000   0.0000000000000000   0.0000000000000000   0.0000000000000000   0.0000000000000000   0.0000000000000000   0.0000000000000000   0.0000000000000000   0.0000000000000000   0.0000000000000000   0.0000000000000000   0.0000000000000000   0.0000000000000000   0.0000000000000000   0.0000000000000000   0.0000000000000000   0.0000000000000000   0.0000000000000000   0.0000000000000000   0.0000000000000000   0.0000000000000000   0.0000000000000000   0.0000000000000000   0.0000000000000000   0.0000000000000000   0.0000000000000000   0.0000000000000000   0.0000000000000000   0.0000000000000000   0.0000000000000000   0.0000000000000000   0.0000000000000000   0.0000000000000000   0.0000000000000000   0.0000000000000000   0.0000000000000000   0.0000000000000000   0.0000000000000000   0.0000000000000000   0.0000000000000000   0.0000000000000000   0.0000000000000000   0.0000000000000000   0.0000000000000000   0.0000000000000000   0.0000000000000000   0.0000000000000000   0.0000000000000000   0.0000000000000000   0.0000000000000000   0.0000000000000000   0.0000000000000000   0.0000000000000000   0.0000000000000000   0.0000000000000000   0.0000000000000000   0.0000000000000000   0.0000000000000000   0.0000000000000000   0.0000000000000000   0.0000000000000000   0.0000000000000000   0.0000000000000000   0.0000000000000000   0.0000000000000000   0.0000076184631908   1.8781294929357770   0.0000000000000000   0.0000000000000000   0.0000000000000000   0.0000000000000000   0.0000000000000000   0.0000000000000000   0.0000000000000000   0.0000000000000000   0.0000000000000000   0.0000000000000000   0.0000000000000000   0.0000000000000000   0.0000000000000000   0.0000000000163310   0.0000000000283507   0.0000000000483182   0.0000000000806028   0.0000000001311064   0.0000000005254382   0.0000000008502795   0.0000003099531968   0.2875781672804688   0.4927265356778236   0.6835258476077950   0.8124186353634563   0.9063013262299553   1.0299626766696668   1.1960384480317274   1.3874897469718215   1.6174134791447596   1.8611953774393091   2.0694996877789213   2.2525088752176101   0.0000000000000000   0.0000000000000000   0.0000000000000000   0.0000000000000000   0.0000000000000000   0.0000000000000000   0.0000000000000000   0.0000000000000000   0.0000000000000000   0.0000000000000000   0.0000000000000000   0.0000000000000000   0.0000000000000000   0.0000000000000000   0.0000000000000000   0.0000000000000000   0.0000000000000000
   0.0000000000000000   0.0000000000000000   0.0000000000000000   0.0000000000000000   0.0000000000000000   0.0000000000000000   0.0000000000000000   0.0000000000000000   0.0000000000000000   0.0000000000000000   0.0000000000000000   0.0000000000000000   0.0000000000000000   0.0000000000000000   0.0000000000000000   0.0000000000000000   0.0000000000000000   0.0000000000000000   0.0000000000000000   0.0000000000000000   0.0000000000000000   0.0000000000000000   0.0000000000000000   0.0000000000000000   0.0000000000000000   0.0000000000000000   0.0000000000000000   0.0000000000000000   0.0000000000000000   0.0000000000000000   0.0000000000000000   0.0000000000000000   0.0000000000000000   0.0000000000000000   0.0000000000000000   0.0000000000000000   0.0000000000000000   0.0000000000000000   0.0000000000000000   0.0000000000000000   0.0000000000000000   0.0000000000000000   0.0000000000000000   0.0000000000000000   0.0000000000000000   0.0000000000000000   0.0000000000000000   0.0000000000000000   0.0000000000000000   0.0000000000000000   0.0000000000000000   0.0000000000000000   0.0000000000000000   0.0000000000000000   0.0000000000000000   0.0000000000000000   0.0000000000000000   0.0000000000000000   0.0000000000000000   0.0000000000000000   0.0000000000000000   0.0000000000000000   0.0000000000000000   0.0000000000000000   0.0000000000000000   0.0000000000000000   0.0000000000000000   0.0000000000000000   0.0000000000000000   0.0000000000000000   0.0000000000000000   0.0000000000000000   0.0000000000000000   0.0000000000000000   0.0000000000000000   0.0000000000000000   0.0000000000000000   0.0000000000000000   0.0000000000000000   0.0000000000000000   0.0000000000000000   0.0000000000000000   0.0000000000000000   0.0000000000000000   0.0000000000000000   0.0000000000000000   0.0000000000000000   0.0000000000000000   0.0000000000000000   0.0000000000000000   0.0000000000000000   0.0000000000000000   0.0000000000000000   0.0000000000000000   0.0000000000000000   0.0000000000000000   0.0000000000000000   0.0000000000000000   0.0000000000000000   0.0000000000000000   0.0000000000000000   0.0000000000000000   0.0000000000000000   0.0000000000000000   0.0000000000000000   0.0000000000000000   0.0000000000000000   0.0000000000000000   0.0000000000000000   0.0000000000000000   0.0000445159798781   0.0000000000000000   0.0000000000000000   0.0000000000000000   0.0000000000000000   0.0000000000000000   0.0000000000000000   0.0000000000000000   0.0000000000000000   0.0000000000000000   0.0000000000000000   0.0000000000000000   0.0000000000000042   0.0000000000000047   0.0000000000000053   0.0000000000000065   0.0000000000000078   0.0000000000000094   0.0000000000000116   0.0000000000000146   0.0000000000004132   0.0000000000007369   0.0000959854689067   0.3688511053178858   0.6185878859632713   0.7995565192677829   0.8867861636842058   0.9491691472089124   1.0698940388907188   1.2492418228936857   1.4644231881597261   1.7106761552722867   1.9685319284825811   2.2165940450807997   2.3030725313810261   0.0000000000000000   0.0000000000000000   0.0000000000000000   0.0000000000000000   0.0000000000000000   0.0000000000000000   0.0000000000000000   0.0000000000000000   0.0000000000000000   0.0000000000000000   0.0000000000000000   0.0000000000000000   0.0000000000000000   0.0000000000000000   0.0000000000000000   0.0000000000000000   0.0000000000000000
   0.0000000000000000   0.0000000000000000   0.0000000000000000   0.0000000000000000   0.0000000000000000   0.0000000000000000   0.0000000000000000   0.0000000000000000   0.0000000000000000   0.0000000000000000   0.0000000000000000   0.0000000000000000   0.0000000000000000   0.0000000000000000   0.0000000000000000   0.0000000000000000   0.0000000000000000   0.0000000000000000   0.0000000000000000   0.0000000000000000   0.0000000000000000   0.0000000000000000   0.0000000000000000   0.0000000000000000   0.0000000000000000   0.0000000000000000   0.0000000000000000   0.0000000000000000   0.0000000000000000   0.0000000000000000   0.0000000000000000   0.0000000000000000   0.0000000000000000   0.0000000000000000   0.0000000000000000   0.0000000000000000   0.0000000000000000   0.0000000000000000   0.0000000000000000   0.0000000000000000   0.0000000000000000   0.0000000000000000   0.0000000000000000   0.0000000000000000   0.0000000000000000   0.0000000000000000   0.0000000000000000   0.0000000000000000   0.0000000000000000   0.0000000000000000   0.0000000000000000   0.0000000000000000   0.0000000000000000   0.0000000000000000   0.0000000000000000   0.0000000000000000   0.0000000000000000   0.0000000000000000   0.0000000000000000   0.0000000000000000   0.0000000000000000   0.0000000000000000   0.0000000000000000   0.0000000000000000   0.0000000000000000   0.0000000000000000   0.0000000000000000   0.0000000000000000   0.0000000000000000   0.0000000000000000   0.0000000000000000   0.0000000000000000   0.0000000000000000   0.0000000000000000   0.0000000000000000   0.0000000000000000   0.0000000000000000   0.0000000000000000   0.0000000000000000   0.0000000000000000   0.0000000000000000   0.0000000000000000   0.0000000000000000   0.0000000000000000   0.0000000000000000   0.0000000000000000   0.0000000000000000   0.0000000000000000   0.0000000000000000   0.0000000000000000   0.0000000000000000   0.0000000000000000   0.0000000000000000   0.0000000000000000   0.0000000000000000   0.0000000000000000   0.0000000000000000   0.0000000000000000   0.0000000000000000   0.0000000000000000   0.0000000000000000   0.0000000000000000   0.0000000000000000   0.0000000000000000   0.0000000000000000   0.0000000000000000   0.0000000000000000   0.0000000000000000   0.0000000000000000   0.0000000000000000   0.0001978683150343   0.0000000000000000   0.0000000000000000   0.0000000000000000   0.0000000000000000   0.0000000000000000   0.0000000000000000   0.0000000000000000   0.0000000000000000   0.0000000000000000   0.0000000000000000   0.0000000000000000   0.0000000000017654   0.0000000000019787   0.0000000000022304   0.0000000000025151   0.0000000000028478   0.0000000000032427   0.0000000000037186   0.0000000000044442   0.0000000000061459   0.0000000000065513   0.0325814270162053   0.5405782303059572   0.7818081620394834   0.9237808166214246   0.9700134361080041   1.0099469539754042   1.1281123100771322   1.3191429010833626   1.5581030758495191   1.8203177029794257   2.0809371377496397   2.4896467465817307   0.0000000000000000   0.0000000000000000   0.0000000000000000   0.0000000000000000   0.0000000000000000   0.0000000000000000   0.0000000000000000   0.0000000000000000   0.0000000000000000   0.0000000000000000   0.0000000000000000   0.0000000000000000   0.0000000000000000   0.0000000000000000   0.0000000000000000   0.0000000000000000   0.0000000000000000   0.0000000000000000
   0.0000000000000000   0.0000000000000000   0.0000000000000000   0.0000000000000000   0.0000000000000000   0.0000000000000000   0.0000000000000000   0.0000000000000000   0.0000000000000000   0.0000000000000000   0.0000000000000000   0.0000000000000000   0.0000000000000000   0.0000000000000000   0.0000000000000000   0.0000000000000000   0.0000000000000000   0.0000000000000000   0.0000000000000000   0.0000000000000000   0.0000000000000000   0.0000000000000000   0.0000000000000000   0.0000000000000000   0.0000000000000000   0.0000000000000000   0.0000000000000000   0.0000000000000000   0.0000000000000000   0.0000000000000000   0.0000000000000000   0.0000000000000000   0.0000000000000000   0.0000000000000000   0.0000000000000000   0.0000000000000000   0.0000000000000000   0.0000000000000000   0.0000000000000000   0.0000000000000000   0.0000000000000000   0.0000000000000000   0.0000000000000000   0.0000000000000000   0.0000000000000000   0.0000000000000000   0.0000000000000000   0.0000000000000000   0.0000000000000000   0.0000000000000000   0.0000000000000000   0.0000000000000000   0.0000000000000000   0.0000000000000000   0.0000000000000000   0.0000000000000000   0.0000000000000000   0.0000000000000000   0.0000000000000000   0.0000000000000000   0.0000000000000000   0.0000000000000000   0.0000000000000000   0.0000000000000000   0.0000000000000000   0.0000000000000000   0.0000000000000000   0.0000000000000000   0.0000000000000000   0.0000000000000000   0.0000000000000000   0.0000000000000000   0.0000000000000000   0.0000000000000000   0.0000000000000000   0.0000000000000000   0.0000000000000000   0.0000000000000000   0.0000000000000000   0.0000000000000000   0.0000000000000000   0.0000000000000000   0.0000000000000000   0.0000000000000000   0.0000000000000000   0.0000000000000000   0.0000000000000000   0.0000000000000000   0.0000000000000000   0.0000000000000000   0.0000000000000000   0.0000000000000000   0.0000000000000000   0.0000000000000000   0.0000000000000000   0.0000000000000000   0.0000000000000000   0.0000000000000000   0.0000000000000000   0.0000000000000000   0.0000000000000000   0.0000000000000000   0.0000000000000000   0.0000000000000000   0.0000000000000000   0.0000000000000000   0.0000000000000000   0.0000000000000000   0.0000000000000000   0.0000000000000000   0.0006757465366655   0.0000000000000000   0.0000000000000000   0.0000000000000000   0.0000000000000000   0.0000000000000000   0.0000000000000000   0.0000000000000000   0.0000000000000000   0.0000000000000000   0.0000000000000000   0.0000000000000000   0.0000000001615530   0.0000000001805934   0.0000000002030888   0.0000000002284458   0.0000000002577252   0.0000000002919237   0.0000000003340313   0.0000000004359678   0.0000000004793290   0.0026741616594033   0.9440640706077972   0.8669186680018699   0.9717332926079774   1.0484867253932926   1.0622286749714953   1.0873002997624044   1.2018334611104062   1.4037818278603085   1.6620992013785987   1.9360190436141562   2.1807682237228501   2.4324541383593590   2.2919782973446661   0.0000000000000000   0.0000000000000000   0.0000000000000000   0.0000000000000000   0.0000000000000000   0.0000000000000000   0.0000000000000000   0.0000000000000000   0.0000000000000000   0.0000000000000000   0.0000000000000000   0.0000000000000000   0.0000000000000000   0.0000000000000000   0.0000000000000000   0.0000000000000000   0.0000000000000000
   0.0000000000000000   0.0000000000000000   0.0000000000000000   0.0000000000000000   0.0000000000000000   0.0000000000000000   0.0000000000000000   0.0000000000000000   0.0000000000000000   0.0000000000000000   0.0000000000000000   0.0000000000000000   0.0000000000000000   0.0000000000000000   0.0000000000000000   0.0000000000000000   0.0000000000000000   0.0000000000000000   0.0000000000000000   0.0000000000000000   0.0000000000000000   0.0000000000000000   0.0000000000000000   0.0000000000000000   0.0000000000000000   0.0000000000000000   0.0000000000000000   0.0000000000000000   0.0000000000000000   0.0000000000000000   0.0000000000000000   0.0000000000000000   0.0000000000000000   0.0000000000000000   0.0000000000000000   0.0000000000000000   0.0000000000000000   0.0000000000000000   0.0000000000000000   0.0000000000000000   0.0000000000000000   0.0000000000000000   0.0000000000000000   0.0000000000000000   0.0000000000000000   0.0000000000000000   0.0000000000000000   0.0000000000000000   0.0000000000000000   0.0000000000000000   0.0000000000000000   0.0000000000000000   0.0000000000000000   0.0000000000000000   0.0000000000000000   0.0000000000000000   0.0000000000000000   0.0000000000000000   0.0000000000000000   0.0000000000000000   0.0000000000000000   0.0000000000000000   0.0000000000000000   0.0000000000000000   0.0000000000000000   0.0000000000000000   0.0000000000000000   0.0000000000000000   0.0000000000000000   0.0000000000000000   0.0000000000000000   0.0000000000000000   0.0000000000000000   0.0000000000000000   0.0000000000000000   0.0000000000000000   0.0000000000000000   0.0000000000000000   0.0000000000000000   0.0000000000000000   0.0000000000000000   0.0000000000000000   0.0000000000000000   0.0000000000000000   0.0000000000000000   0.0000000000000000   0.0000000000000000   0.0000000000000000   0.0000000000000000   0.0000000000000000   0.0000000000000000   0.0000000000000000   0.0000000000000000   0.0000000000000000   0.0000000000000000   0.0000000000000000   0.0000000000000000   0.0000000000000000   0.0000000000000000   0.0000000000000000   0.0000000000000000   0.0000000000000000   0.0000000000000000   0.0000000000000000   0.0000000000000000   0.0000000000000000   0.0000000000000000   0.0000000000000000   0.0000000000000000   0.0000000000000000   0.0019003760470603   0.0000000000000000   0.0000000000000000   0.0000000000000000   0.0000000000000000   0.0000000000000000   0.0000000056297116   0.0000000413786053   0.0000000000000000   0.0000000000000000   0.0000000000000000   0.0000000000000000   0.0000000101116244   0.0000000112863391   0.0000000126799674   0.0000000142422051   0.0000000160310971   0.0000000180941969   0.0000000243804547   0.0000000281376872   0.0000000372614294   0.4856376862541250   0.6226716038140113   0.9498454550527862   1.0983364054399076   1.1528895976949061   1.1534762152079170   1.1710352968147451   1.2858166381119445   1.4979576633841294   1.7616757053188934   2.0366732150393800   2.3034398475162363   2.5603301520968231   2.6991437071840774   0.0000000000000000   0.0000000000000000   0.0000000000000000   0.0000000000000000   0.0000000000000000   0.0000000000000000   0.0000000000000000   0.0000000000000000   0.0000000000000000   0.0000000000000000   0.0000000000000000   0.0000000000000000   0.0000000000000000   0.0000000000000000   0.0000000000000000   0.0000000000000000   0.0000000000000000
   0.0000000000000000   0.0000000000000000   0.0000000000000000   0.0000000000000000   0.0000000000000000   0.0000000000000000   0.0000000000000000   0.0000000000000000   0.0000000000000000   0.0000000000000000   0.0000000000000000   0.0000000000000000   0.0000000000000000   0.0000000000000000   0.0000000000000000   0.0000000000000000   0.0000000000000000   0.0000000000000000   0.0000000000000000   0.0000000000000000   0.0000000000000000   0.0000000000000000   0.0000000000000000   0.0000000000000000   0.0000000000000000   0.0000000000000000   0.0000000000000000   0.0000000000000000   0.0000000000000000   0.0000000000000000   0.0000000000000000   0.0000000000000000   0.0000000000000000   0.0000000000000000   0.0000000000000000   0.0000000000000000   0.0000000000000000   0.0000000000000000   0.0000000000000000   0.0000000000000000   0.0000000000000000   0.0000000000000000   0.0000000000000000   0.0000000000000000   0.0000000000000000   0.0000000000000000   0.0000000000000000   0.0000000000000000   0.0000000000000000   0.0000000000000000   0.0000000000000000   0.0000000000000000   0.0000000000000000   0.0000000000000000   0.0000000000000000   0.0000000000000000   0.0000000000000000   0.0000000000000000   0.0000000000000000   0.0000000000000000   0.0000000000000000   0.0000000000000000   0.0000000000000000   0.0000000000000000   0.0000000000000000   0.0000000000000000   0.0000000000000000   0.0000000000000000   0.0000000000000000   0.0000000000000000   0.0000000000000000   0.0000000000000000   0.0000000000000000   0.0000000000000000   0.0000000000000000   0.0000000000000000   0.0000000000000000   0.0000000000000000   0.0000000000000000   0.0000000000000000   0.0000000000000000   0.0000000000000000   0.0000000000000000   0.0000000000000000   0.0000000000000000   0.0000000000000000   0.0000000000000000   0.0000000000000000   0.0000000000000000   0.0000000000000000   0.0000000000000000   0.0000000000000000   0.0000000000000000   0.0000000000000000   0.0000000000000000   0.0000000000000000   0.0000000000000000   0.0000000000000000   0.0000000000000000   0.0000000000000000   0.0000000000000000   0.0000000000000000   0.0000000000000000   0.0000000000000000   0.0000000000000000   0.0000000000000000   0.0000000000000000   0.0000000000000000   0.0000000000000000   0.0000000000000000   0.0046557359967752   0.0000000000000000   0.0000000000000000   0.0000000000000000   0.0000000000000000   0.0000000000000000   0.0000002629416152   0.0000003727823401   0.0000004612608970   0.0000005069237018   0.0000006058443967   0.0000007900308970   0.0000009403352446   0.0000010475661863   0.0000011715480329   0.0000013132108025   0.0000014748430414   0.0000017015672455   0.0000024034959802   0.0000027323587489   0.4817857979199640   0.5448577935063318   0.7119485337880186   1.0172764260796636   1.1783281861800730   1.2291527163963585   1.2300326459795485   1.2488301831457340   1.3749535608604413   1.5940131541957052   1.8495055535456042   2.1142535714506465   2.4190663398515850   2.8245856530934534   3.1248252092261857   0.0000000000000000   0.0000000000000000   0.0000000000000000   0.0000000000000000   0.0000000000000000   0.0000000000000000   0.0000000000000000   0.0000000000000000   0.0000000000000000   0.0000000000000000   0.0000000000000000   0.0000000000000000   0.0000000000000000   0.0000000000000000   0.0000000000000000   0.0000000000000000   0.0000000000000000
   0.0000000000000000   0.0000000000000000   0.0000000000000000   0.0000000000000000   0.0000000000000000   0.0000000000000000   0.0000000000000000   0.0000000000000000   0.0000000000000000   0.0000000000000000   0.0000000000000000   0.0000000000000000   0.0000000000000000   0.0000000000000000   0.0000000000000000   0.0000000000000000   0.0000000000000000   0.0000000000000000   0.0000000000000000   0.0000000000000000   0.0000000000000000   0.0000000000000000   0.0000000000000000   0.0000000000000000   0.0000000000000000   0.0000000000000000   0.0000000000000000   0.0000000000000000   0.0000000000000000   0.0000000000000000   0.0000000000000000   0.0000000000000000   0.0000000000000000   0.0000000000000000   0.0000000000000000   0.0000000000000000   0.0000000000000000   0.0000000000000000   0.0000000000000000   0.0000000000000000   0.0000000000000000   0.0000000000000000   0.0000000000000000   0.0000000000000000   0.0000000000000000   0.0000000000000000   0.0000000000000000   0.0000000000000000   0.0000000000000000   0.0000000000000000   0.0000000000000000   0.0000000000000000   0.0000000000000000   0.0000000000000000   0.0000000000000000   0.0000000000000000   0.0000000000000000   0.0000000000000000   0.0000000000000000   0.0000000000000000   0.0000000000000000   0.0000000000000000   0.0000000000000000   0.0000000000000000   0.0000000000000000   0.0000000000000000   0.0000000000000000   0.0000000000000000   0.0000000000000000   0.0000000000000000   0.0000000000000000   0.0000000000000000   0.0000000000000000   0.0000000000000000   0.0000000000000000   0.0000000000000000   0.0000000000000000   0.0000000000000000   0.0000000000000000   0.0000000000000000   0.0000000000000000   0.0000000000000000   0.0000000000000000   0.0000000000000000   0.0000000000000000   0.0000000000000000   0.0000000000000000   0.0000000000000000   0.0000000000000000   0.0000000000000000   0.0000000000000000   0.0000000000000000   0.0000000000000000   0.0000000000000000   0.0000000000000000   0.0000000000000000   0.0000000000000000   0.0000000000000000   0.0000000000000000   0.0000000000000000   0.0000000000000000   0.0000000000000000   0.0000000000000000   0.0000000000000000   0.0000000000000000   0.0000000000000000   0.0000000000000000   0.0000000000000000   0.0000000000000000   0.0000000000000000   0.0506142138492269   0.0000000000000000   0.0000000000000000   0.0000000000000000   0.0000000000000000   0.0000000000000000   0.0000131200823861   0.0000142983988325   0.0000156211945312   0.0000171306664894   0.0000187770532675   0.0000205870326784   0.0000228720563217   0.0000272955739514   0.0000346845870812   0.0000465782782998   0.0000631112059007   0.0001361269901222   0.0001591292174440   0.0570532980818644   0.5779988419281358   0.5678306513623157   0.7753578841662817   1.0566903239997147   1.2179527110587791   1.2748373830548236   1.2841092119053639   1.3195280002652245   1.4654766537911874   1.6842217916586084   1.9257086432056321   2.1712707093626586   2.4441701035119290   3.0559194965953771   0.0000000000000000   0.0000000000000000   0.0000000000000000   0.0000000000000000   0.0000000000000000   0.0000000000000000   0.0000000000000000   0.0000000000000000   0.0000000000000000   0.0000000000000000   0.0000000000000000   0.0000000000000000   0.0000000000000000   0.0000000000000000   0.0000000000000000   0.0000000000000000   0.0000000000000000   0.0000000000000000
   0.0000000000000000   0.0000000000000000   0.0000000000000000   0.0000000000000000   0.0000000000000000   0.0000000000000000   0.0000000000000000   0.0000000000000000   0.0000000000000000   0.0000000000000000   0.0000000000000000   0.0000000000000000   0.0000000000000000   0.0000000000000000   0.0000000000000000   0.0000000000000000   0.0000000000000000   0.0000000000000000   0.0000000000000000   0.0000000000000000   0.0000000000000000   0.0000000000000000   0.0000000000000000   0.0000000000000000   0.0000000000000000   0.0000000000000000   0.0000000000000000   0.0000000000000000   0.0000000000000000   0.0000000000000000   0.0000000000000000   0.0000000000000000   0.0000000000000000   0.0000000000000000   0.0000000000000000   0.0000000000000000   0.0000000000000000   0.0000000000000000   0.0000000000000000   0.0000000000000000   0.0000000000000000   0.0000000000000000   0.0000000000000000   0.0000000000000000   0.0000000000000000   0.0000000000000000   0.0000000000000000   0.0000000000000000   0.0000000000000000   0.0000000000000000   0.0000000000000000   0.0000000000000000   0.0000000000000000   0.0000000000000000   0.0000000000000000   0.0000000000000000   0.0000000000000000   0.0000000000000000   0.0000000000000000   0.0000000000000000   0.0000000000000000   0.0000000000000000   0.0000000000000000   0.0000000000000000   0.0000000000000000   0.0000000000000000   0.0000000000000000   0.0000000000000000   0.0000000000000000   0.0000000000000000   0.0000000000000000   0.0000000000000000   0.0000000000000000   0.0000000000000000   0.0000000000000000   0.0000000000000000   0.0000000000000000   0.0000000000000000   0.0000000000000000   0.0000000000000000   0.0000000000000000   0.0000000000000000   0.0000000000000000   0.0000000000000000   0.0000000000000000   0.0000000000000000   0.0000000000000000   0.0000000000000000   0.0000000000000000   0.0000000000000000   0.0000000000000000   0.0000000000000000   0.0000000000000000   0.0000000000000000   0.0000000000000000   0.0000000000000000   0.0000000000000000   0.0000000000000000   0.0000000000000000   0.0000000000000000   0.0000000000000000   0.0000000000000000   0.0000000000000000   0.0000000000000000   0.0000000000000000   0.0000000000000000   0.0000000000000000   0.0000000000000000   0.0000000000000000   0.0000000000000000   0.0132089020312213   0.1447933461787483   0.0000000000000000   0.0000000000000000   0.0000000000000000   0.0008191568013352   0.0012888735276842   0.0016980362353066   0.0022057272932419   0.0028140764257613   0.0035451469924578   0.0044267809405329   0.0054926959064704   0.0067799642842623   0.0083291940678900   0.0101811753838327   0.0123540280259693   0.0154420322514677   0.0181758137554056   0.5690004458527940   0.5831805402455220   0.5993134766040540   0.8144161636967994   1.0675364048020395   1.2251406481499745   1.2921244331170236   1.3200127232205503   1.3890663991150654   1.5511738856979209   1.7621958230609913   1.9877023901420166   2.2179153174206920   2.4549877651654959   2.7789056652868971   3.1160843065538466   0.0000000000000000   0.0000000000000000   0.0000000000000000   0.0000000000000000   0.0000000000000000   0.0000000000000000   0.0000000000000000   0.0000000000000000   0.0000000000000000   0.0000000000000000   0.0000000000000000   0.0000000000000000   0.0000000000000000   0.0000000000000000   0.0000000000000000   0.0000000000000000   0.0000000000000000
   0.0000000000000000   0.0000000000000000   0.0000000000000000   0.0000000000000000   0.0000000000000000   0.0000000000000000   0.0000000000000000   0.0000000000000000   0.0000000000000000   0.0000000000000000   0.0000000000000000   0.0000000000000000   0.0000000000000000   0.0000000000000000   0.0000000000000000   0.0000000000000000   0.0000000000000000   0.0000000000000000   0.0000000000000000   0.0000000000000000   0.0000000000000000   0.0000000000000000   0.0000000000000000   0.0000000000000000   0.0000000000000000   0.0000000000000000   0.0000000000000000   0.0000000000000000   0.0000000000000000   0.0000000000000000   0.0000000000000000   0.0000000000000000   0.0000000000000000   0.0000000000000000   0.0000000000000000   0.0000000000000000   0.0000000000000000   0.0000000000000000   0.0000000000000000   0.0000000000000000   0.0000000000000000   0.0000000000000000   0.0000000000000000   0.0000000000000000   0.0000000000000000   0.0000000000000000   0.0000000000000000   0.0000000000000000   0.0000000000000000   0.0000000000000000   0.0000000000000000   0.0000000000000000   0.0000000000000000   0.0000000000000000   0.0000000000000000   0.0000000000000000   0.0000000000000000   0.0000000000000000   0.0000000000000000   0.0000000000000000   0.0000000000000000   0.0000000000000000   0.0000000000000000   0.0000000000000000   0.0000000000000000   0.0000000000000000   0.0000000000000000   0.0000000000000000   0.0000000000000000   0.0000000000000000   0.0000000000000000   0.0000000000000000   0.0000000000000000   0.0000000000000000   0.0000000000000000   0.0000000000000000   0.0000000000000000   0.0000000000000000   0.0000000000000000   0.0000000000000000   0.0000000000000000   0.0000000000000000   0.0000000000000000   0.0000000000000000   0.0000000000000000   0.0000000000000000   0.0000000000000000   0.0000000000000000   0.0000000000000000   0.0000000000000000   0.0000000000000000   0.0000000000000000   0.0000000000000000   0.0000000000000000   0.0000000000000000   0.0000000000000000   0.0000000000000000   0.0000000000000000   0.0000000000000000   0.0000000000000000   0.0000000000000000   0.0000000000000000   0.0000000000000000   0.0000000000000000   0.0000000000000000   0.0000000000000000   0.0000000000000000   0.0000000000000000   0.0000000000000000   0.0000000000000000   0.0000000000000000   0.0354354763533939   0.0401163627636625   0.0438733039813094   0.0482382639883915   0.0525034940930639   0.0564379136644774   0.0604500679096144   0.0643801292975802   0.0682756613101116   0.0722012317958693   0.0762302675706901   0.0804310638114754   0.0848529081676382   0.0895161716924340   0.0944062256072452   0.0995867392928825   0.1014834933243492   0.3689763309839266   0.6000985224257126   0.5662667241150778   0.6245478488981332   0.8278071609927511   1.0540825406749643   1.2076240738911279   1.2896670423809597   1.3504864767880331   1.4568824894139731   1.6252609733814898   1.8250721119824322   2.0340328119893254   2.2414835316925639   2.4398805808302013   2.6684890574204507   2.9343393074591559   3.2322569092219373   0.0000000000000000   0.0000000000000000   0.0000000000000000   0.0000000000000000   0.0000000000000000   0.0000000000000000   0.0000000000000000   0.0000000000000000   0.0000000000000000   0.0000000000000000   0.0000000000000000   0.0000000000000000   0.0000000000000000   0.0000000000000000   0.0000000000000000   0.0000000000000000
   0.0000000000000000   0.0000000000000000   0.0000000000000000   0.0000000000000000   0.0000000000000000   0.0000000000000000   0.0000000000000000   0.0000000000000000   0.0000000000000000   0.0000000000000000   0.0000000000000000   0.0000000000000000   0.0000000000000000   0.0000000000000000   0.0000000000000000   0.0000000000000000   0.0000000000000000   0.0000000000000000   0.0000000000000000   0.0000000000000000   0.0000000000000000   0.0000000000000000   0.0000000000000000   0.0000000000000000   0.0000000000000000   0.0000000000000000   0.0000000000000000   0.0000000000000000   0.0000000000000000   0.0000000000000000   0.0000000000000000   0.0000000000000000   0.0000000000000000   0.0000000000000000   0.0000000000000000   0.0000000000000000   0.0000000000000000   0.0000000000000000   0.0000000000000000   0.0000000000000000   0.0000000000000000   0.0000000000000000   0.0000000000000000   0.0000000000000000   0.0000000000000000   0.0000000000000000   0.0000000000000000   0.0000000000000000   0.0000000000000000   0.0000000000000000   0.0000000000000000   0.0000000000000000   0.0000000000000000   0.0000000000000000   0.0000000000000000   0.0000000000000000   0.0000000000000000   0.0000000000000000   0.0000000000000000   0.0000000000000000   0.0000000000000000   0.0000000000000000   0.0000000000000000   0.0000000000000000   0.0000000000000000   0.0000000000000000   0.0000000000000000   0.0000000000000000   0.0000000000000000   0.0000000000000000   0.0000000000000000   0.0000000000000000   0.0000000000000000   0.0000000000000000   0.0000000000000000   0.0000000000000000   0.0000000000000000   0.0000000000000000   0.0000000000000000   0.0000000000000000   0.0000000000000000   0.0000000000000000   0.0000000000000000   0.0000000000000000   0.0000000000000000   0.0000000000000000   0.0000000000000000   0.0000000000000000   0.0000000000000000   0.0000000000000000   0.0000000000000000   0.0000000000000000   0.0000000000000000   0.0000000000000000   0.0000000000000000   0.0000000000000000   0.0000000000000000   0.0000000000000000   0.0000000000000000   0.0000000000000000   0.0000000000000000   0.0000000000000000   0.0000000000000000   0.0000000000000000   0.0000000000000000   0.0000000000000000   0.0000000000000000   0.0000000000000000   0.0000000000000000   0.0000000000000000   0.0000000000000000   0.0000000000000000   0.0000000000000000   0.0000000000000000   0.0000000000000000   0.0000000000000000   0.0000000000000000   0.0000000000000000   0.0000000000000000   0.0000000000000000   0.0000000000000000   0.0000000000214880   0.0000000002759134   0.0000000011982096   0.0000000038714473   0.0000000109738812   0.0000000288500978   0.0000246042340232   0.5026987315710620   0.5924391967123982   0.5616545273762190   0.6410363381127376   0.8260485513863571   1.0269695401501930   1.1781633294335128   1.2815817121713606   1.3817052635479050   1.5160703025229492   1.6847043446702097   1.8727341345364605   2.0652848334282154   2.2531124813573933   2.4358136504045058   2.6362190306018101   2.8504869582046379   3.0072212488494054   3.1109366127113556   2.7532731944216104   2.0908898977511750   0.0000000000000000   0.0000000000000000   0.0000000000000000   0.0000000000000000   0.0000000000000000   0.0000000000000000   0.0000000000000000   0.0000000000000000   0.0000000000000000   0.0000000000000000   0.0000000000000000   0.0000000000000000   0.0000000000000000
   0.0000000000000000   0.0000000000000000   0.0000000000000000   0.0000000000000000   0.0000000000000000   0.0000000000000000   0.0000000000000000   0.0000000000000000   0.0000000000000000   0.0000000000000000   0.0000000000000000   0.0000000000000000   0.0000000000000000   0.0000000000000000   0.0000000000000000   0.0000000000000000   0.0000000000000000   0.0000000000000000   0.0000000000000000   0.0000000000000000   0.0000000000000000   0.0000000000000000   0.0000000000000000   0.0000000000000000   0.0000000000000000   0.0000000000000000   0.0000000000000000   0.0000000000000000   0.0000000000000000   0.0000000000000000   0.0000000000000000   0.0000000000000000   0.0000000000000000   0.0000000000000000   0.0000000000000000   0.0000000000000000   0.0000000000000000   0.0000000000000000   0.0000000000000000   0.0000000000000000   0.0000000000000000   0.0000000000000000   0.0000000000000000   0.0000000000000000   0.0000000000000000   0.0000000000000000   0.0000000000000000   0.0000000000000000   0.0000000000000000   0.0000000000000000   0.0000000000000000   0.0000000000000000   0.0000000000000000   0.0000000000000000   0.0000000000000000   0.0000000000000000   0.0000000000000000   0.0000000000000000   0.0000000000000000   0.0000000000000000   0.0000000000000000   0.0000000000000000   0.0000000000000000   0.0000000000000000   0.0000000000000000   0.0000000000000000   0.0000000000000000   0.0000000000000000   0.0000000000000000   0.0000000000000000   0.0000000000000000   0.0000000000000000   0.0000000000000000   0.0000000000000000   0.0000000000000000   0.0000000000000000   0.0000000000000000   0.0000000000000000   0.0000000000000000   0.0000000000000000   0.0000000000000000   0.0000000000000000   0.0000000000000000   0.0000000000000000   0.0000000000000000   0.0000000000000000   0.0000000000000000   0.0000000000000000   0.0000000000000000   0.0000000000000000   0.0000000000000000   0.0000000000000000   0.0000000000000000   0.0000000000000000   0.0000000000000000   0.0000000000000000   0.0000000000000000   0.0000000000000000   0.0000000000000000   0.0000000000000000   0.0000000000000000   0.0000000000000000   0.0000000000000000   0.0000000000000000   0.0000000000000000   0.0000000000000000   0.0000000000000000   0.0000000000000000   0.0000000000000000   0.0000000000000000   0.0000000000000000   0.0000000000000000   0.0000000000000000   0.0000000000000000   0.0000000000000000   0.0000000000000000   0.0000000000000000   0.0000000000000000   0.0000000000000000   0.0000000000000000   0.0000000000000000   0.0000000000000000   0.0000000001217374   0.0000000006352392   0.0000000020358987   0.0000000053179300   0.0000000122364867   0.0000075429988683   0.5621186604764222   0.5785651958966090   0.5627584674573642   0.6506030010554670   0.8181389320624632   0.9978536808147174   1.1487761274806110   1.2771395235482210   1.4110547760708132   1.5624982180215521   1.7300237303517121   1.9081880748169990   2.0884199041671381   2.2661369075014712   2.4444893729053727   2.6287882828030629   2.8049618812649797   2.9664397676620653   3.1444628781589308   3.1847847827449036   3.1335856031430662   0.0000000000000000   0.0000000000000000   0.0000000000000000   0.0000000000000000   0.0000000000000000   0.0000000000000000   0.0000000000000000   0.0000000000000000   0.0000000000000000   0.0000000000000000   0.0000000000000000   0.0000000000000000   0.0000000000000000
   0.0000000000000000   0.0000000000000000   0.0000000000000000   0.0000000000000000   0.0000000000000000   0.0000000000000000   0.0000000000000000   0.0000000000000000   0.0000000000000000   0.0000000000000000   0.0000000000000000   0.0000000000000000   0.0000000000000000   0.0000000000000000   0.0000000000000000   0.0000000000000000   0.0000000000000000   0.0000000000000000   0.0000000000000000   0.0000000000000000   0.0000000000000000   0.0000000000000000   0.0000000000000000   0.0000000000000000   0.0000000000000000   0.0000000000000000   0.0000000000000000   0.0000000000000000   0.0000000000000000   0.0000000000000000   0.0000000000000000   0.0000000000000000   0.0000000000000000   0.0000000000000000   0.0000000000000000   0.0000000000000000   0.0000000000000000   0.0000000000000000   0.0000000000000000   0.0000000000000000   0.0000000000000000   0.0000000000000000   0.0000000000000000   0.0000000000000000   0.0000000000000000   0.0000000000000000   0.0000000000000000   0.0000000000000000   0.0000000000000000   0.0000000000000000   0.0000000000000000   0.0000000000000000   0.0000000000000000   0.0000000000000000   0.0000000000000000   0.0000000000000000   0.0000000000000000   0.0000000000000000   0.0000000000000000   0.0000000000000000   0.0000000000000000   0.0000000000000000   0.0000000000000000   0.0000000000000000   0.0000000000000000   0.0000000000000000   0.0000000000000000   0.0000000000000000   0.0000000000000000   0.0000000000000000   0.0000000000000000   0.0000000000000000   0.0000000000000000   0.0000000000000000   0.0000000000000000   0.0000000000000000   0.0000000000000000   0.0000000000000000   0.0000000000000000   0.0000000000000000   0.0000000000000000   0.0000000000000000   0.0000000000000000   0.0000000000000000   0.0000000000000000   0.0000000000000000   0.0000000000000000   0.0000000000000000   0.0000000000000000   0.0000000000000000   0.0000000000000000   0.0000000000000000   0.0000000000000000   0.0000000000000000   0.0000000000000000   0.0000000000000000   0.0000000000000000   0.0000000000000000   0.0000000000000000   0.0000000000000000   0.0000000000000000   0.0000000000000000   0.0000000000000000   0.0000000000000000   0.0000000000000000   0.0000000000000000   0.0000000000000000   0.0000000000000000   0.0000000000000000   0.0000000000000000   0.0000000000000000   0.0000000000000000   0.0000000000000000   0.0000000000000000   0.0000000000000000   0.0000000000000000   0.0000000000000000   0.0000000000000000   0.0000000000000000   0.0000000000000000   0.0000000000000000   0.0000000000000000   0.0000000000267679   0.0000000002918009   0.0000000011337581   0.0000000032186015   0.0000000076031898   0.0000052288546069   0.5855964080098665   0.5695084931614415   0.5640689010833347   0.6557005960431382   0.8113473981634656   0.9777364613064786   1.1315350055265334   1.2806746819465273   1.4357139921233530   1.5969750144075361   1.7643393972254453   1.9366593157404683   2.1105386106507029   2.2845381503345794   2.4597796209240088   2.6355571886923128   2.8112002355774344   2.9995579958334240   3.1942023175815581   3.3745613946674928   3.6064789468584402   0.0000000000000000   0.0000000000000000   0.0000000000000000   0.0000000000000000   0.0000000000000000   0.0000000000000000   0.0000000000000000   0.0000000000000000   0.0000000000000000   0.0000000000000000   0.0000000000000000   0.0000000000000000   0.0000000000000000
   0.0000000000000000   0.0000000000000000   0.0000000000000000   0.0000000000000000   0.0000000000000000   0.0000000000000000   0.0000000000000000   0.0000000000000000   0.0000000000000000   0.0000000000000000   0.0000000000000000   0.0000000000000000   0.0000000000000000   0.0000000000000000   0.0000000000000000   0.0000000000000000   0.0000000000000000   0.0000000000000000   0.0000000000000000   0.0000000000000000   0.0000000000000000   0.0000000000000000   0.0000000000000000   0.0000000000000000   0.0000000000000000   0.0000000000000000   0.0000000000000000   0.0000000000000000   0.0000000000000000   0.0000000000000000   0.0000000000000000   0.0000000000000000   0.0000000000000000   0.0000000000000000   0.0000000000000000   0.0000000000000000   0.0000000000000000   0.0000000000000000   0.0000000000000000   0.0000000000000000   0.0000000000000000   0.0000000000000000   0.0000000000000000   0.0000000000000000   0.0000000000000000   0.0000000000000000   0.0000000000000000   0.0000000000000000   0.0000000000000000   0.0000000000000000   0.0000000000000000   0.0000000000000000   0.0000000000000000   0.0000000000000000   0.0000000000000000   0.0000000000000000   0.0000000000000000   0.0000000000000000   0.0000000000000000   0.0000000000000000   0.0000000000000000   0.0000000000000000   0.0000000000000000   0.0000000000000000   0.0000000000000000   0.0000000000000000   0.0000000000000000   0.0000000000000000   0.0000000000000000   0.0000000000000000   0.0000000000000000   0.0000000000000000   0.0000000000000000   0.0000000000000000   0.0000000000000000   0.0000000000000000   0.0000000000000000   0.0000000000000000   0.0000000000000000   0.0000000000000000   0.0000000000000000   0.0000000000000000   0.0000000000000000   0.0000000000000000   0.0000000000000000   0.0000000000000000   0.0000000000000000   0.0000000000000000   0.0000000000000000   0.0000000000000000   0.0000000000000000   0.0000000000000000   0.0000000000000000   0.0000000000000000   0.0000000000000000   0.0000000000000000   0.0000000000000000   0.0000000000000000   0.0000000000000000   0.0000000000000000   0.0000000000000000   0.0000000000000000   0.0000000000000000   0.0000000000000000   0.0000000000000000   0.0000000000000000   0.0000000000000000   0.0000000000000000   0.0000000000000000   0.0000000000000000   0.0000000000000000   0.0000000000000000   0.0000000000000000   0.0000000000000000   0.0000000000000000   0.0000000000000000   0.0000000000000000   0.0000000000000000   0.0000000000000000   0.0000000000000000   0.0000000000000000   0.0000000000000000   0.0000000000000000   0.0000000001343244   0.0000000006762977   0.0000000021293451   0.0000000051894507   0.0000267225893656   0.5882124179015658   0.5599365306275615   0.5634925881277215   0.6591157555015058   0.8119132114721341   0.9744571683158665   1.1327571719952505   1.2932232921372109   1.4577586090027828   1.6242794240088452   1.7927402308940030   1.9633514241910550   2.1354945937846193   2.3087328534042375   2.4831829429459695   2.6604291980345285   2.8467297590807408   3.0491997903149342   3.2618785067570122   3.4595070881926522   3.5448103408209684   3.4234870155728219   0.0000000000000000   0.0000000000000000   0.0000000000000000   0.0000000000000000   0.0000000000000000   0.0000000000000000   0.0000000000000000   0.0000000000000000   0.0000000000000000   0.0000000000000000   0.0000000000000000   0.0000000000000000
   0.0000000000000000   0.0000000000000000   0.0000000000000000   0.0000000000000000   0.0000000000000000   0.0000000000000000   0.0000000000000000   0.0000000000000000   0.0000000000000000   0.0000000000000000   0.0000000000000000   0.0000000000000000   0.0000000000000000   0.0000000000000000   0.0000000000000000   0.0000000000000000   0.0000000000000000   0.0000000000000000   0.0000000000000000   0.0000000000000000   0.0000000000000000   0.0000000000000000   0.0000000000000000   0.0000000000000000   0.0000000000000000   0.0000000000000000   0.0000000000000000   0.0000000000000000   0.0000000000000000   0.0000000000000000   0.0000000000000000   0.0000000000000000   0.0000000000000000   0.0000000000000000   0.0000000000000000   0.0000000000000000   0.0000000000000000   0.0000000000000000   0.0000000000000000   0.0000000000000000   0.0000000000000000   0.0000000000000000   0.0000000000000000   0.0000000000000000   0.0000000000000000   0.0000000000000000   0.0000000000000000   0.0000000000000000   0.0000000000000000   0.0000000000000000   0.0000000000000000   0.0000000000000000   0.0000000000000000   0.0000000000000000   0.0000000000000000   0.0000000000000000   0.0000000000000000   0.0000000000000000   0.0000000000000000   0.0000000000000000   0.0000000000000000   0.0000000000000000   0.0000000000000000   0.0000000000000000   0.0000000000000000   0.0000000000000000   0.0000000000000000   0.0000000000000000   0.0000000000000000   0.0000000000000000   0.0000000000000000   0.0000000000000000   0.0000000000000000   0.0000000000000000   0.0000000000000000   0.0000000000000000   0.0000000000000000   0.0000000000000000   0.0000000000000000   0.0000000000000000   0.0000000000000000   0.0000000000000000   0.0000000000000000   0.0000000000000000   0.0000000000000000   0.0000000000000000   0.0000000000000000   0.0000000000000000   0.0000000000000000   0.0000000000000000   0.0000000000000000   0.0000000000000000   0.0000000000000000   0.0000000000000000   0.0000000000000000   0.0000000000000000   0.0000000000000000   0.0000000000000000   0.0000000000000000   0.0000000000000000   0.0000000000000000   0.0000000000000000   0.0000000000000000   0.0000000000000000   0.0000000000000000   0.0000000000000000   0.0000000000000000   0.0000000000000000   0.0000000000000000   0.0000000000000000   0.0000000000000000   0.0000000000000000   0.0000000000000000   0.0000000000000000   0.0000000000000000   0.0000000000000000   0.0000000000000000   0.0000000000000000   0.0000000000000000   0.0000000000000000   0.0000000000000000   0.0000000000000000   0.0000000000000000   0.0000000000277518   0.0000000003110406   0.0000000012198442   0.0000000032107207   0.0004553292970407   0.5705878587404246   0.5442470857726420   0.5606821908730569   0.6675931598141677   0.8262474045954998   0.9903980218513706   1.1522075884813867   1.3163005463604673   1.4831559138026782   1.6516140394774819   1.8213598954670380   1.9925880448932936   2.1654528776121844   2.3399474475808062   2.5167827733150712   2.6988525479433014   2.8907834306840057   3.0945929674998429   3.3036775867197274   3.4903411987116701   3.6390487994820475   3.9669890935664753   0.0000000000000000   0.0000000000000000   0.0000000000000000   0.0000000000000000   0.0000000000000000   0.0000000000000000   0.0000000000000000   0.0000000000000000   0.0000000000000000   0.0000000000000000   0.0000000000000000   0.0000000000000000
   0.0000000000000000   0.0000000000000000   0.0000000000000000   0.0000000000000000   0.0000000000000000   0.0000000000000000   0.0000000000000000   0.0000000000000000   0.0000000000000000   0.0000000000000000   0.0000000000000000   0.0000000000000000   0.0000000000000000   0.0000000000000000   0.0000000000000000   0.0000000000000000   0.0000000000000000   0.0000000000000000   0.0000000000000000   0.0000000000000000   0.0000000000000000   0.0000000000000000   0.0000000000000000   0.0000000000000000   0.0000000000000000   0.0000000000000000   0.0000000000000000   0.0000000000000000   0.0000000000000000   0.0000000000000000   0.0000000000000000   0.0000000000000000   0.0000000000000000   0.0000000000000000   0.0000000000000000   0.0000000000000000   0.0000000000000000   0.0000000000000000   0.0000000000000000   0.0000000000000000   0.0000000000000000   0.0000000000000000   0.0000000000000000   0.0000000000000000   0.0000000000000000   0.0000000000000000   0.0000000000000000   0.0000000000000000   0.0000000000000000   0.0000000000000000   0.0000000000000000   0.0000000000000000   0.0000000000000000   0.0000000000000000   0.0000000000000000   0.0000000000000000   0.0000000000000000   0.0000000000000000   0.0000000000000000   0.0000000000000000   0.0000000000000000   0.0000000000000000   0.0000000000000000   0.0000000000000000   0.0000000000000000   0.0000000000000000   0.0000000000000000   0.0000000000000000   0.0000000000000000   0.0000000000000000   0.0000000000000000   0.0000000000000000   0.0000000000000000   0.0000000000000000   0.0000000000000000   0.0000000000000000   0.0000000000000000   0.0000000000000000   0.0000000000000000   0.0000000000000000   0.0000000000000000   0.0000000000000000   0.0000000000000000   0.0000000000000000   0.0000000000000000   0.0000000000000000   0.0000000000000000   0.0000000000000000   0.0000000000000000   0.0000000000000000   0.0000000000000000   0.0000000000000000   0.0000000000000000   0.0000000000000000   0.0000000000000000   0.0000000000000000   0.0000000000000000   0.0000000000000000   0.0000000000000000   0.0000000000000000   0.0000000000000000   0.0000000000000000   0.0000000000000000   0.0000000000000000   0.0000000000000000   0.0000000000000000   0.0000000000000000   0.0000000000000000   0.0000000000000000   0.0000000000000000   0.0000000000000000   0.0000000000000000   0.0000000000000000   0.0000000000000000   0.0000000000000000   0.0000000000000000   0.0000000000000000   0.0000000000000000   0.0000000000000000   0.0000000000000000   0.0000000000000000   0.0000000000000000   0.0000000000000000   0.0000000000000000   0.0000000001022662   0.0000000006188031   0.0000000028336676   0.0021596171769689   0.5255914652640589   0.5204299037097185   0.5586630654593415   0.6894211199282450   0.8562782779449849   1.0235372670439442   1.1877202545212540   1.3521677445815263   1.5181366189300092   1.6860004834031865   1.8558520505548093   2.0278003471856207   2.2020130114495382   2.3786772810082728   2.5585291094750797   2.7430774392045012   2.9336222610133964   3.1301882489941342   3.3311386277240547   3.5347433801920936   3.7394388633612685   3.8674162815855926   3.6421589948710507   0.0000000000000000   0.0000000000000000   0.0000000000000000   0.0000000000000000   0.0000000000000000   0.0000000000000000   0.0000000000000000   0.0000000000000000   0.0000000000000000   0.0000000000000000   0.0000000000000000
   0.0000000000000000   0.0000000000000000   0.0000000000000000   0.0000000000000000   0.0000000000000000   0.0000000000000000   0.0000000000000000   0.0000000000000000   0.0000000000000000   0.0000000000000000   0.0000000000000000   0.0000000000000000   0.0000000000000000   0.0000000000000000   0.0000000000000000   0.0000000000000000   0.0000000000000000   0.0000000000000000   0.0000000000000000   0.0000000000000000   0.0000000000000000   0.0000000000000000   0.0000000000000000   0.0000000000000000   0.0000000000000000   0.0000000000000000   0.0000000000000000   0.0000000000000000   0.0000000000000000   0.0000000000000000   0.0000000000000000   0.0000000000000000   0.0000000000000000   0.0000000000000000   0.0000000000000000   0.0000000000000000   0.0000000000000000   0.0000000000000000   0.0000000000000000   0.0000000000000000   0.0000000000000000   0.0000000000000000   0.0000000000000000   0.0000000000000000   0.0000000000000000   0.0000000000000000   0.0000000000000000   0.0000000000000000   0.0000000000000000   0.0000000000000000   0.0000000000000000   0.0000000000000000   0.0000000000000000   0.0000000000000000   0.0000000000000000   0.0000000000000000   0.0000000000000000   0.0000000000000000   0.0000000000000000   0.0000000000000000   0.0000000000000000   0.0000000000000000   0.0000000000000000   0.0000000000000000   0.0000000000000000   0.0000000000000000   0.0000000000000000   0.0000000000000000   0.0000000000000000   0.0000000000000000   0.0000000000000000   0.0000000000000000   0.0000000000000000   0.0000000000000000   0.0000000000000000   0.0000000000000000   0.0000000000000000   0.0000000000000000   0.0000000000000000   0.0000000000000000   0.0000000000000000   0.0000000000000000   0.0000000000000000   0.0000000000000000   0.0000000000000000   0.0000000000000000   0.0000000000000000   0.0000000000000000   0.0000000000000000   0.0000000000000000   0.0000000000000000   0.0000000000000000   0.0000000000000000   0.0000000000000000   0.0000000000000000   0.0000000000000000   0.0000000000000000   0.0000000000000000   0.0000000000000000   0.0000000000000000   0.0000000000000000   0.0000000000000000   0.0000000000000000   0.0000000000000000   0.0000000000000000   0.0000000000000000   0.0000000000000000   0.0000000000000000   0.0000000000000000   0.0000000000000000   0.0000000000000000   0.0000000000000000   0.0000000000000000   0.0000000000000000   0.0000000000000000   0.0000000000000000   0.0000000000000000   0.0000000000000000   0.0000000000000000   0.0000000000000000   0.0000000000000000   0.0000000000000000   0.0000000000000000   0.0000000000000000   0.0000000000102539   0.0000000565856478   0.0000000614440549   0.0335068749904951   0.4488155830816051   0.4729570532678140   0.5671332181335637   0.7258081393879602   0.8996375981700435   1.0702460568190302   1.2365879733106206   1.4009232367794016   1.5651412018103630   1.7308776597399065   1.8992352988955481   2.0707675221153972   2.2456484254039140   2.4238152734219449   2.6050563983640056   2.7889049161855173   2.9748140842206805   3.1632425283592962   3.3571990102079630   3.5607609052581575   3.7704590472467094   3.9979707323077491   4.2948717862927852   0.0000000000000000   0.0000000000000000   0.0000000000000000   0.0000000000000000   0.0000000000000000   0.0000000000000000   0.0000000000000000   0.0000000000000000   0.0000000000000000   0.0000000000000000   0.0000000000000000
   0.0000000000000000   0.0000000000000000   0.0000000000000000   0.0000000000000000   0.0000000000000000   0.0000000000000000   0.0000000000000000   0.0000000000000000   0.0000000000000000   0.0000000000000000   0.0000000000000000   0.0000000000000000   0.0000000000000000   0.0000000000000000   0.0000000000000000   0.0000000000000000   0.0000000000000000   0.0000000000000000   0.0000000000000000   0.0000000000000000   0.0000000000000000   0.0000000000000000   0.0000000000000000   0.0000000000000000   0.0000000000000000   0.0000000000000000   0.0000000000000000   0.0000000000000000   0.0000000000000000   0.0000000000000000   0.0000000000000000   0.0000000000000000   0.0000000000000000   0.0000000000000000   0.0000000000000000   0.0000000000000000   0.0000000000000000   0.0000000000000000   0.0000000000000000   0.0000000000000000   0.0000000000000000   0.0000000000000000   0.0000000000000000   0.0000000000000000   0.0000000000000000   0.0000000000000000   0.0000000000000000   0.0000000000000000   0.0000000000000000   0.0000000000000000   0.0000000000000000   0.0000000000000000   0.0000000000000000   0.0000000000000000   0.0000000000000000   0.0000000000000000   0.0000000000000000   0.0000000000000000   0.0000000000000000   0.0000000000000000   0.0000000000000000   0.0000000000000000   0.0000000000000000   0.0000000000000000   0.0000000000000000   0.0000000000000000   0.0000000000000000   0.0000000000000000   0.0000000000000000   0.0000000000000000   0.0000000000000000   0.0000000000000000   0.0000000000000000   0.0000000000000000   0.0000000000000000   0.0000000000000000   0.0000000000000000   0.0000000000000000   0.0000000000000000   0.0000000000000000   0.0000000000000000   0.0000000000000000   0.0000000000000000   0.0000000000000000   0.0000000000000000   0.0000000000000000   0.0000000000000000   0.0000000000000000   0.0000000000000000   0.0000000000000000   0.0000000000000000   0.0000000000000000   0.0000000000000000   0.0000000000000000   0.0000000000000000   0.0000000000000000   0.0000000000000000   0.0000000000000000   0.0000000000000000   0.0000000000000000   0.0000000000000000   0.0000000000000000   0.0000000000000000   0.0000000000000000   0.0000000000000000   0.0000000000000000   0.0000000000000000   0.0000000000000000   0.0000000000000000   0.0000000000000000   0.0000000000000000   0.0000000000000000   0.0000000000000000   0.0000000000000000   0.0000000495482331   0.0000001809919695   0.0000003763555534   0.0000006206898302   0.0000009118206523   0.0000012642073774   0.0000017110877568   0.0000023073572729   0.0000031504637474   0.0000041018294219   0.0000075223630446   0.0000296129867348   0.0000319894970125   0.3244057339471761   0.3662170139397812   0.4766616768224653   0.6147607694048599   0.7814549340398828   0.9558719062632681   1.1278598357641323   1.2954229375750552   1.4594624121406612   1.6218869805482132   1.7850312774688832   1.9509948894704978   2.1210800880789535   2.2955804413342089   2.4739117504398074   2.6547479247938854   2.8363614823820242   3.0176087327394905   3.1990986730967128   3.3837780944357472   3.5766367819664113   3.7881699566916094   4.0571076374987767   4.6049950356261311   0.0000000000000000   0.0000000000000000   0.0000000000000000   0.0000000000000000   0.0000000000000000   0.0000000000000000   0.0000000000000000   0.0000000000000000   0.0000000000000000   0.0000000000000000   0.0000000000000000
   0.0000000000000000   0.0000000000000000   0.0000000000000000   0.0000000000000000   0.0000000000000000   0.0000000000000000   0.0000000000000000   0.0000000000000000   0.0000000000000000   0.0000000000000000   0.0000000000000000   0.0000000000000000   0.0000000000000000   0.0000000000000000   0.0000000000000000   0.0000000000000000   0.0000000000000000   0.0000000000000000   0.0000000000000000   0.0000000000000000   0.0000000000000000   0.0000000000000000   0.0000000000000000   0.0000000000000000   0.0000000000000000   0.0000000000000000   0.0000000000000000   0.0000000000000000   0.0000000000000000   0.0000000000000000   0.0000000000000000   0.0000000000000000   0.0000000000000000   0.0000000000000000   0.0000000000000000   0.0000000000000000   0.0000000000000000   0.0000000000000000   0.0000000000000000   0.0000000000000000   0.0000000000000000   0.0000000000000000   0.0000000000000000   0.0000000000000000   0.0000000000000000   0.0000000000000000   0.0000000000000000   0.0000000000000000   0.0000000000000000   0.0000000000000000   0.0000000000000000   0.0000000000000000   0.0000000000000000   0.0000000000000000   0.0000000000000000   0.0000000000000000   0.0000000000000000   0.0000000000000000   0.0000000000000000   0.0000000000000000   0.0000000000000000   0.0000000000000000   0.0000000000000000   0.0000000000000000   0.0000000000000000   0.0000000000000000   0.0000000000000000   0.0000000000000000   0.0000000000000000   0.0000000000000000   0.0000000000000000   0.0000000000000000   0.0000000000000000   0.0000000000000000   0.0000000000000000   0.0000000000000000   0.0000000000000000   0.0000000000000000   0.0000000000000000   0.0000000000000000   0.0000000000000000   0.0000000000000000   0.0000000000000000   0.0000000000000000   0.0000000000000000   0.0000000000000000   0.0000000000000000   0.0000000000000000   0.0000000000000000   0.0000000000000000   0.0000000000000000   0.0000000000000000   0.0000000000000000   0.0000000000000000   0.0000000000000000   0.0000000000000000   0.0000000000000000   0.0000000000000000   0.0000000000000000   0.0000000000000000   0.0000000000000000   0.0000000000000000   0.0000000000000000   0.0000000000000000   0.0000000000000000   0.0000000000000000   0.0000000000000000   0.0000000000000000   0.0003373132932677   0.0010503838997043   0.0020189384923711   0.0028135460077378   0.0033861158468106   0.0039333425356920   0.0043972423463140   0.0047566167231658   0.0050135687023859   0.0051861246208195   0.0053014000493316   0.0053893556539927   0.0054788891888575   0.0055961265009345   0.0057636326584665   0.0059939263592550   0.0064727536271733   0.0063494932069576   0.0964443888848869   0.6546472590876524   0.5272767856140494   0.5608646054953789   0.6912566266223236   0.8535019328300667   1.0236718775089100   1.1937396729584109   1.3604493809448148   1.5234280090795349   1.6841351376769107   1.8450217652757530   2.0087396474073915   2.1771827478308166   2.3507337909301307   2.5283068901887615   2.7078313065245410   2.8870041605743424   3.0643240486470940   3.2397303225340117   3.4149405400243178   3.5960073218250761   3.8003280009051972   4.0481513201092687   4.3078969324198022   4.4101953051284672   0.0000000000000000   0.0000000000000000   0.0000000000000000   0.0000000000000000   0.0000000000000000   0.0000000000000000   0.0000000000000000   0.0000000000000000   0.0000000000000000   0.0000000000000000
   0.0000000000000000   0.0000000000000000   0.0000000000000000   0.0000000000000000   0.0000000000000000   0.0000000000000000   0.0000000000000000   0.0000000000000000   0.0000000000000000   0.0000000000000000   0.0000000000000000   0.0000000000000000   0.0000000000000000   0.0000000000000000   0.0000000000000000   0.0000000000000000   0.0000000000000000   0.0000000000000000   0.0000000000000000   0.0000000000000000   0.0000000000000000   0.0000000000000000   0.0000000000000000   0.0000000000000000   0.0000000000000000   0.0000000000000000   0.0000000000000000   0.0000000000000000   0.0000000000000000   0.0000000000000000   0.0000000000000000   0.0000000000000000   0.0000000000000000   0.0000000000000000   0.0000000000000000   0.0000000000000000   0.0000000000000000   0.0000000000000000   0.0000000000000000   0.0000000000000000   0.0000000000000000   0.0000000000000000   0.0000000000000000   0.0000000000000000   0.0000000000000000   0.0000000000000000   0.0000000000000000   0.0000000000000000   0.0000000000000000   0.0000000000000000   0.0000000000000000   0.0000000000000000   0.0000000000000000   0.0000000000000000   0.0000000000000000   0.0000000000000000   0.0000000000000000   0.0000000000000000   0.0000000000000000   0.0000000000000000   0.0000000000000000   0.0000000000000000   0.0000000000000000   0.0000000000000000   0.0000000000000000   0.0000000000000000   0.0000000000000000   0.0000000000000000   0.0000000000000000   0.0000000000000000   0.0000000000000000   0.0000000000000000   0.0000000000000000   0.0000000000000000   0.0000000000000000   0.0000000000000000   0.0000000000000000   0.0000000000000000   0.0000000000000000   0.0000000000000000   0.0000000000000000   0.0000000000000000   0.0000000000000000   0.0000000000000000   0.0000000000000000   0.0000000000000000   0.0000000000000000   0.0000000000000000   0.0000000000000000   0.0000000000000000   0.0000000000000000   0.0000000000000000   0.0000000000000000   0.0000000000000000   0.0000000000000000   0.0000000000000000   0.0000000000000000   0.0000000000000000   0.0000000000000000   0.0000000000000000   0.0000000000000000   0.0000000000000000   0.0000000000000000   0.0000000000000000   0.0000000000000000   0.0000000000000000   0.0000000000000000   0.0000000000000000   0.0923871368182356   0.0919523573019796   0.0767325794604625   0.0803916819534641   0.0827642855769536   0.0843314292474349   0.0848437415415209   0.0842688333045204   0.0827752486345601   0.0806329280546166   0.0781368873827615   0.0755546319678194   0.0731010439552454   0.0709336458225935   0.0691611564671958   0.0678864592404848   0.0662185004644788   0.0688288852639504   0.8303529884541608   0.7660524815106831   0.6644458788811618   0.6632950685395795   0.7791019501014075   0.9350029998308083   1.0997518457510604   1.2658723594364227   1.4301002781813692   1.5913964612496849   1.7506202872391190   1.9098934817491793   2.0719023359270166   2.2388152144556517   2.4110810668956280   2.5873242166738688   2.7651395707987945   2.9419442423028968   3.1157698609076858   3.2857586898682030   3.4525607791160868   3.6192993233256763   3.7911177035701460   3.9698517263902726   4.2039363195570996   4.8321150304555740   0.0000000000000000   0.0000000000000000   0.0000000000000000   0.0000000000000000   0.0000000000000000   0.0000000000000000   0.0000000000000000   0.0000000000000000   0.0000000000000000   0.0000000000000000
   0.0000000000000000   0.0000000000000000   0.0000000000000000   0.0000000000000000   0.0000000000000000   0.0000000000000000   0.0000000000000000   0.0000000000000000   0.0000000000000000   0.0000000000000000   0.0000000000000000   0.0000000000000000   0.0000000000000000   0.0000000000000000   0.0000000000000000   0.0000000000000000   0.0000000000000000   0.0000000000000000   0.0000000000000000   0.0000000000000000   0.0000000000000000   0.0000000000000000   0.0000000000000000   0.0000000000000000   0.0000000000000000   0.0000000000000000   0.0000000000000000   0.0000000000000000   0.0000000000000000   0.0000000000000000   0.0000000000000000   0.0000000000000000   0.0000000000000000   0.0000000000000000   0.0000000000000000   0.0000000000000000   0.0000000000000000   0.0000000000000000   0.0000000000000000   0.0000000000000000   0.0000000000000000   0.0000000000000000   0.0000000000000000   0.0000000000000000   0.0000000000000000   0.0000000000000000   0.0000000000000000   0.0000000000000000   0.0000000000000000   0.0000000000000000   0.0000000000000000   0.0000000000000000   0.0000000000000000   0.0000000000000000   0.0000000000000000   0.0000000000000000   0.0000000000000000   0.0000000000000000   0.0000000000000000   0.0000000000000000   0.0000000000000000   0.0000000000000000   0.0000000000000000   0.0000000000000000   0.0000000000000000   0.0000000000000000   0.0000000000000000   0.0000000000000000   0.0000000000000000   0.0000000000000000   0.0000000000000000   0.0000000000000000   0.0000000000000000   0.0000000000000000   0.0000000000000000   0.0000000000000000   0.0000000000000000   0.0000000000000000   0.0000000000000000   0.0000000000000000   0.0000000000000000   0.0000000000000000   0.0000000000000000   0.0000000000000000   0.0000000000000000   0.0000000000000000   0.0000000000000000   0.0000000000000000   0.0000000000000000   0.0000000000000000   0.0000000000000000   0.0000000000000000   0.0000000000000000   0.0000000000000000   0.0000000000000000   0.0000000000000000   0.0000000000000000   0.0000000000000000   0.0000000000000000   0.0000000000000000   0.0000000000000000   0.0000000000000000   0.0000000000000000   0.0000000000000000   0.0000000000000000   0.0000000000000000   0.0000000000000000   0.0413093931184056   1.3187352229815594   0.0000000000000000   0.0175308837678750   0.0147201354701280   0.0151783727195814   0.0152733212802399   0.0151819492243160   0.0149205317611760   0.0145364792423659   0.0140826246891027   0.0136076290114922   0.0131509016131761   0.0127414695890738   0.0123994281530703   0.0121385970456556   0.0119226278961875   0.0111976883261937   0.1507569426902111   0.6316491373119705   0.6424293794189758   0.6536010221414119   0.7179973743651685   0.8563027035018608   1.0185806649022768   1.1826400543270199   1.3459786149147073   1.5079076852434370   1.6676934167285831   1.8256117160051026   1.9832170405016518   2.1430084103528682   2.3074336335007706   2.4773001045527980   2.6512732961558312   2.8268297976860470   3.0011028883277544   3.1714660116030826   3.3360306249011011   3.4937308033698171   3.6433520914506659   3.7834624896282438   3.9264933978717154   4.1193188803016900   4.2958966640494696   4.3939333274628751   3.3559825235268934   0.0000000000000000   0.0000000000000000   0.0000000000000000   0.0000000000000000   0.0000000000000000   0.0000000000000000   0.0000000000000000   0.0000000000000000
   0.0000000000000000   0.0000000000000000   0.0000000000000000   0.0000000000000000   0.0000000000000000   0.0000000000000000   0.0000000000000000   0.0000000000000000   0.0000000000000000   0.0000000000000000   0.0000000000000000   0.0000000000000000   0.0000000000000000   0.0000000000000000   0.0000000000000000   0.0000000000000000   0.0000000000000000   0.0000000000000000   0.0000000000000000   0.0000000000000000   0.0000000000000000   0.0000000000000000   0.0000000000000000   0.0000000000000000   0.0000000000000000   0.0000000000000000   0.0000000000000000   0.0000000000000000   0.0000000000000000   0.0000000000000000   0.0000000000000000   0.0000000000000000   0.0000000000000000   0.0000000000000000   0.0000000000000000   0.0000000000000000   0.0000000000000000   0.0000000000000000   0.0000000000000000   0.0000000000000000   0.0000000000000000   0.0000000000000000   0.0000000000000000   0.0000000000000000   0.0000000000000000   0.0000000000000000   0.0000000000000000   0.0000000000000000   0.0000000000000000   0.0000000000000000   0.0000000000000000   0.0000000000000000   0.0000000000000000   0.0000000000000000   0.0000000000000000   0.0000000000000000   0.0000000000000000   0.0000000000000000   0.0000000000000000   0.0000000000000000   0.0000000000000000   0.0000000000000000   0.0000000000000000   0.0000000000000000   0.0000000000000000   0.0000000000000000   0.0000000000000000   0.0000000000000000   0.0000000000000000   0.0000000000000000   0.0000000000000000   0.0000000000000000   0.0000000000000000   0.0000000000000000   0.0000000000000000   0.0000000000000000   0.0000000000000000   0.0000000000000000   0.0000000000000000   0.0000000000000000   0.0000000000000000   0.0000000000000000   0.0000000000000000   0.0000000000000000   0.0000000000000000   0.0000000000000000   0.0000000000000000   0.0000000000000000   0.0000000000000000   0.0000000000000000   0.0000000000000000   0.0000000000000000   0.0000000000000000   0.0000000000000000   0.0000000000000000   0.0000000000000000   0.0000000000000000   0.0000000000000000   0.0000000000000000   0.0000000000000000   0.0000000000000000   0.0000000000000000   0.0000000000000000   0.0000000000000000   0.0000000000000000   0.0000000000000000   0.0000000000002336   1.3391019098361969   1.5196284429999369   0.0000000000000000   0.0000000000000000   0.0022899236949727   0.0023962886480962   0.0024011029697568   0.0023797589644532   0.0023348604749714   0.0022747816344617   0.0022077489332376   0.0021408426088299   0.0020795700086186   0.0020279779850884   0.0019890876585465   0.0019594421420980   0.0018873003397061   0.0417687786402453   0.5054171902497672   0.5355052551096394   0.6294516053044774   0.7075149777257878   0.8114146241722161   0.9564591654333497   1.1173690906318037   1.2791273575534479   1.4399207123949116   1.5995734248504134   1.7572650589136130   1.9126993305628559   2.0669498440316301   2.2224342875184808   2.3821315931239249   2.5476943008901496   2.7181478763209830   2.8908245796681222   3.0623747198549940   3.2292202382560875   3.3880781876150072   3.5363382169073865   3.6716899890538950   3.7922353166748661   3.9008853215854011   4.0041178093824490   4.1081660551737764   4.4086578839744845   4.6846994312344954   0.0000000000000000   0.0000000000000000   0.0000000000000000   0.0000000000000000   0.0000000000000000   0.0000000000000000   0.0000000000000000   0.0000000000000000
   0.0000000000000000   0.0000000000000000   0.0000000000000000   0.0000000000000000   0.0000000000000000   0.0000000000000000   0.0000000000000000   0.0000000000000000   0.0000000000000000   0.0000000000000000   0.0000000000000000   0.0000000000000000   0.0000000000000000   0.0000000000000000   0.0000000000000000   0.0000000000000000   0.0000000000000000   0.0000000000000000   0.0000000000000000   0.0000000000000000   0.0000000000000000   0.0000000000000000   0.0000000000000000   0.0000000000000000   0.0000000000000000   0.0000000000000000   0.0000000000000000   0.0000000000000000   0.0000000000000000   0.0000000000000000   0.0000000000000000   0.0000000000000000   0.0000000000000000   0.0000000000000000   0.0000000000000000   0.0000000000000000   0.0000000000000000   0.0000000000000000   0.0000000000000000   0.0000000000000000   0.0000000000000000   0.0000000000000000   0.0000000000000000   0.0000000000000000   0.0000000000000000   0.0000000000000000   0.0000000000000000   0.0000000000000000   0.0000000000000000   0.0000000000000000   0.0000000000000000   0.0000000000000000   0.0000000000000000   0.0000000000000000   0.0000000000000000   0.0000000000000000   0.0000000000000000   0.0000000000000000   0.0000000000000000   0.0000000000000000   0.0000000000000000   0.0000000000000000   0.0000000000000000   0.0000000000000000   0.0000000000000000   0.0000000000000000   0.0000000000000000   0.0000000000000000   0.0000000000000000   0.0000000000000000   0.0000000000000000   0.0000000000000000   0.0000000000000000   0.0000000000000000   0.0000000000000000   0.0000000000000000   0.0000000000000000   0.0000000000000000   0.0000000000000000   0.0000000000000000   0.0000000000000000   0.0000000000000000   0.0000000000000000   0.0000000000000000   0.0000000000000000   0.0000000000000000   0.0000000000000000   0.0000000000000000   0.0000000000000000   0.0000000000000000   0.0000000000000000   0.0000000000000000   0.0000000000000000   0.0000000000000000   0.0000000000000000   0.0000000000000000   0.0000000000000000   0.0000000000000000   0.0000000000000000   0.0000000000000000   0.0000000000000000   0.0000000000000000   0.0000000000000000   0.0000000000000000   0.0000000000000000   0.0000000000000000   0.1682266875108246   1.5182307683194554   0.0000000000000000   0.0000000000000000   0.0000000000000000   0.0008228861594918   0.0008459459687636   0.0008404586540695   0.0008264457966751   0.0008063618079246   0.0007832202064620   0.0007596394788873   0.0007376920107833   0.0007189252795381   0.0007044300720322   0.0006930098758781   0.0006702997912369   0.0468839943377371   0.5626938203677583   0.5841183915684789   0.6141718292767806   0.6969397402669861   0.7981941902089085   0.9240986951339952   1.0712363564050922   1.2259230622324333   1.3809520896972514   1.5361048544813423   1.6916430185951195   1.8463567230080160   1.9989009703735361   2.1494335254178143   2.2999916770127782   2.4540399414863758   2.6144970214568195   2.7811714040831852   2.9512275432791109   3.1206747008952136   3.2848601892387297   3.4391248669285641   3.5799199233390748   3.7055428931384853   3.8141943228216313   3.8987151029917628   3.9534828890550009   4.0524226312544922   4.3361492668022086   4.6297743945145102   4.5902728267431652   0.0000000000000000   0.0000000000000000   0.0000000000000000   0.0000000000000000   0.0000000000000000   0.0000000000000000   0.0000000000000000
   0.0000000000000000   0.0000000000000000   0.0000000000000000   0.0000000000000000   0.0000000000000000   0.0000000000000000   0.0000000000000000   0.0000000000000000   0.0000000000000000   0.0000000000000000   0.0000000000000000   0.0000000000000000   0.0000000000000000   0.0000000000000000   0.0000000000000000   0.0000000000000000   0.0000000000000000   0.0000000000000000   0.0000000000000000   0.0000000000000000   0.0000000000000000   0.0000000000000000   0.0000000000000000   0.0000000000000000   0.0000000000000000   0.0000000000000000   0.0000000000000000   0.0000000000000000   0.0000000000000000   0.0000000000000000   0.0000000000000000   0.0000000000000000   0.0000000000000000   0.0000000000000000   0.0000000000000000   0.0000000000000000   0.0000000000000000   0.0000000000000000   0.0000000000000000   0.0000000000000000   0.0000000000000000   0.0000000000000000   0.0000000000000000   0.0000000000000000   0.0000000000000000   0.0000000000000000   0.0000000000000000   0.0000000000000000   0.0000000000000000   0.0000000000000000   0.0000000000000000   0.0000000000000000   0.0000000000000000   0.0000000000000000   0.0000000000000000   0.0000000000000000   0.0000000000000000   0.0000000000000000   0.0000000000000000   0.0000000000000000   0.0000000000000000   0.0000000000000000   0.0000000000000000   0.0000000000000000   0.0000000000000000   0.0000000000000000   0.0000000000000000   0.0000000000000000   0.0000000000000000   0.0000000000000000   0.0000000000000000   0.0000000000000000   0.0000000000000000   0.0000000000000000   0.0000000000000000   0.0000000000000000   0.0000000000000000   0.0000000000000000   0.0000000000000000   0.0000000000000000   0.0000000000000000   0.0000000000000000   0.0000000000000000   0.0000000000000000   0.0000000000000000   0.0000000000000000   0.0000000000000000   0.0000000000000000   0.0000000000000000   0.0000000000000000   0.0000000000000000   0.0000000000000000   0.0000000000000000   0.0000000000000000   0.0000000000000000   0.0000000000000000   0.0000000000000000   0.0000000000000000   0.0000000000000000   0.0000000000000000   0.0000000000000000   0.0000000000000000   0.0000000000000000   0.0000000000000000   0.0000000000000000   0.0000000000106910   1.5344051680370763   2.1886093015980643   0.0000000000000000   0.0000000000000000   0.0000000000000000   0.0001833715212038   0.0001826528758068   0.0001798087762362   0.0001754651566588   0.0001704455705020   0.0001653243215203   0.0001605535488582   0.0001564736043303   0.0001532965525877   0.0001506389356740   0.0001461282635839   0.0777915571382563   0.6290816382509733   0.6711243364251959   0.6633150466759997   0.7025589443068958   0.7889948464757517   0.9038031677878695   1.0368154950835649   1.1784225536787871   1.3221325627918530   1.4671302449984094   1.6147580060957174   1.7654638010936525   1.9174898984092936   2.0681448707793693   2.2162562178723997   2.3630334385725167   2.5120637939725010   2.6677399845282252   2.8313157059760607   2.9999971560938747   3.1691639428087668   3.3332195847473218   3.4863235737307869   3.6239097662037283   3.7446748730357275   3.8492933043965651   3.9310626676786873   3.9754001411994482   4.0060557149300768   4.1676788392073059   4.5718116699393914   5.2414697639028223   0.0000000000000000   0.0000000000000000   0.0000000000000000   0.0000000000000000   0.0000000000000000   0.0000000000000000   0.0000000000000000
   0.0000000000000000   0.0000000000000000   0.0000000000000000   0.0000000000000000   0.0000000000000000   0.0000000000000000   0.0000000000000000   0.0000000000000000   0.0000000000000000   0.0000000000000000   0.0000000000000000   0.0000000000000000   0.0000000000000000   0.0000000000000000   0.0000000000000000   0.0000000000000000   0.0000000000000000   0.0000000000000000   0.0000000000000000   0.0000000000000000   0.0000000000000000   0.0000000000000000   0.0000000000000000   0.0000000000000000   0.0000000000000000   0.0000000000000000   0.0000000000000000   0.0000000000000000   0.0000000000000000   0.0000000000000000   0.0000000000000000   0.0000000000000000   0.0000000000000000   0.0000000000000000   0.0000000000000000   0.0000000000000000   0.0000000000000000   0.0000000000000000   0.0000000000000000   0.0000000000000000   0.0000000000000000   0.0000000000000000   0.0000000000000000   0.0000000000000000   0.0000000000000000   0.0000000000000000   0.0000000000000000   0.0000000000000000   0.0000000000000000   0.0000000000000000   0.0000000000000000   0.0000000000000000   0.0000000000000000   0.0000000000000000   0.0000000000000000   0.0000000000000000   0.0000000000000000   0.0000000000000000   0.0000000000000000   0.0000000000000000   0.0000000000000000   0.0000000000000000   0.0000000000000000   0.0000000000000000   0.0000000000000000   0.0000000000000000   0.0000000000000000   0.0000000000000000   0.0000000000000000   0.0000000000000000   0.0000000000000000   0.0000000000000000   0.0000000000000000   0.0000000000000000   0.0000000000000000   0.0000000000000000   0.0000000000000000   0.0000000000000000   0.0000000000000000   0.0000000000000000   0.0000000000000000   0.0000000000000000   0.0000000000000000   0.0000000000000000   0.0000000000000000   0.0000000000000000   0.0000000000000000   0.0000000000000000   0.0000000000000000   0.0000000000000000   0.0000000000000000   0.0000000000000000   0.0000000000000000   0.0000000000000000   0.0000000000000000   0.0000000000000000   0.0000000000000000   0.0000000000000000   0.0000000000000000   0.0000000000000000   0.0000000000000000   0.0000000000000000   0.0000000000000000   0.0000000000016985   0.0000000000033137   0.1424181117457300   1.7739514757300054   0.0000000000000000   0.0000000000000000   0.0000000000000000   0.0000000000000000   0.0000000003151308   0.0000000003973821   0.0000000263832020   0.0000000258214231   0.0000000252719417   0.0000000248022547   0.0000000250114530   0.0000000250238668   0.0000000249558870   0.0000002062938018   0.1301744837179913   0.6660992289625964   0.7192712602752677   0.7199937948873159   0.7441126062844050   0.8050076577307506   0.8996174825813960   1.0165687646510293   1.1455669253152905   1.2780270704773307   1.4111696414825512   1.5460945854927446   1.6845744164555188   1.8278304872732052   1.9746483937085271   2.1216732713269293   2.2664596608765439   2.4090338137901512   2.5525243528895736   2.7026377626642972   2.8629337677311026   3.0312770495169574   3.2025682008522582   3.3704234072014163   3.5278673148132196   3.6686269932879427   3.7905073214807636   3.8982302263434407   3.9895301871923214   4.0383935505865098   4.0120745041468471   3.9834821124333955   4.1365061248320014   4.6022353434749608   5.0639844459178569   0.0000000000000000   0.0000000000000000   0.0000000000000000   0.0000000000000000   0.0000000000000000   0.0000000000000000
   0.0000000000000000   0.0000000000000000   0.0000000000000000   0.0000000000000000   0.0000000000000000   0.0000000000000000   0.0000000000000000   0.0000000000000000   0.0000000000000000   0.0000000000000000   0.0000000000000000   0.0000000000000000   0.0000000000000000   0.0000000000000000   0.0000000000000000   0.0000000000000000   0.0000000000000000   0.0000000000000000   0.0000000000000000   0.0000000000000000   0.0000000000000000   0.0000000000000000   0.0000000000000000   0.0000000000000000   0.0000000000000000   0.0000000000000000   0.0000000000000000   0.0000000000000000   0.0000000000000000   0.0000000000000000   0.0000000000000000   0.0000000000000000   0.0000000000000000   0.0000000000000000   0.0000000000000000   0.0000000000000000   0.0000000000000000   0.0000000000000000   0.0000000000000000   0.0000000000000000   0.0000000000000000   0.0000000000000000   0.0000000000000000   0.0000000000000000   0.0000000000000000   0.0000000000000000   0.0000000000000000   0.0000000000000000   0.0000000000000000   0.0000000000000000   0.0000000000000000   0.0000000000000000   0.0000000000000000   0.0000000000000000   0.0000000000000000   0.0000000000000000   0.0000000000000000   0.0000000000000000   0.0000000000000000   0.0000000000000000   0.0000000000000000   0.0000000000000000   0.0000000000000000   0.0000000000000000   0.0000000000000000   0.0000000000000000   0.0000000000000000   0.0000000000000000   0.0000000000000000   0.0000000000000000   0.0000000000000000   0.0000000000000000   0.0000000000000000   0.0000000000000000   0.0000000000000000   0.0000000000000000   0.0000000000000000   0.0000000000000000   0.0000000000000000   0.0000000000000000   0.0000000000000000   0.0000000000000000   0.0000000000000000   0.0000000000000000   0.0000000000000000   0.0000000000000000   0.0000000000000000   0.0000000000000000   0.0000000000000000   0.0000000000000000   0.0000000000000000   0.0000000000000000   0.0000000000000000   0.0000000000000000   0.0000000000000000   0.0000000000000000   0.0000000000000000   0.0000000000000000   0.0000000000000000   0.0000000000000000   0.0000000000000000   0.0000000000000000   0.0000000000000000   0.0000000004346911   0.0000000009143456   1.5848819686441085   0.0000000000000000   0.0000000000000000   0.0000000000000000   0.0000000000000000   0.0000000189838845   0.0000000267952243   0.0000000339260350   0.0000000430294748   0.0000000544678604   0.0000000687571150   0.0000000871379444   0.0000001124868293   0.0000001361494279   0.0000001595437766   0.2075548211058337   0.6895033213131414   0.7432128792071655   0.7488620923793369   0.7726028729528962   0.8287215575290796   0.9110540872785432   1.0117374433961173   1.1265913961408955   1.2499460174650578   1.3753336115098937   1.5006317404749800   1.6269673049703275   1.7560960899703530   1.8901394303749330   2.0289937251424548   2.1694413848814431   2.3082421309975234   2.4442533361966881   2.5797479773690801   2.7214487587561309   2.8763159888269412   3.0441910796403562   3.2198258119574765   3.3960600072145262   3.5646509437265950   3.7166236824259342   3.8461834071861793   3.9617424458684205   4.0721400066078655   4.1534517188434874   4.1529829611348195   4.0157469359968907   3.8815544462517915   3.8347710621090507   3.8359726786488277   3.4172465865685338   2.9153524444436063   2.1361289732609450   0.0000000000000000   0.0000000000000000   0.0000000000000000
   0.0000000000000000   0.0000000000000000   0.0000000000000000   0.0000000000000000   0.0000000000000000   0.0000000000000000   0.0000000000000000   0.0000000000000000   0.0000000000000000   0.0000000000000000   0.0000000000000000   0.0000000000000000   0.0000000000000000   0.0000000000000000   0.0000000000000000   0.0000000000000000   0.0000000000000000   0.0000000000000000   0.0000000000000000   0.0000000000000000   0.0000000000000000   0.0000000000000000   0.0000000000000000   0.0000000000000000   0.0000000000000000   0.0000000000000000   0.0000000000000000   0.0000000000000000   0.0000000000000000   0.0000000000000000   0.0000000000000000   0.0000000000000000   0.0000000000000000   0.0000000000000000   0.0000000000000000   0.0000000000000000   0.0000000000000000   0.0000000000000000   0.0000000000000000   0.0000000000000000   0.0000000000000000   0.0000000000000000   0.0000000000000000   0.0000000000000000   0.0000000000000000   0.0000000000000000   0.0000000000000000   0.0000000000000000   0.0000000000000000   0.0000000000000000   0.0000000000000000   0.0000000000000000   0.0000000000000000   0.0000000000000000   0.0000000000000000   0.0000000000000000   0.0000000000000000   0.0000000000000000   0.0000000000000000   0.0000000000000000   0.0000000000000000   0.0000000000000000   0.0000000000000000   0.0000000000000000   0.0000000000000000   0.0000000000000000   0.0000000000000000   0.0000000000000000   0.0000000000000000   0.0000000000000000   0.0000000000000000   0.0000000000000000   0.0000000000000000   0.0000000000000000   0.0000000000000000   0.0000000000000000   0.0000000000000000   0.0000000000000000   0.0000000000000000   0.0000000000000000   0.0000000000000000   0.0000000000000000   0.0000000000000000   0.0000000000000000   0.0000000000000000   0.0000000000000000   0.0000000000000000   0.0000000000000000   0.0000000000000000   0.0000000000000001   0.0000000000000005   0.0000000000000027   0.0000000000000113   0.0000000000000423   0.0000000000001470   0.0000000000004831   0.0000000000015183   0.0000000000045953   0.0000000000134545   0.0000000000382282   0.0000000001056232   0.0000000002919302   0.0000000007636248   0.0000000401554272   0.0000003864847184   1.9161069419792280   0.0000000000000000   0.0000000000000000   0.0000000000000000   0.0000000000000000   0.0000008871706644   0.0000011164974737   0.0000014133002974   0.0000017907904498   0.0000022695254076   0.0000031445494147   0.0000040342227883   0.0000051021175998   0.0007360673347804   0.3278443127718877   0.7082852552607765   0.7565591749506929   0.7636701163620743   0.7846253262249322   0.8382157518261221   0.9183726227823672   1.0157806094393134   1.1202654405173964   1.2315673393805433   1.3479910980855867   1.4664781557805773   1.5857533920098852   1.7059135881201215   1.8277566990492282   1.9537438005512515   2.0845497180998458   2.2173543451631743   2.3485106909223630   2.4758192445796565   2.6004825310911719   2.7299868202153772   2.8759570728703934   3.0423413541492716   3.2242432787057029   3.4134951703617662   3.6004520126258792   3.7727371876637474   3.9174291461759077   4.0460333852000714   4.1957089700137544   4.3687668338213932   4.5191441736873168   4.3854024225635087   4.1134362778458282   3.8213228491030655   3.5392163396368845   3.1895344862478132   2.8145255038073835   2.3192728744784601   1.8564145692867604   0.0000000000000000   0.0000000000000000
   0.0000000000000000   0.0000000000000000   0.0000000000000000   0.0000000000000000   0.0000000000000000   0.0000000000000000   0.0000000000000000   0.0000000000000000   0.0000000000000000   0.0000000000000000   0.0000000000000000   0.0000000000000000   0.0000000000000000   0.0000000000000000   0.0000000000000000   0.0000000000000000   0.0000000000000000   0.0000000000000000   0.0000000000000000   0.0000000000000000   0.0000000000000000   0.0000000000000000   0.0000000000000000   0.0000000000000000   0.0000000000000000   0.0000000000000000   0.0000000000000000   0.0000000000000000   0.0000000000000000   0.0000000000000000   0.0000000000000000   0.0000000000000000   0.0000000000000000   0.0000000000000000   0.0000000000000000   0.0000000000000000   0.0000000000000000   0.0000000000000000   0.0000000000000000   0.0000000000000000   0.0000000000000000   0.0000000000000000   0.0000000000000000   0.0000000000000000   0.0000000000000000   0.0000000000000000   0.0000000000000000   0.0000000000000000   0.0000000000000000   0.0000000000000000   0.0000000000000000   0.0000000000000000   0.0000000000000000   0.0000000000000000   0.0000000000000000   0.0000000000000000   0.0000000000000000   0.0000000000000000   0.0000000000000000   0.0000000000000000   0.0000000000000000   0.0000000000000000   0.0000000000000000   0.0000000000000000   0.0000000000000000   0.0000000000000000   0.0000000000000000   0.0000000000000000   0.0000000000000000   0.0000000000000000   0.0000000000000000   0.0000000000000000   0.0000000000000000   0.0000000000000000   0.0000000000000000   0.0000000000000000   0.0000000000000000   0.0000000000000000   0.0000000000000000   0.0000000000000000   0.0000000000000001   0.0000000000000003   0.0000000000000009   0.0000000000000032   0.0000000000000108   0.0000000000000350   0.0000000000001097   0.0000000000003335   0.0000000000009862   0.0000000000028385   0.0000000000079606   0.0000000000217728   0.0000000000581239   0.0000000001515560   0.0000000003862129   0.0000000009623582   0.0000000023460241   0.0000000055986169   0.0000000130881284   0.0000000299938689   0.0000000674139842   0.0000001492595718   0.0000003236633496   0.0000020022474801   0.0784034363063140   2.5087370202379309   0.0000000000000000   0.0000000000000000   0.0000000000000000   0.0000470340726387   0.0000747184296378   0.0000956305618690   0.0001315593297629   0.0001952486252260   0.0003325546769698   0.0004702058672982   0.0006555699302049   0.0973950394973949   0.6118549077144068   0.7389540999927908   0.7674811713130982   0.7716481936928686   0.7859525086532465   0.8339991172678517   0.9133824864524982   1.0128671337348276   1.1187015573568044   1.2238686789449351   1.3293744852854390   1.4376744907321688   1.5492010592984220   1.6634384468756578   1.7794073486816566   1.8965760580408699   2.0169851709748245   2.1414443657652638   2.2674442957140184   2.3909973909992903   2.5086668296018169   2.6203083114458141   2.7340749678395824   2.8675566573625755   3.0312843881549445   3.2209954075360505   3.4268251413962174   3.6377729119012843   3.8382447184881228   4.0032681513811053   4.1429277321453810   4.3610156352394238   4.7297086937815163   5.3645697214891088   5.7688231909766898   5.6344611491340499   5.2410127377994806   4.7279811199766977   4.1417860746530337   3.3444971482365049   2.5585710823989141   2.0052733742626869   0.0000000000000000   0.0000000000000000
   0.0000000000000000   0.0000000000000000   0.0000000000000000   0.0000000000000000   0.0000000000000000   0.0000000000000000   0.0000000000000000   0.0000000000000000   0.0000000000000000   0.0000000000000000   0.0000000000000000   0.0000000000000000   0.0000000000000006   0.0000000000000006   0.0000000000000006   0.0000000000000006   0.0000000000000006   0.0000000000000006   0.0000000000000006   0.0000000000000006   0.0000000000000006   0.0000000000000006   0.0000000000000006   0.0000000000000006   0.0000000000000006   0.0000000000000006   0.0000000000000006   0.0000000000000007   0.0000000000000007   0.0000000000000007   0.0000000000000007   0.0000000000000007   0.0000000000000007   0.0000000000000007   0.0000000000000007   0.0000000000000007   0.0000000000000007   0.0000000000000007   0.0000000000000007   0.0000000000000007   0.0000000000000007   0.0000000000000007   0.0000000000000007   0.0000000000000008   0.0000000000000008   0.0000000000000008   0.0000000000000008   0.0000000000000008   0.0000000000000008   0.0000000000000008   0.0000000000000008   0.0000000000000007   0.0000000000000007   0.0000000000000007   0.0000000000000007   0.0000000000000007   0.0000000000000007   0.0000000000000006   0.0000000000000006   0.0000000000000006   0.0000000000000006   0.0000000000000005   0.0000000000000005   0.0000000000000004   0.0000000000000004   0.0000000000000003   0.0000000000000003   0.0000000000000002   0.0000000000000002   0.0000000000000002   0.0000000000000001   0.0000000000000001   0.0000000000000001   0.0000000000000001   0.0000000000000001   0.0000000000000004   0.0000000000000013   0.0000000000000042   0.0000000000000139   0.0000000000000438   0.0000000000001343   0.0000000000004001   0.0000000000011601   0.0000000000032779   0.0000000000090323   0.0000000000242916   0.0000000000638095   0.0000000001638182   0.0000000004112519   0.0000000010100013   0.0000000024278798   0.0000000057160623   0.0000000131899228   0.0000000298533158   0.0000000663202877   0.0000001447074755   0.0000003103208641   0.0000006543982755   0.0000013577464443   0.0000027732652679   0.0000055796248248   0.0000110832514594   0.0000216014557222   0.0000621967516232   0.1887992063463131   0.0000000000000000   0.0000000000000000   0.0010070964619086   0.0021761687488157   0.0036020252952885   0.0053707104244418   0.0080060204662927   0.0117614492328031   0.0170675999007426   0.0237112619931248   0.0295196414934442   0.2559062814542672   0.6840522011942336   0.7503633819858011   0.7677791736446931   0.7696993019301323   0.7764194101921188   0.8153522492912386   0.8952678993525752   0.9965267579888250   1.1071180717231546   1.2179011186230442   1.3218625637393298   1.4205003217610601   1.5201717437544204   1.6249278737578374   1.7351644903167882   1.8491410894042026   1.9648481942441716   2.0825910451626668   2.2030133324966976   2.3239182105786034   2.4406964479721021   2.5479835002886073   2.6440387203946418   2.7382674434167140   2.8556696183902459   3.0150382194432956   3.2121591618647631   3.4341559599413354   3.6688563806607943   3.8983799453356380   4.0767888651283881   4.1993464652065491   4.5619894429689039   5.6002813882624736   6.6005313104865388   0.0000000000000000   0.0000000000000000   0.0000000000000000   0.0000000000000000   0.0000000000000000   2.3787200888939330   1.9409368348625227   1.6356032064465580   0.0000000000000000   0.0000000000000000
   0.0000000000000000   0.0000000000000000   0.0000000000000000   0.0000000000000000   0.0000000000000000   0.0000000000000000   0.0000000000000000   0.0000000000000000   0.0000000000000000   0.0000000000000000   0.0000000000000000   0.0000000000000495   0.0000000000000606   0.0000000000000609   0.0000000000000613   0.0000000000000617   0.0000000000000621   0.0000000000000626   0.0000000000000630   0.0000000000000635   0.0000000000000640   0.0000000000000645   0.0000000000000651   0.0000000000000657   0.0000000000000663   0.0000000000000669   0.0000000000000675   0.0000000000000682   0.0000000000000689   0.0000000000000696   0.0000000000000703   0.0000000000000710   0.0000000000000717   0.0000000000000725   0.0000000000000732   0.0000000000000740   0.0000000000000747   0.0000000000000754   0.0000000000000761   0.0000000000000768   0.0000000000000774   0.0000000000000780   0.0000000000000786   0.0000000000000790   0.0000000000000795   0.0000000000000798   0.0000000000000800   0.0000000000000802   0.0000000000000802   0.0000000000000801   0.0000000000000798   0.0000000000000793   0.0000000000000786   0.0000000000000777   0.0000000000000766   0.0000000000000752   0.0000000000000734   0.0000000000000714   0.0000000000000689   0.0000000000000661   0.0000000000000629   0.0000000000000593   0.0000000000000553   0.0000000000000510   0.0000000000000464   0.0000000000000417   0.0000000000000368   0.0000000000000319   0.0000000000000271   0.0000000000000226   0.0000000000000188   0.0000000000000171   0.0000000000000211   0.0000000000000421   0.0000000000001136   0.0000000000003319   0.0000000000009666   0.0000000000027544   0.0000000000076571   0.0000000000207731   0.0000000000550446   0.0000000001425836   0.0000000003613143   0.0000000008963146   0.0000000021783927   0.0000000051921551   0.0000000121516288   0.0000000279624708   0.0000000632929443   0.0000001409783657   0.0000003091946965   0.0000006681876167   0.0000014238897268   0.0000029943482989   0.0000062189933708   0.0000127647399925   0.0000258133748646   0.0000511909362343   0.0000992067811847   0.0001873799139814   0.0003442251108595   0.0006143193598354   0.0010597172124617   0.0018100632249725   0.0457551365646705   0.0510012149303430   0.0580585427897493   0.0667791437417047   0.0763757785155929   0.0880591492534673   0.1019396370484544   0.1176907603264005   0.1352215152923580   0.1534149803045268   0.1692363488002024   0.4338157704959578   0.7080590109214148   0.7489906727641839   0.7582749091054387   0.7571105327605607   0.7584900716410973   0.7846000254146717   0.8653294887445858   0.9734557863799822   1.0868436045188483   1.2010722845636905   1.3136542856200264   1.4147009089485676   1.5071941703862719   1.5999342062848727   1.6995040443335572   1.8078817314423949   1.9236715517047696   2.0431777889503437   2.1619470902180900   2.2813849289220194   2.3993451100571406   2.5093598573009270   2.6027591407140354   2.6770164933760783   2.7451823351229341   2.8414971531794788   2.9923336983153184   3.1920560190468561   3.4230412035605515   3.6717407717530484   3.9192130286563112   4.0878119913709261   4.1056402324410932   4.4084502178749707   5.8568771761594611   0.0000000000000000   0.0000000000000000   0.0000000000000000   0.0000000000000000   0.0000000000000000   0.0000000000000000   1.1980535845555780   1.3422097535820683   1.2272241696009749   0.0000000000000000   0.0000000000000000
   0.0000000000000000   0.0000000000000000   0.0000000000000000   0.0000000000000000   0.0000000000000000   0.0000000000000000   0.0000000000000000   0.0000000000000000   0.0000000000000000   0.0000000000000000   0.0000000000038984   0.0000000000047514   0.0000000000047605   0.0000000000047863   0.0000000000048154   0.0000000000048453   0.0000000000048769   0.0000000000049103   0.0000000000049453   0.0000000000049820   0.0000000000050205   0.0000000000050607   0.0000000000051026   0.0000000000051463   0.0000000000051917   0.0000000000052389   0.0000000000052879   0.0000000000053386   0.0000000000053909   0.0000000000054447   0.0000000000055000   0.0000000000055565   0.0000000000056141   0.0000000000056725   0.0000000000057315   0.0000000000057907   0.0000000000058498   0.0000000000059083   0.0000000000059660   0.0000000000060222   0.0000000000060764   0.0000000000061281   0.0000000000061767   0.0000000000062215   0.0000000000062618   0.0000000000062967   0.0000000000063255   0.0000000000063471   0.0000000000063607   0.0000000000063649   0.0000000000063587   0.0000000000063405   0.0000000000063087   0.0000000000062617   0.0000000000061974   0.0000000000061138   0.0000000000060084   0.0000000000058791   0.0000000000057235   0.0000000000055398   0.0000000000053264   0.0000000000050825   0.0000000000048082   0.0000000000045050   0.0000000000041765   0.0000000000038295   0.0000000000034784   0.0000000000031570   0.0000000000029511   0.0000000000030890   0.0000000000041768   0.0000000000077996   0.0000000000180251   0.0000000000452436   0.0000000001168201   0.0000000003022764   0.0000000007727879   0.0000000019436641   0.0000000048056325   0.0000000116865634   0.0000000279835750   0.0000000660589747   0.0000001539413538   0.0000003546691675   0.0000008092270504   0.0000018320292517   0.0000041244311734   0.0000092045369508   0.0000199227500033   0.0000414450764038   0.0000827712383605   0.0001588967102596   0.0002937417460984   0.0005238491464661   0.0009026768212959   0.0015050576520678   0.0024311696200566   0.0038090646835631   0.0057945658855504   0.0085674500712121   0.0123230329184693   0.0172586557954215   0.0235621103664358   0.0312789272390660   0.0402207507082570   0.0505096001124175   0.0620200041682448   0.0748024021246002   0.0886775324256367   0.1030121415262485   0.1173600056914317   0.1313154001068309   0.1444552364555744   0.1512585819652154   0.3099287402145443   0.6439459616806712   0.6997251834334356   0.7187813012336270   0.7256573259744181   0.7303396139938180   0.7544774605548481   0.8293480574270595   0.9423858360596244   1.0681013118454306   1.1878967409993439   1.3003956613939507   1.4085580345351576   1.5050030135710206   1.5951481432766159   1.6873896736047052   1.7858748654756791   1.8963954848556304   2.0207449762784671   2.1534200172099034   2.2782327170398333   2.4031696527617599   2.5234316361046005   2.6243686148120084   2.6894635506244193   2.7248394610339797   2.7539734339782704   2.8212680276249493   2.9563795046332708   3.1518439942722329   3.3848444778544460   3.6429704362418911   3.9208903281765668   4.1615613864634513   4.0864930955497947   4.1084372872054455   4.7884623709125984   4.8609561315016805   0.0000000000000000   0.0000000000000000   0.8617041728024045   0.6536743795506051   0.0000000000000000   0.0000000000000000   0.0000000000000000   0.0000000000000000   0.0000000000000000   0.0000000000000000
   0.0000000000000000   0.0000000000000000   0.0000000000000000   0.0000000000000000   0.0000000000000000   0.0000000000000000   0.0000000000000000   0.0000000000000000   0.0000000000000000   0.0000000003055724   0.0000000003733149   0.0000000003738552   0.0000000003757123   0.0000000003778940   0.0000000003800990   0.0000000003824480   0.0000000003849378   0.0000000003875664   0.0000000003903331   0.0000000003932376   0.0000000003962807   0.0000000003994635   0.0000000004027876   0.0000000004062549   0.0000000004098673   0.0000000004136265   0.0000000004175340   0.0000000004215906   0.0000000004257966   0.0000000004301511   0.0000000004346530   0.0000000004393017   0.0000000004440943   0.0000000004490271   0.0000000004540955   0.0000000004592946   0.0000000004646191   0.0000000004700638   0.0000000004756236   0.0000000004812940   0.0000000004870717   0.0000000004929550   0.0000000004989446   0.0000000005050444   0.0000000005112628   0.0000000005176141   0.0000000005241201   0.0000000005308120   0.0000000005377329   0.0000000005449396   0.0000000005525049   0.0000000005605193   0.0000000005690923   0.0000000005783523   0.0000000005884476   0.0000000005995459   0.0000000006118210   0.0000000006254072   0.0000000006405601   0.0000000006575321   0.0000000006765313   0.0000000006978320   0.0000000007219588   0.0000000007502612   0.0000000007866131   0.0000000008424106   0.0000000009514321   0.0000000012149792   0.0000000019428009   0.0000000041052325   0.0000000108158957   0.0000000322552768   0.0000001020310351   0.0000003310466360   0.0000010664405342   0.0000029860739584   0.0000072473126888   0.0000158453335653   0.0000320758238065   0.0000611850863821   0.0001112553624349   0.0001943718751845   0.0003281093571523   0.0005373542598063   0.0008564383478104   0.0013314919738847   0.0020228191314634   0.0030069800866518   0.0043784083528572   0.0062497972243801   0.0087507601562398   0.0120242328066663   0.0162201452789721   0.0214861644563702   0.0279556961145552   0.0357338360567115   0.0448824993780454   0.0554064304625553   0.0672420849565423   0.0802513427042534   0.0942216903982312   0.1088731589143985   0.1238766451474485   0.1388874359386136   0.1535575114703740   0.1675320972739702   0.1804895837373299   0.1921658373710664   0.2023823921555481   0.2110636112272985   0.2182024282608641   0.2239815086745659   0.2256614932554383   0.2588881617652016   0.6305607571545920   0.6907567878785608   0.7065213997265353   0.7119581856385472   0.7147452064201656   0.7360306251517870   0.8067273319333128   0.9215702026270617   1.0500068278938344   1.1788480529802086   1.3143518657059841   1.4228649622794474   1.5110271290461341   1.5990829912264697   1.6919264488536458   1.7970935900541607   1.9005674200993463   2.0141742071401967   2.1491591464485471   2.3063417212233102   2.4369452087171859   2.5810025060260942   2.7318226569948458   2.8532930297071784   2.8601823161313642   2.7890866776441778   2.7569929997212297   2.7865207710570048   2.9013307149925147   3.0943185066024879   3.3379499780255983   3.6277534189708014   4.0046737702703066   4.6645096521151856   4.5770354111702716   4.2568559026645385   4.3005034944662874   4.3025927603820957   4.3119938133625908   0.0000000000000000   1.9539855359734151   1.4600906275993919   0.7181861761426702   0.0000000000000000   0.0000000000000000   0.0000000000000000   0.0000000000000000   0.0000000000000000
   0.0000000000000000   0.0000000000000000   0.0000000000000000   0.0000000000000000   0.0000000000000000   0.0000000000000000   0.0000000000000000   0.0000000000000000   0.0000000269526650   0.0000000296642243   0.0000000296963324   0.0000000298331547   0.0000000299948975   0.0000000301639259   0.0000000303459943   0.0000000305407741   0.0000000307478575   0.0000000309669962   0.0000000311980078   0.0000000314407672   0.0000000316952006   0.0000000319612789   0.0000000322390118   0.0000000325284422   0.0000000328296410   0.0000000331427034   0.0000000334677439   0.0000000338048926   0.0000000341542916   0.0000000345160909   0.0000000348906417   0.0000000352803872   0.0000000356860977   0.0000000361085901   0.0000000365487801   0.0000000370076834   0.0000000374864247   0.0000000379862515   0.0000000385085528   0.0000000390548828   0.0000000396269887   0.0000000402268448   0.0000000408566922   0.0000000415190875   0.0000000422169628   0.0000000429536971   0.0000000437332016   0.0000000445600199   0.0000000454394528   0.0000000463777623   0.0000000473827364   0.0000000484660013   0.0000000496536862   0.0000000510366228   0.0000000530082043   0.0000000574107703   0.0000000732562988   0.0000001469119951   0.0000004701744008   0.0000013291748387   0.0000031705978713   0.0000067336838812   0.0000132043182571   0.0000244327600337   0.0000432300534557   0.0000737569759658   0.0001220152695106   0.0001964431365529   0.0003086056050471   0.0004739561133096   0.0007126299949197   0.0010502151106997   0.0015184298912304   0.0021556185901055   0.0030069387639321   0.0041243697403573   0.0055664031721265   0.0073972648326589   0.0096857992171521   0.0125039736327988   0.0159249954020706   0.0200210259229000   0.0248604626095010   0.0305047528401656   0.0370047194207116   0.0443964072516476   0.0526965467796730   0.0618978433985577   0.0719644351872513   0.0828280127032711   0.0943851960853790   0.1064968069069920   0.1189896110342146   0.1316609244748697   0.1442861804803831   0.1566291732226887   0.1684542617171049   0.1795394629254177   0.1896894423623137   0.1987466921088007   0.2065990901066974   0.2131845071675788   0.2184907291518680   0.2225513257755821   0.2254396052186354   0.2272609123693763   0.2281421249053580   0.2282210005646845   0.2276358375533656   0.2265128431307446   0.2250144039034166   0.2229224425664637   0.2167073764121302   0.5837610820234923   0.6796106282931988   0.6962940110358582   0.7015908984209049   0.7033430904798014   0.7226106413416958   0.7912569365852694   0.9104648569750328   1.0501834406827941   1.1939821374252428   1.3349102442533622   1.5109215784367422   1.6063898870071145   1.6166902971540362   1.7003747052300224   1.8436631422591563   2.1346130232587597   2.3000080266460499   2.3333727108962048   2.4671048259166271   2.8591548989921165   3.0611317351385079   3.0694394861649577   3.2406362139620559   3.6830725191573128   3.8168161657279240   3.1869967398533787   2.9181650175016904   2.8022333680625038   2.8564926258795600   3.0416432382654630   3.3060034756488563   3.6526855216136593   4.2712490246754875   5.8027838776955898   5.9475136357897576   5.5663732514502708   4.7673591188525242   4.3027813584741317   3.9686994764000891   3.3703212700208223   2.7365556942509479   1.9930564600181502   1.1439284618572425   0.0000000000000000   0.0000000000000000   0.0000000000000000   0.0000000000000000   0.0000000000000000
   0.0000000000000000   0.0000000000000000   0.0000000000000000   0.0000000000000000   0.0000000000000000   0.0000000000000000   0.0000000000000000   0.0000000000000000   0.0000014354917861   0.0000014331026586   0.0000014399687288   0.0000014461508022   0.0000014529761305   0.0000014604400273   0.0000014685100418   0.0000014771621951   0.0000014863782813   0.0000014961447467   0.0000015064524540   0.0000015172964387   0.0000015286756969   0.0000015405930104   0.0000015530548111   0.0000015660710902   0.0000015796553553   0.0000015938246351   0.0000016085995338   0.0000016240043317   0.0000016400671509   0.0000016568299479   0.0000016887676603   0.0000018567078248   0.0000022333710707   0.0000029164896698   0.0000040351790948   0.0000057576551719   0.0000083006670798   0.0000119410419103   0.0000170297508130   0.0000240089744582   0.0000334327892312   0.0000459923047465   0.0000625463453436   0.0000841590850324   0.0001121464326926   0.0001481334467780   0.0001941256541308   0.0002525978568421   0.0003266048133269   0.0004199190238490   0.0005372016441773   0.0006842131463232   0.0008680705249584   0.0010975573081935   0.0013834909390134   0.0017391484705871   0.0021807436046618   0.0027279245753150   0.0034042196928593   0.0042376378334934   0.0052611030071964   0.0065127188244274   0.0080358405440100   0.0098788410623074   0.0120944847505917   0.0147388345705340   0.0178696428988376   0.0215442159690571   0.0258167928293053   0.0307355356644905   0.0363392925674862   0.0426543402598017   0.0496913544198456   0.0574428618639528   0.0658814086503231   0.0749586279869193   0.0846053198897366   0.0947325672737827   0.1052338225941274   0.1159878268857551   0.1268621701459123   0.1377172683985982   0.1484105380350804   0.1588005680652146   0.1687514032745304   0.1781365580076515   0.1868421648865471   0.1947703880876006   0.2018422701905692   0.2080000341878658   0.2132087429558739   0.2174571751788976   0.2207577872653273   0.2231456834097410   0.2246764573993530   0.2254231231928523   0.2254722844649029   0.2249198314961085   0.2238656359385138   0.2224086346084878   0.2206442185370316   0.2186599933665512   0.2165332795009502   0.2143295175952661   0.2121015270966071   0.2098895538269473   0.2077221351867723   0.2056173481584341   0.2035845266693872   0.2016221837927471   0.1998873860917617   0.1959080806140774   0.2223352528129152   0.6434998556971666   0.6868819331451262   0.6949121531921988   0.6955358953200155   0.7092264088138959   0.7770435119884087   0.9015328414428710   1.0548757326003284   1.2329340108669724   1.4696539399369495   1.6599866863477750   0.0000000000000000   0.0000000000000000   1.3542576169222518   1.5785354767923063   1.9579633570798556   0.0000000000000000   0.0000000000000000   1.7616707983260327   2.4781330653648599   0.0000000000000000   0.0000000000000000   2.3224508796488608   3.4102844890803339   0.0000000000000000   0.0000000000000000   3.0521940241446543   2.8758844608217591   2.7296079790090610   2.7718196903493468   2.9615753072097943   3.2390557774107513   3.6146577655119265   4.6467885333651182   0.0000000000000000   0.0000000000000000   0.0000000000000000   4.1253327135605913   3.7886365693241522   3.4716436264129649   3.0478097991999085   2.6460233877593735   1.9126308425167884   0.0000000000000000   0.0000000000000000   0.0000000000000000   0.0000000000000000   0.0000000000000000   0.0000000000000000
   0.0000000000000000   0.0011625621593438   0.0053049749068434   0.0000000000000000   0.0000000000000000   0.0000000000000000   0.0000000000000000   0.0000000000000000   0.0000814667566969   0.0000814532964537   0.0000830325253659   0.0000876302828462   0.0000972794475552   0.0001136227176000   0.0001384475255170   0.0001736682856020   0.0002213341054474   0.0002836357963551   0.0003629130635513   0.0004616617558944   0.0005825412421526   0.0007283819664408   0.0009021932416234   0.0011071713384472   0.0013467079210819   0.0016243988699775   0.0019440535238317   0.0023097043684148   0.0027256172057027   0.0031963018502853   0.0037265088544839   0.0043211488948244   0.0049854605390280   0.0057249510697009   0.0065454058066813   0.0074528986403698   0.0084538044493839   0.0095548135239351   0.0107629483918380   0.0120855842941700   0.0135304736794940   0.0151057763603887   0.0168200965295316   0.0186825270973250   0.0207027014777152   0.0228908521700139   0.0252578741608271   0.0278153892253140   0.0305758045573870   0.0335523557806536   0.0367591203648139   0.0402109830193246   0.0439235301671316   0.0479128467399421   0.0521951861291290   0.0567864842168755   0.0617016921602387   0.0669539110479380   0.0725533249612829   0.0785059479999409   0.0848122271765720   0.0914655683761795   0.0984508819031509   0.1057432692146966   0.1133069876266749   0.1210948316948734   0.1290480514483770   0.1370969705395915   0.1451624706866395   0.1531577254377093   0.1609908585826014   0.1685680808371489   0.1757970843709459   0.1825904999673647   0.1888691804205570   0.1945650884297449   0.1996236064367138   0.2040051471748280   0.2076860224819989   0.2106585059348138   0.2129302508680500   0.2145231386409846   0.2154716872439945   0.2158212828527677   0.2156256023398987   0.2149441082250053   0.2138410381928755   0.2123827936052521   0.2106360346443260   0.2086659318538809   0.2065346863070382   0.2043002907101826   0.2020154700398039   0.1997267902232610   0.1974741095845869   0.1952902580037556   0.1932009214316757   0.1912247849966394   0.1893741165999663   0.1876553717249153   0.1860693364763513   0.1846121143963208   0.1832759672888054   0.1820501592818922   0.1809217885991670   0.1798765705944443   0.1788995455420256   0.1779758082864901   0.1770889621098906   0.1762435842945705   0.1753910404561696   0.1683097567898001   0.4680365268125773   0.6726252286618328   0.6896794301213770   0.6904387403504867   0.6953420125430178   0.7563746545378640   0.8854430032171161   1.0607313666512226   1.2739178693536495   1.4938259750733887   0.0000000000000000   0.0000000000000000   0.0000000000000000   0.0000000000000000   0.0000000000000000   0.0000000000000000   0.0000000000000000   0.0000000000000000   0.0000000000000000   0.0000000000000000   0.0000000000000000   0.0000000000000000   0.0000000000000000   0.0000000000000000   0.0000000000000000   0.0000000000000000   0.0000000000000000   2.6303947687885181   2.9860982880338764   2.6715715227828714   2.6581241368108834   2.8362457232890610   3.1098203702377996   3.4635164973212893   4.6316185727510666   0.0000000000000000   0.0000000000000000   0.0000000000000000   2.4283095355117466   2.6672515386273394   2.5465625303467112   0.0000000000000000   0.0000000000000000   0.0000000000000000   0.0000000000000000   0.0000000000000000   0.0000000000000000   0.0000000000000000   0.0000000000000000   0.0000000000000000
   0.0000000000000000   0.0732799475109881   0.0768681985369285   0.0797055200592684   0.4164999096419794   0.0000000000000000   0.0000000000000000   0.0000000000000000   0.0051894783781213   0.0081837492330663   0.0113626146566703   0.0145938972753343   0.0178838296688446   0.0212316118259323   0.0246365720279615   0.0280978130589923   0.0316142485922747   0.0351846103996268   0.0388074485680417   0.0424811268102664   0.0462038159461565   0.0499734879497713   0.0537879119183570   0.0576446522994017   0.0615410689594216   0.0654743182545285   0.0694413541282953   0.0734389283480134   0.0774635892319589   0.0815116785432470   0.0855793267433058   0.0896624473170917   0.0937567287213314   0.0978576248749799   0.1019603442037477   0.1060598478971379   0.1101508969768961   0.1142281027824341   0.1182858384084245   0.1223182241798261   0.1263191710156724   0.1302824035280912   0.1342014737213054   0.1380697699469021   0.1418805195795879   0.1456267828537648   0.1493014349310501   0.1528971333270620   0.1564062683767752   0.1598208955617631   0.1631326503716668   0.1663326489855549   0.1694113813926236   0.1723586074326680   0.1751632702496395   0.1778134452694063   0.1802963455606367   0.1825984068785646   0.1847054723703793   0.1866030792419568   0.1882768711323582   0.1897131306222545   0.1908994010018013   0.1918251748949774   0.1924826056152179   0.1928671933168459   0.1929784281361216   0.1928201878088179   0.1924004746890369   0.1917321319005503   0.1908324074001540   0.1897224600126209   0.1884267123270872   0.1869720511196162   0.1853869369410587   0.1837004856538376   0.1819415827220858   0.1801380801178485   0.1783160967715625   0.1764995198733207   0.1747096227558853   0.1729648270859946   0.1712806073825146   0.1696694994816469   0.1681414105698930   0.1667039110160145   0.1653620315854640   0.1641185827932113   0.1629746665953670   0.1619301397617031   0.1609851686495267   0.1601398915039189   0.1593934605697582   0.1587444207092357   0.1581912231059364   0.1577318456575716   0.1573630399322840   0.1570803252009247   0.1568781760666441   0.1567500828866531   0.1566885781306556   0.1566853434102885   0.1567314018749317   0.1568173917978476   0.1569338862341543   0.1570717123668880   0.1572222283880263   0.1573776313220259   0.1575270630801014   0.1577583335021780   0.1567768087762669   0.1708886667304673   0.6332472670860475   0.6854384192543487   0.6892229674878673   0.6863073292346288   0.7331200406478844   0.8537204197886229   1.0326755372921539   1.2582737993058442   1.5042724028099370   0.0000000000000000   0.0000000000000000   0.0000000000000000   0.0000000000000000   0.0000000000000000   0.0000000000000000   0.0000000000000000   0.0000000000000000   0.0000000000000000   0.0000000000000000   0.0000000000000000   0.0000000000000000   0.0000000000000000   0.0000000000000000   0.0000000000000000   0.0000000000000000   0.0000000000000000   0.0000000000000000   0.0000000000000000   3.2235905436160555   2.6861402479058145   2.5577101219055884   2.6991882504936324   2.9588467615807774   3.2948470254489801   4.1846562581661466   3.3495496899268566   1.9661640716746136   0.0000000000000000   1.2749417413196149   1.7688932152573611   0.0000000000000000   0.0000000000000000   0.0000000000000000   0.0000000000000000   0.0000000000000000   0.0000000000000000   0.0000000000000000   0.0000000000000000   0.0000000000000000   0.0000000000000000
   0.0000000000000000   0.1179726782766911   0.1179169827933645   0.1164389662001805   0.2024749649369301   0.2086762795723973   0.2097061178289109   0.2140780259725957   0.2154005332618619   0.2154189465118689   0.2154829163188705   0.2154783879463482   0.2154105830343292   0.2152773616626287   0.2150773064216166   0.2148094343766233   0.2144732844616571   0.2140688793756708   0.2135966203668295   0.2130571547658759   0.2124512537079046   0.2117797237495251   0.2110433605574143   0.2102429409631439   0.2093792431502161   0.2084530828697174   0.2074653546096773   0.2064170690319227   0.2053093808329693   0.2041436040638559   0.2029212146423681   0.2016438422604588   0.2003132562530817   0.1989313525616179   0.1975001492864202   0.1960217778054736   0.1944983696214316   0.1929319431559235   0.1913246319532567   0.1896786983331888   0.1879964733447355   0.1862803536911246   0.1845328051946120   0.1827563694155121   0.1809536695365316   0.1791274142960147   0.1772803999497303   0.1754155106880386   0.1735357184227116   0.1716440833370368   0.1697437569925502   0.1678379900195775   0.1659301463890908   0.1640237258936410   0.1621223957274519   0.1602300309561436   0.1583507621727309   0.1564890255066738   0.1546496093543622   0.1528377040530700   0.1510589310907109   0.1493193449777449   0.1476254141194729   0.1459839668647943   0.1444020993919974   0.1428870418824233   0.1414459818669742   0.1400859109334464   0.1388135529411393   0.1376349453699109   0.1365552625601145   0.1355786350568983   0.1347079733118358   0.1339448262343522   0.1332892849466951   0.1327399387953158   0.1322938878466447   0.1319468130799020   0.1316931002045134   0.1315260123155030   0.1314379046917256   0.1314204677341125   0.1314649847495140   0.1315625867758925   0.1317044975056240   0.1318821980736617   0.1320870305534300   0.1323163633492808   0.1325711360006082   0.1328372475163283   0.1331551359783773   0.1335923299979332   0.1341983762558394   0.1349889775111700   0.1359434181079372   0.1370358872087671   0.1382493364819474   0.1395733083765335   0.1409951076072121   0.1425004007300754   0.1440730889290983   0.1456956363001446   0.1473497872731024   0.1490176399834057   0.1506827922658286   0.1523312751136523   0.1539520859151546   0.1555370090116521   0.1570802509418650   0.1586883239082730   0.1555152595353049   0.2968147988676898   0.6652918689158953   0.6906012688889679   0.6849215417383973   0.7077610573250438   0.8162471033717158   1.0149828768134981   1.2794708696555959   0.0000000000000000   0.0000000000000000   0.0000000000000000   0.0000000000000000   0.0000000000000000   0.0000000000000000   0.0000000000000000   0.0000000000000000   0.0000000000000000   0.0000000000000000   0.0000000000000000   0.0000000000000000   0.0000000000000000   0.0000000000000000   0.0000000000000000   0.0000000000000000   0.0000000000000000   0.0000000000000000   0.0000000000000000   0.0000000000000000   0.0000000000000000   0.0000000000000000   2.4897895266487091   2.4473835071528618   2.5785563864775600   2.8257661280550006   3.1396160745384525   3.8965799466359590   3.3090288961850796   2.4058407509296584   0.0000000000000000   0.0000000000000000   0.0000000000000000   0.0000000000000000   0.0000000000000000   0.0000000000000000   0.0000000000000000   0.0000000000000000   0.0000000000000000   0.0000000000000000   0.0000000000000000   0.0000000000000000   0.0000000000000000
   0.0000000000000000   0.1470638664298830   0.1472772662747957   0.1472040283273710   0.1457184718704341   0.1445391435043481   0.1434408882012799   0.1419651166842414   0.1410233536134643   0.1406091517091343   0.1402254929814358   0.1398519348619647   0.1394721798976205   0.1390695355890434   0.1386307173330917   0.1381468599602238   0.1376137027282634   0.1370309131377509   0.1364009022954791   0.1357275343010798   0.1350150349606433   0.1342672599180288   0.1334873407808945   0.1326776406871884   0.1318399156531239   0.1309755821219086   0.1300860120139504   0.1291727998775024   0.1282379668534442   0.1272840822674878   0.1263142982021903   0.1253323056350596   0.1243422306837521   0.1233484951877214   0.1223556676514052   0.1213683350436265   0.1203910312476305   0.1194281865139709   0.1184840182392362   0.1175624971920809   0.1166673642040938   0.1158021482244144   0.1149701889734181   0.1141746600155763   0.1134185911290463   0.1127048878273680   0.1120363458359896   0.1114156590485213   0.1108454201705210   0.1103281138676796   0.1098661027688441   0.1094616071200760   0.1091166792461116   0.1088331742246549   0.1086127182579120   0.1084566761411309   0.1083661190062460   0.1083417930758270   0.1083840893865555   0.1084930145615301   0.1086681626203063   0.1089086865156619   0.1092132686241656   0.1095800903065711   0.1100068009678258   0.1104904879484634   0.1110276486587394   0.1116141649710874   0.1122452876634096   0.1129156403078415   0.1136192391686281   0.1143495325058733   0.1150994649344063   0.1158615675702377   0.1166280728605436   0.1173910511018425   0.1181425637588241   0.1188748267825007   0.1195803759494340   0.1202522256084735   0.1208840123809665   0.1214701164671092   0.1220057547109141   0.1224870408421923   0.1229110579719708   0.1232751070767436   0.1235820457783360   0.1238697659555924   0.1237086293125069   0.1232342341136769   0.1265107691939465   0.1343476082636516   0.1432641002350460   0.1504381896781904   0.1561221002802498   0.1614476384916310   0.1663619319989859   0.1708742408978060   0.1749990306373605   0.1787547790838393   0.1821507596386855   0.1851907934931770   0.1878766468559615   0.1902117644970035   0.1922044566917904   0.1938697204647742   0.1952294620353733   0.1963095615853006   0.1971677671401930   0.1973543590719613   0.2017547144819780   0.6248226428156854   0.7042314800247269   0.7046388967499598   0.6853129214112449   0.7771958580121385   0.9611489642749419   1.3382982807410519   0.0000000000000000   0.0000000000000000   0.0000000000000000   0.0000000000000000   0.0000000000000000   1.0567335662484347   1.0787488300537511   1.1873357108243483   1.3166796396955565   1.4471019583741338   1.5655770173700727   1.6642461352084774   1.7386307681524287   1.7874212757634669   1.8095636995993307   1.7962929670201118   1.7498621291850707   1.6089799670099592   0.0000000000000000   0.0000000000000000   0.0000000000000000   0.0000000000000000   0.0000000000000000   2.2841976415828760   2.2984568252679907   2.4583602976702039   2.7050515093698215   3.0067691978399136   3.6697200270558681   3.4524002942850602   2.7114606419975478   0.0000000000000000   0.0000000000000000   0.0000000000000000   0.0000000000000000   0.0000000000000000   0.0000000000000000   0.0000000000000000   0.0000000000000000   0.0000000000000000   0.0000000000000000   0.0000000000000000   0.0000000000000000   0.0000000000000000
   0.0000000000000000   0.2485872218532857   0.2550757189563784   0.2596933477151422   0.2628877615862280   0.2653538601304527   0.2674966834170066   0.2694975426781328   0.2713396710370112   0.2729654800420063   0.2743385643620787   0.2754062590152698   0.2761135405482633   0.2764241794307267   0.2763238188694797   0.2758193430687049   0.2749349756902685   0.2737058244506017   0.2721710498967890   0.2703687887076306   0.2683331550576623   0.2660930091296957   0.2636718018719584   0.2610880354062234   0.2583560693203652   0.2554871272433804   0.2524903875968600   0.2493740801981295   0.2461465027598841   0.2428168168848618   0.2393955442661263   0.2358947725099412   0.2323280914043126   0.2287103138264701   0.2250570666036324   0.2213843419626719   0.2177080840974112   0.2140438580489422   0.2104066128623273   0.2068105209216872   0.2032688715779994   0.1997940026592736   0.1963972563319101   0.1930889494066642   0.1898783518506626   0.1867736699998881   0.1837820325714456   0.1809094785749339   0.1781609469759857   0.1755402685524942   0.1730501608052084   0.1706922270331158   0.1684669607632933   0.1663737566688866   0.1644109289779973   0.1625757382079307   0.1608644268940548   0.1592722648735264   0.1577936046225145   0.1564219470876982   0.1551500184416834   0.1539698582100318   0.1528729191211274   0.1518501787896800   0.1508922629596787   0.1499895794785139   0.1491324615180371   0.1483113175711903   0.1475167844063294   0.1467398786710081   0.1459721436270377   0.1452057867012168   0.1444337912924971   0.1436499978486231   0.1428491705725926   0.1420270323537252   0.1411802654375491   0.1403064803245546   0.1394041558426689   0.1384725552748527   0.1375116243139289   0.1365218774920764   0.1355042794440179   0.1344601428455793   0.1333909358157761   0.1322971085190096   0.1312216570502739   0.1297170932217503   0.1260544335981840   0.2162768327051333   0.4289173219180742   0.3868231358954995   0.3100828200788616   0.3058278400169290   0.2973582792160875   0.2891330012336090   0.2811545115931314   0.2735836645829925   0.2663500604825103   0.2594362313253717   0.2528155170884135   0.2464567515933746   0.2403287088804813   0.2344039573208771   0.2286618165776736   0.2230897982046514   0.2176835539188869   0.2124417055459828   0.2074407478092929   0.2010909225385160   0.2262180206579407   0.6619504408063953   0.7184566087886790   0.7043357166922171   0.7155236230598224   0.0000000000000000   0.0000000000000000   0.0000000000000000   0.0000000000000000   0.0000000000000000   0.0000000000000000   1.0469526308081034   1.0976334598037363   1.1187426110240353   1.1963818953419436   1.2693097209255650   1.3519464569812198   1.4378684439780165   1.5226857309423361   1.6034109471237363   1.6779247496810423   1.7447789221001451   1.8033506189297106   1.8540732111383673   1.9050908736429055   2.0141798052492392   2.1689969760173149   1.8517749269535015   0.0000000000000000   0.0000000000000000   0.0000000000000000   2.0700224888538639   2.1343352487638367   2.3132146519087211   2.5581283410136981   2.8655264139198331   3.5828334604103227   3.4129356346753785   0.0000000000000000   0.0000000000000000   0.0000000000000000   0.0000000000000000   0.0000000000000000   0.0000000000000000   0.0000000000000000   0.0000000000000000   0.0000000000000000   0.0000000000000000   0.0000000000000000   0.0000000000000000   0.0000000000000000   0.0000000000000000
   0.0000000000000000   0.4619552292348915   0.4560215306388208   0.4528371429884154   0.4508987401261507   0.4495394014489409   0.4484349057470554   0.4473717829314224   0.4462114150304432   0.4448677781934905   0.4432894552384982   0.4414495458648404   0.4393377603542104   0.4369535807336762   0.4343020202664079   0.4313910393860345   0.4282283819735441   0.4248169154592183   0.4211523637354785   0.4172242450049140   0.4130196080190833   0.4085282005370005   0.4037456416291818   0.3986746070260864   0.3933240237428461   0.3877077054218770   0.3818427894672665   0.3757481762843907   0.3694426151541101   0.3629425632930866   0.3562622357632402   0.3494161526073301   0.3424212492001064   0.3352975139295488   0.3280677105634908   0.3207566911365259   0.3133905717828371   0.3059959389241232   0.2985991869353237   0.2912260261115246   0.2839011503272363   0.2766480272112331   0.2694887684598777   0.2624440451345276   0.2555330237677830   0.2487733089313803   0.2421808851022887   0.2357700555439449   0.2295533792978075   0.2235416098338844   0.2177436406536787   0.2121664641621279   0.2068151503569103   0.2016928513067137   0.1968008360806704   0.1921385589134294   0.1877037611638918   0.1834926052920930   0.1794998368728433   0.1757189687855264   0.1721424803149207   0.1687620230643666   0.1655686253667771   0.1625528872697050   0.1597051590605277   0.1570156973678543   0.1544747944804978   0.1520728798169569   0.1498005925746569   0.1476488259702904   0.1456087429924709   0.1436717613791689   0.1418295459192875   0.1400740118055382   0.1383972797747367   0.1367916439634527   0.1352495508283446   0.1337635872426134   0.1323264808066535   0.1309311130891495   0.1295705457234139   0.1282380586589374   0.1269271933492676   0.1256318698646212   0.1243455657748403   0.1230710725750145   0.1217927350927661   0.1183663400072350   0.2004355118323181   0.6031857754529790   0.7054638487428950   0.0000000000000000   0.0650355709493363   0.0628381837295981   0.0500310396750555   0.0494861682787910   0.0483733513539178   0.0473300526681259   0.0463579616373145   0.0454424740210797   0.0445766936913376   0.0437535592842647   0.0429666643643060   0.0422109231821645   0.0414828863468200   0.0407807530998583   0.0401041278916548   0.0394530539427479   0.0388387601206024   0.0380323451526246   0.0478931940710105   0.6451378284006012   0.7199650519507390   0.6976607180256127   0.7569177224374026   0.0000000000000000   0.0000000000000000   0.0000000000000000   0.0000000000000000   0.9125373110964329   1.0454462821086365   1.0858605641214838   1.1323359704227478   1.1846931893221357   1.2479916559439308   1.3197402440066173   1.4024856651914575   1.4886330967176640   1.5741133819763053   1.6585561555493242   1.7415003670887714   1.8205670319008078   1.8947882668712550   1.9682512624680022   2.0618998395387487   2.1902366501174355   2.3629992161459277   2.6163242629318573   0.0000000000000000   0.0000000000000000   0.9252101592470819   1.8387015839565253   1.9638146850318472   2.1436581887750430   2.3666933310896607   2.6571079115335472   3.6661489687946314   0.0000000000000000   0.0000000000000000   0.0000000000000000   0.0000000000000000   0.0000000000000000   0.0000000000000000   0.0000000000000000   0.0000000000000000   0.0000000000000000   0.0000000000000000   0.0000000000000000   0.0000000000000000   0.0000000000000000   0.0000000000000000   0.0000000000000000
   0.0000000000000000   0.5622799335226822   0.5581401556714681   0.5537761991938973   0.5491958993258129   0.5442286734122556   0.5388571747690453   0.5330847288696124   0.5269323506583593   0.5204552680807016   0.5137402570990749   0.5068905859333661   0.5000079750154387   0.4931766582643691   0.4864523969398911   0.4798580263248217   0.4733853873565522   0.4670048181729169   0.4606784473060211   0.4543655476624083   0.4480323413812854   0.4416551669550828   0.4352199184909549   0.4287223574024546   0.4221629159408640   0.4155440417980139   0.4088689575301415   0.4021401402867472   0.3953592663699472   0.3885299114029118   0.3816574598916852   0.3747455648562046   0.3677946154447043   0.3608029965308209   0.3537692538550400   0.3466939218755521   0.3395805493441268   0.3324359140193433   0.3252696472791655   0.3180935531547229   0.3109208636378852   0.3037655839493180   0.2966419944641915   0.2895643138107795   0.2825464941750555   0.2756021083923604   0.2687442899377449   0.2619856943210100   0.2553384594240525   0.2488141509842574   0.2424236869481090   0.2361772405436510   0.2300841265658223   0.2241526785202859   0.2183901259725923   0.2128024818181374   0.2073944484234897   0.2021693499535222   0.1971290959940126   0.1922741791176168   0.1876037066125429   0.1831154644329347   0.1788060096965056   0.1746707868298242   0.1707042617917688   0.1669000688786741   0.1632511649556876   0.1597499849262466   0.1563885948116371   0.1531588398692897   0.1500524858605376   0.1470613520218441   0.1441774215280976   0.1413929323674115   0.1387004684450853   0.1360930327709232   0.1335641030182083   0.1311076713753852   0.1287182689593810   0.1263909753785591   0.1241214142174008   0.1219057361761297   0.1197405804014309   0.1176232119846381   0.1155484049844930   0.1135591971580526   0.1109706297554598   0.1136147403634937   0.5736415132254784   0.6993069406363864   1.2426589079913559   0.0000000000000000   0.0000000000000000   0.0000000000000000   0.0111269349723925   0.0090765313677482   0.0091425802611969   0.0091028137184105   0.0090660855366261   0.0090332185791282   0.0090019342883808   0.0089713690997590   0.0089407250815600   0.0089095096682526   0.0088775981742236   0.0088452230438161   0.0088128984434339   0.0087812575227239   0.0087517369672993   0.0087140844930546   0.0091254409633460   0.6109574575393673   0.7189836999937129   0.7081464892625032   0.7163036712722590   0.7398909831125049   0.8431071109605027   0.9283798938235143   0.9517587022716429   0.9646549148590966   1.0454267455842701   1.1128175244076488   1.1668049788129904   1.2161211147042499   1.2770275622519891   1.3553432178181892   1.4468013880336590   1.5385073049481952   1.6264000192351269   1.7133217057549670   1.8009778613492795   1.8892171667543030   1.9765852462515434   2.0635035660261187   2.1549243490418784   2.2524035474989366   2.3930593755244294   2.6858479884935531   3.0255385141841273   0.0000000000000000   1.1291102745659802   1.5937236103794767   1.7741749963681634   1.9559804829873009   2.1678421277796822   2.4361405365463704   3.0513253078838978   2.1063966525308890   1.4027370615640506   0.0000000000000000   0.0000000000000000   0.0000000000000000   0.0000000000000000   0.0000000000000000   0.0000000000000000   0.0000000000000000   0.0000000000000000   0.0000000000000000   0.0000000000000000   0.0000000000000000   0.0000000000000000   0.0000000000000000
   0.0000000000000000   0.5612095642837714   0.5581034302004357   0.5546949531875961   0.5508319503419422   0.5462788421846477   0.5410326119397830   0.5351758543881429   0.5287902378988523   0.5219457708875409   0.5146979379521260   0.5070879144395258   0.4991435646462953   0.4908803582094242   0.4823027947002578   0.4734100326401621   0.4642088238625097   0.4547299591734770   0.4450587196566343   0.4352228454178053   0.4253134174321201   0.4154083535360074   0.4055395775065628   0.3957710168116745   0.3861295285534915   0.3766303626242178   0.3672938604723413   0.3581450218544983   0.3492034877890164   0.3404861141173919   0.3320069290745515   0.3237779040791804   0.3158087380358168   0.3081055002402812   0.3006692839597303   0.2934956345357801   0.2865749013624789   0.2798932898492114   0.2734342555962081   0.2671799132532612   0.2611122427159287   0.2552139962621638   0.2494693020858401   0.2438640110985066   0.2383858514389263   0.2330244517280553   0.2277712813732377   0.2226195417690348   0.2175640298476822   0.2126009863436737   0.2077279352733433   0.2029435178835457   0.1982473229614662   0.1936397152388000   0.1891216640982896   0.1846945754608516   0.1803601302896958   0.1761201334107363   0.1719763762384118   0.1679305165191319   0.1639839774270929   0.1601378673724924   0.1563929208306596   0.1527494594874304   0.1492073721132186   0.1457661109069090   0.1424247016673249   0.1391817649328455   0.1360355451817200   0.1329839454425019   0.1300245650109964   0.1271547386528657   0.1243715763703121   0.1216720025402643   0.1190527934559824   0.1165106133416131   0.1140420491370301   0.1116436441883136   0.1093119310643978   0.1070434637808469   0.1048348494162586   0.1026827800974713   0.1005840477040374   0.0985358776988186   0.0965300907867755   0.0946653309436137   0.0910542801049318   0.1438868909850467   0.6161678653928806   1.4212830226369082   2.8017964117388883   0.0000000000000000   0.0000000000000000   0.0000000000000000   0.0000000000000000   0.0020135426144287   0.0016455651515366   0.0016608773479214   0.0016571306552449   0.0016547947675898   0.0016525104088185   0.0016501612547123   0.0016476408199675   0.0016449125231994   0.0016420097317966   0.0016390239270403   0.0016360835199302   0.0016333309496192   0.0016307968600899   0.0016307003197407   0.0015604883592549   0.4796061837719222   0.7106251106365952   0.7201146180584134   0.7288977357941847   0.7394643682023760   0.7839332552930393   0.8611634689583529   0.9615539910707375   1.0622764549914672   1.1521709592817524   1.2186012865372517   1.2616418686877497   1.2892079455679357   1.3249339804628788   1.3940915918533681   1.4898147474833303   1.5866713549808205   1.6781800258900528   1.7683700224453383   1.8599188285247590   1.9549125234817113   2.0536017304776286   2.1525104359520779   2.2405838792099546   2.3007234878625784   2.3264911475330865   2.3108125779986155   2.3123065318659486   2.2417027532151930   1.9578332015747533   1.7220168042594544   1.6375199658039803   1.7572946401457548   2.0266124242807808   2.3943996472237012   2.7294012570993504   2.4855472292361389   1.7205428746755502   0.0000000000000000   0.0000000000000000   0.0000000000000000   0.0000000000000000   0.0000000000000000   0.0000000000000000   0.0000000000000000   0.0000000000000000   0.0000000000000000   0.0000000000000000   0.0000000000000000   0.0000000000000000   0.0000000000000000
   0.0000000000000000   0.5411399233861720   0.5262326899699807   0.5143490229892732   0.5024613695512600   0.4896585416641210   0.4762366975197255   0.4624639671249078   0.4485931399815770   0.4348383959535729   0.4213560459906635   0.4082512382467364   0.3955920461846423   0.3834237620697937   0.3717803761124419   0.3606901593929828   0.3501677139697565   0.3402467327429398   0.3313272699503897   0.3217801106003870   0.3124155522629652   0.3035334516690705   0.2943871086955555   0.2853361661514369   0.2764983349457207   0.2682015807659901   0.2603310278185432   0.2528533390377906   0.2457367266622205   0.2389506523153812   0.2324668574790127   0.2262598763482153   0.2203076492738029   0.2145918764111398   0.2090979396898850   0.2038143810014247   0.1987320705226726   0.1938432639738659   0.1891407351173262   0.1846171104034802   0.1802644600388103   0.1760741380797929   0.1720368245287456   0.1681427053305355   0.1643817263662069   0.1607438681099241   0.1572194025076314   0.1537991085983023   0.1504744360001496   0.1472376146396716   0.1440817150003540   0.1410006662535052   0.1379892406707283   0.1350430124668516   0.1321582983079248   0.1293320855798085   0.1265619534056244   0.1238459904399317   0.1211827126744476   0.1185709838374946   0.1160099404156131   0.1134989228352701   0.1110374138935207   0.1086249851118517   0.1062612513102217   0.1039458333660035   0.1016783288438257   0.0994582899652854   0.0972852082327051   0.0951585049215216   0.0930775266033027   0.0910415448452548   0.0890497592568918   0.0871013031364130   0.0851952510205512   0.0833306275264177   0.0815064169938901   0.0797215734211134   0.0779750304285511   0.0762657109893993   0.0745925366472092   0.0729544372965354   0.0713503421021933   0.0697795350705257   0.0682346770173776   0.0668432814193576   0.0630536130583730   0.2561681505764617   1.4487742052216535   2.4126678245237665   2.6395517469044116   2.4745687540264161   0.0000000000000000   0.0000000000000000   0.0000000000000000   0.0000000000000000   0.0003000082702300   0.0003049938427698   0.0003047183446030   0.0003044536424777   0.0003041723128064   0.0003038609829948   0.0003035097276221   0.0003031223132863   0.0003027140504629   0.0003023080999513   0.0003019306529859   0.0003016070056262   0.0003013464602722   0.0003026518726442   0.0002883425190153   0.3125185696348712   0.7023760840120634   0.7285473297317456   0.7549971987330332   0.7869703137347668   0.8503774426544191   0.9561326926039528   1.0905556771156473   1.2235588881570374   1.3290406483493356   1.3975952919972912   1.4286462060400469   1.4314877189949409   1.4311178717900956   1.4761043677239936   1.5648264927943019   1.6593259842852834   1.7504804442568382   1.8406815381048103   1.9317047330685402   2.0266804932506695   2.1282228620678914   2.2318355114626787   2.3225693872897546   2.3812393763838613   2.3927954971329988   2.3652323029128106   2.4295839157742081   2.4879033809442466   2.2201769992735443   1.8193934102590807   1.5310349279462472   1.6213394392583180   2.0357652804021154   2.5520979834789213   2.6299352655283696   0.0000000000000000   0.0000000000000000   0.0000000000000000   0.0000000000000000   0.0000000000000000   0.0000000000000000   0.0000000000000000   0.0000000000000000   0.0000000000000000   0.0000000000000000   0.0000000000000000   0.0000000000000000   0.0000000000000000   0.0000000000000000   0.0000000000000000
   0.0000000000000000   0.5059269772054907   0.3988500041104156   0.3840122411909883   0.3630221797098419   0.3438400530236482   0.3264952828305738   0.3109100298013843   0.2967505254236440   0.2837957742588537   0.2718628824883078   0.2608073706281723   0.2505161015616825   0.2409003483184227   0.2318904216770897   0.2234320528232165   0.2154707578360044   0.2081760167377777   0.1984237003089321   0.1587443010506224   0.1549275443554217   0.1475842622611652   0.1174809346658783   0.1157611939489192   0.1126896606374316   0.1098069478147330   0.1071111062771849   0.1045722361959909   0.1021805448559000   0.0999253651538959   0.0977964842990518   0.0957837994070026   0.0938771433743223   0.0920662233128441   0.0903406914886306   0.0886903275201543   0.0871052867032118   0.0855763607002333   0.0840952025313555   0.0826544827549806   0.0812479619857564   0.0798704816041372   0.0785178867263856   0.0771869022044847   0.0758749840293930   0.0745801662641133   0.0733009190677244   0.0720360279167083   0.0707844988890190   0.0695454905483369   0.0683182698710497   0.0671021878204660   0.0658966694249643   0.0647012132970412   0.0635153961573880   0.0623388788483452   0.0611714113329062   0.0600128351366172   0.0588630825120076   0.0577221722463639   0.0565902024845756   0.0554673412140287   0.0543538151856025   0.0532498980579797   0.0521558984856320   0.0510721487549253   0.0499989944328229   0.0489367853472691   0.0478858680807325   0.0468465800359747   0.0458192450309253   0.0448041702993968   0.0438016447138211   0.0428119380216390   0.0418353008380589   0.0408719652027790   0.0399221454794087   0.0389860393839046   0.0380638291119762   0.0371556823514687   0.0362617532082527   0.0353821836156558   0.0345170931127171   0.0336667992034896   0.0328273851280983   0.0320807471296521   0.0298259942482975   0.3206099318890541   1.9013740690857477   2.4614464537865857   2.5474154007490646   2.3910015015089199   0.0000000000000000   0.0000000000000000   0.0000000000000000   0.0000000000000000   0.0000669771874338   0.0000671786536924   0.0000671679860207   0.0000671122983593   0.0000670490490845   0.0000669769850121   0.0000668968546662   0.0000668120170698   0.0000667275720439   0.0000666492997304   0.0000665821819815   0.0000665353050178   0.0000665033569073   0.0000662301955162   0.0000612734149696   0.5532520388330648   0.6975569989457593   0.7202349296129431   0.7663385219879613   0.8341650140888518   0.9539516962416776   1.1241191651065960   1.3116115507895820   1.4762004565066604   1.5929040852679377   1.6556248915284093   1.6701997540285163   1.6501318675774463   1.6201563963691592   1.6404666010137434   1.7051766812940272   1.7809230690308377   1.8587112019805518   1.9386503701994815   2.0199786423791277   2.1048275809444728   2.1977361582340391   2.2991322385297419   2.4037906440741716   2.5170472864173061   2.6747863022574840   2.9809218575380756   3.5715657469511779   0.0000000000000000   0.0000000000000000   1.5458572905397889   1.3555061359289886   1.5319633602978424   2.1430640859254892   2.4539360571120650   0.0000000000000000   0.0000000000000000   0.0000000000000000   0.0000000000000000   0.0000000000000000   0.0000000000000000   0.0000000000000000   0.0000000000000000   0.0000000000000000   0.0000000000000000   0.0000000000000000   0.0000000000000000   0.0000000000000000   0.0000000000000000   0.0000000000000000   0.0000000000000000
   0.0000000000000000   0.0000000000000000   0.0821421838333966   0.0789441664587023   0.0626394921515547   0.0617048222066756   0.0600749901581857   0.0585482737594293   0.0571226273419382   0.0557792560281401   0.0545109627515078   0.0533113699147192   0.0521749214266211   0.0510967817861754   0.0500726230310094   0.0490986563916457   0.0481670652756580   0.0473633565994677   0.0446853494387109   0.1887718473340734   0.0000000000000000   0.0000000000000000   0.0255630737787411   0.0207801162599252   0.0207788502696046   0.0205404417101785   0.0203265319410938   0.0201223622495299   0.0199277990120869   0.0197418724907211   0.0195635401352205   0.0193916456683140   0.0192249372844537   0.0190621009095881   0.0189018051229449   0.0187427501224149   0.0185837133577056   0.0184235861143834   0.0182613977655265   0.0180963269222571   0.0179277008095574   0.0177549855914952   0.0175777709991232   0.0173957525637025   0.0172087142141063   0.0170165131811891   0.0168190682676990   0.0166163517451139   0.0164083845229587   0.0161952338389429   0.0159770125329078   0.0157538789590988   0.0155260367113000   0.0152937335332488   0.0150572590170025   0.0148169409183652   0.0145731401157114   0.0143262443919130   0.0140766613234369   0.0138248106182864   0.0135711162627565   0.0133159988259337   0.0130598682407424   0.0128031173398715   0.0125461163797450   0.0122892087388627   0.0120327079277120   0.0117768959947745   0.0115220233543284   0.0112683099960694   0.0110159479652710   0.0107651049291668   0.0105159285761948   0.0102685515438095   0.0100230965182434   0.0097796811797133   0.0095384226295674   0.0092994410412956   0.0090628623366673   0.0088288197355084   0.0085974542077826   0.0083689140197508   0.0081433504513445   0.0079209718226018   0.0077009195938253   0.0075017657246784   0.0069427304958922   0.3235222986217948   1.9243702475306155   2.4597191619750531   2.6820607274343389   0.0000000000000000   0.0000000000000000   0.0000000000000000   0.0000000000000000   0.0000000000000000   0.0000000000088292   0.0000000000090223   0.0000000083352920   0.0000000083278058   0.0000000083191063   0.0000000083093201   0.0000000082988701   0.0000000082883775   0.0000000082785239   0.0000000082701790   0.0000000089488096   0.0000000089249690   0.0000000088399451   0.0000000606905571   0.1857370944926322   0.8451994527421794   0.8205519037876565   0.8173768155841525   0.8875614400935197   1.0345584442685276   1.2410956122675865   1.4691233304262150   1.6733262964921209   1.8223054889542705   1.9076699664851233   1.9370320432115424   1.9242835554737678   1.8891432552549459   1.8656973561315064   1.8801824291825551   1.9110609775089928   1.9581778154053084   2.0069200564574343   2.0627951243643539   2.1238141008489557   2.1893367477914980   2.2650654201965508   2.3614943388969722   2.4872220037733412   2.6478560763536301   2.8413997423509274   3.0363447071380310   3.1365289342039779   2.8426549493825823   0.0000000000000000   1.2838832516539675   1.1995375411249813   1.4836609739557123   2.1494536599198355   0.0000000000000000   0.0000000000000000   0.0000000000000000   0.0000000000000000   0.0000000000000000   0.0000000000000000   0.0000000000000000   0.0000000000000000   0.0000000000000000   0.0000000000000000   0.0000000000000000   0.0000000000000000   0.0000000000000000   0.0000000000000000   0.0000000000000000   0.0000000000000000   0.0000000000000000
   0.0000000000000000   0.0000000000000000   0.0000000000000000   0.0000000000000000   0.0138675271442964   0.0112897012201559   0.0113389527612037   0.0112526017947527   0.0111663904121195   0.0110823271351776   0.0109989492468638   0.0109161537424359   0.0108336686950506   0.0107514809978236   0.0106696814119544   0.0105883996311059   0.0105068324079596   0.0104452335868848   0.0099519896256344   0.4353001278596876   0.0000000000000000   0.0000000000000000   0.0000000000000000   0.0031597265805896   0.0032355955289665   0.0032160909568544   0.0032029155834205   0.0031903517929229   0.0031785298764432   0.0031673385461872   0.0031566477910406   0.0031462989384132   0.0031361091171037   0.0031258781183954   0.0031153971206692   0.0031044579280877   0.0030928614781793   0.0030804246793975   0.0030669850607114   0.0030524031414594   0.0030365627799849   0.0030193699883989   0.0030007507974372   0.0029806487363324   0.0029590223910017   0.0029358433580848   0.0029110947574682   0.0028847703282835   0.0028568740287597   0.0028274199948038   0.0027964326842186   0.0027639470366292   0.0027300085046670   0.0026946728505625   0.0026580056457777   0.0026200814531835   0.0025809827071391   0.0025407983342965   0.0024996221764730   0.0024575512872723   0.0024146841779307   0.0023711190870258   0.0023269523449523   0.0022822768986813   0.0022371810557157   0.0021917474982766   0.0021460526087520   0.0021001661347789   0.0020541512061590   0.0020080646965231   0.0019619579008714   0.0019158774778211   0.0018698665845061   0.0018239661172036   0.0017782159565661   0.0017326561273305   0.0016873277708243   0.0016422738703779   0.0015975396738019   0.0015531727891675   0.0015092229736187   0.0014657416664840   0.0014227807971757   0.0013804014234561   0.0013384847018432   0.0013017318692329   0.0012040363514907   0.3197391815318019   1.8467678178896272   2.4662588416949580   2.6423505145621373   0.0000000000000000   0.0000000000000000   0.0000000000000000   0.0000000000000000   0.0000000000000000   0.0000000004828629   0.0000000005017705   0.0000000005165315   0.0000000005226853   0.0000000005213517   0.0000000005128048   0.0000000004976948   0.0000000004771052   0.0000000004674219   0.0000000005648498   0.0000000005367628   0.0000000004876325   0.0000000004601598   0.3107124476209800   0.8778056730503628   0.9159867167795780   1.0077378870417300   1.1483626027013971   1.3250713622699883   1.5212860056772048   1.7123414582289749   1.8759031261295425   1.9963533976513061   2.0678944435877886   2.0967853831837644   2.0963904285308121   2.0798320327822970   2.0754818376771205   2.1046108936337586   2.1309189390874490   2.1348921035904196   2.1484916892602777   2.1675080195620686   2.1959951513465605   2.2337145021137776   2.2770086856405363   2.3312115742808830   2.4140322033931172   2.5419059848378440   2.7048954167274268   2.8682849305888287   2.9918365362015633   3.0804462579319289   3.1486758559488539   0.0000000000000000   0.9063137420535392   1.0313875842298614   1.3627150652675535   0.0000000000000000   0.0000000000000000   0.0000000000000000   0.0000000000000000   0.0000000000000000   0.0000000000000000   0.0000000000000000   0.0000000000000000   0.0000000000000000   0.0000000000000000   0.0000000000000000   0.0000000000000000   0.0000000000000000   0.0000000000000000   0.0000000000000000   0.0000000000000000   0.0000000000000000   0.0000000000000000
   0.0000000000000000   0.0000000000000000   0.0000000000000000   0.0000000000000000   0.0000000000000000   0.0024974357145062   0.0020325676282859   0.0020455708559551   0.0020371149502894   0.0020295592134934   0.0020199680759258   0.0020090628972681   0.0019987437352426   0.0019883589449804   0.0019779083117811   0.0019674097538428   0.0019567829327945   0.0019480742863801   0.0019030390528232   0.0862237538115884   0.2106598396819605   0.0000000000000000   0.0000000000000000   0.0009413776206667   0.0009679137892796   0.0009639532008809   0.0009610995272181   0.0009583899520835   0.0009558721083098   0.0009535067954163   0.0009512492334791   0.0009490461326328   0.0009468377028779   0.0009445601955828   0.0009421487688889   0.0009395402576386   0.0009366755156083   0.0009335011210609   0.0009299703726846   0.0009260436228186   0.0009216880803459   0.0009168772597583   0.0009115902581912   0.0009058110176132   0.0008995276866760   0.0008927321476420   0.0008854197277148   0.0008775890772151   0.0008692421723027   0.0008603843876199   0.0008510245826688   0.0008411751522910   0.0008308520032700   0.0008200744330217   0.0008088649002715   0.0007972486898955   0.0007852534838017   0.0007729088565140   0.0007602457181942   0.0007472957296793   0.0007340907143864   0.0007206620912306   0.0007070403514777   0.0006932546008906   0.0006793321865586   0.0006652984251766   0.0006511764458478   0.0006369871555022   0.0006227493285259   0.0006084798145304   0.0005941938497221   0.0005799054490926   0.0005656278493830   0.0005513739683077   0.0005371568417724   0.0005229900069492   0.0005088877958892   0.0004948655231929   0.0004809395508504   0.0004671272307128   0.0004534467375390   0.0004399168127884   0.0004265562931987   0.0004133865371885   0.0004003755981084   0.0003889604019142   0.0003598125837423   0.3223826701899356   1.7737806765966895   2.5370202321187132   2.5528052032972570   0.0000000000000000   0.0000000000000000   0.0000000000000000   0.0000000000000000   0.0000000000000000   0.0000000288305892   0.0000000304019470   0.0000000317786368   0.0000000326317046   0.0000000330162022   0.0000000329203024   0.0000000323658847   0.0000000314012672   0.0000000813522051   0.0000001763617858   0.0000002582581383   0.1252627067241407   0.6167432961748527   0.9750328156584217   0.9579109002923218   0.9410740999373801   1.0082954312203747   1.1402292980136286   1.3179365651792354   1.5173370582965344   1.7106501215205334   1.8739788876079151   1.9911137850648644   2.0607050544210885   2.1019911479524342   2.1398506754401359   2.1859012214060596   2.2640966479884379   2.3367095094651016   2.3606002317824708   2.3341317309027865   2.3109646447422563   2.3067350689913217   2.3145065836117378   2.3341294395873966   2.3563776389783153   2.3840633200123231   2.4384291765002510   2.5437462231647268   2.6880739139154590   2.8423623887799505   2.9926810027991095   3.1363395467799315   3.2265993492927345   0.0000000000000000   0.0000000000000000   0.8598643873188958   1.1437119504036790   0.0000000000000000   0.0000000000000000   0.0000000000000000   0.0000000000000000   0.0000000000000000   0.0000000000000000   0.0000000000000000   0.0000000000000000   0.0000000000000000   0.0000000000000000   0.0000000000000000   0.0000000000000000   0.0000000000000000   0.0000000000000000   0.0000000000000000   0.0000000000000000   0.0000000000000000   0.0000000000000000
   0.0000000000000000   0.0000000000000000   0.0000000000000000   0.0000000000000000   0.0000000000000000   0.0000000000000000   0.0004606932978955   0.0004621763872306   0.0004532030584829   0.0003656124029373   0.0003684729659333   0.0003674347826500   0.0003658357553890   0.0003639777754913   0.0003621796843298   0.0003603989768632   0.0003586435120391   0.0003569728511752   0.0003550804645642   0.0003359520119073   0.4267942398020557   0.0000000000000000   0.0000000000000000   0.0002792459668190   0.0003043341019995   0.0003030792039151   0.0003019935807873   0.0003009426838896   0.0002999458264777   0.0002989887503292   0.0002980560120236   0.0002971644302276   0.0002963126523510   0.0002954799315864   0.0002946440148974   0.0002937821285166   0.0002928717991734   0.0002918915359667   0.0002908213605438   0.0002896431549621   0.0002883408243593   0.0002869003157140   0.0002853095587416   0.0002835583900980   0.0002816384988728   0.0002795434057893   0.0002772684703035   0.0002748109109695   0.0002721698226401   0.0002693461760297   0.0002663427885504   0.0002631642590782   0.0002598168630763   0.0002563084081438   0.0002526480533176   0.0002488460980802   0.0002449137488232   0.0002408628714712   0.0002367057392021   0.0002324547839318   0.0002281223596937   0.0002237205254169   0.0002192608539776   0.0002147542737457   0.0002102109480672   0.0002056401970863   0.0002010504648362   0.0001964493325931   0.0001918435770314   0.0001872392689466   0.0001826419054209   0.0001780565656888   0.0001734880787381   0.0001689411904356   0.0001644207155182   0.0001599316666667   0.0001554793477232   0.0001510694071913   0.0001467078517734   0.0001424010183524   0.0001381555124342   0.0001339781133265   0.0001298758120853   0.0001258528231573   0.0001219700295911   0.0001184117801262   0.0001365658944330   0.3232364822512646   1.6915107738256263   2.7940041414746029   0.0000000000000000   0.0000000000000000   0.0000000000000000   0.0000000000000000   0.0000000000000000   0.0000015600879758   0.0000028387332938   0.0000030340439411   0.0000032042799205   0.0000079972257033   0.0000537740038334   0.0002174882980897   0.0006703331701186   0.0009599504748930   0.0013303885985624   0.0502793145874348   0.4594238979881463   1.0527689613225191   1.0960252526932455   1.0328528611530938   0.9614701768177948   0.9643346512936420   1.0432880812471221   1.1832641545941514   1.3649834054841046   1.5620298193251487   1.7468449821602638   1.8951494325347742   1.9951445406868820   2.0683565809104896   2.1603875549880547   2.3009760047202286   2.5065274444956915   2.5914046351187405   2.6098600634926936   2.6458862688892246   2.7146257766050139   2.5574784808783391   2.5106924055542668   2.4722375654831410   2.4593671897868727   2.4489734149187541   2.4354396149032129   2.4447141080681005   2.5075944578789882   2.6249788347206993   2.7860281848699784   2.9896447412354230   3.2379347641228766   3.2315423278732966   0.0000000000000000   0.0000000000000000   0.5681414951090914   0.7841138122078690   0.0000000000000000   0.0000000000000000   0.0000000000000000   0.0000000000000000   0.0000000000000000   0.0000000000000000   0.0000000000000000   0.0000000000000000   0.0000000000000000   0.0000000000000000   0.0000000000000000   0.0000000000000000   0.0000000000000000   0.0000000000000000   0.0000000000000000   0.0000000000000000   0.0000000000000000   0.0000000000000000
   0.0000000000000000   0.0000000000000000   0.0000000000000000   0.0000000000000000   0.0000000000000000   0.0000000000000000   0.0000000000000000   0.0000000000000000   0.0000000000000000   0.0000838159398283   0.0000827950495042   0.0000667655503276   0.0000672199975780   0.0000670241307223   0.0000668401195419   0.0000665708653586   0.0000662255489245   0.0000658909260661   0.0000657868063649   0.0000642733719002   0.0838077590656143   0.4006469705517884   0.0000000000000000   0.0000981615779143   0.0012383155118811   0.0015663157574282   0.0019140110971070   0.0022388608810451   0.0025429452062923   0.0028262075936967   0.0030887451788367   0.0033306627817386   0.0035521311879893   0.0037533908919771   0.0039347370303317   0.0040965209675228   0.0042391514713524   0.0043630951969732   0.0044688763185678   0.0045570752453721   0.0046283263987844   0.0046833150382970   0.0047227731436111   0.0047474744010909   0.0047582283948509   0.0047558741507875   0.0047412732158885   0.0047153024725479   0.0046788468902147   0.0046327924076064   0.0045780191209908   0.0045153949299943   0.0044457697635990   0.0043699704772068   0.0042887964791333   0.0042030161138617   0.0041133638015671   0.0040205379101421   0.0039251993182254   0.0038279706159953   0.0037294358842655   0.0036301409909509   0.0035305943458559   0.0034312680583895   0.0033325994462912   0.0032349928453546   0.0031388216691743   0.0030444306643904   0.0029521383006619   0.0028622392279017   0.0027750067273645   0.0026906950803029   0.0026095417787434   0.0025317695198543   0.0024575879181902   0.0023871949244580   0.0023207779079625   0.0022585144362058   0.0022005727846169   0.0021471121553190   0.0020982826926473   0.0020542253185219   0.0020150723299097   0.0019809290407320   0.0019522352069783   0.0019212782660528   0.0020139334810394   0.2877395523973530   1.5927223624806599   2.9778908565583175   0.0000000000000000   0.0000000000000000   0.0000000000000000   0.0000000000000000   0.0000000000000000   0.0001447837892223   0.0005194010167853   0.0027214713978315   0.0087352182586742   0.0204575904479397   0.0389834057354504   0.0645153081065774   0.0961014642041192   0.1233861945636257   0.4327509281872830   1.1154505038504776   1.2168778266422851   1.1967994425066795   1.1094085712401405   1.0096657318944984   0.9656813594066320   0.9978087169289708   1.1000745059803427   1.2555967139784250   1.4413350974837427   1.6312985860738549   1.7991467933902467   1.9236958058374667   2.0185764246548685   2.1463924413466593   2.3740674862535913   2.7638104639529844   3.2173891017625809   0.0000000000000000   0.0000000000000000   0.0000000000000000   0.0000000000000000   2.1057187024309925   2.2153147468131489   2.3185090625501465   2.4022840405312840   2.4483719649794606   2.4371787889731280   2.4222532857538419   2.4354288476713841   2.5190025640864508   2.6750261762681391   2.9280135444591777   3.4511029621380387   0.0000000000000000   0.0000000000000000   0.0000000000000000   0.0000000000000000   0.0000000000000000   0.0000000000000000   0.0000000000000000   0.0000000000000000   0.0000000000000000   0.0000000000000000   0.0000000000000000   0.0000000000000000   0.0000000000000000   0.0000000000000000   0.0000000000000000   0.0000000000000000   0.0000000000000000   0.0000000000000000   0.0000000000000000   0.0000000000000000   0.0000000000000000   0.0000000000000000   0.0000000000000000
   0.0000000000000000   0.0000000000000000   0.0000000000000000   0.0000000000000000   0.0000000000000000   0.0000000000000000   0.0000000000000000   0.0000000000000000   0.0000000000000000   0.0000000000000000   0.0000000000000000   0.0000153012789994   0.0000153448585292   0.0000150415619797   0.0000121299333590   0.0000122102174687   0.0000121737999453   0.0000121386389282   0.0000120989387930   0.0000120200518868   0.0000116526802723   0.0801615088548068   0.0792606786365760   0.0784979402758567   0.0774694063090137   0.0761759144570474   0.0749031622462141   0.0736278389422073   0.0723518678345547   0.0710756354662230   0.0697995855006686   0.0685241437116891   0.0672497349743469   0.0659767957480101   0.0647057863326397   0.0634372018452653   0.0621715813778782   0.0609095149508951   0.0596516480275866   0.0583986834870835   0.0571513810700326   0.0559105544126623   0.0546770658749671   0.0534518194484022   0.0522357520974938   0.0510298239447712   0.0498350077444796   0.0486522781027040   0.0474826008872733   0.0463269232322559   0.0451861644832582   0.0440612083563154   0.0429528965015952   0.0418620235814648   0.0407893338966534   0.0397355195268800   0.0387012198961702   0.0376870226311700   0.0366934655541147   0.0357210396395375   0.0347701927642671   0.0338413340913603   0.0329348389460688   0.0320510540600199   0.0311903030722517   0.0303528921775316   0.0295391157999290   0.0287492621413289   0.0279836184141758   0.0272424755217720   0.0265261319056765   0.0258348962513138   0.0251690887393960   0.0245290405692548   0.0239150914969230   0.0233275853027001   0.0227668631331899   0.0222332548833862   0.0217270688105071   0.0212485796496248   0.0207980159783162   0.0203755470911118   0.0199812650856196   0.0196152620786804   0.0192757971464139   0.0189962763988844   0.0181154544994428   0.1415248898656825   1.4095561665673888   0.0000000000000000   0.0000000000000000   0.0000000000000000   0.0000000000000000   0.0000000000000000   0.0000000000000000   0.0274832939837370   0.0976442722898120   0.2000329250801750   0.3116189945711292   0.4202724955320926   0.5179803103660607   0.6010613743926289   0.6669682260406524   0.9543104812829245   1.2609226724549183   1.3028141467685588   1.2641919530731744   1.1718720431586818   1.0608210341030193   0.9867342020315868   0.9786487213086043   1.0420595675972648   1.1649315211136912   1.3323106614251521   1.5189739868356620   1.6984011632189016   1.8437681938357704   1.9481060377423660   2.0660013468682710   2.2708843522224913   2.5577287638087496   2.8699292809801271   3.1649418313847852   0.0000000000000000   0.0000000000000000   0.0000000000000000   0.0000000000000000   0.0000000000000000   1.6643658573100852   2.0807912102116051   2.3976793994881533   2.6651653742105554   2.8610586969846592   2.5248932079421897   2.4176949402171095   2.4108198747040959   2.4990423411711360   2.7257988910516944   3.3448685192334402   0.0000000000000000   0.0000000000000000   0.0000000000000000   0.0000000000000000   0.0000000000000000   0.0000000000000000   0.0000000000000000   0.0000000000000000   0.0000000000000000   0.0000000000000000   0.0000000000000000   0.0000000000000000   0.0000000000000000   0.0000000000000000   0.0000000000000000   0.0000000000000000   0.0000000000000000   0.0000000000000000   0.0000000000000000   0.0000000000000000   0.0000000000000000   0.0000000000000000   0.0000000000000000
   0.0000000000000000   0.0000000000000000   0.0000000000000000   0.0000000000000000   0.0000000000000000   0.0000000000000000   0.0000000000000000   0.0000000000000000   0.0000000000000000   0.0000000000000000   0.0000000000000000   0.0000000000000000   0.0000000000000000   0.0000000000000000   0.0000027786435941   0.0000027860888532   0.0000027305941304   0.0000022019494546   0.0000022181516778   0.0000022159378067   0.0000022024997970   0.0000021678265956   0.0000021326942216   0.0000020977148098   0.0000020694162113   0.0000020475153647   0.0000020256632433   0.0000020037938102   0.0000019818291048   0.0000019596805179   0.0000019372634594   0.0000019144987273   0.0000018913145486   0.0000018676480051   0.0000018434458917   0.0000018186650335   0.0000017932721346   0.0000017672432646   0.0000017405630993   0.0000017132240329   0.0000016852252693   0.0000016565719830   0.0000016272746190   0.0000015973483796   0.0000015668129200   0.0000015356922569   0.0000015040148640   0.0000014718139163   0.0000014391276214   0.0000014059995685   0.0000013724790176   0.0000013386210575   0.0000013044865657   0.0000012701419283   0.0000012356584933   0.0000012011117625   0.0000011665803465   0.0000011321447344   0.0000010978859403   0.0000010638841022   0.0000010302171060   0.0000009969593036   0.0000009641803821   0.0000009319444244   0.0000009003091870   0.0000008693256024   0.0000008390375013   0.0000008094815361   0.0000007806872830   0.0000007526774918   0.0000007254684539   0.0000006990704590   0.0000006734883143   0.0000006487218998   0.0000006247667431   0.0000006016145944   0.0000005792539906   0.0000005576707950   0.0000005368487069   0.0000005167697381   0.0000004974146446   0.0000004787633175   0.0000004607950890   0.0000004434900683   0.0000004268097679   0.0000004110654088   0.0000003891315689   0.0287185696331983   1.4052640751972643   0.0000000000000000   0.0000000000000000   0.0000000000000000   0.0000000000000000   0.0000000000000000   0.2647020425105283   0.7076053046236676   1.0097322420633703   1.0596966819027198   1.0565949086574464   1.0346205600498526   1.0033307316889544   0.9663957588295989   0.9637424548604356   1.2364531965725294   1.3431190072514849   1.3146912492241116   1.2193813350384737   1.1006404230776996   1.0083408915407297   0.9699087920081786   1.0022294446804407   1.0895433956772209   1.2274089661094754   1.4032436433913129   1.5901819599105549   1.7546391361210154   1.8719403847835547   1.9657860318992482   2.1209747729963824   2.3471783722558692   2.5657153642003188   2.6622856545167806   2.6218215825815632   2.4030980096263228   0.0000000000000000   0.0000000000000000   0.0000000000000000   0.0000000000000000   0.0000000000000000   0.0000000000000000   0.0000000000000000   0.0000000000000000   0.0000000000000000   2.4153706270946955   2.3817097159968958   2.3342433417136208   2.3152710911497643   2.4430120053452389   3.1231535998888202   0.0000000000000000   0.0000000000000000   0.0000000000000000   0.0000000000000000   0.0000000000000000   0.0000000000000000   0.0000000000000000   0.0000000000000000   0.0000000000000000   0.0000000000000000   0.0000000000000000   0.0000000000000000   0.0000000000000000   0.0000000000000000   0.0000000000000000   0.0000000000000000   0.0000000000000000   0.0000000000000000   0.0000000000000000   0.0000000000000000   0.0000000000000000   0.0000000000000000   0.0000000000000000
   0.0000000000000000   0.0000000000000000   0.0000000000000000   0.0000000000000000   0.0000000000000000   0.0000000000000000   0.0000000000000000   0.0000000000000000   0.0000000000000000   0.0000000000000000   0.0000000000000000   0.0000000000000000   0.0000000000000000   0.0000000000000000   0.0000000000000000   0.0000000000000000   0.0000000000000000   0.0000005045479337   0.0000004981471779   0.0000004015791327   0.0000004045219740   0.0000004042155706   0.0000004035063928   0.0000004022694687   0.0000004007789250   0.0000003989689720   0.0000003969819704   0.0000003948653325   0.0000003925956235   0.0000003901558580   0.0000003875295895   0.0000003847018076   0.0000003816592988   0.0000003783909203   0.0000003748877566   0.0000003711431734   0.0000003671527835   0.0000003629143471   0.0000003584276291   0.0000003536942352   0.0000003487174469   0.0000003435020704   0.0000003380543131   0.0000003323816936   0.0000003264929890   0.0000003203982166   0.0000003141086442   0.0000003076368172   0.0000003009965904   0.0000002942031473   0.0000002872729937   0.0000002802239104   0.0000002730748564   0.0000002658458167   0.0000002585575957   0.0000002512315606   0.0000002438893471   0.0000002365525415   0.0000002292423541   0.0000002219793025   0.0000002147829202   0.0000002076715017   0.0000002006618950   0.0000001937693464   0.0000001870073980   0.0000001803878372   0.0000001739206915   0.0000001676142633   0.0000001614751966   0.0000001555085669   0.0000001497179886   0.0000001441057324   0.0000001386728477   0.0000001334192866   0.0000001283440270   0.0000001234451919   0.0000001187201647   0.0000001141656991   0.0000001097780252   0.0000001055529475   0.0000001014859383   0.0000000975722284   0.0000000938068641   0.0000000901849861   0.0000000866966707   0.0000000834287779   0.0000000797492172   0.0017016437433337   0.7230851572308843   0.8050210302484341   0.9559920321439482   1.1064413080203250   1.2674148630113795   1.3831730010267891   1.3926726195692318   1.3552075910673407   1.2902360492296030   1.0374701915806133   0.7999122904251124   0.7374019207691488   0.6695313665501380   0.6092777359887590   0.5743206074458206   1.1803426568435158   1.3138366741758758   1.2583247529907791   1.1334065566932612   1.0313147446209230   0.9743461940129213   0.9705969198449884   1.0277977423437024   1.1368315516032581   1.2914723974854789   1.4802479027654885   1.6647268160572093   1.7980925455270524   1.8757437875129941   1.9753457199013447   2.1187587335519940   2.2855894499552480   2.4287884674452287   2.4928970709057592   2.5652073305781764   2.4583095685000611   0.0000000000000000   0.0000000000000000   0.0000000000000000   0.0000000000000000   0.0000000000000000   0.0000000000000000   0.0000000000000000   0.0000000000000000   0.0000000000000000   0.0000000000000000   2.2362426095389210   2.5953121711943505   2.2626976577475340   2.2061726429726072   2.8185065023916014   0.0000000000000000   0.0000000000000000   0.0000000000000000   0.0000000000000000   0.0000000000000000   0.0000000000000000   0.0000000000000000   0.0000000000000000   0.0000000000000000   0.0000000000000000   0.0000000000000000   0.0000000000000000   0.0000000000000000   0.0000000000000000   0.0000000000000000   0.0000000000000000   0.0000000000000000   0.0000000000000000   0.0000000000000000   0.0000000000000000   0.0000000000000000   0.0000000000000000   0.0000000000000000
   0.0000000000000000   0.0000000000000000   0.0000000000000000   0.0000000000000000   0.0000000000000000   0.0000000000000000   0.0000000000000000   0.0000000000000000   0.0000000000000000   0.0000000000000000   0.0000000000000000   0.0000000000000000   0.0000000000000000   0.0000000000000000   0.0000000000000000   0.0000000000000000   0.0000000000000000   0.0000000000000000   0.0000000000000000   0.0000000920257442   0.0000000908652630   0.0000000735162712   0.0000000739549792   0.0000000735102565   0.0000000730858822   0.0000000726432401   0.0000000721810136   0.0000000716958715   0.0000000711846199   0.0000000706442310   0.0000000700718993   0.0000000694651382   0.0000000688218260   0.0000000681402359   0.0000000674190475   0.0000000666573407   0.0000000658545785   0.0000000650105810   0.0000000641254957   0.0000000631997675   0.0000000622341106   0.0000000612294857   0.0000000601870828   0.0000000591083112   0.0000000579947957   0.0000000568483783   0.0000000556711235   0.0000000544653248   0.0000000532335102   0.0000000519784428   0.0000000507031155   0.0000000494107355   0.0000000481046997   0.0000000467885600   0.0000000454659785   0.0000000441406757   0.0000000428163716   0.0000000414967261   0.0000000401852781   0.0000000388853897   0.0000000376001953   0.0000000363325586   0.0000000350850386   0.0000000338598658   0.0000000326589261   0.0000000314837554   0.0000000303355400   0.0000000292151242   0.0000000281230217   0.0000000270594301   0.0000000260242471   0.0000000250170871   0.0000000240372966   0.0000000230839680   0.0000000221559507   0.0000000212518589   0.0000000203700763   0.0000000195087590   0.0000000186658368   0.0000000178390180   0.0000000170258023   0.0000000162235030   0.0000000154292700   0.0000000146402396   0.0000000138545046   0.0000000130693219   0.0000000124088552   0.0000063345973843   0.1283689843358962   0.6180604761906311   1.0690225010938939   0.9051458015880899   0.8404296095711622   0.9420720590758836   1.2725692752485713   1.2888979985517619   1.2752352905093347   0.0000000000000000   0.0992448131664071   0.0973661253059887   0.0929231728487261   0.0892374225581818   0.0834948882079051   0.5669984196314503   1.2560503739370832   1.1978580830465066   1.0749973735419864   0.9919439285879159   0.9592379970405386   0.9781876268621850   1.0585937369615650   1.1980116389494522   1.3813248747732274   1.5844079833056326   1.7432399541689776   1.8114555300399449   1.8515291798819338   1.9431109493509167   2.0304308109832365   2.1438996130115475   2.3007075214073822   2.5334041409132322   2.6758073905620590   0.0000000000000000   0.0000000000000000   0.0000000000000000   0.0000000000000000   0.0000000000000000   0.0000000000000000   0.0000000000000000   0.0000000000000000   0.0000000000000000   0.0000000000000000   0.0000000000000000   0.0000000000000000   0.0000000000000000   2.4224604099749425   2.0679028874872345   2.4833145130325671   0.0000000000000000   0.0000000000000000   0.0000000000000000   0.0000000000000000   0.0000000000000000   0.0000000000000000   0.0000000000000000   0.0000000000000000   0.0000000000000000   0.0000000000000000   0.0000000000000000   0.0000000000000000   0.0000000000000000   0.0000000000000000   0.0000000000000000   0.0000000000000000   0.0000000000000000   0.0000000000000000   0.0000000000000000   0.0000000000000000   0.0000000000000000   0.0000000000000000   0.0000000000000000
   0.0000000000000000   0.0000000000000000   0.0000000000000000   0.0000000000000000   0.0000000000000000   0.0000000000000000   0.0000000000000000   0.0000000000000000   0.0000000000000000   0.0000000000000000   0.0000000000000000   0.0000000000000000   0.0000000000000000   0.0000000000000000   0.0000000000000000   0.0000000000000000   0.0000000000000000   0.0000000000000000   0.0000000000000000   0.0000000000000000   0.0000000000000000   0.0000000113376784   0.0000000116152311   0.0000000115786610   0.0000000115052231   0.0000000114321664   0.0000000113566937   0.0000000112774889   0.0000000111937967   0.0000000111051770   0.0000000110112207   0.0000000109115725   0.0000000108059388   0.0000000106940901   0.0000000105758610   0.0000000104511473   0.0000000103199029   0.0000000101821344   0.0000000100378968   0.0000000098872886   0.0000000097304479   0.0000000095675497   0.0000000093988037   0.0000000092244531   0.0000000090447748   0.0000000088600794   0.0000000086707119   0.0000000084770520   0.0000000082795132   0.0000000080785417   0.0000000078746130   0.0000000076682284   0.0000000074599106   0.0000000072501955   0.0000000070396233   0.0000000068287298   0.0000000066180384   0.0000000064080530   0.0000000061992493   0.0000000059920691   0.0000000057869243   0.0000000055842034   0.0000000053842487   0.0000000051873545   0.0000000049937680   0.0000000048036889   0.0000000046172696   0.0000000044346163   0.0000000042557901   0.0000000040808070   0.0000000039096371   0.0000000037422027   0.0000000035783752   0.0000000034179726   0.0000000032607567   0.0000000031064320   0.0000000029546469   0.0000000028049995   0.0000000026570490   0.0000000025103348   0.0000000023644023   0.0000000022188332   0.0000000020733558   0.0000000019278647   0.0000000017896868   0.0000000035923661   0.0003839668819754   0.4309874250200569   1.2157055111744359   1.4100904147083031   1.4509711806003882   0.0000000000000000   0.0000000000000000   1.0388085767993627   1.2424182602480913   1.1656171851234800   1.2705298776794989   0.0000000000000000   0.0293123084858151   0.0300613730363944   0.0298233906352934   0.0296718904942407   0.0283584947160797   0.1960582641485303   1.2090530211483221   1.1387743591282153   1.0273338858296599   0.9675537744212400   0.9611735692727130   1.0035096038102966   1.1086486975712762   1.2802634428084185   1.4869194624065696   1.6684308914366803   1.7564495510351705   1.7703347189903622   1.8053982751435684   1.8708271786549315   1.9346864718512240   2.0037535843530376   2.1351762906501599   2.5780547181073667   0.0000000000000000   0.0000000000000000   0.0000000000000000   0.0000000000000000   0.0000000000000000   0.0000000000000000   0.0000000000000000   0.0000000000000000   0.0000000000000000   0.0000000000000000   0.0000000000000000   0.0000000000000000   0.0000000000000000   0.0000000000000000   0.0000000000000000   1.8145551891459319   2.2198428063792468   0.0000000000000000   0.0000000000000000   0.0000000000000000   0.0000000000000000   0.0000000000000000   0.0000000000000000   0.0000000000000000   0.0000000000000000   0.0000000000000000   0.0000000000000000   0.0000000000000000   0.0000000000000000   0.0000000000000000   0.0000000000000000   0.0000000000000000   0.0000000000000000   0.0000000000000000   0.0000000000000000   0.0000000000000000   0.0000000000000000   0.0000000000000000   0.0000000000000000   0.0000000000000000
   0.0000000000000000   0.0000000000000000   0.0000000000000000   0.0000000000000000   0.0000000000000000   0.0000000000000000   0.0000000000000000   0.0000000000000000   0.0000000000000000   0.0000000000000000   0.0000000000000000   0.0000000000000000   0.0000000000000000   0.0000000000000000   0.0000000000000000   0.0000000000000000   0.0000000000000000   0.0000000000000000   0.0000000000000000   0.0000000000000000   0.0000000000000000   0.0000000048487975   0.0000000039658184   0.0000000039889236   0.0000000039695953   0.0000000039454682   0.0000000039168733   0.0000000038880148   0.0000000038575066   0.0000000038251670   0.0000000037908740   0.0000000037545190   0.0000000037160164   0.0000000036753030   0.0000000036323366   0.0000000035870951   0.0000000035395743   0.0000000034897862   0.0000000034377568   0.0000000033835246   0.0000000033271390   0.0000000032686596   0.0000000032081555   0.0000000031457048   0.0000000030813954   0.0000000030153248   0.0000000029476004   0.0000000028783404   0.0000000028076732   0.0000000027357377   0.0000000026626831   0.0000000025886651   0.0000000025138424   0.0000000024383765   0.0000000023624320   0.0000000022861733   0.0000000022097587   0.0000000021333378   0.0000000020570493   0.0000000019810197   0.0000000019053619   0.0000000018301741   0.0000000017555403   0.0000000016815285   0.0000000016081907   0.0000000015355648   0.0000000014636779   0.0000000013925460   0.0000000013221733   0.0000000012525540   0.0000000011836738   0.0000000011155131   0.0000000010480501   0.0000000009812668   0.0000000009151558   0.0000000008497297   0.0000000007850315   0.0000000007211460   0.0000000006582092   0.0000000005964166   0.0000000005360236   0.0000000004773713   0.0000000004207816   0.0000000003662901   0.0000000235867166   0.0155044449150328   0.7089395340430361   1.2766628070647978   1.4878981825883522   1.6744993925214671   0.0000000000000000   0.0000000000000000   0.0000000000000000   0.0000000000000000   1.3822085359744760   1.3562619470685346   0.7635594639254485   0.0000000000000000   0.0126766921052142   0.0127379695218353   0.0126750154803992   0.0126216201081261   0.0122156343037997   0.1450492938036741   1.1586001357991591   1.0683720689405505   0.9858453326534811   0.9622377911407177   1.0259602645326169   1.1377359775151203   1.2088412419724206   1.3915901376038573   1.5688521501732682   1.6498655980773060   1.7119269053879791   1.9122998617867051   1.8299816521621617   1.8727341377024760   2.1733754564132530   1.9661509943207200   1.9474937814548756   2.0862175704920554   1.8965768925495194   0.0000000000000000   0.0000000000000000   0.0000000000000000   0.0000000000000000   0.0000000000000000   0.0000000000000000   0.0000000000000000   0.0000000000000000   0.0000000000000000   0.0000000000000000   0.0000000000000000   0.0000000000000000   0.0000000000000000   0.0000000000000000   1.5155960465966822   1.8752397970122401   0.0000000000000000   0.0000000000000000   0.0000000000000000   0.0000000000000000   0.0000000000000000   0.0000000000000000   0.0000000000000000   0.0000000000000000   0.0000000000000000   0.0000000000000000   0.0000000000000000   0.0000000000000000   0.0000000000000000   0.0000000000000000   0.0000000000000000   0.0000000000000000   0.0000000000000000   0.0000000000000000   0.0000000000000000   0.0000000000000000   0.0000000000000000   0.0000000000000000   0.0000000000000000
   0.0000000000000000   0.0000000000000000   0.0000000000000000   0.0000000000000000   0.0000000000000000   0.0000000000000000   0.0000000000000000   0.0000000000000000   0.0000000000000000   0.0000000000000000   0.0000000000000000   0.0000000000000000   0.0000000000000000   0.0000000000000000   0.0000000000000000   0.0000000000000000   0.0000000000000000   0.0000000000000000   0.0000000000000000   0.0000000000000000   0.0000000000000000   0.0000000000000000   0.0000000008897040   0.0000000008772512   0.0000000007077297   0.0000000007112257   0.0000000007065778   0.0000000007007767   0.0000000006947856   0.0000000006884400   0.0000000006817272   0.0000000006746310   0.0000000006671393   0.0000000006592438   0.0000000006509397   0.0000000006422254   0.0000000006331022   0.0000000006235732   0.0000000006136435   0.0000000006033196   0.0000000005926089   0.0000000005815196   0.0000000005700608   0.0000000005582425   0.0000000005460755   0.0000000005335719   0.0000000005207450   0.0000000005076100   0.0000000004941837   0.0000000004804841   0.0000000004665174   0.0000000004522745   0.0000000004378007   0.0000000004231830   0.0000000004084524   0.0000000003935999   0.0000000003786388   0.0000000003635937   0.0000000003484868   0.0000000003333393   0.0000000003181701   0.0000000003029959   0.0000000002878225   0.0000000002726473   0.0000000002575004   0.0000000002424301   0.0000000002274487   0.0000000002125503   0.0000000001977497   0.0000000001830717   0.0000000001685483   0.0000000001542204   0.0000000001401393   0.0000000001263675   0.0000000001129779   0.0000000001000527   0.0000000000876800   0.0000000000759502   0.0000000000649507   0.0000000000547607   0.0000000000454516   0.0000000000370625   0.0000000000298148   0.0000003177212245   0.1090671272609296   0.9660310896728670   1.2688901411335667   1.5679906777567507   1.9884060030683604   3.0610703002582174   0.0000000000000000   0.0000000000000000   0.0000000000000000   0.0000000000000000   0.0000000000000000   0.0000000000000000   0.0000000000000000   0.0000000000000000   0.0000000000000000   0.0000000000000000   0.0000000000000000   0.0000000000000000   0.0000000000000000   0.0000000000000000   0.0000000000000000   0.0000000000000000   0.0000000000000000   0.0000000000000000   0.0000000000000000   0.0000000000000000   1.5407276151625215   1.5730637515717709   1.4132500738794833   1.4564162773868281   1.6523410840716861   0.0000000000000000   1.3291233901943309   1.8179850984463399   0.0000000000000000   1.7785505488212756   2.0327826144819525   1.8784990895227087   1.8535593983491683   0.0000000000000000   0.0000000000000000   0.0000000000000000   0.0000000000000000   0.0000000000000000   0.0000000000000000   0.0000000000000000   0.0000000000000000   0.0000000000000000   0.0000000000000000   0.0000000000000000   0.0000000000000000   0.0000000000000000   0.0000000000000000   1.1270811736686905   1.3798121467850246   0.0000000000000000   0.0000000000000000   0.0000000000000000   0.0000000000000000   0.0000000000000000   0.0000000000000000   0.0000000000000000   0.0000000000000000   0.0000000000000000   0.0000000000000000   0.0000000000000000   0.0000000000000000   0.0000000000000000   0.0000000000000000   0.0000000000000000   0.0000000000000000   0.0000000000000000   0.0000000000000000   0.0000000000000000   0.0000000000000000   0.0000000000000000   0.0000000000000000   0.0000000000000000
   0.0000000000000000   0.0000000000000000   0.0000000000000000   0.0000000000000000   0.0000000000000000   0.0000000000000000   0.0000000000000000   0.0000000000000000   0.0000000000000000   0.0000000000000000   0.0000000000000000   0.0000000000000000   0.0000000000000000   0.0000000000000000   0.0000000000000000   0.0000000000000000   0.0000000000000000   0.0000000000000000   0.0000000000000000   0.0000000000000000   0.0000000000000000   0.0000000000000000   0.0000000000000000   0.0000000000000000   0.0000000001583388   0.0000000001290592   0.0000000001294307   0.0000000001282583   0.0000000001270710   0.0000000001258146   0.0000000001244889   0.0000000001230920   0.0000000001216222   0.0000000001200785   0.0000000001184608   0.0000000001167691   0.0000000001150040   0.0000000001131663   0.0000000001112572   0.0000000001092779   0.0000000001072296   0.0000000001051137   0.0000000001029316   0.0000000001006848   0.0000000000983749   0.0000000000960035   0.0000000000935728   0.0000000000910850   0.0000000000885430   0.0000000000859486   0.0000000000833160   0.0000000000807386   0.0000000000781432   0.0000000000754281   0.0000000000726219   0.0000000000697937   0.0000000000669438   0.0000000000640771   0.0000000000611981   0.0000000000583111   0.0000000000554204   0.0000000000525292   0.0000000000496541   0.0000000000468351   0.0000000000440298   0.0000000000411904   0.0000000000383357   0.0000000000355157   0.0000000000327267   0.0000000000299762   0.0000000000272739   0.0000000000246310   0.0000000000220607   0.0000000000195778   0.0000000000171985   0.0000000000149393   0.0000000000128165   0.0000000000108452   0.0000000000090380   0.0000000000074055   0.0000000000059539   0.0000000000050330   0.0000026360844925   0.2080226849542835   0.9847837371994596   1.2457926902232206   1.6144753878389480   2.3854204936075436   3.2332546943194131   2.7102013592287881   0.0000000000000000   0.0000000000000000   0.0000000000000000   0.0000000000000000   0.0000000000000000   0.0000000000000000   0.0000000000000000   0.0000000000000000   0.0000000000000000   0.0000000000000000   0.0000000000000000   0.0000000000000000   0.0000000000000000   0.0000000000000000   0.0000000000000000   0.0000000000000000   0.0000000000000000   0.0000000000000000   0.0000000000000000   0.0000000000000000   1.3325889008828091   1.1031365677521583   0.9909660382492941   1.1731964687490581   0.0000000000000000   0.0000000000000000   0.0000000000000000   0.0000000000000000   0.0000000000000000   0.0000000000000000   0.0000000000000000   1.5197342886409526   1.5908950168188134   0.0000000000000000   0.0000000000000000   0.0000000000000000   0.0000000000000000   0.0000000000000000   0.0000000000000000   0.0000000000000000   0.0000000000000000   0.0000000000000000   0.0000000000000000   0.0000000000000000   0.0000000000000000   0.0000000000000000   0.0000000000000000   0.5929122550622755   0.7036310336176880   0.0000000000000000   0.0000000000000000   0.0000000000000000   0.0000000000000000   0.0000000000000000   0.0000000000000000   0.0000000000000000   0.0000000000000000   0.0000000000000000   0.0000000000000000   0.0000000000000000   0.0000000000000000   0.0000000000000000   0.0000000000000000   0.0000000000000000   0.0000000000000000   0.0000000000000000   0.0000000000000000   0.0000000000000000   0.0000000000000000   0.0000000000000000   0.0000000000000000   0.0000000000000000
   0.0000000000000000   0.0000000000000000   0.0000000000000000   0.0000000000000000   0.0000000000000000   0.0000000000000000   0.0000000000000000   0.0000000000000000   0.0000000000000000   0.0000000000000000   0.0000000000000000   0.0000000000000000   0.0000000000000000   0.0000000000000000   0.0000000000000000   0.0000000000000000   0.0000000000000000   0.0000000000000000   0.0000000000000000   0.0000000000000000   0.0000000000000000   0.0000000000000000   0.0000000000000000   0.0000000000000000   0.0000000000000000   0.0000000000196358   0.0000000000200521   0.0000000000199185   0.0000000000197177   0.0000000000195120   0.0000000000192956   0.0000000000190679   0.0000000000188287   0.0000000000185781   0.0000000000183161   0.0000000000180426   0.0000000000177579   0.0000000000174620   0.0000000000171552   0.0000000000168377   0.0000000000165096   0.0000000000161711   0.0000000000158225   0.0000000000154640   0.0000000000150957   0.0000000000147180   0.0000000000143311   0.0000000000139353   0.0000000000135313   0.0000000000131188   0.0000000000127161   0.0000000000121489   0.0000000000095796   0.0000000000093194   0.0000000000089649   0.0000000000086038   0.0000000000082401   0.0000000000078744   0.0000000000075072   0.0000000000071392   0.0000000000067709   0.0000000000064028   0.0000000000060394   0.0000000000055936   0.0000000000043043   0.0000000000040625   0.0000000000037786   0.0000000000034892   0.0000000000032038   0.0000000000029229   0.0000000000026476   0.0000000000023793   0.0000000000021193   0.0000000000018692   0.0000000000016309   0.0000000000014059   0.0000000000011961   0.0000000000010031   0.0000000000008290   0.0000000000006781   0.0000000000008219   0.0000068519885868   0.2858675850076219   0.9267762786020310   1.2285264809396967   1.7509203624697489   2.9769200703786747   0.0000000000000000   0.0000000000000000   0.0000000000000000   0.0000000000000000   0.0000000000000000   0.0000000000000000   0.0000000000000000   0.0000000000000000   0.0000000000000000   0.0000000000000000   0.0000000000000000   0.0000000000000000   0.0000000000000000   0.0000000000000000   0.0000000000000000   0.0000000000000000   0.0000000000000000   0.0000000000000000   0.0000000000000000   0.0000000000000000   0.0000000000000000   0.0000000000000000   0.0000000000000000   0.6230246541412983   0.5680921310625726   0.0000000000000000   0.0000000000000000   0.0000000000000000   0.0000000000000000   0.0000000000000000   0.0000000000000000   0.0000000000000000   0.0000000000000000   0.0000000000000000   0.0000000000000000   0.0000000000000000   0.0000000000000000   0.0000000000000000   0.0000000000000000   0.0000000000000000   0.0000000000000000   0.0000000000000000   0.0000000000000000   0.0000000000000000   0.0000000000000000   0.0000000000000000   0.0000000000000000   0.0000000000000000   0.0000000000000000   0.0000000000000000   0.0000000000000000   0.0000000000000000   0.0000000000000000   0.0000000000000000   0.0000000000000000   0.0000000000000000   0.0000000000000000   0.0000000000000000   0.0000000000000000   0.0000000000000000   0.0000000000000000   0.0000000000000000   0.0000000000000000   0.0000000000000000   0.0000000000000000   0.0000000000000000   0.0000000000000000   0.0000000000000000   0.0000000000000000   0.0000000000000000   0.0000000000000000   0.0000000000000000   0.0000000000000000   0.0000000000000000   0.0000000000000000
   0.0000000000000000   0.0000000000000000   0.0000000000000000   0.0000000000000000   0.0000000000000000   0.0000000000000000   0.0000000000000000   0.0000000000000000   0.0000000000000000   0.0000000000000000   0.0000000000000000   0.0000000000000000   0.0000000000000000   0.0000000000000000   0.0000000000000000   0.0000000000000000   0.0000000000000000   0.0000000000000000   0.0000000000000000   0.0000000000000000   0.0000000000000000   0.0000000000000000   0.0000000000000000   0.0000000000000000   0.0000000000000000   0.0000000000083736   0.0000000000068453   0.0000000000068582   0.0000000000067900   0.0000000000067142   0.0000000000066360   0.0000000000065539   0.0000000000064678   0.0000000000063777   0.0000000000062837   0.0000000000061857   0.0000000000060839   0.0000000000059783   0.0000000000058689   0.0000000000057558   0.0000000000056392   0.0000000000055189   0.0000000000053952   0.0000000000052680   0.0000000000051375   0.0000000000050038   0.0000000000048668   0.0000000000047269   0.0000000000045841   0.0000000000044384   0.0000000000042989   0.0000000000040083   0.0000000000187783   0.0000000000000000   0.0000000000000000   0.0000000000000000   0.0000000000000000   0.0000000000000000   0.0000000000000000   0.0000000000000000   0.0000000000000000   0.0000000000000000   0.0000000000000000   0.0000000000000000   0.0000000000009059   0.0000000000007003   0.0000000000006547   0.0000000000006018   0.0000000000005498   0.0000000000004988   0.0000000000004491   0.0000000000004008   0.0000000000003543   0.0000000000003098   0.0000000000002678   0.0000000000002284   0.0000000000001921   0.0000000000001592   0.0000000000001305   0.0000000000002244   0.0000077490136562   0.3346886736385977   0.8543236305009194   1.1937561982299421   2.0059608737313042   2.9198371698841803   0.0000000000000000   0.0000000000000000   0.0000000000000000   0.0000000000000000   0.0000000000000000   0.0000000000000000   0.0000000000000000   0.0000000000000000   0.0000000000000000   0.0000000000000000   0.0000000000000000   0.0000000000000000   0.0000000000000000   0.0000000000000000   0.0000000000000000   0.0000000000000000   0.0000000000000000   0.0000000000000000   0.0000000000000000   0.0000000000000000   0.0000000000000000   0.0000000000000000   0.0000000000000000   0.0000000000000000   0.0000000000000000   0.0000000000000000   0.0000000000000000   0.0000000000000000   0.0000000000000000   0.0000000000000000   0.0000000000000000   0.0000000000000000   0.0000000000000000   0.0000000000000000   0.0000000000000000   0.0000000000000000   0.0000000000000000   0.0000000000000000   0.0000000000000000   0.0000000000000000   0.0000000000000000   0.0000000000000000   0.0000000000000000   0.0000000000000000   0.0000000000000000   0.0000000000000000   0.0000000000000000   0.0000000000000000   0.0000000000000000   0.0000000000000000   0.0000000000000000   0.0000000000000000   0.0000000000000000   0.0000000000000000   0.0000000000000000   0.0000000000000000   0.0000000000000000   0.0000000000000000   0.0000000000000000   0.0000000000000000   0.0000000000000000   0.0000000000000000   0.0000000000000000   0.0000000000000000   0.0000000000000000   0.0000000000000000   0.0000000000000000   0.0000000000000000   0.0000000000000000   0.0000000000000000   0.0000000000000000   0.0000000000000000   0.0000000000000000   0.0000000000000000   0.0000000000000000   0.0000000000000000
   0.0000000000000000   0.0000000000000000   0.0000000000000000   0.0000000000000000   0.0000000000000000   0.0000000000000000   0.0000000000000000   0.0000000000000000   0.0000000000000000   0.0000000000000000   0.0000000000000000   0.0000000000000000   0.0000000000000000   0.0000000000000000   0.0000000000000000   0.0000000000000000   0.0000000000000000   0.0000000000000000   0.0000000000000000   0.0000000000000000   0.0000000000000000   0.0000000000000000   0.0000000000000000   0.0000000000000000   0.0000000000000000   0.0000000000000000   0.0000000000014971   0.0000000000012178   0.0000000000012182   0.0000000000012039   0.0000000000011892   0.0000000000011738   0.0000000000011577   0.0000000000011408   0.0000000000011232   0.0000000000011049   0.0000000000010860   0.0000000000010663   0.0000000000010460   0.0000000000010251   0.0000000000010034   0.0000000000009812   0.0000000000009583   0.0000000000009348   0.0000000000009107   0.0000000000008860   0.0000000000008608   0.0000000000008350   0.0000000000008087   0.0000000000007820   0.0000000000007568   0.0000000000007016   0.0000000000112230   1.0841470336957977   0.0000000000000000   0.9119012083072352   0.9013127177796342   0.8657626616007243   0.0000000000000000   0.0000000000000000   0.0000000000000000   0.0000000000000000   0.0000000000000000   0.0000000000000000   0.0000000000000000   0.0000000000001017   0.0000000000000964   0.0000000000000883   0.0000000000000803   0.0000000000000725   0.0000000000000649   0.0000000000000575   0.0000000000000505   0.0000000000000438   0.0000000000000375   0.0000000000000317   0.0000000000000264   0.0000000000000217   0.0000000000000522   0.0000049977533550   0.3552950151688029   0.7718172764764384   1.1960880344637077   2.0773778135863061   2.7970486291486609   0.0000000000000000   0.0000000000000000   0.0000000000000000   0.0000000000000000   0.0000000000000000   0.0000000000000000   0.0000000000000000   0.0000000000000000   0.0000000000000000   0.0000000000000000   0.0000000000000000   0.0000000000000000   0.0000000000000000   0.0000000000000000   0.0000000000000000   0.0000000000000000   0.0000000000000000   0.0000000000000000   0.0000000000000000   0.0000000000000000   0.0000000000000000   0.0000000000000000   0.0000000000000000   0.0000000000000000   0.0000000000000000   0.0000000000000000   0.0000000000000000   0.0000000000000000   0.0000000000000000   0.0000000000000000   0.0000000000000000   0.0000000000000000   0.0000000000000000   0.0000000000000000   0.0000000000000000   0.0000000000000000   0.0000000000000000   0.0000000000000000   0.0000000000000000   0.0000000000000000   0.0000000000000000   0.0000000000000000   0.0000000000000000   0.0000000000000000   0.0000000000000000   0.0000000000000000   0.0000000000000000   0.0000000000000000   0.0000000000000000   0.0000000000000000   0.0000000000000000   0.0000000000000000   0.0000000000000000   0.0000000000000000   0.0000000000000000   0.0000000000000000   0.0000000000000000   0.0000000000000000   0.0000000000000000   0.0000000000000000   0.0000000000000000   0.0000000000000000   0.0000000000000000   0.0000000000000000   0.0000000000000000   0.0000000000000000   0.0000000000000000   0.0000000000000000   0.0000000000000000   0.0000000000000000   0.0000000000000000   0.0000000000000000   0.0000000000000000   0.0000000000000000   0.0000000000000000   0.0000000000000000   0.0000000000000000
   0.0000000000000000   0.0000000000000000   0.0000000000000000   0.0000000000000000   0.0000000000000000   0.0000000000000000   0.0000000000000000   0.0000000000000000   0.0000000000000000   0.0000000000000000   0.0000000000000000   0.0000000000000000   0.0000000000000000   0.0000000000000000   0.0000000000000000   0.0000000000000000   0.0000000000000000   0.0000000000000000   0.0000000000000000   0.0000000000000000   0.0000000000000000   0.0000000000000000   0.0000000000000000   0.0000000000000000   0.0000000000000000   0.0000000000000000   0.0000000000000000   0.0000000000001852   0.0000000000001884   0.0000000000001862   0.0000000000001839   0.0000000000001814   0.0000000000001788   0.0000000000001761   0.0000000000001733   0.0000000000001704   0.0000000000001673   0.0000000000001642   0.0000000000001610   0.0000000000001576   0.0000000000001542   0.0000000000001506   0.0000000000001470   0.0000000000001433   0.0000000000001395   0.0000000000001355   0.0000000000001315   0.0000000000001275   0.0000000000001233   0.0000000000001192   0.0000000000001143   0.0000000000001092   0.3452885200849719   0.7098860261242884   0.9539448909895579   1.1620168079074180   1.2607498479790529   1.2789419445050232   0.0000000000000000   0.0000000000000000   0.0000000000000000   0.0000000000000000   0.0000000000000000   0.0000000000000000   0.0000000000000000   0.0000000000000287   0.0000000000000272   0.0000000000000248   0.0000000000000224   0.0000000000000201   0.0000000000000179   0.0000000000000158   0.0000000000000137   0.0000000000000118   0.0000000000000100   0.0000000000000084   0.0000000000000069   0.0000000000000120   0.0000021365565367   0.3474056466064248   0.6761064140411177   1.2169919376128118   1.8991476340167093   2.3643662118469320   2.7198980897554605   0.0000000000000000   0.0000000000000000   0.0000000000000000   0.0000000000000000   0.0000000000000000   0.0000000000000000   0.0000000000000000   0.0000000000000000   0.0000000000000000   0.0000000000000000   0.0000000000000000   0.0000000000000000   0.0000000000000000   0.0000000000000000   0.0000000000000000   0.0000000000000000   0.0000000000000000   0.0000000000000000   0.0000000000000000   0.0000000000000000   0.0000000000000000   0.0000000000000000   0.0000000000000000   0.0000000000000000   0.0000000000000000   0.0000000000000000   0.0000000000000000   0.0000000000000000   0.0000000000000000   0.0000000000000000   0.0000000000000000   0.0000000000000000   0.0000000000000000   0.0000000000000000   0.0000000000000000   0.0000000000000000   0.0000000000000000   0.0000000000000000   0.0000000000000000   0.0000000000000000   0.0000000000000000   0.0000000000000000   0.0000000000000000   0.0000000000000000   0.0000000000000000   0.0000000000000000   0.0000000000000000   0.0000000000000000   0.0000000000000000   0.0000000000000000   0.0000000000000000   0.0000000000000000   0.0000000000000000   0.0000000000000000   0.0000000000000000   0.0000000000000000   0.0000000000000000   0.0000000000000000   0.0000000000000000   0.0000000000000000   0.0000000000000000   0.0000000000000000   0.0000000000000000   0.0000000000000000   0.0000000000000000   0.0000000000000000   0.0000000000000000   0.0000000000000000   0.0000000000000000   0.0000000000000000   0.0000000000000000   0.0000000000000000   0.0000000000000000   0.0000000000000000   0.0000000000000000   0.0000000000000000   0.0000000000000000
   0.0000000000000000   0.0000000000000000   0.0000000000000000   0.0000000000000000   0.0000000000000000   0.0000000000000000   0.0000000000000000   0.0000000000000000   0.0000000000000000   0.0000000000000000   0.0000000000000000   0.0000000000000000   0.0000000000000000   0.0000000000000000   0.0000000000000000   0.0000000000000000   0.0000000000000000   0.0000000000000000   0.0000000000000000   0.0000000000000000   0.0000000000000000   0.0000000000000000   0.0000000000000000   0.0000000000000000   0.0000000000000000   0.0000000000000000   0.0000000000000000   0.0000000000000549   0.0000000000000560   0.0000000000000554   0.0000000000000546   0.0000000000000539   0.0000000000000531   0.0000000000000522   0.0000000000000514   0.0000000000000505   0.0000000000000495   0.0000000000000486   0.0000000000000476   0.0000000000000466   0.0000000000000455   0.0000000000000444   0.0000000000000433   0.0000000000000422   0.0000000000000410   0.0000000000000398   0.0000000000000386   0.0000000000000374   0.0000000000000361   0.0000000000000349   0.0000000000000330   0.0000000000000509   0.3726554729186398   0.5874821693032736   0.8440989723192065   1.0526810580955237   1.1916819744557647   1.2935031250769748   1.4046032353276681   0.0000000000000000   0.0000000000000000   0.0000000000000000   0.0000000000000000   0.0000000000000000   0.0000000000000000   0.0000000000000094   0.0000000000000088   0.0000000000000080   0.0000000000000072   0.0000000000000064   0.0000000000000056   0.0000000000000049   0.0000000000000042   0.0000000000000036   0.0000000000000030   0.0000000000000025   0.0000000000000024   0.0000006660468022   0.3111739770129248   0.5647024030215094   1.1577989120821950   1.6551340048125505   2.0005630412532796   2.2954259425807093   2.6746666200323737   0.0000000000000000   0.0000000000000000   0.0000000000000000   0.0000000000000000   0.0000000000000000   0.0000000000000000   0.0000000000000000   0.0000000000000000   0.0000000000000000   0.0000000000000000   0.0000000000000000   0.0000000000000000   0.0000000000000000   0.0000000000000000   0.0000000000000000   0.0000000000000000   0.0000000000000000   0.0000000000000000   0.0000000000000000   0.0000000000000000   0.0000000000000000   0.0000000000000000   0.0000000000000000   0.0000000000000000   0.0000000000000000   0.0000000000000000   0.0000000000000000   0.0000000000000000   0.0000000000000000   0.0000000000000000   0.0000000000000000   0.0000000000000000   0.0000000000000000   0.0000000000000000   0.0000000000000000   0.0000000000000000   0.0000000000000000   0.0000000000000000   0.0000000000000000   0.0000000000000000   0.0000000000000000   0.0000000000000000   0.0000000000000000   0.0000000000000000   0.0000000000000000   0.0000000000000000   0.0000000000000000   0.0000000000000000   0.0000000000000000   0.0000000000000000   0.0000000000000000   0.0000000000000000   0.0000000000000000   0.0000000000000000   0.0000000000000000   0.0000000000000000   0.0000000000000000   0.0000000000000000   0.0000000000000000   0.0000000000000000   0.0000000000000000   0.0000000000000000   0.0000000000000000   0.0000000000000000   0.0000000000000000   0.0000000000000000   0.0000000000000000   0.0000000000000000   0.0000000000000000   0.0000000000000000   0.0000000000000000   0.0000000000000000   0.0000000000000000   0.0000000000000000   0.0000000000000000   0.0000000000000000   0.0000000000000000
   0.0000000000000000   0.0000000000000000   0.0000000000000000   0.0000000000000000   0.0000000000000000   0.0000000000000000   0.0000000000000000   0.0000000000000000   0.0000000000000000   0.0000000000000000   0.0000000000000000   0.0000000000000000   0.0000000000000000   0.0000000000000000   0.0000000000000000   0.0000000000000000   0.0000000000000000   0.0000000000000000   0.0000000000000000   0.0000000000000000   0.0000000000000000   0.0000000000000000   0.0000000000000000   0.0000000000000000   0.0000000000000000   0.0000000000000000   0.0000000000000000   0.0000000000000232   0.0000000000000189   0.0000000000000189   0.0000000000000186   0.0000000000000184   0.0000000000000181   0.0000000000000178   0.0000000000000175   0.0000000000000172   0.0000000000000168   0.0000000000000165   0.0000000000000161   0.0000000000000158   0.0000000000000154   0.0000000000000150   0.0000000000000146   0.0000000000000142   0.0000000000000138   0.0000000000000134   0.0000000000000130   0.0000000000000125   0.0000000000000121   0.0000000000000116   0.0000000000000105   0.2358768954854243   0.3835232933197366   0.6033231872581698   0.8448712366721820   1.0382182659388761   1.1758960135918057   1.2608244270791764   1.3165667167629984   1.3159479955272348   1.0820669971017778   0.0000000000000000   0.0000000000000000   0.0000000000000000   0.0000000000000000   0.0000000000000019   0.0000000000000018   0.0000000000000016   0.0000000000000014   0.0000000000000012   0.0000000000000011   0.0000000000000009   0.0000000000000008   0.0000000000000007   0.0000000000000005   0.0000000000000004   0.0000002007735674   0.2576714599260878   0.4427399128513280   1.0087456342260150   1.3953552626660175   1.6920964611031344   1.9542547413549405   2.1992545664200547   2.6292489496664899   0.0000000000000000   0.0000000000000000   0.0000000000000000   0.0000000000000000   0.0000000000000000   0.0000000000000000   0.0000000000000000   0.0000000000000000   0.0000000000000000   0.0000000000000000   0.0000000000000000   0.0000000000000000   0.0000000000000000   0.0000000000000000   0.0000000000000000   0.0000000000000000   0.0000000000000000   0.0000000000000000   0.0000000000000000   0.0000000000000000   0.0000000000000000   0.0000000000000000   0.0000000000000000   0.0000000000000000   0.0000000000000000   0.0000000000000000   0.0000000000000000   0.0000000000000000   0.0000000000000000   0.0000000000000000   0.0000000000000000   0.0000000000000000   0.0000000000000000   0.0000000000000000   0.0000000000000000   0.0000000000000000   0.0000000000000000   0.0000000000000000   0.0000000000000000   0.0000000000000000   0.0000000000000000   0.0000000000000000   0.0000000000000000   0.0000000000000000   0.0000000000000000   0.0000000000000000   0.0000000000000000   0.0000000000000000   0.0000000000000000   0.0000000000000000   0.0000000000000000   0.0000000000000000   0.0000000000000000   0.0000000000000000   0.0000000000000000   0.0000000000000000   0.0000000000000000   0.0000000000000000   0.0000000000000000   0.0000000000000000   0.0000000000000000   0.0000000000000000   0.0000000000000000   0.0000000000000000   0.0000000000000000   0.0000000000000000   0.0000000000000000   0.0000000000000000   0.0000000000000000   0.0000000000000000   0.0000000000000000   0.0000000000000000   0.0000000000000000   0.0000000000000000   0.0000000000000000   0.0000000000000000   0.0000000000000000
   0.0000000000000000   0.0000000000000000   0.0000000000000000   0.0000000000000000   0.0000000000000000   0.0000000000000000   0.0000000000000000   0.0000000000000000   0.0000000000000000   0.0000000000000000   0.0000000000000000   0.0000000000000000   0.0000000000000000   0.0000000000000000   0.0000000000000000   0.0000000000000000   0.0000000000000000   0.0000000000000000   0.0000000000000000   0.0000000000000000   0.0000000000000000   0.0000000000000000   0.0000000000000000   0.0000000000000000   0.0000000000000000   0.0000000000000000   0.0000000000000000   0.0000000000000000   0.0000000000000041   0.0000000000000033   0.0000000000000033   0.0000000000000033   0.0000000000000032   0.0000000000000032   0.0000000000000031   0.0000000000000031   0.0000000000000030   0.0000000000000029   0.0000000000000029   0.0000000000000028   0.0000000000000027   0.0000000000000027   0.0000000000000026   0.0000000000000025   0.0000000000000024   0.0000000000000024   0.0000000000000023   0.0000000000000022   0.0000000000000021   0.0000000000000020   0.0000000000000029   0.3693990739997274   0.4566960901983197   0.6715581298266095   0.9043439697229407   1.0956413905550204   1.2457463569738547   1.3278127747040092   1.3425425312822741   1.3218651185870707   1.2288469220870768   0.0000000000000000   0.0000000000000000   0.0000000000000000   0.0000000000000000   0.0000000000000000   0.0000000000000000   0.0000000000000000   0.0000000000000000   0.0000000000000000   0.0000000000000000   0.0000000000000000   0.0000000000000000   0.0000000000000000   0.0000000000000000   0.0000001001389718   0.2230133264500955   0.3401177004963268   0.8005662339035269   1.1349544537901548   1.4122623037587694   1.6704019253333826   1.9026361034125434   2.1123128492250300   2.3440393808306759   2.2161009182635580   0.0000000000000000   0.0000000000000000   0.0000000000000000   0.0000000000000000   0.0000000000000000   0.0000000000000000   0.0000000000000000   0.0000000000000000   0.0000000000000000   0.0000000000000000   0.0000000000000000   0.0000000000000000   0.0000000000000000   0.0000000000000000   0.0000000000000000   0.0000000000000000   0.0000000000000000   0.0000000000000000   0.0000000000000000   0.0000000000000000   0.0000000000000000   0.0000000000000000   0.0000000000000000   0.0000000000000000   0.0000000000000000   0.0000000000000000   0.0000000000000000   0.0000000000000000   0.0000000000000000   0.0000000000000000   0.0000000000000000   0.0000000000000000   0.0000000000000000   0.0000000000000000   0.0000000000000000   0.0000000000000000   0.0000000000000000   0.0000000000000000   0.0000000000000000   0.0000000000000000   0.0000000000000000   0.0000000000000000   0.0000000000000000   0.0000000000000000   0.0000000000000000   0.0000000000000000   0.0000000000000000   0.0000000000000000   0.0000000000000000   0.0000000000000000   0.0000000000000000   0.0000000000000000   0.0000000000000000   0.0000000000000000   0.0000000000000000   0.0000000000000000   0.0000000000000000   0.0000000000000000   0.0000000000000000   0.0000000000000000   0.0000000000000000   0.0000000000000000   0.0000000000000000   0.0000000000000000   0.0000000000000000   0.0000000000000000   0.0000000000000000   0.0000000000000000   0.0000000000000000   0.0000000000000000   0.0000000000000000   0.0000000000000000   0.0000000000000000   0.0000000000000000   0.0000000000000000   0.0000000000000000
   0.0000000000000000   0.0000000000000000   0.0000000000000000   0.0000000000000000   0.0000000000000000   0.0000000000000000   0.0000000000000000   0.0000000000000000   0.0000000000000000   0.0000000000000000   0.0000000000000000   0.0000000000000000   0.0000000000000000   0.0000000000000000   0.0000000000000000   0.0000000000000000   0.0000000000000000   0.0000000000000000   0.0000000000000000   0.0000000000000000   0.0000000000000000   0.0000000000000000   0.0000000000000000   0.0000000000000000   0.0000000000000000   0.0000000000000000   0.0000000000000000   0.0000000000000000   0.0000000000000000   0.0000000000000007   0.0000000000000007   0.0000000000000006   0.0000000000000006   0.0000000000000006   0.0000000000000006   0.0000000000000006   0.0000000000000005   0.0000000000000005   0.0000000000000005   0.0000000000000005   0.0000000000000005   0.0000000000000005   0.0000000000000005   0.0000000000000005   0.0000000000000004   0.0000000000000004   0.0000000000000004   0.0000000000000004   0.0000000000000004   0.0000000000000003   0.2187075109086496   0.4367282771980650   0.5753331548372100   0.8086759469585085   1.0355062172381189   1.2396062987907406   1.4238181950545037   1.5754533729908011   1.5557425367292022   1.3386002746472039   0.0000000000000000   0.0000000000000000   0.0000000000000000   0.0000000000000000   0.0000000000000000   0.0000000000000000   0.0000000000000000   0.0000000000000000   0.0000000000000000   0.0000000000000000   0.0000000000000000   0.0000000000000000   0.0000000000000000   0.0000000000000000   0.0000000000000000   0.0737883202981002   0.2987590622329320   0.5769246303442733   0.8818697227555765   1.1552713443508937   1.4129795745471114   1.6523849775254287   1.8640794632364239   2.0468398435768922   2.2178345186198247   2.4169045649440037   0.0000000000000000   0.0000000000000000   0.0000000000000000   0.0000000000000000   0.0000000000000000   0.0000000000000000   0.0000000000000000   0.0000000000000000   0.0000000000000000   0.0000000000000000   0.0000000000000000   0.0000000000000000   0.0000000000000000   0.0000000000000000   0.0000000000000000   0.0000000000000000   0.0000000000000000   0.0000000000000000   0.0000000000000000   0.0000000000000000   0.0000000000000000   0.0000000000000000   0.0000000000000000   0.0000000000000000   0.0000000000000000   0.0000000000000000   0.0000000000000000   0.0000000000000000   0.0000000000000000   0.0000000000000000   0.0000000000000000   0.0000000000000000   0.0000000000000000   0.0000000000000000   0.0000000000000000   0.0000000000000000   0.0000000000000000   0.0000000000000000   0.0000000000000000   0.0000000000000000   0.0000000000000000   0.0000000000000000   0.0000000000000000   0.0000000000000000   0.0000000000000000   0.0000000000000000   0.0000000000000000   0.0000000000000000   0.0000000000000000   0.0000000000000000   0.0000000000000000   0.0000000000000000   0.0000000000000000   0.0000000000000000   0.0000000000000000   0.0000000000000000   0.0000000000000000   0.0000000000000000   0.0000000000000000   0.0000000000000000   0.0000000000000000   0.0000000000000000   0.0000000000000000   0.0000000000000000   0.0000000000000000   0.0000000000000000   0.0000000000000000   0.0000000000000000   0.0000000000000000   0.0000000000000000   0.0000000000000000   0.0000000000000000   0.0000000000000000   0.0000000000000000   0.0000000000000000   0.0000000000000000
   0.0000000000000000   0.0000000000000000   0.0000000000000000   0.0000000000000000   0.0000000000000000   0.0000000000000000   0.0000000000000000   0.0000000000000000   0.0000000000000000   0.0000000000000000   0.0000000000000000   0.0000000000000000   0.0000000000000000   0.0000000000000000   0.0000000000000000   0.0000000000000000   0.0000000000000000   0.0000000000000000   0.0000000000000000   0.0000000000000000   0.0000000000000000   0.0000000000000000   0.0000000000000000   0.0000000000000000   0.0000000000000000   0.0000000000000000   0.0000000000000000   0.0000000000000000   0.0000000000000000   0.0000000000000000   0.0000000000000000   0.0000000000000001   0.0000000000000001   0.0000000000000001   0.0000000000000001   0.0000000000000001   0.0000000000000001   0.0000000000000001   0.0000000000000001   0.0000000000000001   0.0000000000000001   0.0000000000000001   0.0000000000000001   0.0000000000000001   0.0000000000000001   0.0000000000000001   0.0000000000000000   0.0000000000000000   0.0000000000000000   0.0000000000000001   0.4988868131354915   0.5712425523297453   0.7821429742090044   1.0099194438957615   1.2348450975332113   1.5007992526427361   1.7192869409005143   0.0000000000000000   0.0000000000000000   0.0000000000000000   0.0000000000000000   0.0000000000000000   0.0000000000000000   0.0000000000000000   0.0000000000000000   0.0000000000000000   0.0000000000000000   0.0000000000000000   0.0000000000000000   0.0000000000000000   0.0000000000000000   0.0000000000000000   0.0000000000000000   0.0000000000000000   0.0157833366557643   0.3251951089175814   0.3982588391103892   0.6448364848120696   0.9261652411050848   1.1832387784559331   1.4273121200240293   1.6560229040461050   1.8548262900103967   2.0184334143851008   2.1761256942536988   2.4629081693888586   0.0000000000000000   0.0000000000000000   0.0000000000000000   0.0000000000000000   0.0000000000000000   0.0000000000000000   0.0000000000000000   0.0000000000000000   0.0000000000000000   0.0000000000000000   0.0000000000000000   0.0000000000000000   0.0000000000000000   0.0000000000000000   0.0000000000000000   0.0000000000000000   0.0000000000000000   0.0000000000000000   0.0000000000000000   0.0000000000000000   0.0000000000000000   0.0000000000000000   0.0000000000000000   0.0000000000000000   0.0000000000000000   0.0000000000000000   0.0000000000000000   0.0000000000000000   0.0000000000000000   0.0000000000000000   0.0000000000000000   0.0000000000000000   0.0000000000000000   0.0000000000000000   0.0000000000000000   0.0000000000000000   0.0000000000000000   0.0000000000000000   0.0000000000000000   0.0000000000000000   0.0000000000000000   0.0000000000000000   0.0000000000000000   0.0000000000000000   0.0000000000000000   0.0000000000000000   0.0000000000000000   0.0000000000000000   0.0000000000000000   0.0000000000000000   0.0000000000000000   0.0000000000000000   0.0000000000000000   0.0000000000000000   0.0000000000000000   0.0000000000000000   0.0000000000000000   0.0000000000000000   0.0000000000000000   0.0000000000000000   0.0000000000000000   0.0000000000000000   0.0000000000000000   0.0000000000000000   0.0000000000000000   0.0000000000000000   0.0000000000000000   0.0000000000000000   0.0000000000000000   0.0000000000000000   0.0000000000000000   0.0000000000000000   0.0000000000000000   0.0000000000000000   0.0000000000000000   0.0000000000000000
   0.0000000000000000   0.0000000000000000   0.0000000000000000   0.0000000000000000   0.0000000000000000   0.0000000000000000   0.0000000000000000   0.0000000000000000   0.0000000000000000   0.0000000000000000   0.0000000000000000   0.0000000000000000   0.0000000000000000   0.0000000000000000   0.0000000000000000   0.0000000000000000   0.0000000000000000   0.0000000000000000   0.0000000000000000   0.0000000000000000   0.0000000000000000   0.0000000000000000   0.0000000000000000   0.0000000000000000   0.0000000000000000   0.0000000000000000   0.0000000000000000   0.0000000000000000   0.0000000000000000   0.0000000000000000   0.0000000000000000   0.0000000000000000   0.0000000000000000   0.0000000000000000   0.0000000000000001   0.0000000000000000   0.0000000000000000   0.0000000000000000   0.0000000000000000   0.0000000000000000   0.0000000000000000   0.0000000000000000   0.0000000000000000   0.0000000000000000   0.0000000000000000   0.0000000000000000   0.0000000000000000   0.0000000000000000   0.0000000000000000   0.0262366607224983   0.5522461267242981   0.8947597110213068   1.0868461190278571   1.2296287415193035   1.4094459855613819   1.5835304086858284   0.0000000000000000   0.0000000000000000   0.0000000000000000   0.0000000000000000   0.0000000000000000   0.0000000000000000   0.0000000000000000   0.0000000000000000   0.0000000000000000   0.0000000000000000   0.0000000000000000   0.0000000000000000   0.0000000000000000   0.0000000000000000   0.0000000000000000   0.0000000000000000   0.0000000000000000   0.0000000008171841   0.4227620980507864   0.3863041082997762   0.5126945884133594   0.7566306514738914   1.0010144450236644   1.2324723640534601   1.4681663299338261   1.6994951706729222   1.8865517845423367   2.0181405951151561   2.1267857226472353   2.4066479885857404   0.0000000000000000   0.0000000000000000   0.0000000000000000   0.0000000000000000   0.0000000000000000   0.0000000000000000   0.0000000000000000   0.0000000000000000   0.0000000000000000   0.0000000000000000   0.0000000000000000   0.0000000000000000   0.0000000000000000   0.0000000000000000   0.0000000000000000   0.0000000000000000   0.0000000000000000   0.0000000000000000   0.0000000000000000   0.0000000000000000   0.0000000000000000   0.0000000000000000   0.0000000000000000   0.0000000000000000   0.0000000000000000   0.0000000000000000   0.0000000000000000   0.0000000000000000   0.0000000000000000   0.0000000000000000   0.0000000000000000   0.0000000000000000   0.0000000000000000   0.0000000000000000   0.0000000000000000   0.0000000000000000   0.0000000000000000   0.0000000000000000   0.0000000000000000   0.0000000000000000   0.0000000000000000   0.0000000000000000   0.0000000000000000   0.0000000000000000   0.0000000000000000   0.0000000000000000   0.0000000000000000   0.0000000000000000   0.0000000000000000   0.0000000000000000   0.0000000000000000   0.0000000000000000   0.0000000000000000   0.0000000000000000   0.0000000000000000   0.0000000000000000   0.0000000000000000   0.0000000000000000   0.0000000000000000   0.0000000000000000   0.0000000000000000   0.0000000000000000   0.0000000000000000   0.0000000000000000   0.0000000000000000   0.0000000000000000   0.0000000000000000   0.0000000000000000   0.0000000000000000   0.0000000000000000   0.0000000000000000   0.0000000000000000   0.0000000000000000   0.0000000000000000   0.0000000000000000   0.0000000000000000
   0.0000000000000000   0.0000000000000000   0.0000000000000000   0.0000000000000000   0.0000000000000000   0.0000000000000000   0.0000000000000000   0.0000000000000000   0.0000000000000000   0.0000000000000000   0.0000000000000000   0.0000000000000000   0.0000000000000000   0.0000000000000000   0.0000000000000000   0.0000000000000000   0.0000000000000000   0.0000000000000000   0.0000000000000000   0.0000000000000000   0.0000000000000000   0.0000000000000000   0.0000000000000000   0.0000000000000000   0.0000000000000000   0.0000000000000000   0.0000000000000000   0.0000000000000000   0.0000000000000000   0.0000000000000000   0.0000000000000000   0.0000000000000000   0.0000000000000000   0.0000000000000000   0.0000000000000000   0.0000000000000000   0.0000000000000000   0.0000000000000000   0.0000000000000000   0.0000000000000000   0.0000000000000000   0.0000000000000000   0.0000000000000000   0.0000000000000000   0.0000000000000000   0.0000000000000000   0.0000000000000000   0.0000000000000000   0.3530702048900987   0.0000000000000000   0.0000000000000000   0.9708701477908183   1.1126712919431254   1.2537054574478950   1.3409188195543038   0.0000000000000000   0.0000000000000000   0.0000000000000000   0.0000000000000000   0.0000000000000000   0.0000000000000000   0.0000000000000000   0.0000000000000000   0.0000000000000000   0.0000000000000000   0.0000000000000000   0.0000000000000000   0.0000000000000000   0.0000000000000000   0.0000000000000000   0.0000000000000000   0.0000000000000000   0.0000000000000000   0.1130087821482398   0.5174790774105134   0.7053312431619789   0.8299889031196201   0.9660056541419219   1.1174678295470746   1.3085145308702344   1.5500078432669362   1.8242881238224884   1.9926475702718980   2.0628823037977209   2.0865292537356570   2.1231725966475765   1.7904173274262520   0.0000000000000000   0.0000000000000000   0.0000000000000000   0.0000000000000000   0.0000000000000000   0.0000000000000000   0.0000000000000000   0.0000000000000000   0.0000000000000000   0.0000000000000000   0.0000000000000000   0.0000000000000000   0.0000000000000000   0.0000000000000000   0.0000000000000000   0.0000000000000000   0.0000000000000000   0.0000000000000000   0.0000000000000000   0.0000000000000000   0.0000000000000000   0.0000000000000000   0.0000000000000000   0.0000000000000000   0.0000000000000000   0.0000000000000000   0.0000000000000000   0.0000000000000000   0.0000000000000000   0.0000000000000000   0.0000000000000000   0.0000000000000000   0.0000000000000000   0.0000000000000000   0.0000000000000000   0.0000000000000000   0.0000000000000000   0.0000000000000000   0.0000000000000000   0.0000000000000000   0.0000000000000000   0.0000000000000000   0.0000000000000000   0.0000000000000000   0.0000000000000000   0.0000000000000000   0.0000000000000000   0.0000000000000000   0.0000000000000000   0.0000000000000000   0.0000000000000000   0.0000000000000000   0.0000000000000000   0.0000000000000000   0.0000000000000000   0.0000000000000000   0.0000000000000000   0.0000000000000000   0.0000000000000000   0.0000000000000000   0.0000000000000000   0.0000000000000000   0.0000000000000000   0.0000000000000000   0.0000000000000000   0.0000000000000000   0.0000000000000000   0.0000000000000000   0.0000000000000000   0.0000000000000000   0.0000000000000000   0.0000000000000000   0.0000000000000000   0.0000000000000000   0.0000000000000000
   0.0000000000000000   0.0000000000000000   0.0000000000000000   0.0000000000000000   0.0000000000000000   0.0000000000000000   0.0000000000000000   0.0000000000000000   0.0000000000000000   0.0000000000000000   0.0000000000000000   0.0000000000000000   0.0000000000000000   0.0000000000000000   0.0000000000000000   0.0000000000000000   0.0000000000000000   0.0000000000000000   0.0000000000000000   0.0000000000000000   0.0000000000000000   0.0000000000000000   0.0000000000000000   0.0000000000000000   0.0000000000000000   0.0000000000000000   0.0000000000000000   0.0000000000000000   0.0000000000000000   0.0000000000000000   0.0000000000000000   0.0000000000000000   0.0000000000000000   0.0000000000000000   0.0000000000000000   0.0000000000000000   0.0000000000000000   0.0000000000000000   0.0000000000000000   0.0000000000000000   0.0000000000000000   0.0000000000000000   0.0000000000000000   0.0000000000000000   0.0000000000000000   0.0000000000000000   0.0000000000000000   0.1942288584368393   0.0000000000000000   0.0000000000000000   0.0000000000000000   0.0000000000000000   0.0000000000000000   0.0000000000000000   0.0000000000000000   0.0000000000000000   0.0000000000000000   0.0000000000000000   0.0000000000000000   0.0000000000000000   0.0000000000000000   0.0000000000000000   0.0000000000000000   0.0000000000000000   0.0000000000000000   0.0000000000000000   0.0000000000000000   0.0000000000000000   0.0000000000000000   0.0000000000000000   0.0000000000000000   0.0000000000000000   0.0002828343042783   0.4927340499582574   1.2721634227278105   0.0000000000000000   1.0485877778215225   1.0965339175269382   1.1993458000836441   1.3896409491723352   1.7035846393882106   2.1361851171228694   2.2420314264908967   2.2468945695686111   2.2069964515949114   2.0820792628146720   1.7911197505304282   0.0000000000000000   0.0000000000000000   0.0000000000000000   0.0000000000000000   0.0000000000000000   0.0000000000000000   0.0000000000000000   0.0000000000000000   0.0000000000000000   0.0000000000000000   0.0000000000000000   0.0000000000000000   0.0000000000000000   0.0000000000000000   0.0000000000000000   0.0000000000000000   0.0000000000000000   0.0000000000000000   0.0000000000000000   0.0000000000000000   0.0000000000000000   0.0000000000000000   0.0000000000000000   0.0000000000000000   0.0000000000000000   0.0000000000000000   0.0000000000000000   0.0000000000000000   0.0000000000000000   0.0000000000000000   0.0000000000000000   0.0000000000000000   0.0000000000000000   0.0000000000000000   0.0000000000000000   0.0000000000000000   0.0000000000000000   0.0000000000000000   0.0000000000000000   0.0000000000000000   0.0000000000000000   0.0000000000000000   0.0000000000000000   0.0000000000000000   0.0000000000000000   0.0000000000000000   0.0000000000000000   0.0000000000000000   0.0000000000000000   0.0000000000000000   0.0000000000000000   0.0000000000000000   0.0000000000000000   0.0000000000000000   0.0000000000000000   0.0000000000000000   0.0000000000000000   0.0000000000000000   0.0000000000000000   0.0000000000000000   0.0000000000000000   0.0000000000000000   0.0000000000000000   0.0000000000000000   0.0000000000000000   0.0000000000000000   0.0000000000000000   0.0000000000000000   0.0000000000000000   0.0000000000000000   0.0000000000000000   0.0000000000000000   0.0000000000000000   0.0000000000000000   0.0000000000000000
   0.0000000000000000   0.0000000000000000   0.0000000000000000   0.0000000000000000   0.0000000000000000   0.0000000000000000   0.0000000000000000   0.0000000000000000   0.0000000000000000   0.0000000000000000   0.0000000000000000   0.0000000000000000   0.0000000000000000   0.0000000000000000   0.0000000000000000   0.0000000000000000   0.0000000000000000   0.0000000000000000   0.0000000000000000   0.0000000000000000   0.0000000000000000   0.0000000000000000   0.0000000000000000   0.0000000000000000   0.0000000000000000   0.0000000000000000   0.0000000000000000   0.0000000000000000   0.0000000000000000   0.0000000000000000   0.0000000000000000   0.0000000000000000   0.0000000000000000   0.0000000000000000   0.0000000000000000   0.0000000000000000   0.0000000000000000   0.0000000000000000   0.0000000000000000   0.0000000000000000   0.0000000000000000   0.0000000000000000   0.0000000000000000   0.0000000000000000   0.0000000000000000   0.0000000000000000   0.0000000000000000   0.0000000000000000   0.0000000000000000   0.0000000000000000   0.0000000000000000   0.0000000000000000   0.0000000000000000   0.0000000000000000   0.0000000000000000   0.0000000000000000   0.0000000000000000   0.0000000000000000   0.0000000000000000   0.0000000000000000   0.0000000000000000   0.0000000000000000   0.0000000000000000   0.0000000000000000   0.0000000000000000   0.0000000000000000   0.0000000000000000   0.0000000000000000   0.0000000000000000   0.0000000000000000   0.0000000000000000   0.0000000000000025   0.4809391900646506   0.0000000000000000   0.0000000000000000   0.0000000000000000   0.0000000000000000   1.0968578440421768   1.2144923379668673   1.4372787159973703   1.8870180301982766   0.0000000000000000   0.0000000000000000   0.0000000000000000   0.0000000000000000   0.0000000000000000   0.0000000000000000   0.0000000000000000   0.0000000000000000   0.0000000000000000   0.0000000000000000   0.0000000000000000   0.0000000000000000   0.0000000000000000   0.0000000000000000   0.0000000000000000   0.0000000000000000   0.0000000000000000   0.0000000000000000   0.0000000000000000   0.0000000000000000   0.0000000000000000   0.0000000000000000   0.0000000000000000   0.0000000000000000   0.0000000000000000   0.0000000000000000   0.0000000000000000   0.0000000000000000   0.0000000000000000   0.0000000000000000   0.0000000000000000   0.0000000000000000   0.0000000000000000   0.0000000000000000   0.0000000000000000   0.0000000000000000   0.0000000000000000   0.0000000000000000   0.0000000000000000   0.0000000000000000   0.0000000000000000   0.0000000000000000   0.0000000000000000   0.0000000000000000   0.0000000000000000   0.0000000000000000   0.0000000000000000   0.0000000000000000   0.0000000000000000   0.0000000000000000   0.0000000000000000   0.0000000000000000   0.0000000000000000   0.0000000000000000   0.0000000000000000   0.0000000000000000   0.0000000000000000   0.0000000000000000   0.0000000000000000   0.0000000000000000   0.0000000000000000   0.0000000000000000   0.0000000000000000   0.0000000000000000   0.0000000000000000   0.0000000000000000   0.0000000000000000   0.0000000000000000   0.0000000000000000   0.0000000000000000   0.0000000000000000   0.0000000000000000   0.0000000000000000   0.0000000000000000   0.0000000000000000   0.0000000000000000   0.0000000000000000   0.0000000000000000   0.0000000000000000   0.0000000000000000   0.0000000000000000
   0.0000000000000000   0.0000000000000000   0.0000000000000000   0.0000000000000000   0.0000000000000000   0.0000000000000000   0.0000000000000000   0.0000000000000000   0.0000000000000000   0.0000000000000000   0.0000000000000000   0.0000000000000000   0.0000000000000000   0.0000000000000000   0.0000000000000000   0.0000000000000000   0.0000000000000000   0.0000000000000000   0.0000000000000000   0.0000000000000000   0.0000000000000000   0.0000000000000000   0.0000000000000000   0.0000000000000000   0.0000000000000000   0.0000000000000000   0.0000000000000000   0.0000000000000000   0.0000000000000000   0.0000000000000000   0.0000000000000000   0.0000000000000000   0.0000000000000000   0.0000000000000000   0.0000000000000000   0.0000000000000000   0.0000000000000000   0.0000000000000000   0.0000000000000000   0.0000000000000000   0.0000000000000000   0.0000000000000000   0.0000000000000000   0.0000000000000000   0.0000000000000000   0.0000000000000000   0.0000000000000000   0.0000000000000000   0.0000000000000000   0.0000000000000000   0.0000000000000000   0.0000000000000000   0.0000000000000000   0.0000000000000000   0.0000000000000000   0.0000000000000000   0.0000000000000000   0.0000000000000000   0.0000000000000000   0.0000000000000000   0.0000000000000000   0.0000000000000000   0.0000000000000000   0.0000000000000000   0.0000000000000000   0.0000000000000000   0.0000000000000000   0.0000000000000000   0.0000000000000000   0.0000000000000000   0.2723200767094003   0.0000000000000000   0.0000000000000000   0.0000000000000000   0.0000000000000000   0.0000000000000000   0.0000000000000000   0.8865800612419067   1.1333364952337575   1.3786507103587518   1.5657179644930321   0.0000000000000000   0.0000000000000000   0.0000000000000000   0.0000000000000000   0.0000000000000000   0.0000000000000000   0.0000000000000000   0.0000000000000000   0.0000000000000000   0.0000000000000000   0.0000000000000000   0.0000000000000000   0.0000000000000000   0.0000000000000000   0.0000000000000000   0.0000000000000000   0.0000000000000000   0.0000000000000000   0.0000000000000000   0.0000000000000000   0.0000000000000000   0.0000000000000000   0.0000000000000000   0.0000000000000000   0.0000000000000000   0.0000000000000000   0.0000000000000000   0.0000000000000000   0.0000000000000000   0.0000000000000000   0.0000000000000000   0.0000000000000000   0.0000000000000000   0.0000000000000000   0.0000000000000000   0.0000000000000000   0.0000000000000000   0.0000000000000000   0.0000000000000000   0.0000000000000000   0.0000000000000000   0.0000000000000000   0.0000000000000000   0.0000000000000000   0.0000000000000000   0.0000000000000000   0.0000000000000000   0.0000000000000000   0.0000000000000000   0.0000000000000000   0.0000000000000000   0.0000000000000000   0.0000000000000000   0.0000000000000000   0.0000000000000000   0.0000000000000000   0.0000000000000000   0.0000000000000000   0.0000000000000000   0.0000000000000000   0.0000000000000000   0.0000000000000000   0.0000000000000000   0.0000000000000000   0.0000000000000000   0.0000000000000000   0.0000000000000000   0.0000000000000000   0.0000000000000000   0.0000000000000000   0.0000000000000000   0.0000000000000000   0.0000000000000000   0.0000000000000000   0.0000000000000000   0.0000000000000000   0.0000000000000000   0.0000000000000000   0.0000000000000000   0.0000000000000000   0.0000000000000000
   0.0000000000000000   0.0000000000000000   0.0000000000000000   0.0000000000000000   0.0000000000000000   0.0000000000000000   0.0000000000000000   0.0000000000000000   0.0000000000000000   0.0000000000000000   0.0000000000000000   0.0000000000000000   0.0000000000000000   0.0000000000000000   0.0000000000000000   0.0000000000000000   0.0000000000000000   0.0000000000000000   0.0000000000000000   0.0000000000000000   0.0000000000000000   0.0000000000000000   0.0000000000000000   0.0000000000000000   0.0000000000000000   0.0000000000000000   0.0000000000000000   0.0000000000000000   0.0000000000000000   0.0000000000000000   0.0000000000000000   0.0000000000000000   0.0000000000000000   0.0000000000000000   0.0000000000000000   0.0000000000000000   0.0000000000000000   0.0000000000000000   0.0000000000000000   0.0000000000000000   0.0000000000000000   0.0000000000000000   0.0000000000000000   0.0000000000000000   0.0000000000000000   0.0000000000000000   0.0000000000000000   0.0000000000000000   0.0000000000000000   0.0000000000000000   0.0000000000000000   0.0000000000000000   0.0000000000000000   0.0000000000000000   0.0000000000000000   0.0000000000000000   0.0000000000000000   0.0000000000000000   0.0000000000000000   0.0000000000000000   0.0000000000000000   0.0000000000000000   0.0000000000000000   0.0000000000000000   0.0000000000000000   0.0000000000000000   0.0000000000000000   0.0000000000000000   0.0000000000000000   0.0000000000001148   0.0000000000000000   0.0000000000000000   0.0000000000000000   0.0000000000000000   0.0000000000000000   0.0000000000000000   0.0000000000000000   0.0000000000000000   0.9757219193530097   1.2121011821626952   0.0000000000000000   0.0000000000000000   0.0000000000000000   0.0000000000000000   0.0000000000000000   0.0000000000000000   0.0000000000000000   0.0000000000000000   0.0000000000000000   0.0000000000000000   0.0000000000000000   0.0000000000000000   0.0000000000000000   0.0000000000000000   0.0000000000000000   0.0000000000000000   0.0000000000000000   0.0000000000000000   0.0000000000000000   0.0000000000000000   0.0000000000000000   0.0000000000000000   0.0000000000000000   0.0000000000000000   0.0000000000000000   0.0000000000000000   0.0000000000000000   0.0000000000000000   0.0000000000000000   0.0000000000000000   0.0000000000000000   0.0000000000000000   0.0000000000000000   0.0000000000000000   0.0000000000000000   0.0000000000000000   0.0000000000000000   0.0000000000000000   0.0000000000000000   0.0000000000000000   0.0000000000000000   0.0000000000000000   0.0000000000000000   0.0000000000000000   0.0000000000000000   0.0000000000000000   0.0000000000000000   0.0000000000000000   0.0000000000000000   0.0000000000000000   0.0000000000000000   0.0000000000000000   0.0000000000000000   0.0000000000000000   0.0000000000000000   0.0000000000000000   0.0000000000000000   0.0000000000000000   0.0000000000000000   0.0000000000000000   0.0000000000000000   0.0000000000000000   0.0000000000000000   0.0000000000000000   0.0000000000000000   0.0000000000000000   0.0000000000000000   0.0000000000000000   0.0000000000000000   0.0000000000000000   0.0000000000000000   0.0000000000000000   0.0000000000000000   0.0000000000000000   0.0000000000000000   0.0000000000000000   0.0000000000000000   0.0000000000000000   0.0000000000000000   0.0000000000000000   0.0000000000000000   0.0000000000000000
   0.0000000000000000   0.0000000000000000   0.0000000000000000   0.0000000000000000   0.0000000000000000   0.0000000000000000   0.0000000000000000   0.0000000000000000   0.0000000000000000   0.0000000000000000   0.0000000000000000   0.0000000000000000   0.0000000000000000   0.0000000000000000   0.0000000000000000   0.0000000000000000   0.0000000000000000   0.0000000000000000   0.0000000000000000   0.0000000000000000   0.0000000000000000   0.0000000000000000   0.0000000000000000   0.0000000000000000   0.0000000000000000   0.0000000000000000   0.0000000000000000   0.0000000000000000   0.0000000000000000   0.0000000000000000   0.0000000000000000   0.0000000000000000   0.0000000000000000   0.0000000000000000   0.0000000000000000   0.0000000000000000   0.0000000000000000   0.0000000000000000   0.0000000000000000   0.0000000000000000   0.0000000000000000   0.0000000000000000   0.0000000000000000   0.0000000000000000   0.0000000000000000   0.0000000000000000   0.0000000000000000   0.0000000000000000   0.0000000000000000   0.0000000000000000   0.0000000000000000   0.0000000000000000   0.0000000000000000   0.0000000000000000   0.0000000000000000   0.0000000000000000   0.0000000000000000   0.0000000000000000   0.0000000000000000   0.0000000000000000   0.0000000000000000   0.0000000000000000   0.0000000000000000   0.0000000000000000   0.0000000000000000   0.0000000000000000   0.0000000000000000   0.0000000000000000   0.0000000000000000   0.0000000000171669   0.0000000000000000   0.0000000000000000   0.0000000000000000   0.0000000000000000   0.0000000000000000   0.0000000000000000   0.0000000000000000   0.0000000000000000   0.0000000000000000   0.0000000000000000   0.0000000000000000   0.0000000000000000   0.0000000000000000   0.0000000000000000   0.0000000000000000   0.0000000000000000   0.0000000000000000   0.0000000000000000   0.0000000000000000   0.0000000000000000   0.0000000000000000   0.0000000000000000   0.0000000000000000   0.0000000000000000   0.0000000000000000   0.0000000000000000   0.0000000000000000   0.0000000000000000   0.0000000000000000   0.0000000000000000   0.0000000000000000   0.0000000000000000   0.0000000000000000   0.0000000000000000   0.0000000000000000   0.0000000000000000   0.0000000000000000   0.0000000000000000   0.0000000000000000   0.0000000000000000   0.0000000000000000   0.0000000000000000   0.0000000000000000   0.0000000000000000   0.0000000000000000   0.0000000000000000   0.0000000000000000   0.0000000000000000   0.0000000000000000   0.0000000000000000   0.0000000000000000   0.0000000000000000   0.0000000000000000   0.0000000000000000   0.0000000000000000   0.0000000000000000   0.0000000000000000   0.0000000000000000   0.0000000000000000   0.0000000000000000   0.0000000000000000   0.0000000000000000   0.0000000000000000   0.0000000000000000   0.0000000000000000   0.0000000000000000   0.0000000000000000   0.0000000000000000   0.0000000000000000   0.0000000000000000   0.0000000000000000   0.0000000000000000   0.0000000000000000   0.0000000000000000   0.0000000000000000   0.0000000000000000   0.0000000000000000   0.0000000000000000   0.0000000000000000   0.0000000000000000   0.0000000000000000   0.0000000000000000   0.0000000000000000   0.0000000000000000   0.0000000000000000   0.0000000000000000   0.0000000000000000   0.0000000000000000   0.0000000000000000   0.0000000000000000   0.0000000000000000   0.0000000000000000
   0.0000000000000000   0.0000000000000000   0.0000000000000000   0.0000000000000000   0.0000000000000000   0.0000000000000000   0.0000000000000000   0.0000000000000000   0.0000000000000000   0.0000000000000000   0.0000000000000000   0.0000000000000000   0.0000000000000000   0.0000000000000000   0.0000000000000000   0.0000000000000000   0.0000000000000000   0.0000000000000000   0.0000000000000000   0.0000000000000000   0.0000000000000000   0.0000000000000000   0.0000000000000000   0.0000000000000000   0.0000000000000000   0.0000000000000000   0.0000000000000000   0.0000000000000000   0.0000000000000000   0.0000000000000000   0.0000000000000000   0.0000000000000000   0.0000000000000000   0.0000000000000000   0.0000000000000000   0.0000000000000000   0.0000000000000000   0.0000000000000000   0.0000000000000000   0.0000000000000000   0.0000000000000000   0.0000000000000000   0.0000000000000000   0.0000000000000000   0.0000000000000000   0.0000000000000000   0.0000000000000000   0.0000000000000000   0.0000000000000000   0.0000000000000000   0.0000000000000000   0.0000000000000000   0.0000000000000000   0.0000000000000000   0.0000000000000000   0.0000000000000000   0.0000000000000000   0.0000000000000000   0.0000000000000000   0.0000000000000000   0.0000000000000000   0.0000000000000000   0.0000000000000000   0.0000000000000000   0.0000000000000000   0.0000000000000000   0.0000000000000000   0.0000000000000000   0.0000000000000000   0.0003936544216062   0.0000000000000000   0.0000000000000000   0.0000000000000000   0.0000000000000000   0.0000000000000000   0.0000000000000000   0.0000000000000000   0.0000000000000000   0.0000000000000000   0.0000000000000000   0.0000000000000000   0.0000000000000000   0.0000000000000000   0.0000000000000000   0.0000000000000000   0.0000000000000000   0.0000000000000000   0.0000000000000000   0.0000000000000000   0.0000000000000000   0.0000000000000000   0.0000000000000000   0.0000000000000000   0.0000000000000000   0.0000000000000000   0.0000000000000000   0.0000000000000000   0.0000000000000000   0.0000000000000000   0.0000000000000000   0.0000000000000000   0.0000000000000000   0.0000000000000000   0.0000000000000000   0.0000000000000000   0.0000000000000000   0.0000000000000000   0.0000000000000000   0.0000000000000000   0.0000000000000000   0.0000000000000000   0.0000000000000000   0.0000000000000000   0.0000000000000000   0.0000000000000000   0.0000000000000000   0.0000000000000000   0.0000000000000000   0.0000000000000000   0.0000000000000000   0.0000000000000000   0.0000000000000000   0.0000000000000000   0.0000000000000000   0.0000000000000000   0.0000000000000000   0.0000000000000000   0.0000000000000000   0.0000000000000000   0.0000000000000000   0.0000000000000000   0.0000000000000000   0.0000000000000000   0.0000000000000000   0.0000000000000000   0.0000000000000000   0.0000000000000000   0.0000000000000000   0.0000000000000000   0.0000000000000000   0.0000000000000000   0.0000000000000000   0.0000000000000000   0.0000000000000000   0.0000000000000000   0.0000000000000000   0.0000000000000000   0.0000000000000000   0.0000000000000000   0.0000000000000000   0.0000000000000000   0.0000000000000000   0.0000000000000000   0.0000000000000000   0.0000000000000000   0.0000000000000000   0.0000000000000000   0.0000000000000000   0.0000000000000000   0.0000000000000000   0.0000000000000000   0.0000000000000000
   0.0000000000000000   0.0000000000000000   0.0000000000000000   0.0000000000000000   0.0000000000000000   0.0000000000000000   0.0000000000000000   0.0000000000000000   0.0000000000000000   0.0000000000000000   0.0000000000000000   0.0000000000000000   0.0000000000000000   0.0000000000000000   0.0000000000000000   0.0000000000000000   0.0000000000000000   0.0000000000000000   0.0000000000000000   0.0000000000000000   0.0000000000000000   0.0000000000000000   0.0000000000000000   0.0000000000000000   0.0000000000000000   0.0000000000000000   0.0000000000000000   0.0000000000000000   0.0000000000000000   0.0000000000000000   0.0000000000000000   0.0000000000000000   0.0000000000000000   0.0000000000000000   0.0000000000000000   0.0000000000000000   0.0000000000000000   0.0000000000000000   0.0000000000000000   0.0000000000000000   0.0000000000000000   0.0000000000000000   0.0000000000000000   0.0000000000000000   0.0000000000000000   0.0000000000000000   0.0000000000000000   0.0000000000000000   0.0000000000000000   0.0000000000000000   0.0000000000000000   0.0000000000000000   0.0000000000000000   0.0000000000000000   0.0000000000000000   0.0000000000000000   0.0000000000000000   0.0000000000000000   0.0000000000000000   0.0000000000000000   0.0000000000000000   0.0000000000000000   0.0000000000000000   0.0000000000000000   0.0000000000000000   0.0000000000000000   0.0000000000000000   0.0000000000000000   0.0000000000000000   0.2397194548013315   0.0000000000000000   0.0000000000000000   0.0000000000000000   0.0000000000000000   0.0000000000000000   0.0000000000000000   0.0000000000000000   0.0000000000000000   0.0000000000000000   0.0000000000000000   0.0000000000000000   0.0000000000000000   0.0000000000000000   0.0000000000000000   0.0000000000000000   0.0000000000000000   0.0000000000000000   0.0000000000000000   0.0000000000000000   0.0000000000000000   0.0000000000000000   0.0000000000000000   0.0000000000000000   0.0000000000000000   0.0000000000000000   0.0000000000000000   0.0000000000000000   0.0000000000000000   0.0000000000000000   0.0000000000000000   0.0000000000000000   0.0000000000000000   0.0000000000000000   0.0000000000000000   0.0000000000000000   0.0000000000000000   0.0000000000000000   0.0000000000000000   0.0000000000000000   0.0000000000000000   0.0000000000000000   0.0000000000000000   0.0000000000000000   0.0000000000000000   0.0000000000000000   0.0000000000000000   0.0000000000000000   0.0000000000000000   0.0000000000000000   0.0000000000000000   0.0000000000000000   0.0000000000000000   0.0000000000000000   0.0000000000000000   0.0000000000000000   0.0000000000000000   0.0000000000000000   0.0000000000000000   0.0000000000000000   0.0000000000000000   0.0000000000000000   0.0000000000000000   0.0000000000000000   0.0000000000000000   0.0000000000000000   0.0000000000000000   0.0000000000000000   0.0000000000000000   0.0000000000000000   0.0000000000000000   0.0000000000000000   0.0000000000000000   0.0000000000000000   0.0000000000000000   0.0000000000000000   0.0000000000000000   0.0000000000000000   0.0000000000000000   0.0000000000000000   0.0000000000000000   0.0000000000000000   0.0000000000000000   0.0000000000000000   0.0000000000000000   0.0000000000000000   0.0000000000000000   0.0000000000000000   0.0000000000000000   0.0000000000000000   0.0000000000000000   0.0000000000000000   0.0000000000000000
   0.0000000000000000   0.0000000000000000   0.0000000000000000   0.0000000000000000   0.0000000000000000   0.0000000000000000   0.0000000000000000   0.0000000000000000   0.0000000000000000   0.0000000000000000   0.0000000000000000   0.0000000000000000   0.0000000000000000   0.0000000000000000   0.0000000000000000   0.0000000000000000   0.0000000000000000   0.0000000000000000   0.0000000000000000   0.0000000000000000   0.0000000000000000   0.0000000000000000   0.0000000000000000   0.0000000000000000   0.0000000000000000   0.0000000000000000   0.0000000000000000   0.0000000000000000   0.0000000000000000   0.0000000000000000   0.0000000000000000   0.0000000000000000   0.0000000000000000   0.0000000000000000   0.0000000000000000   0.0000000000000000   0.0000000000000000   0.0000000000000000   0.0000000000000000   0.0000000000000000   0.0000000000000000   0.0000000000000000   0.0000000000000000   0.0000000000000000   0.0000000000000000   0.0000000000000000   0.0000000000000000   0.0000000000000000   0.0000000000000000   0.0000000000000000   0.0000000000000000   0.0000000000000000   0.0000000000000000   0.0000000000000000   0.0000000000000000   0.0000000000000000   0.0000000000000000   0.0000000000000000   0.0000000000000000   0.0000000000000000   0.0000000000000000   0.0000000000000000   0.0000000000000000   0.0000000000000000   0.0000000000000000   0.0000000000000000   0.0000000000000000   0.0000000000000000   0.0000000000000000   0.2448526648230635   0.0000000000000000   0.0000000000000000   0.0000000000000000   0.0000000000000000   0.0000000000000000   0.0000000000000000   0.0000000000000000   0.0000000000000000   0.0000000000000000   0.0000000000000000   0.0000000000000000   0.0000000000000000   0.0000000000000000   0.0000000000000000   0.0000000000000000   0.0000000000000000   0.0000000000000000   0.0000000000000000   0.0000000000000000   0.0000000000000000   0.0000000000000000   0.0000000000000000   0.0000000000000000   0.0000000000000000   0.0000000000000000   0.0000000000000000   0.0000000000000000   0.0000000000000000   0.0000000000000000   0.0000000000000000   0.0000000000000000   0.0000000000000000   0.0000000000000000   0.0000000000000000   0.0000000000000000   0.0000000000000000   0.0000000000000000   0.0000000000000000   0.0000000000000000   0.0000000000000000   0.0000000000000000   0.0000000000000000   0.0000000000000000   0.0000000000000000   0.0000000000000000   0.0000000000000000   0.0000000000000000   0.0000000000000000   0.0000000000000000   0.0000000000000000   0.0000000000000000   0.0000000000000000   0.0000000000000000   0.0000000000000000   0.0000000000000000   0.0000000000000000   0.0000000000000000   0.0000000000000000   0.0000000000000000   0.0000000000000000   0.0000000000000000   0.0000000000000000   0.0000000000000000   0.0000000000000000   0.0000000000000000   0.0000000000000000   0.0000000000000000   0.0000000000000000   0.0000000000000000   0.0000000000000000   0.0000000000000000   0.0000000000000000   0.0000000000000000   0.0000000000000000   0.0000000000000000   0.0000000000000000   0.0000000000000000   0.0000000000000000   0.0000000000000000   0.0000000000000000   0.0000000000000000   0.0000000000000000   0.0000000000000000   0.0000000000000000   0.0000000000000000   0.0000000000000000   0.0000000000000000   0.0000000000000000   0.0000000000000000   0.0000000000000000   0.0000000000000000   0.0000000000000000
   0.0000000000000000   0.0000000000000000   0.0000000000000000   0.0000000000000000   0.0000000000000000   0.0000000000000000   0.0000000000000000   0.0000000000000000   0.0000000000000000   0.0000000000000000   0.0000000000000000   0.0000000000000000   0.0000000000000000   0.0000000000000000   0.0000000000000000   0.0000000000000000   0.0000000000000000   0.0000000000000000   0.0000000000000000   0.0000000000000000   0.0000000000000000   0.0000000000000000   0.0000000000000000   0.0000000000000000   0.0000000000000000   0.0000000000000000   0.0000000000000000   0.0000000000000000   0.0000000000000000   0.0000000000000000   0.0000000000000000   0.0000000000000000   0.0000000000000000   0.0000000000000000   0.0000000000000000   0.0000000000000000   0.0000000000000000   0.0000000000000000   0.0000000000000000   0.0000000000000000   0.0000000000000000   0.0000000000000000   0.0000000000000000   0.0000000000000000   0.0000000000000000   0.0000000000000000   0.0000000000000000   0.0000000000000000   0.0000000000000000   0.0000000000000000   0.0000000000000000   0.0000000000000000   0.0000000000000000   0.0000000000000000   0.0000000000000000   0.0000000000000000   0.0000000000000000   0.0000000000000000   0.0000000000000000   0.0000000000000000   0.0000000000000000   0.0000000000000000   0.0000000000000000   0.0000000000000000   0.0000000000000000   0.0000000000000000   0.0000000000000000   0.0000000000000000   0.0662058816576302   0.3669194946671324   0.0000000000000000   0.0000000000000000   0.0000000000000000   0.0000000000000000   0.0000000000000000   0.0000000000000000   0.0000000000000000   0.0000000000000000   0.0000000000000000   0.0000000000000000   0.0000000000000000   0.0000000000000000   0.0000000000000000   0.0000000000000000   0.0000000000000000   0.0000000000000000   0.0000000000000000   0.0000000000000000   0.0000000000000000   0.0000000000000000   0.0000000000000000   0.0000000000000000   0.0000000000000000   0.0000000000000000   0.0000000000000000   0.0000000000000000   0.0000000000000000   0.0000000000000000   0.0000000000000000   0.0000000000000000   0.0000000000000000   0.0000000000000000   0.0000000000000000   0.0000000000000000   0.0000000000000000   0.0000000000000000   0.0000000000000000   0.0000000000000000   0.0000000000000000   0.0000000000000000   0.0000000000000000   0.0000000000000000   0.0000000000000000   0.0000000000000000   0.0000000000000000   0.0000000000000000   0.0000000000000000   0.0000000000000000   0.0000000000000000   0.0000000000000000   0.0000000000000000   0.0000000000000000   0.0000000000000000   0.0000000000000000   0.0000000000000000   0.0000000000000000   0.0000000000000000   0.0000000000000000   0.0000000000000000   0.0000000000000000   0.0000000000000000   0.0000000000000000   0.0000000000000000   0.0000000000000000   0.0000000000000000   0.0000000000000000   0.0000000000000000   0.0000000000000000   0.0000000000000000   0.0000000000000000   0.0000000000000000   0.0000000000000000   0.0000000000000000   0.0000000000000000   0.0000000000000000   0.0000000000000000   0.0000000000000000   0.0000000000000000   0.0000000000000000   0.0000000000000000   0.0000000000000000   0.0000000000000000   0.0000000000000000   0.0000000000000000   0.0000000000000000   0.0000000000000000   0.0000000000000000   0.0000000000000000   0.0000000000000000   0.0000000000000000   0.0000000000000000   0.0000000000000000
   0.0000000000000000   0.0000000000000000   0.0000000000000000   0.0000000000000000   0.0000000000000000   0.0000000000000000   0.0000000000000000   0.0000000000000000   0.0000000000000000   0.0000000000000000   0.0000000000000000   0.0000000000000000   0.0000000000000000   0.0000000000000000   0.0000000000000000   0.0000000000000000   0.0000000000000000   0.0000000000000000   0.0000000000000000   0.0000000000000000   0.0000000000000000   0.0000000000000000   0.0000000000000000   0.0000000000000000   0.0000000000000000   0.0000000000000000   0.0000000000000000   0.0000000000000000   0.0000000000000000   0.0000000000000000   0.0000000000000000   0.0000000000000000   0.0000000000000000   0.0000000000000000   0.0000000000000000   0.0000000000000000   0.0000000000000000   0.0000000000000000   0.0000000000000000   0.0000000000000000   0.0000000000000000   0.0000000000000000   0.0000000000000000   0.0000000000000000   0.0000000000000000   0.0000000000000000   0.0000000000000000   0.0000000000000000   0.0000000000000000   0.0000000000000000   0.0000000000000000   0.0000000000000000   0.0000000000000000   0.0000000000000000   0.0000000000000000   0.0000000000000000   0.0000000000000000   0.0000000000000000   0.0000000000000000   0.0000000000000000   0.0000000000000000   0.0000000000000000   0.0000000000000000   0.0000000000000000   0.0000000000000000   0.0000000000000000   0.0000000000000000   0.0000000000000000   0.0000000000000000   0.0000000000000000   0.0000000000000000   0.0000000000000000   0.0000000000000000   0.0000000000000000   0.0000000000000000   0.0000000000000000   0.0000000000000000   0.0000000000000000   0.0000000000000000   0.0000000000000000   0.0000000000000000   0.0000000000000000   0.0000000000000000   0.0000000000000000   0.0000000000000000   0.0000000000000000   0.0000000000000000   0.0000000000000000   0.0000000000000000   0.0000000000000000   0.0000000000000000   0.0000000000000000   0.0000000000000000   0.0000000000000000   0.0000000000000000   0.0000000000000000   0.0000000000000000   0.0000000000000000   0.0000000000000000   0.0000000000000000   0.0000000000000000   0.0000000000000000   0.0000000000000000   0.0000000000000000   0.0000000000000000   0.0000000000000000   0.0000000000000000   0.0000000000000000   0.0000000000000000   0.0000000000000000   0.0000000000000000   0.0000000000000000   0.0000000000000000   0.0000000000000000   0.0000000000000000   0.0000000000000000   0.0000000000000000   0.0000000000000000   0.0000000000000000   0.0000000000000000   0.0000000000000000   0.0000000000000000   0.0000000000000000   0.0000000000000000   0.0000000000000000   0.0000000000000000   0.0000000000000000   0.0000000000000000   0.0000000000000000   0.0000000000000000   0.0000000000000000   0.0000000000000000   0.0000000000000000   0.0000000000000000   0.0000000000000000   0.0000000000000000   0.0000000000000000   0.0000000000000000   0.0000000000000000   0.0000000000000000   0.0000000000000000   0.0000000000000000   0.0000000000000000   0.0000000000000000   0.0000000000000000   0.0000000000000000   0.0000000000000000   0.0000000000000000   0.0000000000000000   0.0000000000000000   0.0000000000000000   0.0000000000000000   0.0000000000000000   0.0000000000000000   0.0000000000000000   0.0000000000000000   0.0000000000000000   0.0000000000000000   0.0000000000000000   0.0000000000000000   0.0000000000000000   0.0000000000000000
   0.0000000000000000   0.0000000000000000   0.0000000000000000   0.0000000000000000   0.0000000000000000   0.0000000000000000   0.0000000000000000   0.0000000000000000   0.0000000000000000   0.0000000000000000   0.0000000000000000   0.0000000000000000   0.0000000000000000   0.0000000000000000   0.0000000000000000   0.0000000000000000   0.0000000000000000   0.0000000000000000   0.0000000000000000   0.0000000000000000   0.0000000000000000   0.0000000000000000   0.0000000000000000   0.0000000000000000   0.0000000000000000   0.0000000000000000   0.0000000000000000   0.0000000000000000   0.0000000000000000   0.0000000000000000   0.0000000000000000   0.0000000000000000   0.0000000000000000   0.0000000000000000   0.0000000000000000   0.0000000000000000   0.0000000000000000   0.0000000000000000   0.0000000000000000   0.0000000000000000   0.0000000000000000   0.0000000000000000   0.0000000000000000   0.0000000000000000   0.0000000000000000   0.0000000000000000   0.0000000000000000   0.0000000000000000   0.0000000000000000   0.0000000000000000   0.0000000000000000   0.0000000000000000   0.0000000000000000   0.0000000000000000   0.0000000000000000   0.0000000000000000   0.0000000000000000   0.0000000000000000   0.0000000000000000   0.0000000000000000   0.0000000000000000   0.0000000000000000   0.0000000000000000   0.0000000000000000   0.0000000000000000   0.0000000000000000   0.0000000000000000   0.0000000000000000   0.0000000000000000   0.0000000000000000   0.0000000000000000   0.0000000000000000   0.0000000000000000   0.0000000000000000   0.0000000000000000   0.0000000000000000   0.0000000000000000   0.0000000000000000   0.0000000000000000   0.0000000000000000   0.0000000000000000   0.0000000000000000   0.0000000000000000   0.0000000000000000   0.0000000000000000   0.0000000000000000   0.0000000000000000   0.0000000000000000   0.0000000000000000   0.0000000000000000   0.0000000000000000   0.0000000000000000   0.0000000000000000   0.0000000000000000   0.0000000000000000   0.0000000000000000   0.0000000000000000   0.0000000000000000   0.0000000000000000   0.0000000000000000   0.0000000000000000   0.0000000000000000   0.0000000000000000   0.0000000000000000   0.0000000000000000   0.0000000000000000   0.0000000000000000   0.0000000000000000   0.0000000000000000   0.0000000000000000   0.0000000000000000   0.0000000000000000   0.0000000000000000   0.0000000000000000   0.0000000000000000   0.0000000000000000   0.0000000000000000   0.0000000000000000   0.0000000000000000   0.0000000000000000   0.0000000000000000   0.0000000000000000   0.0000000000000000   0.0000000000000000   0.0000000000000000   0.0000000000000000   0.0000000000000000   0.0000000000000000   0.0000000000000000   0.0000000000000000   0.0000000000000000   0.0000000000000000   0.0000000000000000   0.0000000000000000   0.0000000000000000   0.0000000000000000   0.0000000000000000   0.0000000000000000   0.0000000000000000   0.0000000000000000   0.0000000000000000   0.0000000000000000   0.0000000000000000   0.0000000000000000   0.0000000000000000   0.0000000000000000   0.0000000000000000   0.0000000000000000   0.0000000000000000   0.0000000000000000   0.0000000000000000   0.0000000000000000   0.0000000000000000   0.0000000000000000   0.0000000000000000   0.0000000000000000   0.0000000000000000   0.0000000000000000   0.0000000000000000   0.0000000000000000   0.0000000000000000   0.0000000000000000
