     0.000000     0.000000     0.000000     0.000000     0.000000     0.000000     0.000000     0.000000     0.000000     0.000000     0.000000     0.000000     0.000000     0.000000     0.000000     0.000000     0.000000     0.000000     0.000000     0.000000     0.000000     0.000000     0.000000     0.000000     0.000000     0.000000     0.000000     0.000000     0.000000     0.000000     0.000000     0.000000     0.000000     0.000000     0.000000     0.000000     0.000000     0.000000     0.000000     0.000000     0.000000     0.000000     0.000000     0.000000     0.000000     0.000000     0.000000     0.000000     0.000000     0.000000     0.000000     0.000000     0.000000     0.000000     0.000000     0.000000     0.000000     0.000000     0.000000     0.000000     0.000000     0.000000     0.000000     0.000000     0.000000     0.000000     0.000000     0.000000     0.000000     0.000000     0.000000     0.000000     0.000000     0.000000     0.000000     0.000000     0.000000     0.000000     0.000000     0.000000     0.000000     0.000000     0.000000     0.000000     0.000000     0.000000     0.000000     0.000000     0.000000     0.000000     0.000000     0.000000     0.000000     0.000000     0.000000     0.000000     0.000000     0.000000     0.000000     0.000000     0.000000     0.000000     0.000000     0.000000     0.000000     0.000000     0.000000     0.000000     0.000000     0.000000     0.000000     0.000000     0.000000     0.000000     0.000000     0.000000     0.000000     0.000000     0.000000     0.000000     0.000000     0.000000     0.000000     0.000000     0.000000     0.000000     0.000000     0.000000     0.000000     0.000000     0.000000     0.000000     0.000000     0.000000     0.000000     0.000000     0.000000     0.000000     0.000000     0.000000     0.000000     0.000000     0.000000     0.000000     0.000000     0.000000     0.000000     0.000000     0.000000     0.000000     0.000000     0.000000     0.000000     0.000000     0.000000     0.000000     0.000000     0.000000     0.000000     0.000000     0.000000     0.000000
     0.000000   611.000000   611.000000   611.000000   611.000000   611.000000   611.000000   611.000000   611.000000   611.000000   611.000000   611.000000   611.000000   611.000000   611.000000   611.000000   611.000000   611.000000   611.000000   611.000000   611.000000   611.000000   611.000000   611.000000   611.000000   611.000000   611.000000   611.000000   611.000000   611.000000   611.000000   611.000000   611.000000   611.000000   611.000000   611.000000   611.000000   611.000000   611.000000   611.000000   611.000000   611.000000   611.000000   611.000000   611.000000   611.000000   611.000000   611.000000   611.000000   611.000000   611.000000   611.000000   611.000000   611.000000   611.000000   611.000000   611.000000   611.000000   611.000000   611.000000   611.000000   611.000000   611.000000   611.000000   611.000000   611.000000   611.000000   611.000000   611.000000   611.000000   611.000000   611.000000   611.000000   611.000000   611.000000   611.000000   611.000000   611.000000   611.000000   611.000000   611.000000   611.000000   611.000000   611.000000   611.000000   611.000000   611.000000   611.000000   611.000000   611.000000   611.000000   611.000000   611.000000   611.000000   611.000000   611.000000   611.000000   611.000000   611.000000   611.000000   611.000000   611.000000   611.000000   611.000000   611.000000   611.000000   611.000000   611.000000   611.000000   611.000000   611.000000   611.000000   611.000000   611.000000   611.000000   611.000000   611.000000   611.000000   611.000000   611.000000   611.000000   611.000000   611.000000   611.000000   611.000000   611.000000   611.000000   611.000000   611.000000   611.000000   611.000000   611.000000   611.000000   611.000000   611.000000   611.000000   611.000000   611.000000   611.000000   611.000000   611.000000   611.000000   611.000000   611.000000   611.000000   611.000000   611.000000   611.000000   611.000000   611.000000   611.000000   611.000000   611.000000   611.000000   611.000000   611.000000   611.000000   611.000000   611.000000   611.000000   611.000000     0.000000
     0.000000   611.000000   611.000000   611.000000   611.000000   611.000000   611.000000   611.000000   611.000000   611.000000   611.000000   611.000000   611.000000   611.000000   611.000000   611.000000   611.000000   611.000000   611.000000   611.000000   611.000000   611.000000   611.000000   611.000000   611.000000   611.000000   611.000000   611.000000   611.000000   611.000000   611.000000   611.000000   611.000000   611.000000   611.000000   611.000000   611.000000   611.000000   611.000000   611.000000   611.000000   611.000000   611.000000   611.000000   611.000000   611.000000   611.000000   611.000000   611.000000   611.000000   611.000000   611.000000   611.000000   611.000000   611.000000   611.000000   611.000000   611.000000   611.000000   611.000000   611.000000   611.000000   611.000000   611.000000   611.000000   611.000000   611.000000   611.000000   611.000000   611.000000   611.000000   611.000000   611.000000   611.000000   611.000000   611.000000   611.000000   611.000000   611.000000   611.000000   611.000000   611.000000   611.000000   611.000000   611.000000   611.000000   611.000000   611.000000   611.000000   611.000000   611.000000   611.000000   611.000000   611.000000   611.000000   611.000000   611.000000   611.000000   611.000000   611.000000   611.000000   611.000000   611.000000   611.000000   611.000000   611.000000   611.000000   611.000000   611.000000   611.000000   611.000000   611.000000   611.000000   611.000000   611.000000   611.000000   611.000000   611.000000   611.000000   611.000000   611.000000   611.000000   611.000000   611.000000   611.000000   611.000000   611.000000   611.000000   611.000000   611.000000   611.000000   611.000000   611.000000   611.000000   611.000000   611.000000   611.000000   611.000000   611.000000   611.000000   611.000000   611.000000   611.000000   611.000000   611.000000   611.000000   611.000000   611.000000   611.000000   611.000000   611.000000   611.000000   611.000000   611.000000   611.000000   611.000000   611.000000   611.000000   611.000000   611.000000   611.000000     0.000000
     0.000000   611.000000   611.000000   611.000000   611.000000   611.000000   611.000000   611.000000   611.000000   611.000000   611.000000   611.000000   611.000000   611.000000   611.000000   611.000000   611.000000   611.000000   611.000000   611.000000   611.000000   611.000000   611.000000   611.000000   611.000000   611.000000   611.000000   611.000000   611.000000   611.000000   611.000000   611.000000   611.000000   611.000000   611.000000   611.000000   611.000000   611.000000   611.000000   611.000000   611.000000   611.000000   611.000000   611.000000   611.000000   611.000000   611.000000   611.000000   611.000000   611.000000   611.000000   611.000000   611.000000   611.000000   611.000000   611.000000   611.000000   611.000000   611.000000   611.000000   611.000000   611.000000   611.000000   611.000000   611.000000   611.000000   611.000000   611.000000   611.000000   611.000000   611.000000   611.000000   611.000000   611.000000   611.000000   611.000000   611.000000   611.000000   611.000000   611.000000   611.000000   611.000000   611.000000   611.000000   611.000000   611.000000   611.000000   611.000000   611.000000   611.000000   611.000000   611.000000   611.000000   611.000000   611.000000   611.000000   611.000000   611.000000   611.000000   611.000000   611.000000   611.000000   611.000000   611.000000   611.000000   611.000000   611.000000   611.000000   611.000000   611.000000   611.000000   611.000000   611.000000   611.000000   611.000000   611.000000   611.000000   611.000000   611.000000   611.000000   611.000000   611.000000   611.000000   611.000000   611.000000   611.000000   611.000000   611.000000   611.000000   611.000000   611.000000   611.000000   611.000000   611.000000   611.000000   611.000000   611.000000   611.000000   611.000000   611.000000   611.000000   611.000000   611.000000   611.000000   611.000000   611.000000   611.000000   611.000000   611.000000   611.000000   611.000000   611.000000   611.000000   611.000000   611.000000   611.000000   611.000000   611.000000   611.000000   611.000000   611.000000     0.000000
     0.000000   611.000000   611.000000   611.000000   611.000000   611.000000   611.000000   611.000000   611.000000   611.000000   611.000000   611.000000   611.000000   611.000000   611.000000   611.000000   611.000000   611.000000   611.000000   611.000000   611.000000   611.000000   611.000000   611.000000   611.000000   611.000000   611.000000   611.000000   611.000000   611.000000   611.000000   611.000000   611.000000   611.000000   611.000000   611.000000   611.000000   611.000000   611.000000   611.000000   611.000000   611.000000   611.000000   611.000000   611.000000   611.000000   611.000000   611.000000   611.000000   611.000000   611.000000   611.000000   611.000000   611.000000   611.000000   611.000000   611.000000   611.000000   611.000000   611.000000   611.000000   611.000000   611.000000   611.000000   611.000000   611.000000   611.000000   611.000000   611.000000   611.000000   611.000000   611.000000   611.000000   611.000000   611.000000   611.000000   611.000000   611.000000   611.000000   611.000000   611.000000   611.000000   611.000000   611.000000   611.000000   611.000000   611.000000   611.000000   611.000000   611.000000   611.000000   611.000000   611.000000   611.000000   611.000000   611.000000   611.000000   611.000000   611.000000   611.000000   611.000000   611.000000   611.000000   611.000000   611.000000   611.000000   611.000000   611.000000   611.000000   611.000000   611.000000   611.000000   611.000000   611.000000   611.000000   611.000000   611.000000   611.000000   611.000000   611.000000   611.000000   611.000000   611.000000   611.000000   611.000000   611.000000   611.000000   611.000000   611.000000   611.000000   611.000000   611.000000   611.000000   611.000000   611.000000   611.000000   611.000000   611.000000   611.000000   611.000000   611.000000   611.000000   611.000000   611.000000   611.000000   611.000000   611.000000   611.000000   611.000000   611.000000   611.000000   611.000000   611.000000   611.000000   611.000000   611.000000   611.000000   611.000000   611.000000   611.000000   611.000000     0.000000
     0.000000   611.000000   611.000000   611.000000   611.000000   611.000000   611.000000   611.000000   611.000000   611.000000   611.000000   611.000000   611.000000   611.000000   611.000000   611.000000   611.000000   611.000000   611.000000   611.000000   611.000000   611.000000   611.000000   611.000000   611.000000   611.000000   611.000000   611.000000   611.000000   611.000000   611.000000   611.000000   611.000000   611.000000   611.000000   611.000000   611.000000   611.000000   611.000000   611.000000   611.000000   611.000000   611.000000   611.000000   611.000000   611.000000   611.000000   611.000000   611.000000   611.000000   611.000000   611.000000   611.000000   611.000000   611.000000   611.000000   611.000000   611.000000   611.000000   611.000000   611.000000   611.000000   611.000000   611.000000   611.000000   611.000000   611.000000   611.000000   611.000000   611.000000   611.000000   611.000000   611.000000   611.000000   611.000000   611.000000   611.000000   611.000000   611.000000   611.000000   611.000000   611.000000   611.000000   611.000000   611.000000   611.000000   611.000000   611.000000   611.000000   611.000000   611.000000   611.000000   611.000000   611.000000   611.000000   611.000000   611.000000   611.000000   611.000000   611.000000   611.000000   611.000000   611.000000   611.000000   611.000000   611.000000   611.000000   611.000000   611.000000   611.000000   611.000000   611.000000   611.000000   611.000000   611.000000   611.000000   611.000000   611.000000   611.000000   611.000000   611.000000   611.000000   611.000000   611.000000   611.000000   611.000000   611.000000   611.000000   611.000000   611.000000   611.000000   611.000000   611.000000   611.000000   611.000000   611.000000   611.000000   611.000000   611.000000   611.000000   611.000000   611.000000   611.000000   611.000000   611.000000   611.000000   611.000000   611.000000   611.000000   611.000000   611.000000   611.000000   611.000000   611.000000   611.000000   611.000000   611.000000   611.000000   611.000000   611.000000   611.000000     0.000000
     0.000000   611.000000   611.000000   611.000000   611.000000   611.000000   611.000000   611.000000   611.000000   611.000000   611.000000   611.000000   611.000000   611.000000   611.000000   611.000000   611.000000   611.000000   611.000000   611.000000   611.000000   611.000000   611.000000   611.000000   611.000000   611.000000   611.000000   611.000000   611.000000   611.000000   611.000000   611.000000   611.000000   611.000000   611.000000   611.000000   611.000000   611.000000   611.000000   611.000000   611.000000   611.000000   611.000000   611.000000   611.000000   611.000000   611.000000   611.000000   611.000000   611.000000   611.000000   611.000000   611.000000   611.000000   611.000000   611.000000   611.000000   611.000000   611.000000   611.000000   611.000000   611.000000   611.000000   611.000000   611.000000   611.000000   611.000000   611.000000   611.000000   611.000000   611.000000   611.000000   611.000000   611.000000   611.000000   611.000000   611.000000   611.000000   611.000000   611.000000   611.000000   611.000000   611.000000   611.000000   611.000000   611.000000   611.000000   611.000000   611.000000   611.000000   611.000000   611.000000   611.000000   611.000000   611.000000   611.000000   611.000000   611.000000   611.000000   611.000000   611.000000   611.000000   611.000000   611.000000   611.000000   611.000000   611.000000   611.000000   611.000000   611.000000   611.000000   611.000000   611.000000   611.000000   611.000000   611.000000   611.000000   611.000000   611.000000   611.000000   611.000000   611.000000   611.000000   611.000000   611.000000   611.000000   611.000000   611.000000   611.000000   611.000000   611.000000   611.000000   611.000000   611.000000   611.000000   611.000000   611.000000   611.000000   611.000000   611.000000   611.000000   611.000000   611.000000   611.000000   611.000000   611.000000   611.000000   611.000000   611.000000   611.000000   611.000000   611.000000   611.000000   611.000000   611.000000   611.000000   611.000000   611.000000   611.000000   611.000000   611.000000     0.000000
     0.000000   611.000000   611.000000   611.000000   611.000000   611.000000   611.000000   611.000000   611.000000   611.000000   611.000000   611.000000   611.000000   611.000000   611.000000   611.000000   611.000000   611.000000   611.000000   611.000000   611.000000   611.000000   611.000000   611.000000   611.000000   611.000000   611.000000   611.000000   611.000000   611.000000   611.000000   611.000000   611.000000   611.000000   611.000000   611.000000   611.000000   611.000000   611.000000   611.000000   611.000000   611.000000   611.000000   611.000000   611.000000   611.000000   611.000000   611.000000   611.000000   611.000000   611.000000   611.000000   611.000000   611.000000   611.000000   611.000000   611.000000   611.000000   611.000000   611.000000   611.000000   611.000000   611.000000   611.000000   611.000000   611.000000   611.000000   611.000000   611.000000   611.000000   611.000000   611.000000   611.000000   611.000000   611.000000   611.000000   611.000000   611.000000   611.000000   611.000000   611.000000   611.000000   611.000000   611.000000   611.000000   611.000000   611.000000   611.000000   611.000000   611.000000   611.000000   611.000000   611.000000   611.000000   611.000000   611.000000   611.000000   611.000000   611.000000   611.000000   611.000000   611.000000   611.000000   611.000000   611.000000   611.000000   611.000000   611.000000   611.000000   611.000000   611.000000   611.000000   611.000000   611.000000   611.000000   611.000000   611.000000   611.000000   611.000000   611.000000   611.000000   611.000000   611.000000   611.000000   611.000000   611.000000   611.000000   611.000000   611.000000   611.000000   611.000000   611.000000   611.000000   611.000000   611.000000   611.000000   611.000000   611.000000   611.000000   611.000000   611.000000   611.000000   611.000000   611.000000   611.000000   611.000000   611.000000   611.000000   611.000000   611.000000   611.000000   611.000000   611.000000   611.000000   611.000000   611.000000   611.000000   611.000000   611.000000   611.000000   611.000000     0.000000
     0.000000   611.000000   611.000000   611.000000   611.000000   611.000000   611.000000   611.000000   611.000000   611.000000   611.000000   611.000000   611.000000   611.000000   611.000000   611.000000   611.000000   611.000000   611.000000   611.000000   611.000000   611.000000   611.000000   611.000000   611.000000   611.000000   611.000000   611.000000   611.000000   611.000000   611.000000   611.000000   611.000000   611.000000   611.000000   611.000000   611.000000   611.000000   611.000000   611.000000   611.000000   611.000000   611.000000   611.000000   611.000000   611.000000   611.000000   611.000000   611.000000   611.000000   611.000000   611.000000   611.000000   611.000000   611.000000   611.000000   611.000000   611.000000   611.000000   611.000000   611.000000   611.000000   611.000000   611.000000   611.000000   611.000000   611.000000   611.000000   611.000000   611.000000   611.000000   611.000000   611.000000   611.000000   611.000000   611.000000   611.000000   611.000000   611.000000   611.000000   611.000000   611.000000   611.000000   611.000000   611.000000   611.000000   611.000000   611.000000   611.000000   611.000000   611.000000   611.000000   611.000000   611.000000   611.000000   611.000000   611.000000   611.000000   611.000000   611.000000   611.000000   611.000000   611.000000   611.000000   611.000000   611.000000   611.000000   611.000000   611.000000   611.000000   611.000000   611.000000   611.000000   611.000000   611.000000   611.000000   611.000000   611.000000   611.000000   611.000000   611.000000   611.000000   611.000000   611.000000   611.000000   611.000000   611.000000   611.000000   611.000000   611.000000   611.000000   611.000000   611.000000   611.000000   611.000000   611.000000   611.000000   611.000000   611.000000   611.000000   611.000000   611.000000   611.000000   611.000000   611.000000   611.000000   611.000000   611.000000   611.000000   611.000000   611.000000   611.000000   611.000000   611.000000   611.000000   611.000000   611.000000   611.000000   611.000000   611.000000   611.000000     0.000000
     0.000000   611.000000   611.000000   611.000000   611.000000   611.000000   611.000000   611.000000   611.000000   611.000000   611.000000   611.000000   611.000000   611.000000   611.000000   611.000000   611.000000   611.000000   611.000000   611.000000   611.000000   611.000000   611.000000   611.000000   611.000000   611.000000   611.000000   611.000000   611.000000   611.000000   611.000000   611.000000   611.000000   611.000000   611.000000   611.000000   611.000000   611.000000   611.000000   611.000000   611.000000   611.000000   611.000000   611.000000   611.000000   611.000000   611.000000   611.000000   611.000000   611.000000   611.000000   611.000000   611.000000   611.000000   611.000000   611.000000   611.000000   611.000000   611.000000   611.000000   611.000000   611.000000   611.000000   611.000000   611.000000   611.000000   611.000000   611.000000   611.000000   611.000000   611.000000   611.000000   611.000000   611.000000   611.000000   611.000000   611.000000   611.000000   611.000000   611.000000   611.000000   611.000000   611.000000   611.000000   611.000000   611.000000   611.000000   611.000000   611.000000   611.000000   611.000000   611.000000   611.000000   611.000000   611.000000   611.000000   611.000000   611.000000   611.000000   611.000000   611.000000   611.000000   611.000000   611.000000   611.000000   611.000000   611.000000   611.000000   611.000000   611.000000   611.000000   611.000000   611.000000   611.000000   611.000000   611.000000   611.000000   611.000000   611.000000   611.000000   611.000000   611.000000   611.000000   611.000000   611.000000   611.000000   611.000000   611.000000   611.000000   611.000000   611.000000   611.000000   611.000000   611.000000   611.000000   611.000000   611.000000   611.000000   611.000000   611.000000   611.000000   611.000000   611.000000   611.000000   611.000000   611.000000   611.000000   611.000000   611.000000   611.000000   611.000000   611.000000   611.000000   611.000000   611.000000   611.000000   611.000000   611.000000   611.000000   611.000000   611.000000     0.000000
     0.000000   611.000000   611.000000   611.000000   611.000000   611.000000   611.000000   611.000000   611.000000   611.000000   611.000000   611.000000   611.000000   611.000000   611.000000   611.000000   611.000000   611.000000   611.000000   611.000000   611.000000   611.000000   611.000000   611.000000   611.000000   611.000000   611.000000   611.000000   611.000000   611.000000   611.000000   611.000000   611.000000   611.000000   611.000000   611.000000   611.000000   611.000000   611.000000   611.000000   611.000000   611.000000   611.000000   611.000000   611.000000   611.000000   611.000000   611.000000   611.000000   611.000000   611.000000   611.000000   611.000000   611.000000   611.000000   611.000000   611.000000   611.000000   611.000000   611.000000   611.000000   611.000000   611.000000   611.000000   611.000000   611.000000   611.000000   611.000000   611.000000   611.000000   611.000000   611.000000   611.000000   611.000000   611.000000   611.000000   611.000000   611.000000   611.000000   611.000000   611.000000   611.000000   611.000000   611.000000   611.000000   611.000000   611.000000   611.000000   611.000000   611.000000   611.000000   611.000000   611.000000   611.000000   611.000000   611.000000   611.000000   611.000000   611.000000   611.000000   611.000000   611.000000   611.000000   611.000000   611.000000   611.000000   611.000000   611.000000   611.000000   611.000000   611.000000   611.000000   611.000000   611.000000   611.000000   611.000000   611.000000   611.000000   611.000000   611.000000   611.000000   611.000000   611.000000   611.000000   611.000000   611.000000   611.000000   611.000000   611.000000   611.000000   611.000000   611.000000   611.000000   611.000000   611.000000   611.000000   611.000000   611.000000   611.000000   611.000000   611.000000   611.000000   611.000000   611.000000   611.000000   611.000000   611.000000   611.000000   611.000000   611.000000   611.000000   611.000000   611.000000   611.000000   611.000000   611.000000   611.000000   611.000000   611.000000   611.000000   611.000000     0.000000
     0.000000   611.000000   611.000000   611.000000   611.000000   611.000000   611.000000   611.000000   611.000000   611.000000   611.000000   611.000000   611.000000   611.000000   611.000000   611.000000   611.000000   611.000000   611.000000   611.000000   611.000000   611.000000   611.000000   611.000000   611.000000   611.000000   611.000000   611.000000   611.000000   611.000000   611.000000   611.000000   611.000000   611.000000   611.000000   611.000000   611.000000   611.000000   611.000000   611.000000   611.000000   611.000000   611.000000   611.000000   611.000000   611.000000   611.000000   611.000000   611.000000   611.000000   611.000000   611.000000   611.000000   611.000000   611.000000   611.000000   611.000000   611.000000   611.000000   611.000000   611.000000   611.000000   611.000000   611.000000   611.000000   611.000000   611.000000   611.000000   611.000000   611.000000   611.000000   611.000000   611.000000   611.000000   611.000000   611.000000   611.000000   611.000000   611.000000   611.000000   611.000000   611.000000   611.000000   611.000000   611.000000   611.000000   611.000000   611.000000   611.000000   611.000000   611.000000   611.000000   611.000000   611.000000   611.000000   611.000000   611.000000   611.000000   611.000000   611.000000   611.000000   611.000000   611.000000   611.000000   611.000000   611.000000   611.000000   611.000000   611.000000   611.000000   611.000000   611.000000   611.000000   611.000000   611.000000   611.000000   611.000000   611.000000   611.000000   611.000000   611.000000   611.000000   611.000000   611.000000   611.000000   611.000000   611.000000   611.000000   611.000000   611.000000   611.000000   611.000000   611.000000   611.000000   611.000000   611.000000   611.000000   611.000000   611.000000   611.000000   611.000000   611.000000   611.000000   611.000000   611.000000   611.000000   611.000000   611.000000   611.000000   611.000000   611.000000   611.000000   611.000000   611.000000   611.000000   611.000000   611.000000   611.000000   611.000000   611.000000   611.000000     0.000000
     0.000000   611.000000   611.000000   611.000000   611.000000   611.000000   611.000000   611.000000   611.000000   611.000000   611.000000   611.000000   611.000000   611.000000   611.000000   611.000000   611.000000   611.000000   611.000000   611.000000   611.000000   611.000000   611.000000   611.000000   611.000000   611.000000   611.000000   611.000000   611.000000   611.000000   611.000000   611.000000   611.000000   611.000000   611.000000   611.000000   611.000000   611.000000   611.000000   611.000000   611.000000   611.000000   611.000000   611.000000   611.000000   611.000000   611.000000   611.000000   611.000000   611.000000   611.000000   611.000000   611.000000   611.000000   611.000000   611.000000   611.000000   611.000000   611.000000   611.000000   611.000000   611.000000   611.000000   611.000000   611.000000   611.000000   611.000000   611.000000   611.000000   611.000000   611.000000   611.000000   611.000000   611.000000   611.000000   611.000000   611.000000   611.000000   611.000000   611.000000   611.000000   611.000000   611.000000   611.000000   611.000000   611.000000   611.000000   611.000000   611.000000   611.000000   611.000000   611.000000   611.000000   611.000000   611.000000   611.000000   611.000000   611.000000   611.000000   611.000000   611.000000   611.000000   611.000000   611.000000   611.000000   611.000000   611.000000   611.000000   611.000000   611.000000   611.000000   611.000000   611.000000   611.000000   611.000000   611.000000   611.000000   611.000000   611.000000   611.000000   611.000000   611.000000   611.000000   611.000000   611.000000   611.000000   611.000000   611.000000   611.000000   611.000000   611.000000   611.000000   611.000000   611.000000   611.000000   611.000000   611.000000   611.000000   611.000000   611.000000   611.000000   611.000000   611.000000   611.000000   611.000000   611.000000   611.000000   611.000000   611.000000   611.000000   611.000000   611.000000   611.000000   611.000000   611.000000   611.000000   611.000000   611.000000   611.000000   611.000000   611.000000     0.000000
     0.000000   611.000000   611.000000   611.000000   611.000000   611.000000   611.000000   611.000000   611.000000   611.000000   611.000000   611.000000   611.000000   611.000000   611.000000   611.000000   611.000000   611.000000   611.000000   611.000000   611.000000   611.000000   611.000000   611.000000   611.000000   611.000000   611.000000   611.000000   611.000000   611.000000   611.000000   611.000000   611.000000   611.000000   611.000000   611.000000   611.000000   611.000000   611.000000   611.000000   611.000000   611.000000   611.000000   611.000000   611.000000   611.000000   611.000000   611.000000   611.000000   611.000000   611.000000   611.000000   611.000000   611.000000   611.000000   611.000000   611.000000   611.000000   611.000000   611.000000   611.000000   611.000000   611.000000   611.000000   611.000000   611.000000   611.000000   611.000000   611.000000   611.000000   611.000000   611.000000   611.000000   611.000000   611.000000   611.000000   611.000000   611.000000   611.000000   611.000000   611.000000   611.000000   611.000000   611.000000   611.000000   611.000000   611.000000   611.000000   611.000000   611.000000   611.000000   611.000000   611.000000   611.000000   611.000000   611.000000   611.000000   611.000000   611.000000   611.000000   611.000000   611.000000   611.000000   611.000000   611.000000   611.000000   611.000000   611.000000   611.000000   611.000000   611.000000   611.000000   611.000000   611.000000   611.000000   611.000000   611.000000   611.000000   611.000000   611.000000   611.000000   611.000000   611.000000   611.000000   611.000000   611.000000   611.000000   611.000000   611.000000   611.000000   611.000000   611.000000   611.000000   611.000000   611.000000   611.000000   611.000000   611.000000   611.000000   611.000000   611.000000   611.000000   611.000000   611.000000   611.000000   611.000000   611.000000   611.000000   611.000000   611.000000   611.000000   611.000000   611.000000   611.000000   611.000000   611.000000   611.000000   611.000000   611.000000   611.000000   611.000000     0.000000
     0.000000   611.000000   611.000000   611.000000   611.000000   611.000000   611.000000   611.000000   611.000000   611.000000   611.000000   611.000000   611.000000   611.000000   611.000000   611.000000   611.000000   611.000000   611.000000   611.000000   611.000000   611.000000   611.000000   611.000000   611.000000   611.000000   611.000000   611.000000   611.000000   611.000000   611.000000   611.000000   611.000000   611.000000   611.000000   611.000000   611.000000   611.000000   611.000000   611.000000   611.000000   611.000000   611.000000   611.000000   611.000000   611.000000   611.000000   611.000000   611.000000   611.000000   611.000000   611.000000   611.000000   611.000000   611.000000   611.000000   611.000000   611.000000   611.000000   611.000000   611.000000   611.000000   611.000000   611.000000   611.000000   611.000000   611.000000   611.000000   611.000000   611.000000   611.000000   611.000000   611.000000   611.000000   611.000000   611.000000   611.000000   611.000000   611.000000   611.000000   611.000000   611.000000   611.000000   611.000000   611.000000   611.000000   611.000000   611.000000   611.000000   611.000000   611.000000   611.000000   611.000000   611.000000   611.000000   611.000000   611.000000   611.000000   611.000000   611.000000   611.000000   611.000000   611.000000   611.000000   611.000000   611.000000   611.000000   611.000000   611.000000   611.000000   611.000000   611.000000   611.000000   611.000000   611.000000   611.000000   611.000000   611.000000   611.000000   611.000000   611.000000   611.000000   611.000000   611.000000   611.000000   611.000000   611.000000   611.000000   611.000000   611.000000   611.000000   611.000000   611.000000   611.000000   611.000000   611.000000   611.000000   611.000000   611.000000   611.000000   611.000000   611.000000   611.000000   611.000000   611.000000   611.000000   611.000000   611.000000   611.000000   611.000000   611.000000   611.000000   611.000000   611.000000   611.000000   611.000000   611.000000   611.000000   611.000000   611.000000   611.000000     0.000000
     0.000000   611.000000   611.000000   611.000000   611.000000   611.000000   611.000000   611.000000   611.000000   611.000000   611.000000   611.000000   611.000000   611.000000   611.000000   611.000000   611.000000   611.000000   611.000000   611.000000   611.000000   611.000000   611.000000   611.000000   611.000000   611.000000   611.000000   611.000000   611.000000   611.000000   611.000000   611.000000   611.000000   611.000000   611.000000   611.000000   611.000000   611.000000   611.000000   611.000000   611.000000   611.000000   611.000000   611.000000   611.000000   611.000000   611.000000   611.000000   611.000000   611.000000   611.000000   611.000000   611.000000   611.000000   611.000000   611.000000   611.000000   611.000000   611.000000   611.000000   611.000000   611.000000   611.000000   611.000000   611.000000   611.000000   611.000000   611.000000   611.000000   611.000000   611.000000   611.000000   611.000000   611.000000   611.000000   611.000000   611.000000   611.000000   611.000000   611.000000   611.000000   611.000000   611.000000   611.000000   611.000000   611.000000   611.000000   611.000000   611.000000   611.000000   611.000000   611.000000   611.000000   611.000000   611.000000   611.000000   611.000000   611.000000   611.000000   611.000000   611.000000   611.000000   611.000000   611.000000   611.000000   611.000000   611.000000   611.000000   611.000000   611.000000   611.000000   611.000000   611.000000   611.000000   611.000000   611.000000   611.000000   611.000000   611.000000   611.000000   611.000000   611.000000   611.000000   611.000000   611.000000   611.000000   611.000000   611.000000   611.000000   611.000000   611.000000   611.000000   611.000000   611.000000   611.000000   611.000000   611.000000   611.000000   611.000000   611.000000   611.000000   611.000000   611.000000   611.000000   611.000000   611.000000   611.000000   611.000000   611.000000   611.000000   611.000000   611.000000   611.000000   611.000000   611.000000   611.000000   611.000000   611.000000   611.000000   611.000000   611.000000     0.000000
     0.000000   611.000000   611.000000   611.000000   611.000000   611.000000   611.000000   611.000000   611.000000   611.000000   611.000000   611.000000   611.000000   611.000000   611.000000   611.000000   611.000000   611.000000   611.000000   611.000000   611.000000   611.000000   611.000000   611.000000   611.000000   611.000000   611.000000   611.000000   611.000000   611.000000   611.000000   611.000000   611.000000   611.000000   611.000000   611.000000   611.000000   611.000000   611.000000   611.000000   611.000000   611.000000   611.000000   611.000000   611.000000   611.000000   611.000000   611.000000   611.000000   611.000000   611.000000   611.000000   611.000000   611.000000   611.000000   611.000000   611.000000   611.000000   611.000000   611.000000   611.000000   611.000000   611.000000   611.000000   611.000000   611.000000   611.000000   611.000000   611.000000   611.000000   611.000000   611.000000   611.000000   611.000000   611.000000   611.000000   611.000000   611.000000   611.000000   611.000000   611.000000   611.000000   611.000000   611.000000   611.000000   611.000000   611.000000   611.000000   611.000000   611.000000   611.000000   611.000000   611.000000   611.000000   611.000000   611.000000   611.000000   611.000000   611.000000   611.000000   611.000000   611.000000   611.000000   611.000000   611.000000   611.000000   611.000000   611.000000   611.000000   611.000000   611.000000   611.000000   611.000000   611.000000   611.000000   611.000000   611.000000   611.000000   611.000000   611.000000   611.000000   611.000000   611.000000   611.000000   611.000000   611.000000   611.000000   611.000000   611.000000   611.000000   611.000000   611.000000   611.000000   611.000000   611.000000   611.000000   611.000000   611.000000   611.000000   611.000000   611.000000   611.000000   611.000000   611.000000   611.000000   611.000000   611.000000   611.000000   611.000000   611.000000   611.000000   611.000000   611.000000   611.000000   611.000000   611.000000   611.000000   611.000000   611.000000   611.000000   611.000000     0.000000
     0.000000   611.000000   611.000000   611.000000   611.000000   611.000000   611.000000   611.000000   611.000000   611.000000   611.000000   611.000000   611.000000   611.000000   611.000000   611.000000   611.000000   611.000000   611.000000   611.000000   611.000000   611.000000   611.000000   611.000000   611.000000   611.000000   611.000000   611.000000   611.000000   611.000000   611.000000   611.000000   611.000000   611.000000   611.000000   611.000000   611.000000   611.000000   611.000000   611.000000   611.000000   611.000000   611.000000   611.000000   611.000000   611.000000   611.000000   611.000000   611.000000   611.000000   611.000000   611.000000   611.000000   611.000000   611.000000   611.000000   611.000000   611.000000   611.000000   611.000000   611.000000   611.000000   611.000000   611.000000   611.000000   611.000000   611.000000   611.000000   611.000000   611.000000   611.000000   611.000000   611.000000   611.000000   611.000000   611.000000   611.000000   611.000000   611.000000   611.000000   611.000000   611.000000   611.000000   611.000000   611.000000   611.000000   611.000000   611.000000   611.000000   611.000000   611.000000   611.000000   611.000000   611.000000   611.000000   611.000000   611.000000   611.000000   611.000000   611.000000   611.000000   611.000000   611.000000   611.000000   611.000000   611.000000   611.000000   611.000000   611.000000   611.000000   611.000000   611.000000   611.000000   611.000000   611.000000   611.000000   611.000000   611.000000   611.000000   611.000000   611.000000   611.000000   611.000000   611.000000   611.000000   611.000000   611.000000   611.000000   611.000000   611.000000   611.000000   611.000000   611.000000   611.000000   611.000000   611.000000   611.000000   611.000000   611.000000   611.000000   611.000000   611.000000   611.000000   611.000000   611.000000   611.000000   611.000000   611.000000   611.000000   611.000000   611.000000   611.000000   611.000000   611.000000   611.000000   611.000000   611.000000   611.000000   611.000000   611.000000   611.000000     0.000000
     0.000000   611.000000   611.000000   611.000000   611.000000   611.000000   611.000000   611.000000   611.000000   611.000000   611.000000   611.000000   611.000000   611.000000   611.000000   611.000000   611.000000   611.000000   611.000000   611.000000   611.000000   611.000000   611.000000   611.000000   611.000000   611.000000   611.000000   611.000000   611.000000   611.000000   611.000000   611.000000   611.000000   611.000000   611.000000   611.000000   611.000000   611.000000   611.000000   611.000000   611.000000   611.000000   611.000000   611.000000   611.000000   611.000000   611.000000   611.000000   611.000000   611.000000   611.000000   611.000000   611.000000   611.000000   611.000000   611.000000   611.000000   611.000000   611.000000   611.000000   611.000000   611.000000   611.000000   611.000000   611.000000   611.000000   611.000000   611.000000   611.000000   611.000000   611.000000   611.000000   611.000000   611.000000   611.000000   611.000000   611.000000   611.000000   611.000000   611.000000   611.000000   611.000000   611.000000   611.000000   611.000000   611.000000   611.000000   611.000000   611.000000   611.000000   611.000000   611.000000   611.000000   611.000000   611.000000   611.000000   611.000000   611.000000   611.000000   611.000000   611.000000   611.000000   611.000000   611.000000   611.000000   611.000000   611.000000   611.000000   611.000000   611.000000   611.000000   611.000000   611.000000   611.000000   611.000000   611.000000   611.000000   611.000000   611.000000   611.000000   611.000000   611.000000   611.000000   611.000000   611.000000   611.000000   611.000000   611.000000   611.000000   611.000000   611.000000   611.000000   611.000000   611.000000   611.000000   611.000000   611.000000   611.000000   611.000000   611.000000   611.000000   611.000000   611.000000   611.000000   611.000000   611.000000   611.000000   611.000000   611.000000   611.000000   611.000000   611.000000   611.000000   611.000000   611.000000   611.000000   611.000000   611.000000   611.000000   611.000000   611.000000     0.000000
     0.000000   611.000000   611.000000   611.000000   611.000000   611.000000   611.000000   611.000000   611.000000   611.000000   611.000000   611.000000   611.000000   611.000000   611.000000   611.000000   611.000000   611.000000   611.000000   611.000000   611.000000   611.000000   611.000000   611.000000   611.000000   611.000000   611.000000   611.000000   611.000000   611.000000   611.000000   611.000000   611.000000   611.000000   611.000000   611.000000   611.000000   611.000000   611.000000   611.000000   611.000000   611.000000   611.000000   611.000000   611.000000   611.000000   611.000000   611.000000   611.000000   611.000000   611.000000   611.000000   611.000000   611.000000   611.000000   611.000000   611.000000   611.000000   611.000000   611.000000   611.000000   611.000000   611.000000   611.000000   611.000000   611.000000   611.000000   611.000000   611.000000   611.000000   611.000000   611.000000   611.000000   611.000000   611.000000   611.000000   611.000000   611.000000   611.000000   611.000000   611.000000   611.000000   611.000000   611.000000   611.000000   611.000000   611.000000   611.000000   611.000000   611.000000   611.000000   611.000000   611.000000   611.000000   611.000000   611.000000   611.000000   611.000000   611.000000   611.000000   611.000000   611.000000   611.000000   611.000000   611.000000   611.000000   611.000000   611.000000   611.000000   611.000000   611.000000   611.000000   611.000000   611.000000   611.000000   611.000000   611.000000   611.000000   611.000000   611.000000   611.000000   611.000000   611.000000   611.000000   611.000000   611.000000   611.000000   611.000000   611.000000   611.000000   611.000000   611.000000   611.000000   611.000000   611.000000   611.000000   611.000000   611.000000   611.000000   611.000000   611.000000   611.000000   611.000000   611.000000   611.000000   611.000000   611.000000   611.000000   611.000000   611.000000   611.000000   611.000000   611.000000   611.000000   611.000000   611.000000   611.000000   611.000000   611.000000   611.000000   611.000000     0.000000
     0.000000   611.000000   611.000000   611.000000   611.000000   611.000000   611.000000   611.000000   611.000000   611.000000   611.000000   611.000000   611.000000   611.000000   611.000000   611.000000   611.000000   611.000000   611.000000   611.000000   611.000000   611.000000   611.000000   611.000000   611.000000   611.000000   611.000000   611.000000   611.000000   611.000000   611.000000   611.000000   611.000000   611.000000   611.000000   611.000000   611.000000   611.000000   611.000000   611.000000   611.000000   611.000000   611.000000   611.000000   611.000000   611.000000   611.000000   611.000000   611.000000   611.000000   611.000000   611.000000   611.000000   611.000000   611.000000   611.000000   611.000000   611.000000   611.000000   611.000000   611.000000   611.000000   611.000000   611.000000   611.000000   611.000000   611.000000   611.000000   611.000000   611.000000   611.000000   611.000000   611.000000   611.000000   611.000000   611.000000   611.000000   611.000000   611.000000   611.000000   611.000000   611.000000   611.000000   611.000000   611.000000   611.000000   611.000000   611.000000   611.000000   611.000000   611.000000   611.000000   611.000000   611.000000   611.000000   611.000000   611.000000   611.000000   611.000000   611.000000   611.000000   611.000000   611.000000   611.000000   611.000000   611.000000   611.000000   611.000000   611.000000   611.000000   611.000000   611.000000   611.000000   611.000000   611.000000   611.000000   611.000000   611.000000   611.000000   611.000000   611.000000   611.000000   611.000000   611.000000   611.000000   611.000000   611.000000   611.000000   611.000000   611.000000   611.000000   611.000000   611.000000   611.000000   611.000000   611.000000   611.000000   611.000000   611.000000   611.000000   611.000000   611.000000   611.000000   611.000000   611.000000   611.000000   611.000000   611.000000   611.000000   611.000000   611.000000   611.000000   611.000000   611.000000   611.000000   611.000000   611.000000   611.000000   611.000000   611.000000   611.000000     0.000000
     0.000000   611.000000   611.000000   611.000000   611.000000   611.000000   611.000000   611.000000   611.000000   611.000000   611.000000   611.000000   611.000000   611.000000   611.000000   611.000000   611.000000   611.000000   611.000000   611.000000   611.000000   611.000000   611.000000   611.000000   611.000000   611.000000   611.000000   611.000000   611.000000   611.000000   611.000000   611.000000   611.000000   611.000000   611.000000   611.000000   611.000000   611.000000   611.000000   611.000000   611.000000   611.000000   611.000000   611.000000   611.000000   611.000000   611.000000   611.000000   611.000000   611.000000   611.000000   611.000000   611.000000   611.000000   611.000000   611.000000   611.000000   611.000000   611.000000   611.000000   611.000000   611.000000   611.000000   611.000000   611.000000   611.000000   611.000000   611.000000   611.000000   611.000000   611.000000   611.000000   611.000000   611.000000   611.000000   611.000000   611.000000   611.000000   611.000000   611.000000   611.000000   611.000000   611.000000   611.000000   611.000000   611.000000   611.000000   611.000000   611.000000   611.000000   611.000000   611.000000   611.000000   611.000000   611.000000   611.000000   611.000000   611.000000   611.000000   611.000000   611.000000   611.000000   611.000000   611.000000   611.000000   611.000000   611.000000   611.000000   611.000000   611.000000   611.000000   611.000000   611.000000   611.000000   611.000000   611.000000   611.000000   611.000000   611.000000   611.000000   611.000000   611.000000   611.000000   611.000000   611.000000   611.000000   611.000000   611.000000   611.000000   611.000000   611.000000   611.000000   611.000000   611.000000   611.000000   611.000000   611.000000   611.000000   611.000000   611.000000   611.000000   611.000000   611.000000   611.000000   611.000000   611.000000   611.000000   611.000000   611.000000   611.000000   611.000000   611.000000   611.000000   611.000000   611.000000   611.000000   611.000000   611.000000   611.000000   611.000000   611.000000     0.000000
     0.000000   611.000000   611.000000   611.000000   611.000000   611.000000   611.000000   611.000000   611.000000   611.000000   611.000000   611.000000   611.000000   611.000000   611.000000   611.000000   611.000000   611.000000   611.000000   611.000000   611.000000   611.000000   611.000000   611.000000   611.000000   611.000000   611.000000   611.000000   611.000000   611.000000   611.000000   611.000000   611.000000   611.000000   611.000000   611.000000   611.000000   611.000000   611.000000   611.000000   611.000000   611.000000   611.000000   611.000000   611.000000   611.000000   611.000000   611.000000   611.000000   611.000000   611.000000   611.000000   611.000000   611.000000   611.000000   611.000000   611.000000   611.000000   611.000000   611.000000   611.000000   611.000000   611.000000   611.000000   611.000000   611.000000   611.000000   611.000000   611.000000   611.000000   611.000000   611.000000   611.000000   611.000000   611.000000   611.000000   611.000000   611.000000   611.000000   611.000000   611.000000   611.000000   611.000000   611.000000   611.000000   611.000000   611.000000   611.000000   611.000000   611.000000   611.000000   611.000000   611.000000   611.000000   611.000000   611.000000   611.000000   611.000000   611.000000   611.000000   611.000000   611.000000   611.000000   611.000000   611.000000   611.000000   611.000000   611.000000   611.000000   611.000000   611.000000   611.000000   611.000000   611.000000   611.000000   611.000000   611.000000   611.000000   611.000000   611.000000   611.000000   611.000000   611.000000   611.000000   611.000000   611.000000   611.000000   611.000000   611.000000   611.000000   611.000000   611.000000   611.000000   611.000000   611.000000   611.000000   611.000000   611.000000   611.000000   611.000000   611.000000   611.000000   611.000000   611.000000   611.000000   611.000000   611.000000   611.000000   611.000000   611.000000   611.000000   611.000000   611.000000   611.000000   611.000000   611.000000   611.000000   611.000000   611.000000   611.000000   611.000000     0.000000
     0.000000   611.000000   611.000000   611.000000   611.000000   611.000000   611.000000   611.000000   611.000000   611.000000   611.000000   611.000000   611.000000   611.000000   611.000000   611.000000   611.000000   611.000000   611.000000   611.000000   611.000000   611.000000   611.000000   611.000000   611.000000   611.000000   611.000000   611.000000   611.000000   611.000000   611.000000   611.000000   611.000000   611.000000   611.000000   611.000000   611.000000   611.000000   611.000000   611.000000   611.000000   611.000000   611.000000   611.000000   611.000000   611.000000   611.000000   611.000000   611.000000   611.000000   611.000000   611.000000   611.000000   611.000000   611.000000   611.000000   611.000000   611.000000   611.000000   611.000000   611.000000   611.000000   611.000000   611.000000   611.000000   611.000000   611.000000   611.000000   611.000000   611.000000   611.000000   611.000000   611.000000   611.000000   611.000000   611.000000   611.000000   611.000000   611.000000   611.000000   611.000000   611.000000   611.000000   611.000000   611.000000   611.000000   611.000000   611.000000   611.000000   611.000000   611.000000   611.000000   611.000000   611.000000   611.000000   611.000000   611.000000   611.000000   611.000000   611.000000   611.000000   611.000000   611.000000   611.000000   611.000000   611.000000   611.000000   611.000000   611.000000   611.000000   611.000000   611.000000   611.000000   611.000000   611.000000   611.000000   611.000000   611.000000   611.000000   611.000000   611.000000   611.000000   611.000000   611.000000   611.000000   611.000000   611.000000   611.000000   611.000000   611.000000   611.000000   611.000000   611.000000   611.000000   611.000000   611.000000   611.000000   611.000000   611.000000   611.000000   611.000000   611.000000   611.000000   611.000000   611.000000   611.000000   611.000000   611.000000   611.000000   611.000000   611.000000   611.000000   611.000000   611.000000   611.000000   611.000000   611.000000   611.000000   611.000000   611.000000   611.000000     0.000000
     0.000000   611.000000   611.000000   611.000000   611.000000   611.000000   611.000000   611.000000   611.000000   611.000000   611.000000   611.000000   611.000000   611.000000   611.000000   611.000000   611.000000   611.000000   611.000000   611.000000   611.000000   611.000000   611.000000   611.000000   611.000000   611.000000   611.000000   611.000000   611.000000   611.000000   611.000000   611.000000   611.000000   611.000000   611.000000   611.000000   611.000000   611.000000   611.000000   611.000000   611.000000   611.000000   611.000000   611.000000   611.000000   611.000000   611.000000   611.000000   611.000000   611.000000   611.000000   611.000000   611.000000   611.000000   611.000000   611.000000   611.000000   611.000000   611.000000   611.000000   611.000000   611.000000   611.000000   611.000000   611.000000   611.000000   611.000000   611.000000   611.000000   611.000000   611.000000   611.000000   611.000000   611.000000   611.000000   611.000000   611.000000   611.000000   611.000000   611.000000   611.000000   611.000000   611.000000   611.000000   611.000000   611.000000   611.000000   611.000000   611.000000   611.000000   611.000000   611.000000   611.000000   611.000000   611.000000   611.000000   611.000000   611.000000   611.000000   611.000000   611.000000   611.000000   611.000000   611.000000   611.000000   611.000000   611.000000   611.000000   611.000000   611.000000   611.000000   611.000000   611.000000   611.000000   611.000000   611.000000   611.000000   611.000000   611.000000   611.000000   611.000000   611.000000   611.000000   611.000000   611.000000   611.000000   611.000000   611.000000   611.000000   611.000000   611.000000   611.000000   611.000000   611.000000   611.000000   611.000000   611.000000   611.000000   611.000000   611.000000   611.000000   611.000000   611.000000   611.000000   611.000000   611.000000   611.000000   611.000000   611.000000   611.000000   611.000000   611.000000   611.000000   611.000000   611.000000   611.000000   611.000000   611.000000   611.000000   611.000000   611.000000     0.000000
     0.000000   611.000000   611.000000   611.000000   611.000000   611.000000   611.000000   611.000000   611.000000   611.000000   611.000000   611.000000   611.000000   611.000000   611.000000   611.000000   611.000000   611.000000   611.000000   611.000000   611.000000   611.000000   611.000000   611.000000   611.000000   611.000000   611.000000   611.000000   611.000000   611.000000   611.000000   611.000000   611.000000   611.000000   611.000000   611.000000   611.000000   611.000000   611.000000   611.000000   611.000000   611.000000   611.000000   611.000000   611.000000   611.000000   611.000000   611.000000   611.000000   611.000000   611.000000   611.000000   611.000000   611.000000   611.000000   611.000000   611.000000   611.000000   611.000000   611.000000   611.000000   611.000000   611.000000   611.000000   611.000000   611.000000   611.000000   611.000000   611.000000   611.000000   611.000000   611.000000   611.000000   611.000000   611.000000   611.000000   611.000000   611.000000   611.000000   611.000000   611.000000   611.000000   611.000000   611.000000   611.000000   611.000000   611.000000   611.000000   611.000000   611.000000   611.000000   611.000000   611.000000   611.000000   611.000000   611.000000   611.000000   611.000000   611.000000   611.000000   611.000000   611.000000   611.000000   611.000000   611.000000   611.000000   611.000000   611.000000   611.000000   611.000000   611.000000   611.000000   611.000000   611.000000   611.000000   611.000000   611.000000   611.000000   611.000000   611.000000   611.000000   611.000000   611.000000   611.000000   611.000000   611.000000   611.000000   611.000000   611.000000   611.000000   611.000000   611.000000   611.000000   611.000000   611.000000   611.000000   611.000000   611.000000   611.000000   611.000000   611.000000   611.000000   611.000000   611.000000   611.000000   611.000000   611.000000   611.000000   611.000000   611.000000   611.000000   611.000000   611.000000   611.000000   611.000000   611.000000   611.000000   611.000000   611.000000   611.000000   611.000000     0.000000
     0.000000   611.000000   611.000000   611.000000   611.000000   611.000000   611.000000   611.000000   611.000000   611.000000   611.000000   611.000000   611.000000   611.000000   611.000000   611.000000   611.000000   611.000000   611.000000   611.000000   611.000000   611.000000   611.000000   611.000000   611.000000   611.000000   611.000000   611.000000   611.000000   611.000000   611.000000   611.000000   611.000000   611.000000   611.000000   611.000000   611.000000   611.000000   611.000000   611.000000   611.000000   611.000000   611.000000   611.000000   611.000000   611.000000   611.000000   611.000000   611.000000   611.000000   611.000000   611.000000   611.000000   611.000000   611.000000   611.000000   611.000000   611.000000   611.000000   611.000000   611.000000   611.000000   611.000000   611.000000   611.000000   611.000000   611.000000   611.000000   611.000000   611.000000   611.000000   611.000000   611.000000   611.000000   611.000000   611.000000   611.000000   611.000000   611.000000   611.000000   611.000000   611.000000   611.000000   611.000000   611.000000   611.000000   611.000000   611.000000   611.000000   611.000000   611.000000   611.000000   611.000000   611.000000   611.000000   611.000000   611.000000   611.000000   611.000000   611.000000   611.000000   611.000000   611.000000   611.000000   611.000000   611.000000   611.000000   611.000000   611.000000   611.000000   611.000000   611.000000   611.000000   611.000000   611.000000   611.000000   611.000000   611.000000   611.000000   611.000000   611.000000   611.000000   611.000000   611.000000   611.000000   611.000000   611.000000   611.000000   611.000000   611.000000   611.000000   611.000000   611.000000   611.000000   611.000000   611.000000   611.000000   611.000000   611.000000   611.000000   611.000000   611.000000   611.000000   611.000000   611.000000   611.000000   611.000000   611.000000   611.000000   611.000000   611.000000   611.000000   611.000000   611.000000   611.000000   611.000000   611.000000   611.000000   611.000000   611.000000   611.000000     0.000000
     0.000000   611.000000   611.000000   611.000000   611.000000   611.000000   611.000000   611.000000   611.000000   611.000000   611.000000   611.000000   611.000000   611.000000   611.000000   611.000000   611.000000   611.000000   611.000000   611.000000   611.000000   611.000000   611.000000   611.000000   611.000000   611.000000   611.000000   611.000000   611.000000   611.000000   611.000000   611.000000   611.000000   611.000000   611.000000   611.000000   611.000000   611.000000   611.000000   611.000000   611.000000   611.000000   611.000000   611.000000   611.000000   611.000000   611.000000   611.000000   611.000000   611.000000   611.000000   611.000000   611.000000   611.000000   611.000000   611.000000   611.000000   611.000000   611.000000   611.000000   611.000000   611.000000   611.000000   611.000000   611.000000   611.000000   611.000000   611.000000   611.000000   611.000000   611.000000   611.000000   611.000000   611.000000   611.000000   611.000000   611.000000   611.000000   611.000000   611.000000   611.000000   611.000000   611.000000   611.000000   611.000000   611.000000   611.000000   611.000000   611.000000   611.000000   611.000000   611.000000   611.000000   611.000000   611.000000   611.000000   611.000000   611.000000   611.000000   611.000000   611.000000   611.000000   611.000000   611.000000   611.000000   611.000000   611.000000   611.000000   611.000000   611.000000   611.000000   611.000000   611.000000   611.000000   611.000000   611.000000   611.000000   611.000000   611.000000   611.000000   611.000000   611.000000   611.000000   611.000000   611.000000   611.000000   611.000000   611.000000   611.000000   611.000000   611.000000   611.000000   611.000000   611.000000   611.000000   611.000000   611.000000   611.000000   611.000000   611.000000   611.000000   611.000000   611.000000   611.000000   611.000000   611.000000   611.000000   611.000000   611.000000   611.000000   611.000000   611.000000   611.000000   611.000000   611.000000   611.000000   611.000000   611.000000   611.000000   611.000000   611.000000     0.000000
     0.000000   611.000000   611.000000   611.000000   611.000000   611.000000   611.000000   611.000000   611.000000   611.000000   611.000000   611.000000   611.000000   611.000000   611.000000   611.000000   611.000000   611.000000   611.000000   611.000000   611.000000   611.000000   611.000000   611.000000   611.000000   611.000000   611.000000   611.000000   611.000000   611.000000   611.000000   611.000000   611.000000   611.000000   611.000000   611.000000   611.000000   611.000000   611.000000   611.000000   611.000000   611.000000   611.000000   611.000000   611.000000   611.000000   611.000000   611.000000   611.000000   611.000000   611.000000   611.000000   611.000000   611.000000   611.000000   611.000000   611.000000   611.000000   611.000000   611.000000   611.000000   611.000000   611.000000   611.000000   611.000000   611.000000   611.000000   611.000000   611.000000   611.000000   611.000000   611.000000   611.000000   611.000000   611.000000   611.000000   611.000000   611.000000   611.000000   611.000000   611.000000   611.000000   611.000000   611.000000   611.000000   611.000000   611.000000   611.000000   611.000000   611.000000   611.000000   611.000000   611.000000   611.000000   611.000000   611.000000   611.000000   611.000000   611.000000   611.000000   611.000000   611.000000   611.000000   611.000000   611.000000   611.000000   611.000000   611.000000   611.000000   611.000000   611.000000   611.000000   611.000000   611.000000   611.000000   611.000000   611.000000   611.000000   611.000000   611.000000   611.000000   611.000000   611.000000   611.000000   611.000000   611.000000   611.000000   611.000000   611.000000   611.000000   611.000000   611.000000   611.000000   611.000000   611.000000   611.000000   611.000000   611.000000   611.000000   611.000000   611.000000   611.000000   611.000000   611.000000   611.000000   611.000000   611.000000   611.000000   611.000000   611.000000   611.000000   611.000000   611.000000   611.000000   611.000000   611.000000   611.000000   611.000000   611.000000   611.000000   611.000000     0.000000
     0.000000   611.000000   611.000000   611.000000   611.000000   611.000000   611.000000   611.000000   611.000000   611.000000   611.000000   611.000000   611.000000   611.000000   611.000000   611.000000   611.000000   611.000000   611.000000   611.000000   611.000000   611.000000   611.000000   611.000000   611.000000   611.000000   611.000000   611.000000   611.000000   611.000000   611.000000   611.000000   611.000000   611.000000   611.000000   611.000000   611.000000   611.000000   611.000000   611.000000   611.000000   611.000000   611.000000   611.000000   611.000000   611.000000   611.000000   611.000000   611.000000   611.000000   611.000000   611.000000   611.000000   611.000000   611.000000   611.000000   611.000000   611.000000   611.000000   611.000000   611.000000   611.000000   611.000000   611.000000   611.000000   611.000000   611.000000   611.000000   611.000000   611.000000   611.000000   611.000000   611.000000   611.000000   611.000000   611.000000   611.000000   611.000000   611.000000   611.000000   611.000000   611.000000   611.000000   611.000000   611.000000   611.000000   611.000000   611.000000   611.000000   611.000000   611.000000   611.000000   611.000000   611.000000   611.000000   611.000000   611.000000   611.000000   611.000000   611.000000   611.000000   611.000000   611.000000   611.000000   611.000000   611.000000   611.000000   611.000000   611.000000   611.000000   611.000000   611.000000   611.000000   611.000000   611.000000   611.000000   611.000000   611.000000   611.000000   611.000000   611.000000   611.000000   611.000000   611.000000   611.000000   611.000000   611.000000   611.000000   611.000000   611.000000   611.000000   611.000000   611.000000   611.000000   611.000000   611.000000   611.000000   611.000000   611.000000   611.000000   611.000000   611.000000   611.000000   611.000000   611.000000   611.000000   611.000000   611.000000   611.000000   611.000000   611.000000   611.000000   611.000000   611.000000   611.000000   611.000000   611.000000   611.000000   611.000000   611.000000   611.000000     0.000000
     0.000000   611.000000   611.000000   611.000000   611.000000   611.000000   611.000000   611.000000   611.000000   611.000000   611.000000   611.000000   611.000000   611.000000   611.000000   611.000000   611.000000   611.000000   611.000000   611.000000   611.000000   611.000000   611.000000   611.000000   611.000000   611.000000   611.000000   611.000000   611.000000   611.000000   611.000000   611.000000   611.000000   611.000000   611.000000   611.000000   611.000000   611.000000   611.000000   611.000000   611.000000   611.000000   611.000000   611.000000   611.000000   611.000000   611.000000   611.000000   611.000000   611.000000   611.000000   611.000000   611.000000   611.000000   611.000000   611.000000   611.000000   611.000000   611.000000   611.000000   611.000000   611.000000   611.000000   611.000000   611.000000   611.000000   611.000000   611.000000   611.000000   611.000000   611.000000   611.000000   611.000000   611.000000   611.000000   611.000000   611.000000   611.000000   611.000000   611.000000   611.000000   611.000000   611.000000   611.000000   611.000000   611.000000   611.000000   611.000000   611.000000   611.000000   611.000000   611.000000   611.000000   611.000000   611.000000   611.000000   611.000000   611.000000   611.000000   611.000000   611.000000   611.000000   611.000000   611.000000   611.000000   611.000000   611.000000   611.000000   611.000000   611.000000   611.000000   611.000000   611.000000   611.000000   611.000000   611.000000   611.000000   611.000000   611.000000   611.000000   611.000000   611.000000   611.000000   611.000000   611.000000   611.000000   611.000000   611.000000   611.000000   611.000000   611.000000   611.000000   611.000000   611.000000   611.000000   611.000000   611.000000   611.000000   611.000000   611.000000   611.000000   611.000000   611.000000   611.000000   611.000000   611.000000   611.000000   611.000000   611.000000   611.000000   611.000000   611.000000   611.000000   611.000000   611.000000   611.000000   611.000000   611.000000   611.000000   611.000000   611.000000     0.000000
     0.000000   611.000000   611.000000   611.000000   611.000000   611.000000   611.000000   611.000000   611.000000   611.000000   611.000000   611.000000   611.000000   611.000000   611.000000   611.000000   611.000000   611.000000   611.000000   611.000000   611.000000   611.000000   611.000000   611.000000   611.000000   611.000000   611.000000   611.000000   611.000000   611.000000   611.000000   611.000000   611.000000   611.000000   611.000000   611.000000   611.000000   611.000000   611.000000   611.000000   611.000000   611.000000   611.000000   611.000000   611.000000   611.000000   611.000000   611.000000   611.000000   611.000000   611.000000   611.000000   611.000000   611.000000   611.000000   611.000000   611.000000   611.000000   611.000000   611.000000   611.000000   611.000000   611.000000   611.000000   611.000000   611.000000   611.000000   611.000000   611.000000   611.000000   611.000000   611.000000   611.000000   611.000000   611.000000   611.000000   611.000000   611.000000   611.000000   611.000000   611.000000   611.000000   611.000000   611.000000   611.000000   611.000000   611.000000   611.000000   611.000000   611.000000   611.000000   611.000000   611.000000   611.000000   611.000000   611.000000   611.000000   611.000000   611.000000   611.000000   611.000000   611.000000   611.000000   611.000000   611.000000   611.000000   611.000000   611.000000   611.000000   611.000000   611.000000   611.000000   611.000000   611.000000   611.000000   611.000000   611.000000   611.000000   611.000000   611.000000   611.000000   611.000000   611.000000   611.000000   611.000000   611.000000   611.000000   611.000000   611.000000   611.000000   611.000000   611.000000   611.000000   611.000000   611.000000   611.000000   611.000000   611.000000   611.000000   611.000000   611.000000   611.000000   611.000000   611.000000   611.000000   611.000000   611.000000   611.000000   611.000000   611.000000   611.000000   611.000000   611.000000   611.000000   611.000000   611.000000   611.000000   611.000000   611.000000   611.000000   611.000000     0.000000
     0.000000   611.000000   611.000000   611.000000   611.000000   611.000000   611.000000   611.000000   611.000000   611.000000   611.000000   611.000000   611.000000   611.000000   611.000000   611.000000   611.000000   611.000000   611.000000   611.000000   611.000000   611.000000   611.000000   611.000000   611.000000   611.000000   611.000000   611.000000   611.000000   611.000000   611.000000   611.000000   611.000000   611.000000   611.000000   611.000000   611.000000   611.000000   611.000000   611.000000   611.000000   611.000000   611.000000   611.000000   611.000000   611.000000   611.000000   611.000000   611.000000   611.000000   611.000000   611.000000   611.000000   611.000000   611.000000   611.000000   611.000000   611.000000   611.000000   611.000000   611.000000   611.000000   611.000000   611.000000   611.000000   611.000000   611.000000   611.000000   611.000000   611.000000   611.000000   611.000000   611.000000   611.000000   611.000000   611.000000   611.000000   611.000000   611.000000   611.000000   611.000000   611.000000   611.000000   611.000000   611.000000   611.000000   611.000000   611.000000   611.000000   611.000000   611.000000   611.000000   611.000000   611.000000   611.000000   611.000000   611.000000   611.000000   611.000000   611.000000   611.000000   611.000000   611.000000   611.000000   611.000000   611.000000   611.000000   611.000000   611.000000   611.000000   611.000000   611.000000   611.000000   611.000000   611.000000   611.000000   611.000000   611.000000   611.000000   611.000000   611.000000   611.000000   611.000000   611.000000   611.000000   611.000000   611.000000   611.000000   611.000000   611.000000   611.000000   611.000000   611.000000   611.000000   611.000000   611.000000   611.000000   611.000000   611.000000   611.000000   611.000000   611.000000   611.000000   611.000000   611.000000   611.000000   611.000000   611.000000   611.000000   611.000000   611.000000   611.000000   611.000000   611.000000   611.000000   611.000000   611.000000   611.000000   611.000000   611.000000   611.000000     0.000000
     0.000000   611.000000   611.000000   611.000000   611.000000   611.000000   611.000000   611.000000   611.000000   611.000000   611.000000   611.000000   611.000000   611.000000   611.000000   611.000000   611.000000   611.000000   611.000000   611.000000   611.000000   611.000000   611.000000   611.000000   611.000000   611.000000   611.000000   611.000000   611.000000   611.000000   611.000000   611.000000   611.000000   611.000000   611.000000   611.000000   611.000000   611.000000   611.000000   611.000000   611.000000   611.000000   611.000000   611.000000   611.000000   611.000000   611.000000   611.000000   611.000000   611.000000   611.000000   611.000000   611.000000   611.000000   611.000000   611.000000   611.000000   611.000000   611.000000   611.000000   611.000000   611.000000   611.000000   611.000000   611.000000   611.000000   611.000000   611.000000   611.000000   611.000000   611.000000   611.000000   611.000000   611.000000   611.000000   611.000000   611.000000   611.000000   611.000000   611.000000   611.000000   611.000000   611.000000   611.000000   611.000000   611.000000   611.000000   611.000000   611.000000   611.000000   611.000000   611.000000   611.000000   611.000000   611.000000   611.000000   611.000000   611.000000   611.000000   611.000000   611.000000   611.000000   611.000000   611.000000   611.000000   611.000000   611.000000   611.000000   611.000000   611.000000   611.000000   611.000000   611.000000   611.000000   611.000000   611.000000   611.000000   611.000000   611.000000   611.000000   611.000000   611.000000   611.000000   611.000000   611.000000   611.000000   611.000000   611.000000   611.000000   611.000000   611.000000   611.000000   611.000000   611.000000   611.000000   611.000000   611.000000   611.000000   611.000000   611.000000   611.000000   611.000000   611.000000   611.000000   611.000000   611.000000   611.000000   611.000000   611.000000   611.000000   611.000000   611.000000   611.000000   611.000000   611.000000   611.000000   611.000000   611.000000   611.000000   611.000000   611.000000     0.000000
     0.000000   611.000000   611.000000   611.000000   611.000000   611.000000   611.000000   611.000000   611.000000   611.000000   611.000000   611.000000   611.000000   611.000000   611.000000   611.000000   611.000000   611.000000   611.000000   611.000000   611.000000   611.000000   611.000000   611.000000   611.000000   611.000000   611.000000   611.000000   611.000000   611.000000   611.000000   611.000000   611.000000   611.000000   611.000000   611.000000   611.000000   611.000000   611.000000   611.000000   611.000000   611.000000   611.000000   611.000000   611.000000   611.000000   611.000000   611.000000   611.000000   611.000000   611.000000   611.000000   611.000000   611.000000   611.000000   611.000000   611.000000   611.000000   611.000000   611.000000   611.000000   611.000000   611.000000   611.000000   611.000000   611.000000   611.000000   611.000000   611.000000   611.000000   611.000000   611.000000   611.000000   611.000000   611.000000   611.000000   611.000000   611.000000   611.000000   611.000000   611.000000   611.000000   611.000000   611.000000   611.000000   611.000000   611.000000   611.000000   611.000000   611.000000   611.000000   611.000000   611.000000   611.000000   611.000000   611.000000   611.000000   611.000000   611.000000   611.000000   611.000000   611.000000   611.000000   611.000000   611.000000   611.000000   611.000000   611.000000   611.000000   611.000000   611.000000   611.000000   611.000000   611.000000   611.000000   611.000000   611.000000   611.000000   611.000000   611.000000   611.000000   611.000000   611.000000   611.000000   611.000000   611.000000   611.000000   611.000000   611.000000   611.000000   611.000000   611.000000   611.000000   611.000000   611.000000   611.000000   611.000000   611.000000   611.000000   611.000000   611.000000   611.000000   611.000000   611.000000   611.000000   611.000000   611.000000   611.000000   611.000000   611.000000   611.000000   611.000000   611.000000   611.000000   611.000000   611.000000   611.000000   611.000000   611.000000   611.000000   611.000000     0.000000
     0.000000   611.000000   611.000000   611.000000   611.000000   611.000000   611.000000   611.000000   611.000000   611.000000   611.000000   611.000000   611.000000   611.000000   611.000000   611.000000   611.000000   611.000000   611.000000   611.000000   611.000000   611.000000   611.000000   611.000000   611.000000   611.000000   611.000000   611.000000   611.000000   611.000000   611.000000   611.000000   611.000000   611.000000   611.000000   611.000000   611.000000   611.000000   611.000000   611.000000   611.000000   611.000000   611.000000   611.000000   611.000000   611.000000   611.000000   611.000000   611.000000   611.000000   611.000000   611.000000   611.000000   611.000000   611.000000   611.000000   611.000000   611.000000   611.000000   611.000000   611.000000   611.000000   611.000000   611.000000   611.000000   611.000000   611.000000   611.000000   611.000000   611.000000   611.000000   611.000000   611.000000   611.000000   611.000000   611.000000   611.000000   611.000000   611.000000   611.000000   611.000000   611.000000   611.000000   611.000000   611.000000   611.000000   611.000000   611.000000   611.000000   611.000000   611.000000   611.000000   611.000000   611.000000   611.000000   611.000000   611.000000   611.000000   611.000000   611.000000   611.000000   611.000000   611.000000   611.000000   611.000000   611.000000   611.000000   611.000000   611.000000   611.000000   611.000000   611.000000   611.000000   611.000000   611.000000   611.000000   611.000000   611.000000   611.000000   611.000000   611.000000   611.000000   611.000000   611.000000   611.000000   611.000000   611.000000   611.000000   611.000000   611.000000   611.000000   611.000000   611.000000   611.000000   611.000000   611.000000   611.000000   611.000000   611.000000   611.000000   611.000000   611.000000   611.000000   611.000000   611.000000   611.000000   611.000000   611.000000   611.000000   611.000000   611.000000   611.000000   611.000000   611.000000   611.000000   611.000000   611.000000   611.000000   611.000000   611.000000   611.000000     0.000000
     0.000000   611.000000   611.000000   611.000000   611.000000   611.000000   611.000000   611.000000   611.000000   611.000000   611.000000   611.000000   611.000000   611.000000   611.000000   611.000000   611.000000   611.000000   611.000000   611.000000   611.000000   611.000000   611.000000   611.000000   611.000000   611.000000   611.000000   611.000000   611.000000   611.000000   611.000000   611.000000   611.000000   611.000000   611.000000   611.000000   611.000000   611.000000   611.000000   611.000000   611.000000   611.000000   611.000000   611.000000   611.000000   611.000000   611.000000   611.000000   611.000000   611.000000   611.000000   611.000000   611.000000   611.000000   611.000000   611.000000   611.000000   611.000000   611.000000   611.000000   611.000000   611.000000   611.000000   611.000000   611.000000   611.000000   611.000000   611.000000   611.000000   611.000000   611.000000   611.000000   611.000000   611.000000   611.000000   611.000000   611.000000   611.000000   611.000000   611.000000   611.000000   611.000000   611.000000   611.000000   611.000000   611.000000   611.000000   611.000000   611.000000   611.000000   611.000000   611.000000   611.000000   611.000000   611.000000   611.000000   611.000000   611.000000   611.000000   611.000000   611.000000   611.000000   611.000000   611.000000   611.000000   611.000000   611.000000   611.000000   611.000000   611.000000   611.000000   611.000000   611.000000   611.000000   611.000000   611.000000   611.000000   611.000000   611.000000   611.000000   611.000000   611.000000   611.000000   611.000000   611.000000   611.000000   611.000000   611.000000   611.000000   611.000000   611.000000   611.000000   611.000000   611.000000   611.000000   611.000000   611.000000   611.000000   611.000000   611.000000   611.000000   611.000000   611.000000   611.000000   611.000000   611.000000   611.000000   611.000000   611.000000   611.000000   611.000000   611.000000   611.000000   611.000000   611.000000   611.000000   611.000000   611.000000   611.000000   611.000000   611.000000     0.000000
     0.000000   611.000000   611.000000   611.000000   611.000000   611.000000   611.000000   611.000000   611.000000   611.000000   611.000000   611.000000   611.000000   611.000000   611.000000   611.000000   611.000000   611.000000   611.000000   611.000000   611.000000   611.000000   611.000000   611.000000   611.000000   611.000000   611.000000   611.000000   611.000000   611.000000   611.000000   611.000000   611.000000   611.000000   611.000000   611.000000   611.000000   611.000000   611.000000   611.000000   611.000000   611.000000   611.000000   611.000000   611.000000   611.000000   611.000000   611.000000   611.000000   611.000000   611.000000   611.000000   611.000000   611.000000   611.000000   611.000000   611.000000   611.000000   611.000000   611.000000   611.000000   611.000000   611.000000   611.000000   611.000000   611.000000   611.000000   611.000000   611.000000   611.000000   611.000000   611.000000   611.000000   611.000000   611.000000   611.000000   611.000000   611.000000   611.000000   611.000000   611.000000   611.000000   611.000000   611.000000   611.000000   611.000000   611.000000   611.000000   611.000000   611.000000   611.000000   611.000000   611.000000   611.000000   611.000000   611.000000   611.000000   611.000000   611.000000   611.000000   611.000000   611.000000   611.000000   611.000000   611.000000   611.000000   611.000000   611.000000   611.000000   611.000000   611.000000   611.000000   611.000000   611.000000   611.000000   611.000000   611.000000   611.000000   611.000000   611.000000   611.000000   611.000000   611.000000   611.000000   611.000000   611.000000   611.000000   611.000000   611.000000   611.000000   611.000000   611.000000   611.000000   611.000000   611.000000   611.000000   611.000000   611.000000   611.000000   611.000000   611.000000   611.000000   611.000000   611.000000   611.000000   611.000000   611.000000   611.000000   611.000000   611.000000   611.000000   611.000000   611.000000   611.000000   611.000000   611.000000   611.000000   611.000000   611.000000   611.000000   611.000000     0.000000
     0.000000   611.000000   611.000000   611.000000   611.000000   611.000000   611.000000   611.000000   611.000000   611.000000   611.000000   611.000000   611.000000   611.000000   611.000000   611.000000   611.000000   611.000000   611.000000   611.000000   611.000000   611.000000   611.000000   611.000000   611.000000   611.000000   611.000000   611.000000   611.000000   611.000000   611.000000   611.000000   611.000000   611.000000   611.000000   611.000000   611.000000   611.000000   611.000000   611.000000   611.000000   611.000000   611.000000   611.000000   611.000000   611.000000   611.000000   611.000000   611.000000   611.000000   611.000000   611.000000   611.000000   611.000000   611.000000   611.000000   611.000000   611.000000   611.000000   611.000000   611.000000   611.000000   611.000000   611.000000   611.000000   611.000000   611.000000   611.000000   611.000000   611.000000   611.000000   611.000000   611.000000   611.000000   611.000000   611.000000   611.000000   611.000000   611.000000   611.000000   611.000000   611.000000   611.000000   611.000000   611.000000   611.000000   611.000000   611.000000   611.000000   611.000000   611.000000   611.000000   611.000000   611.000000   611.000000   611.000000   611.000000   611.000000   611.000000   611.000000   611.000000   611.000000   611.000000   611.000000   611.000000   611.000000   611.000000   611.000000   611.000000   611.000000   611.000000   611.000000   611.000000   611.000000   611.000000   611.000000   611.000000   611.000000   611.000000   611.000000   611.000000   611.000000   611.000000   611.000000   611.000000   611.000000   611.000000   611.000000   611.000000   611.000000   611.000000   611.000000   611.000000   611.000000   611.000000   611.000000   611.000000   611.000000   611.000000   611.000000   611.000000   611.000000   611.000000   611.000000   611.000000   611.000000   611.000000   611.000000   611.000000   611.000000   611.000000   611.000000   611.000000   611.000000   611.000000   611.000000   611.000000   611.000000   611.000000   611.000000   611.000000     0.000000
     0.000000   611.000000   611.000000   611.000000   611.000000   611.000000   611.000000   611.000000   611.000000   611.000000   611.000000   611.000000   611.000000   611.000000   611.000000   611.000000   611.000000   611.000000   611.000000   611.000000   611.000000   611.000000   611.000000   611.000000   611.000000   611.000000   611.000000   611.000000   611.000000   611.000000   611.000000   611.000000   611.000000   611.000000   611.000000   611.000000   611.000000   611.000000   611.000000   611.000000   611.000000   611.000000   611.000000   611.000000   611.000000   611.000000   611.000000   611.000000   611.000000   611.000000   611.000000   611.000000   611.000000   611.000000   611.000000   611.000000   611.000000   611.000000   611.000000   611.000000   611.000000   611.000000   611.000000   611.000000   611.000000   611.000000   611.000000   611.000000   611.000000   611.000000   611.000000   611.000000   611.000000   611.000000   611.000000   611.000000   611.000000   611.000000   611.000000   611.000000   611.000000   611.000000   611.000000   611.000000   611.000000   611.000000   611.000000   611.000000   611.000000   611.000000   611.000000   611.000000   611.000000   611.000000   611.000000   611.000000   611.000000   611.000000   611.000000   611.000000   611.000000   611.000000   611.000000   611.000000   611.000000   611.000000   611.000000   611.000000   611.000000   611.000000   611.000000   611.000000   611.000000   611.000000   611.000000   611.000000   611.000000   611.000000   611.000000   611.000000   611.000000   611.000000   611.000000   611.000000   611.000000   611.000000   611.000000   611.000000   611.000000   611.000000   611.000000   611.000000   611.000000   611.000000   611.000000   611.000000   611.000000   611.000000   611.000000   611.000000   611.000000   611.000000   611.000000   611.000000   611.000000   611.000000   611.000000   611.000000   611.000000   611.000000   611.000000   611.000000   611.000000   611.000000   611.000000   611.000000   611.000000   611.000000   611.000000   611.000000   611.000000     0.000000
     0.000000   611.000000   611.000000   611.000000   611.000000   611.000000   611.000000   611.000000   611.000000   611.000000   611.000000   611.000000   611.000000   611.000000   611.000000   611.000000   611.000000   611.000000   611.000000   611.000000   611.000000   611.000000   611.000000   611.000000   611.000000   611.000000   611.000000   611.000000   611.000000   611.000000   611.000000   611.000000   611.000000   611.000000   611.000000   611.000000   611.000000   611.000000   611.000000   611.000000   611.000000   611.000000   611.000000   611.000000   611.000000   611.000000   611.000000   611.000000   611.000000   611.000000   611.000000   611.000000   611.000000   611.000000   611.000000   611.000000   611.000000   611.000000   611.000000   611.000000   611.000000   611.000000   611.000000   611.000000   611.000000   611.000000   611.000000   611.000000   611.000000   611.000000   611.000000   611.000000   611.000000   611.000000   611.000000   611.000000   611.000000   611.000000   611.000000   611.000000   611.000000   611.000000   611.000000   611.000000   611.000000   611.000000   611.000000   611.000000   611.000000   611.000000   611.000000   611.000000   611.000000   611.000000   611.000000   611.000000   611.000000   611.000000   611.000000   611.000000   611.000000   611.000000   611.000000   611.000000   611.000000   611.000000   611.000000   611.000000   611.000000   611.000000   611.000000   611.000000   611.000000   611.000000   611.000000   611.000000   611.000000   611.000000   611.000000   611.000000   611.000000   611.000000   611.000000   611.000000   611.000000   611.000000   611.000000   611.000000   611.000000   611.000000   611.000000   611.000000   611.000000   611.000000   611.000000   611.000000   611.000000   611.000000   611.000000   611.000000   611.000000   611.000000   611.000000   611.000000   611.000000   611.000000   611.000000   611.000000   611.000000   611.000000   611.000000   611.000000   611.000000   611.000000   611.000000   611.000000   611.000000   611.000000   611.000000   611.000000   611.000000     0.000000
     0.000000   611.000000   611.000000   611.000000   611.000000   611.000000   611.000000   611.000000   611.000000   611.000000   611.000000   611.000000   611.000000   611.000000   611.000000   611.000000   611.000000   611.000000   611.000000   611.000000   611.000000   611.000000   611.000000   611.000000   611.000000   611.000000   611.000000   611.000000   611.000000   611.000000   611.000000   611.000000   611.000000   611.000000   611.000000   611.000000   611.000000   611.000000   611.000000   611.000000   611.000000   611.000000   611.000000   611.000000   611.000000   611.000000   611.000000   611.000000   611.000000   611.000000   611.000000   611.000000   611.000000   611.000000   611.000000   611.000000   611.000000   611.000000   611.000000   611.000000   611.000000   611.000000   611.000000   611.000000   611.000000   611.000000   611.000000   611.000000   611.000000   611.000000   611.000000   611.000000   611.000000   611.000000   611.000000   611.000000   611.000000   611.000000   611.000000   611.000000   611.000000   611.000000   611.000000   611.000000   611.000000   611.000000   611.000000   611.000000   611.000000   611.000000   611.000000   611.000000   611.000000   611.000000   611.000000   611.000000   611.000000   611.000000   611.000000   611.000000   611.000000   611.000000   611.000000   611.000000   611.000000   611.000000   611.000000   611.000000   611.000000   611.000000   611.000000   611.000000   611.000000   611.000000   611.000000   611.000000   611.000000   611.000000   611.000000   611.000000   611.000000   611.000000   611.000000   611.000000   611.000000   611.000000   611.000000   611.000000   611.000000   611.000000   611.000000   611.000000   611.000000   611.000000   611.000000   611.000000   611.000000   611.000000   611.000000   611.000000   611.000000   611.000000   611.000000   611.000000   611.000000   611.000000   611.000000   611.000000   611.000000   611.000000   611.000000   611.000000   611.000000   611.000000   611.000000   611.000000   611.000000   611.000000   611.000000   611.000000   611.000000     0.000000
     0.000000   611.000000   611.000000   611.000000   611.000000   611.000000   611.000000   611.000000   611.000000   611.000000   611.000000   611.000000   611.000000   611.000000   611.000000   611.000000   611.000000   611.000000   611.000000   611.000000   611.000000   611.000000   611.000000   611.000000   611.000000   611.000000   611.000000   611.000000   611.000000   611.000000   611.000000   611.000000   611.000000   611.000000   611.000000   611.000000   611.000000   611.000000   611.000000   611.000000   611.000000   611.000000   611.000000   611.000000   611.000000   611.000000   611.000000   611.000000   611.000000   611.000000   611.000000   611.000000   611.000000   611.000000   611.000000   611.000000   611.000000   611.000000   611.000000   611.000000   611.000000   611.000000   611.000000   611.000000   611.000000   611.000000   611.000000   611.000000   611.000000   611.000000   611.000000   611.000000   611.000000   611.000000   611.000000   611.000000   611.000000   611.000000   611.000000   611.000000   611.000000   611.000000   611.000000   611.000000   611.000000   611.000000   611.000000   611.000000   611.000000   611.000000   611.000000   611.000000   611.000000   611.000000   611.000000   611.000000   611.000000   611.000000   611.000000   611.000000   611.000000   611.000000   611.000000   611.000000   611.000000   611.000000   611.000000   611.000000   611.000000   611.000000   611.000000   611.000000   611.000000   611.000000   611.000000   611.000000   611.000000   611.000000   611.000000   611.000000   611.000000   611.000000   611.000000   611.000000   611.000000   611.000000   611.000000   611.000000   611.000000   611.000000   611.000000   611.000000   611.000000   611.000000   611.000000   611.000000   611.000000   611.000000   611.000000   611.000000   611.000000   611.000000   611.000000   611.000000   611.000000   611.000000   611.000000   611.000000   611.000000   611.000000   611.000000   611.000000   611.000000   611.000000   611.000000   611.000000   611.000000   611.000000   611.000000   611.000000   611.000000     0.000000
     0.000000   611.000000   611.000000   611.000000   611.000000   611.000000   611.000000   611.000000   611.000000   611.000000   611.000000   611.000000   611.000000   611.000000   611.000000   611.000000   611.000000   611.000000   611.000000   611.000000   611.000000   611.000000   611.000000   611.000000   611.000000   611.000000   611.000000   611.000000   611.000000   611.000000   611.000000   611.000000   611.000000   611.000000   611.000000   611.000000   611.000000   611.000000   611.000000   611.000000   611.000000   611.000000   611.000000   611.000000   611.000000   611.000000   611.000000   611.000000   611.000000   611.000000   611.000000   611.000000   611.000000   611.000000   611.000000   611.000000   611.000000   611.000000   611.000000   611.000000   611.000000   611.000000   611.000000   611.000000   611.000000   611.000000   611.000000   611.000000   611.000000   611.000000   611.000000   611.000000   611.000000   611.000000   611.000000   611.000000   611.000000   611.000000   611.000000   611.000000   611.000000   611.000000   611.000000   611.000000   611.000000   611.000000   611.000000   611.000000   611.000000   611.000000   611.000000   611.000000   611.000000   611.000000   611.000000   611.000000   611.000000   611.000000   611.000000   611.000000   611.000000   611.000000   611.000000   611.000000   611.000000   611.000000   611.000000   611.000000   611.000000   611.000000   611.000000   611.000000   611.000000   611.000000   611.000000   611.000000   611.000000   611.000000   611.000000   611.000000   611.000000   611.000000   611.000000   611.000000   611.000000   611.000000   611.000000   611.000000   611.000000   611.000000   611.000000   611.000000   611.000000   611.000000   611.000000   611.000000   611.000000   611.000000   611.000000   611.000000   611.000000   611.000000   611.000000   611.000000   611.000000   611.000000   611.000000   611.000000   611.000000   611.000000   611.000000   611.000000   611.000000   611.000000   611.000000   611.000000   611.000000   611.000000   611.000000   611.000000   611.000000     0.000000
     0.000000   611.000000   611.000000   611.000000   611.000000   611.000000   611.000000   611.000000   611.000000   611.000000   611.000000   611.000000   611.000000   611.000000   611.000000   611.000000   611.000000   611.000000   611.000000   611.000000   611.000000   611.000000   611.000000   611.000000   611.000000   611.000000   611.000000   611.000000   611.000000   611.000000   611.000000   611.000000   611.000000   611.000000   611.000000   611.000000   611.000000   611.000000   611.000000   611.000000   611.000000   611.000000   611.000000   611.000000   611.000000   611.000000   611.000000   611.000000   611.000000   611.000000   611.000000   611.000000   611.000000   611.000000   611.000000   611.000000   611.000000   611.000000   611.000000   611.000000   611.000000   611.000000   611.000000   611.000000   611.000000   611.000000   611.000000   611.000000   611.000000   611.000000   611.000000   611.000000   611.000000   611.000000   611.000000   611.000000   611.000000   611.000000   611.000000   611.000000   611.000000   611.000000   611.000000   611.000000   611.000000   611.000000   611.000000   611.000000   611.000000   611.000000   611.000000   611.000000   611.000000   611.000000   611.000000   611.000000   611.000000   611.000000   611.000000   611.000000   611.000000   611.000000   611.000000   611.000000   611.000000   611.000000   611.000000   611.000000   611.000000   611.000000   611.000000   611.000000   611.000000   611.000000   611.000000   611.000000   611.000000   611.000000   611.000000   611.000000   611.000000   611.000000   611.000000   611.000000   611.000000   611.000000   611.000000   611.000000   611.000000   611.000000   611.000000   611.000000   611.000000   611.000000   611.000000   611.000000   611.000000   611.000000   611.000000   611.000000   611.000000   611.000000   611.000000   611.000000   611.000000   611.000000   611.000000   611.000000   611.000000   611.000000   611.000000   611.000000   611.000000   611.000000   611.000000   611.000000   611.000000   611.000000   611.000000   611.000000   611.000000     0.000000
     0.000000   611.000000   611.000000   611.000000   611.000000   611.000000   611.000000   611.000000   611.000000   611.000000   611.000000   611.000000   611.000000   611.000000   611.000000   611.000000   611.000000   611.000000   611.000000   611.000000   611.000000   611.000000   611.000000   611.000000   611.000000   611.000000   611.000000   611.000000   611.000000   611.000000   611.000000   611.000000   611.000000   611.000000   611.000000   611.000000   611.000000   611.000000   611.000000   611.000000   611.000000   611.000000   611.000000   611.000000   611.000000   611.000000   611.000000   611.000000   611.000000   611.000000   611.000000   611.000000   611.000000   611.000000   611.000000   611.000000   611.000000   611.000000   611.000000   611.000000   611.000000   611.000000   611.000000   611.000000   611.000000   611.000000   611.000000   611.000000   611.000000   611.000000   611.000000   611.000000   611.000000   611.000000   611.000000   611.000000   611.000000   611.000000   611.000000   611.000000   611.000000   611.000000   611.000000   611.000000   611.000000   611.000000   611.000000   611.000000   611.000000   611.000000   611.000000   611.000000   611.000000   611.000000   611.000000   611.000000   611.000000   611.000000   611.000000   611.000000   611.000000   611.000000   611.000000   611.000000   611.000000   611.000000   611.000000   611.000000   611.000000   611.000000   611.000000   611.000000   611.000000   611.000000   611.000000   611.000000   611.000000   611.000000   611.000000   611.000000   611.000000   611.000000   611.000000   611.000000   611.000000   611.000000   611.000000   611.000000   611.000000   611.000000   611.000000   611.000000   611.000000   611.000000   611.000000   611.000000   611.000000   611.000000   611.000000   611.000000   611.000000   611.000000   611.000000   611.000000   611.000000   611.000000   611.000000   611.000000   611.000000   611.000000   611.000000   611.000000   611.000000   611.000000   611.000000   611.000000   611.000000   611.000000   611.000000   611.000000   611.000000     0.000000
     0.000000   611.000000   611.000000   611.000000   611.000000   611.000000   611.000000   611.000000   611.000000   611.000000   611.000000   611.000000   611.000000   611.000000   611.000000   611.000000   611.000000   611.000000   611.000000   611.000000   611.000000   611.000000   611.000000   611.000000   611.000000   611.000000   611.000000   611.000000   611.000000   611.000000   611.000000   611.000000   611.000000   611.000000   611.000000   611.000000   611.000000   611.000000   611.000000   611.000000   611.000000   611.000000   611.000000   611.000000   611.000000   611.000000   611.000000   611.000000   611.000000   611.000000   611.000000   611.000000   611.000000   611.000000   611.000000   611.000000   611.000000   611.000000   611.000000   611.000000   611.000000   611.000000   611.000000   611.000000   611.000000   611.000000   611.000000   611.000000   611.000000   611.000000   611.000000   611.000000   611.000000   611.000000   611.000000   611.000000   611.000000   611.000000   611.000000   611.000000   611.000000   611.000000   611.000000   611.000000   611.000000   611.000000   611.000000   611.000000   611.000000   611.000000   611.000000   611.000000   611.000000   611.000000   611.000000   611.000000   611.000000   611.000000   611.000000   611.000000   611.000000   611.000000   611.000000   611.000000   611.000000   611.000000   611.000000   611.000000   611.000000   611.000000   611.000000   611.000000   611.000000   611.000000   611.000000   611.000000   611.000000   611.000000   611.000000   611.000000   611.000000   611.000000   611.000000   611.000000   611.000000   611.000000   611.000000   611.000000   611.000000   611.000000   611.000000   611.000000   611.000000   611.000000   611.000000   611.000000   611.000000   611.000000   611.000000   611.000000   611.000000   611.000000   611.000000   611.000000   611.000000   611.000000   611.000000   611.000000   611.000000   611.000000   611.000000   611.000000   611.000000   611.000000   611.000000   611.000000   611.000000   611.000000   611.000000   611.000000   611.000000     0.000000
     0.000000   611.000000   611.000000   611.000000   611.000000   611.000000   611.000000   611.000000   611.000000   611.000000   611.000000   611.000000   611.000000   611.000000   611.000000   611.000000   611.000000   611.000000   611.000000   611.000000   611.000000   611.000000   611.000000   611.000000   611.000000   611.000000   611.000000   611.000000   611.000000   611.000000   611.000000   611.000000   611.000000   611.000000   611.000000   611.000000   611.000000   611.000000   611.000000   611.000000   611.000000   611.000000   611.000000   611.000000   611.000000   611.000000   611.000000   611.000000   611.000000   611.000000   611.000000   611.000000   611.000000   611.000000   611.000000   611.000000   611.000000   611.000000   611.000000   611.000000   611.000000   611.000000   611.000000   611.000000   611.000000   611.000000   611.000000   611.000000   611.000000   611.000000   611.000000   611.000000   611.000000   611.000000   611.000000   611.000000   611.000000   611.000000   611.000000   611.000000   611.000000   611.000000   611.000000   611.000000   611.000000   611.000000   611.000000   611.000000   611.000000   611.000000   611.000000   611.000000   611.000000   611.000000   611.000000   611.000000   611.000000   611.000000   611.000000   611.000000   611.000000   611.000000   611.000000   611.000000   611.000000   611.000000   611.000000   611.000000   611.000000   611.000000   611.000000   611.000000   611.000000   611.000000   611.000000   611.000000   611.000000   611.000000   611.000000   611.000000   611.000000   611.000000   611.000000   611.000000   611.000000   611.000000   611.000000   611.000000   611.000000   611.000000   611.000000   611.000000   611.000000   611.000000   611.000000   611.000000   611.000000   611.000000   611.000000   611.000000   611.000000   611.000000   611.000000   611.000000   611.000000   611.000000   611.000000   611.000000   611.000000   611.000000   611.000000   611.000000   611.000000   611.000000   611.000000   611.000000   611.000000   611.000000   611.000000   611.000000   611.000000     0.000000
     0.000000   611.000000   611.000000   611.000000   611.000000   611.000000   611.000000   611.000000   611.000000   611.000000   611.000000   611.000000   611.000000   611.000000   611.000000   611.000000   611.000000   611.000000   611.000000   611.000000   611.000000   611.000000   611.000000   611.000000   611.000000   611.000000   611.000000   611.000000   611.000000   611.000000   611.000000   611.000000   611.000000   611.000000   611.000000   611.000000   611.000000   611.000000   611.000000   611.000000   611.000000   611.000000   611.000000   611.000000   611.000000   611.000000   611.000000   611.000000   611.000000   611.000000   611.000000   611.000000   611.000000   611.000000   611.000000   611.000000   611.000000   611.000000   611.000000   611.000000   611.000000   611.000000   611.000000   611.000000   611.000000   611.000000   611.000000   611.000000   611.000000   611.000000   611.000000   611.000000   611.000000   611.000000   611.000000   611.000000   611.000000   611.000000   611.000000   611.000000   611.000000   611.000000   611.000000   611.000000   611.000000   611.000000   611.000000   611.000000   611.000000   611.000000   611.000000   611.000000   611.000000   611.000000   611.000000   611.000000   611.000000   611.000000   611.000000   611.000000   611.000000   611.000000   611.000000   611.000000   611.000000   611.000000   611.000000   611.000000   611.000000   611.000000   611.000000   611.000000   611.000000   611.000000   611.000000   611.000000   611.000000   611.000000   611.000000   611.000000   611.000000   611.000000   611.000000   611.000000   611.000000   611.000000   611.000000   611.000000   611.000000   611.000000   611.000000   611.000000   611.000000   611.000000   611.000000   611.000000   611.000000   611.000000   611.000000   611.000000   611.000000   611.000000   611.000000   611.000000   611.000000   611.000000   611.000000   611.000000   611.000000   611.000000   611.000000   611.000000   611.000000   611.000000   611.000000   611.000000   611.000000   611.000000   611.000000   611.000000   611.000000     0.000000
     0.000000   611.000000   611.000000   611.000000   611.000000   611.000000   611.000000   611.000000   611.000000   611.000000   611.000000   611.000000   611.000000   611.000000   611.000000   611.000000   611.000000   611.000000   611.000000   611.000000   611.000000   611.000000   611.000000   611.000000   611.000000   611.000000   611.000000   611.000000   611.000000   611.000000   611.000000   611.000000   611.000000   611.000000   611.000000   611.000000   611.000000   611.000000   611.000000   611.000000   611.000000   611.000000   611.000000   611.000000   611.000000   611.000000   611.000000   611.000000   611.000000   611.000000   611.000000   611.000000   611.000000   611.000000   611.000000   611.000000   611.000000   611.000000   611.000000   611.000000   611.000000   611.000000   611.000000   611.000000   611.000000   611.000000   611.000000   611.000000   611.000000   611.000000   611.000000   611.000000   611.000000   611.000000   611.000000   611.000000   611.000000   611.000000   611.000000   611.000000   611.000000   611.000000   611.000000   611.000000   611.000000   611.000000   611.000000   611.000000   611.000000   611.000000   611.000000   611.000000   611.000000   611.000000   611.000000   611.000000   611.000000   611.000000   611.000000   611.000000   611.000000   611.000000   611.000000   611.000000   611.000000   611.000000   611.000000   611.000000   611.000000   611.000000   611.000000   611.000000   611.000000   611.000000   611.000000   611.000000   611.000000   611.000000   611.000000   611.000000   611.000000   611.000000   611.000000   611.000000   611.000000   611.000000   611.000000   611.000000   611.000000   611.000000   611.000000   611.000000   611.000000   611.000000   611.000000   611.000000   611.000000   611.000000   611.000000   611.000000   611.000000   611.000000   611.000000   611.000000   611.000000   611.000000   611.000000   611.000000   611.000000   611.000000   611.000000   611.000000   611.000000   611.000000   611.000000   611.000000   611.000000   611.000000   611.000000   611.000000   611.000000     0.000000
     0.000000   611.000000   611.000000   611.000000   611.000000   611.000000   611.000000   611.000000   611.000000   611.000000   611.000000   611.000000   611.000000   611.000000   611.000000   611.000000   611.000000   611.000000   611.000000   611.000000   611.000000   611.000000   611.000000   611.000000   611.000000   611.000000   611.000000   611.000000   611.000000   611.000000   611.000000   611.000000   611.000000   611.000000   611.000000   611.000000   611.000000   611.000000   611.000000   611.000000   611.000000   611.000000   611.000000   611.000000   611.000000   611.000000   611.000000   611.000000   611.000000   611.000000   611.000000   611.000000   611.000000   611.000000   611.000000   611.000000   611.000000   611.000000   611.000000   611.000000   611.000000   611.000000   611.000000   611.000000   611.000000   611.000000   611.000000   611.000000   611.000000   611.000000   611.000000   611.000000   611.000000   611.000000   611.000000   611.000000   611.000000   611.000000   611.000000   611.000000   611.000000   611.000000   611.000000   611.000000   611.000000   611.000000   611.000000   611.000000   611.000000   611.000000   611.000000   611.000000   611.000000   611.000000   611.000000   611.000000   611.000000   611.000000   611.000000   611.000000   611.000000   611.000000   611.000000   611.000000   611.000000   611.000000   611.000000   611.000000   611.000000   611.000000   611.000000   611.000000   611.000000   611.000000   611.000000   611.000000   611.000000   611.000000   611.000000   611.000000   611.000000   611.000000   611.000000   611.000000   611.000000   611.000000   611.000000   611.000000   611.000000   611.000000   611.000000   611.000000   611.000000   611.000000   611.000000   611.000000   611.000000   611.000000   611.000000   611.000000   611.000000   611.000000   611.000000   611.000000   611.000000   611.000000   611.000000   611.000000   611.000000   611.000000   611.000000   611.000000   611.000000   611.000000   611.000000   611.000000   611.000000   611.000000   611.000000   611.000000   611.000000     0.000000
     0.000000   611.000000   611.000000   611.000000   611.000000   611.000000   611.000000   611.000000   611.000000   611.000000   611.000000   611.000000   611.000000   611.000000   611.000000   611.000000   611.000000   611.000000   611.000000   611.000000   611.000000   611.000000   611.000000   611.000000   611.000000   611.000000   611.000000   611.000000   611.000000   611.000000   611.000000   611.000000   611.000000   611.000000   611.000000   611.000000   611.000000   611.000000   611.000000   611.000000   611.000000   611.000000   611.000000   611.000000   611.000000   611.000000   611.000000   611.000000   611.000000   611.000000   611.000000   611.000000   611.000000   611.000000   611.000000   611.000000   611.000000   611.000000   611.000000   611.000000   611.000000   611.000000   611.000000   611.000000   611.000000   611.000000   611.000000   611.000000   611.000000   611.000000   611.000000   611.000000   611.000000   611.000000   611.000000   611.000000   611.000000   611.000000   611.000000   611.000000   611.000000   611.000000   611.000000   611.000000   611.000000   611.000000   611.000000   611.000000   611.000000   611.000000   611.000000   611.000000   611.000000   611.000000   611.000000   611.000000   611.000000   611.000000   611.000000   611.000000   611.000000   611.000000   611.000000   611.000000   611.000000   611.000000   611.000000   611.000000   611.000000   611.000000   611.000000   611.000000   611.000000   611.000000   611.000000   611.000000   611.000000   611.000000   611.000000   611.000000   611.000000   611.000000   611.000000   611.000000   611.000000   611.000000   611.000000   611.000000   611.000000   611.000000   611.000000   611.000000   611.000000   611.000000   611.000000   611.000000   611.000000   611.000000   611.000000   611.000000   611.000000   611.000000   611.000000   611.000000   611.000000   611.000000   611.000000   611.000000   611.000000   611.000000   611.000000   611.000000   611.000000   611.000000   611.000000   611.000000   611.000000   611.000000   611.000000   611.000000   611.000000     0.000000
     0.000000   611.000000   611.000000   611.000000   611.000000   611.000000   611.000000   611.000000   611.000000   611.000000   611.000000   611.000000   611.000000   611.000000   611.000000   611.000000   611.000000   611.000000   611.000000   611.000000   611.000000   611.000000   611.000000   611.000000   611.000000   611.000000   611.000000   611.000000   611.000000   611.000000   611.000000   611.000000   611.000000   611.000000   611.000000   611.000000   611.000000   611.000000   611.000000   611.000000   611.000000   611.000000   611.000000   611.000000   611.000000   611.000000   611.000000   611.000000   611.000000   611.000000   611.000000   611.000000   611.000000   611.000000   611.000000   611.000000   611.000000   611.000000   611.000000   611.000000   611.000000   611.000000   611.000000   611.000000   611.000000   611.000000   611.000000   611.000000   611.000000   611.000000   611.000000   611.000000   611.000000   611.000000   611.000000   611.000000   611.000000   611.000000   611.000000   611.000000   611.000000   611.000000   611.000000   611.000000   611.000000   611.000000   611.000000   611.000000   611.000000   611.000000   611.000000   611.000000   611.000000   611.000000   611.000000   611.000000   611.000000   611.000000   611.000000   611.000000   611.000000   611.000000   611.000000   611.000000   611.000000   611.000000   611.000000   611.000000   611.000000   611.000000   611.000000   611.000000   611.000000   611.000000   611.000000   611.000000   611.000000   611.000000   611.000000   611.000000   611.000000   611.000000   611.000000   611.000000   611.000000   611.000000   611.000000   611.000000   611.000000   611.000000   611.000000   611.000000   611.000000   611.000000   611.000000   611.000000   611.000000   611.000000   611.000000   611.000000   611.000000   611.000000   611.000000   611.000000   611.000000   611.000000   611.000000   611.000000   611.000000   611.000000   611.000000   611.000000   611.000000   611.000000   611.000000   611.000000   611.000000   611.000000   611.000000   611.000000   611.000000     0.000000
     0.000000   611.000000   611.000000   611.000000   611.000000   611.000000   611.000000   611.000000   611.000000   611.000000   611.000000   611.000000   611.000000   611.000000   611.000000   611.000000   611.000000   611.000000   611.000000   611.000000   611.000000   611.000000   611.000000   611.000000   611.000000   611.000000   611.000000   611.000000   611.000000   611.000000   611.000000   611.000000   611.000000   611.000000   611.000000   611.000000   611.000000   611.000000   611.000000   611.000000   611.000000   611.000000   611.000000   611.000000   611.000000   611.000000   611.000000   611.000000   611.000000   611.000000   611.000000   611.000000   611.000000   611.000000   611.000000   611.000000   611.000000   611.000000   611.000000   611.000000   611.000000   611.000000   611.000000   611.000000   611.000000   611.000000   611.000000   611.000000   611.000000   611.000000   611.000000   611.000000   611.000000   611.000000   611.000000   611.000000   611.000000   611.000000   611.000000   611.000000   611.000000   611.000000   611.000000   611.000000   611.000000   611.000000   611.000000   611.000000   611.000000   611.000000   611.000000   611.000000   611.000000   611.000000   611.000000   611.000000   611.000000   611.000000   611.000000   611.000000   611.000000   611.000000   611.000000   611.000000   611.000000   611.000000   611.000000   611.000000   611.000000   611.000000   611.000000   611.000000   611.000000   611.000000   611.000000   611.000000   611.000000   611.000000   611.000000   611.000000   611.000000   611.000000   611.000000   611.000000   611.000000   611.000000   611.000000   611.000000   611.000000   611.000000   611.000000   611.000000   611.000000   611.000000   611.000000   611.000000   611.000000   611.000000   611.000000   611.000000   611.000000   611.000000   611.000000   611.000000   611.000000   611.000000   611.000000   611.000000   611.000000   611.000000   611.000000   611.000000   611.000000   611.000000   611.000000   611.000000   611.000000   611.000000   611.000000   611.000000   611.000000     0.000000
     0.000000   611.000000   611.000000   611.000000   611.000000   611.000000   611.000000   611.000000   611.000000   611.000000   611.000000   611.000000   611.000000   611.000000   611.000000   611.000000   611.000000   611.000000   611.000000   611.000000   611.000000   611.000000   611.000000   611.000000   611.000000   611.000000   611.000000   611.000000   611.000000   611.000000   611.000000   611.000000   611.000000   611.000000   611.000000   611.000000   611.000000   611.000000   611.000000   611.000000   611.000000   611.000000   611.000000   611.000000   611.000000   611.000000   611.000000   611.000000   611.000000   611.000000   611.000000   611.000000   611.000000   611.000000   611.000000   611.000000   611.000000   611.000000   611.000000   611.000000   611.000000   611.000000   611.000000   611.000000   611.000000   611.000000   611.000000   611.000000   611.000000   611.000000   611.000000   611.000000   611.000000   611.000000   611.000000   611.000000   611.000000   611.000000   611.000000   611.000000   611.000000   611.000000   611.000000   611.000000   611.000000   611.000000   611.000000   611.000000   611.000000   611.000000   611.000000   611.000000   611.000000   611.000000   611.000000   611.000000   611.000000   611.000000   611.000000   611.000000   611.000000   611.000000   611.000000   611.000000   611.000000   611.000000   611.000000   611.000000   611.000000   611.000000   611.000000   611.000000   611.000000   611.000000   611.000000   611.000000   611.000000   611.000000   611.000000   611.000000   611.000000   611.000000   611.000000   611.000000   611.000000   611.000000   611.000000   611.000000   611.000000   611.000000   611.000000   611.000000   611.000000   611.000000   611.000000   611.000000   611.000000   611.000000   611.000000   611.000000   611.000000   611.000000   611.000000   611.000000   611.000000   611.000000   611.000000   611.000000   611.000000   611.000000   611.000000   611.000000   611.000000   611.000000   611.000000   611.000000   611.000000   611.000000   611.000000   611.000000   611.000000     0.000000
     0.000000   611.000000   611.000000   611.000000   611.000000   611.000000   611.000000   611.000000   611.000000   611.000000   611.000000   611.000000   611.000000   611.000000   611.000000   611.000000   611.000000   611.000000   611.000000   611.000000   611.000000   611.000000   611.000000   611.000000   611.000000   611.000000   611.000000   611.000000   611.000000   611.000000   611.000000   611.000000   611.000000   611.000000   611.000000   611.000000   611.000000   611.000000   611.000000   611.000000   611.000000   611.000000   611.000000   611.000000   611.000000   611.000000   611.000000   611.000000   611.000000   611.000000   611.000000   611.000000   611.000000   611.000000   611.000000   611.000000   611.000000   611.000000   611.000000   611.000000   611.000000   611.000000   611.000000   611.000000   611.000000   611.000000   611.000000   611.000000   611.000000   611.000000   611.000000   611.000000   611.000000   611.000000   611.000000   611.000000   611.000000   611.000000   611.000000   611.000000   611.000000   611.000000   611.000000   611.000000   611.000000   611.000000   611.000000   611.000000   611.000000   611.000000   611.000000   611.000000   611.000000   611.000000   611.000000   611.000000   611.000000   611.000000   611.000000   611.000000   611.000000   611.000000   611.000000   611.000000   611.000000   611.000000   611.000000   611.000000   611.000000   611.000000   611.000000   611.000000   611.000000   611.000000   611.000000   611.000000   611.000000   611.000000   611.000000   611.000000   611.000000   611.000000   611.000000   611.000000   611.000000   611.000000   611.000000   611.000000   611.000000   611.000000   611.000000   611.000000   611.000000   611.000000   611.000000   611.000000   611.000000   611.000000   611.000000   611.000000   611.000000   611.000000   611.000000   611.000000   611.000000   611.000000   611.000000   611.000000   611.000000   611.000000   611.000000   611.000000   611.000000   611.000000   611.000000   611.000000   611.000000   611.000000   611.000000   611.000000   611.000000     0.000000
     0.000000   611.000000   611.000000   611.000000   611.000000   611.000000   611.000000   611.000000   611.000000   611.000000   611.000000   611.000000   611.000000   611.000000   611.000000   611.000000   611.000000   611.000000   611.000000   611.000000   611.000000   611.000000   611.000000   611.000000   611.000000   611.000000   611.000000   611.000000   611.000000   611.000000   611.000000   611.000000   611.000000   611.000000   611.000000   611.000000   611.000000   611.000000   611.000000   611.000000   611.000000   611.000000   611.000000   611.000000   611.000000   611.000000   611.000000   611.000000   611.000000   611.000000   611.000000   611.000000   611.000000   611.000000   611.000000   611.000000   611.000000   611.000000   611.000000   611.000000   611.000000   611.000000   611.000000   611.000000   611.000000   611.000000   611.000000   611.000000   611.000000   611.000000   611.000000   611.000000   611.000000   611.000000   611.000000   611.000000   611.000000   611.000000   611.000000   611.000000   611.000000   611.000000   611.000000   611.000000   611.000000   611.000000   611.000000   611.000000   611.000000   611.000000   611.000000   611.000000   611.000000   611.000000   611.000000   611.000000   611.000000   611.000000   611.000000   611.000000   611.000000   611.000000   611.000000   611.000000   611.000000   611.000000   611.000000   611.000000   611.000000   611.000000   611.000000   611.000000   611.000000   611.000000   611.000000   611.000000   611.000000   611.000000   611.000000   611.000000   611.000000   611.000000   611.000000   611.000000   611.000000   611.000000   611.000000   611.000000   611.000000   611.000000   611.000000   611.000000   611.000000   611.000000   611.000000   611.000000   611.000000   611.000000   611.000000   611.000000   611.000000   611.000000   611.000000   611.000000   611.000000   611.000000   611.000000   611.000000   611.000000   611.000000   611.000000   611.000000   611.000000   611.000000   611.000000   611.000000   611.000000   611.000000   611.000000   611.000000   611.000000     0.000000
     0.000000   611.000000   611.000000   611.000000   611.000000   611.000000   611.000000   611.000000   611.000000   611.000000   611.000000   611.000000   611.000000   611.000000   611.000000   611.000000   611.000000   611.000000   611.000000   611.000000   611.000000   611.000000   611.000000   611.000000   611.000000   611.000000   611.000000   611.000000   611.000000   611.000000   611.000000   611.000000   611.000000   611.000000   611.000000   611.000000   611.000000   611.000000   611.000000   611.000000   611.000000   611.000000   611.000000   611.000000   611.000000   611.000000   611.000000   611.000000   611.000000   611.000000   611.000000   611.000000   611.000000   611.000000   611.000000   611.000000   611.000000   611.000000   611.000000   611.000000   611.000000   611.000000   611.000000   611.000000   611.000000   611.000000   611.000000   611.000000   611.000000   611.000000   611.000000   611.000000   611.000000   611.000000   611.000000   611.000000   611.000000   611.000000   611.000000   611.000000   611.000000   611.000000   611.000000   611.000000   611.000000   611.000000   611.000000   611.000000   611.000000   611.000000   611.000000   611.000000   611.000000   611.000000   611.000000   611.000000   611.000000   611.000000   611.000000   611.000000   611.000000   611.000000   611.000000   611.000000   611.000000   611.000000   611.000000   611.000000   611.000000   611.000000   611.000000   611.000000   611.000000   611.000000   611.000000   611.000000   611.000000   611.000000   611.000000   611.000000   611.000000   611.000000   611.000000   611.000000   611.000000   611.000000   611.000000   611.000000   611.000000   611.000000   611.000000   611.000000   611.000000   611.000000   611.000000   611.000000   611.000000   611.000000   611.000000   611.000000   611.000000   611.000000   611.000000   611.000000   611.000000   611.000000   611.000000   611.000000   611.000000   611.000000   611.000000   611.000000   611.000000   611.000000   611.000000   611.000000   611.000000   611.000000   611.000000   611.000000   611.000000     0.000000
     0.000000   611.000000   611.000000   611.000000   611.000000   611.000000   611.000000   611.000000   611.000000   611.000000   611.000000   611.000000   611.000000   611.000000   611.000000   611.000000   611.000000   611.000000   611.000000   611.000000   611.000000   611.000000   611.000000   611.000000   611.000000   611.000000   611.000000   611.000000   611.000000   611.000000   611.000000   611.000000   611.000000   611.000000   611.000000   611.000000   611.000000   611.000000   611.000000   611.000000   611.000000   611.000000   611.000000   611.000000   611.000000   611.000000   611.000000   611.000000   611.000000   611.000000   611.000000   611.000000   611.000000   611.000000   611.000000   611.000000   611.000000   611.000000   611.000000   611.000000   611.000000   611.000000   611.000000   611.000000   611.000000   611.000000   611.000000   611.000000   611.000000   611.000000   611.000000   611.000000   611.000000   611.000000   611.000000   611.000000   611.000000   611.000000   611.000000   611.000000   611.000000   611.000000   611.000000   611.000000   611.000000   611.000000   611.000000   611.000000   611.000000   611.000000   611.000000   611.000000   611.000000   611.000000   611.000000   611.000000   611.000000   611.000000   611.000000   611.000000   611.000000   611.000000   611.000000   611.000000   611.000000   611.000000   611.000000   611.000000   611.000000   611.000000   611.000000   611.000000   611.000000   611.000000   611.000000   611.000000   611.000000   611.000000   611.000000   611.000000   611.000000   611.000000   611.000000   611.000000   611.000000   611.000000   611.000000   611.000000   611.000000   611.000000   611.000000   611.000000   611.000000   611.000000   611.000000   611.000000   611.000000   611.000000   611.000000   611.000000   611.000000   611.000000   611.000000   611.000000   611.000000   611.000000   611.000000   611.000000   611.000000   611.000000   611.000000   611.000000   611.000000   611.000000   611.000000   611.000000   611.000000   611.000000   611.000000   611.000000   611.000000     0.000000
     0.000000   611.000000   611.000000   611.000000   611.000000   611.000000   611.000000   611.000000   611.000000   611.000000   611.000000   611.000000   611.000000   611.000000   611.000000   611.000000   611.000000   611.000000   611.000000   611.000000   611.000000   611.000000   611.000000   611.000000   611.000000   611.000000   611.000000   611.000000   611.000000   611.000000   611.000000   611.000000   611.000000   611.000000   611.000000   611.000000   611.000000   611.000000   611.000000   611.000000   611.000000   611.000000   611.000000   611.000000   611.000000   611.000000   611.000000   611.000000   611.000000   611.000000   611.000000   611.000000   611.000000   611.000000   611.000000   611.000000   611.000000   611.000000   611.000000   611.000000   611.000000   611.000000   611.000000   611.000000   611.000000   611.000000   611.000000   611.000000   611.000000   611.000000   611.000000   611.000000   611.000000   611.000000   611.000000   611.000000   611.000000   611.000000   611.000000   611.000000   611.000000   611.000000   611.000000   611.000000   611.000000   611.000000   611.000000   611.000000   611.000000   611.000000   611.000000   611.000000   611.000000   611.000000   611.000000   611.000000   611.000000   611.000000   611.000000   611.000000   611.000000   611.000000   611.000000   611.000000   611.000000   611.000000   611.000000   611.000000   611.000000   611.000000   611.000000   611.000000   611.000000   611.000000   611.000000   611.000000   611.000000   611.000000   611.000000   611.000000   611.000000   611.000000   611.000000   611.000000   611.000000   611.000000   611.000000   611.000000   611.000000   611.000000   611.000000   611.000000   611.000000   611.000000   611.000000   611.000000   611.000000   611.000000   611.000000   611.000000   611.000000   611.000000   611.000000   611.000000   611.000000   611.000000   611.000000   611.000000   611.000000   611.000000   611.000000   611.000000   611.000000   611.000000   611.000000   611.000000   611.000000   611.000000   611.000000   611.000000   611.000000     0.000000
     0.000000   611.000000   611.000000   611.000000   611.000000   611.000000   611.000000   611.000000   611.000000   611.000000   611.000000   611.000000   611.000000   611.000000   611.000000   611.000000   611.000000   611.000000   611.000000   611.000000   611.000000   611.000000   611.000000   611.000000   611.000000   611.000000   611.000000   611.000000   611.000000   611.000000   611.000000   611.000000   611.000000   611.000000   611.000000   611.000000   611.000000   611.000000   611.000000   611.000000   611.000000   611.000000   611.000000   611.000000   611.000000   611.000000   611.000000   611.000000   611.000000   611.000000   611.000000   611.000000   611.000000   611.000000   611.000000   611.000000   611.000000   611.000000   611.000000   611.000000   611.000000   611.000000   611.000000   611.000000   611.000000   611.000000   611.000000   611.000000   611.000000   611.000000   611.000000   611.000000   611.000000   611.000000   611.000000   611.000000   611.000000   611.000000   611.000000   611.000000   611.000000   611.000000   611.000000   611.000000   611.000000   611.000000   611.000000   611.000000   611.000000   611.000000   611.000000   611.000000   611.000000   611.000000   611.000000   611.000000   611.000000   611.000000   611.000000   611.000000   611.000000   611.000000   611.000000   611.000000   611.000000   611.000000   611.000000   611.000000   611.000000   611.000000   611.000000   611.000000   611.000000   611.000000   611.000000   611.000000   611.000000   611.000000   611.000000   611.000000   611.000000   611.000000   611.000000   611.000000   611.000000   611.000000   611.000000   611.000000   611.000000   611.000000   611.000000   611.000000   611.000000   611.000000   611.000000   611.000000   611.000000   611.000000   611.000000   611.000000   611.000000   611.000000   611.000000   611.000000   611.000000   611.000000   611.000000   611.000000   611.000000   611.000000   611.000000   611.000000   611.000000   611.000000   611.000000   611.000000   611.000000   611.000000   611.000000   611.000000   611.000000     0.000000
     0.000000   611.000000   611.000000   611.000000   611.000000   611.000000   611.000000   611.000000   611.000000   611.000000   611.000000   611.000000   611.000000   611.000000   611.000000   611.000000   611.000000   611.000000   611.000000   611.000000   611.000000   611.000000   611.000000   611.000000   611.000000   611.000000   611.000000   611.000000   611.000000   611.000000   611.000000   611.000000   611.000000   611.000000   611.000000   611.000000   611.000000   611.000000   611.000000   611.000000   611.000000   611.000000   611.000000   611.000000   611.000000   611.000000   611.000000   611.000000   611.000000   611.000000   611.000000   611.000000   611.000000   611.000000   611.000000   611.000000   611.000000   611.000000   611.000000   611.000000   611.000000   611.000000   611.000000   611.000000   611.000000   611.000000   611.000000   611.000000   611.000000   611.000000   611.000000   611.000000   611.000000   611.000000   611.000000   611.000000   611.000000   611.000000   611.000000   611.000000   611.000000   611.000000   611.000000   611.000000   611.000000   611.000000   611.000000   611.000000   611.000000   611.000000   611.000000   611.000000   611.000000   611.000000   611.000000   611.000000   611.000000   611.000000   611.000000   611.000000   611.000000   611.000000   611.000000   611.000000   611.000000   611.000000   611.000000   611.000000   611.000000   611.000000   611.000000   611.000000   611.000000   611.000000   611.000000   611.000000   611.000000   611.000000   611.000000   611.000000   611.000000   611.000000   611.000000   611.000000   611.000000   611.000000   611.000000   611.000000   611.000000   611.000000   611.000000   611.000000   611.000000   611.000000   611.000000   611.000000   611.000000   611.000000   611.000000   611.000000   611.000000   611.000000   611.000000   611.000000   611.000000   611.000000   611.000000   611.000000   611.000000   611.000000   611.000000   611.000000   611.000000   611.000000   611.000000   611.000000   611.000000   611.000000   611.000000   611.000000   611.000000     0.000000
     0.000000   611.000000   611.000000   611.000000   611.000000   611.000000   611.000000   611.000000   611.000000   611.000000   611.000000   611.000000   611.000000   611.000000   611.000000   611.000000   611.000000   611.000000   611.000000   611.000000   611.000000   611.000000   611.000000   611.000000   611.000000   611.000000   611.000000   611.000000   611.000000   611.000000   611.000000   611.000000   611.000000   611.000000   611.000000   611.000000   611.000000   611.000000   611.000000   611.000000   611.000000   611.000000   611.000000   611.000000   611.000000   611.000000   611.000000   611.000000   611.000000   611.000000   611.000000   611.000000   611.000000   611.000000   611.000000   611.000000   611.000000   611.000000   611.000000   611.000000   611.000000   611.000000   611.000000   611.000000   611.000000   611.000000   611.000000   611.000000   611.000000   611.000000   611.000000   611.000000   611.000000   611.000000   611.000000   611.000000   611.000000   611.000000   611.000000   611.000000   611.000000   611.000000   611.000000   611.000000   611.000000   611.000000   611.000000   611.000000   611.000000   611.000000   611.000000   611.000000   611.000000   611.000000   611.000000   611.000000   611.000000   611.000000   611.000000   611.000000   611.000000   611.000000   611.000000   611.000000   611.000000   611.000000   611.000000   611.000000   611.000000   611.000000   611.000000   611.000000   611.000000   611.000000   611.000000   611.000000   611.000000   611.000000   611.000000   611.000000   611.000000   611.000000   611.000000   611.000000   611.000000   611.000000   611.000000   611.000000   611.000000   611.000000   611.000000   611.000000   611.000000   611.000000   611.000000   611.000000   611.000000   611.000000   611.000000   611.000000   611.000000   611.000000   611.000000   611.000000   611.000000   611.000000   611.000000   611.000000   611.000000   611.000000   611.000000   611.000000   611.000000   611.000000   611.000000   611.000000   611.000000   611.000000   611.000000   611.000000   611.000000     0.000000
     0.000000   611.000000   611.000000   611.000000   611.000000   611.000000   611.000000   611.000000   611.000000   611.000000   611.000000   611.000000   611.000000   611.000000   611.000000   611.000000   611.000000   611.000000   611.000000   611.000000   611.000000   611.000000   611.000000   611.000000   611.000000   611.000000   611.000000   611.000000   611.000000   611.000000   611.000000   611.000000   611.000000   611.000000   611.000000   611.000000   611.000000   611.000000   611.000000   611.000000   611.000000   611.000000   611.000000   611.000000   611.000000   611.000000   611.000000   611.000000   611.000000   611.000000   611.000000   611.000000   611.000000   611.000000   611.000000   611.000000   611.000000   611.000000   611.000000   611.000000   611.000000   611.000000   611.000000   611.000000   611.000000   611.000000   611.000000   611.000000   611.000000   611.000000   611.000000   611.000000   611.000000   611.000000   611.000000   611.000000   611.000000   611.000000   611.000000   611.000000   611.000000   611.000000   611.000000   611.000000   611.000000   611.000000   611.000000   611.000000   611.000000   611.000000   611.000000   611.000000   611.000000   611.000000   611.000000   611.000000   611.000000   611.000000   611.000000   611.000000   611.000000   611.000000   611.000000   611.000000   611.000000   611.000000   611.000000   611.000000   611.000000   611.000000   611.000000   611.000000   611.000000   611.000000   611.000000   611.000000   611.000000   611.000000   611.000000   611.000000   611.000000   611.000000   611.000000   611.000000   611.000000   611.000000   611.000000   611.000000   611.000000   611.000000   611.000000   611.000000   611.000000   611.000000   611.000000   611.000000   611.000000   611.000000   611.000000   611.000000   611.000000   611.000000   611.000000   611.000000   611.000000   611.000000   611.000000   611.000000   611.000000   611.000000   611.000000   611.000000   611.000000   611.000000   611.000000   611.000000   611.000000   611.000000   611.000000   611.000000   611.000000     0.000000
     0.000000   611.000000   611.000000   611.000000   611.000000   611.000000   611.000000   611.000000   611.000000   611.000000   611.000000   611.000000   611.000000   611.000000   611.000000   611.000000   611.000000   611.000000   611.000000   611.000000   611.000000   611.000000   611.000000   611.000000   611.000000   611.000000   611.000000   611.000000   611.000000   611.000000   611.000000   611.000000   611.000000   611.000000   611.000000   611.000000   611.000000   611.000000   611.000000   611.000000   611.000000   611.000000   611.000000   611.000000   611.000000   611.000000   611.000000   611.000000   611.000000   611.000000   611.000000   611.000000   611.000000   611.000000   611.000000   611.000000   611.000000   611.000000   611.000000   611.000000   611.000000   611.000000   611.000000   611.000000   611.000000   611.000000   611.000000   611.000000   611.000000   611.000000   611.000000   611.000000   611.000000   611.000000   611.000000   611.000000   611.000000   611.000000   611.000000   611.000000   611.000000   611.000000   611.000000   611.000000   611.000000   611.000000   611.000000   611.000000   611.000000   611.000000   611.000000   611.000000   611.000000   611.000000   611.000000   611.000000   611.000000   611.000000   611.000000   611.000000   611.000000   611.000000   611.000000   611.000000   611.000000   611.000000   611.000000   611.000000   611.000000   611.000000   611.000000   611.000000   611.000000   611.000000   611.000000   611.000000   611.000000   611.000000   611.000000   611.000000   611.000000   611.000000   611.000000   611.000000   611.000000   611.000000   611.000000   611.000000   611.000000   611.000000   611.000000   611.000000   611.000000   611.000000   611.000000   611.000000   611.000000   611.000000   611.000000   611.000000   611.000000   611.000000   611.000000   611.000000   611.000000   611.000000   611.000000   611.000000   611.000000   611.000000   611.000000   611.000000   611.000000   611.000000   611.000000   611.000000   611.000000   611.000000   611.000000   611.000000   611.000000     0.000000
     0.000000   611.000000   611.000000   611.000000   611.000000   611.000000   611.000000   611.000000   611.000000   611.000000   611.000000   611.000000   611.000000   611.000000   611.000000   611.000000   611.000000   611.000000   611.000000   611.000000   611.000000   611.000000   611.000000   611.000000   611.000000   611.000000   611.000000   611.000000   611.000000   611.000000   611.000000   611.000000   611.000000   611.000000   611.000000   611.000000   611.000000   611.000000   611.000000   611.000000   611.000000   611.000000   611.000000   611.000000   611.000000   611.000000   611.000000   611.000000   611.000000   611.000000   611.000000   611.000000   611.000000   611.000000   611.000000   611.000000   611.000000   611.000000   611.000000   611.000000   611.000000   611.000000   611.000000   611.000000   611.000000   611.000000   611.000000   611.000000   611.000000   611.000000   611.000000   611.000000   611.000000   611.000000   611.000000   611.000000   611.000000   611.000000   611.000000   611.000000   611.000000   611.000000   611.000000   611.000000   611.000000   611.000000   611.000000   611.000000   611.000000   611.000000   611.000000   611.000000   611.000000   611.000000   611.000000   611.000000   611.000000   611.000000   611.000000   611.000000   611.000000   611.000000   611.000000   611.000000   611.000000   611.000000   611.000000   611.000000   611.000000   611.000000   611.000000   611.000000   611.000000   611.000000   611.000000   611.000000   611.000000   611.000000   611.000000   611.000000   611.000000   611.000000   611.000000   611.000000   611.000000   611.000000   611.000000   611.000000   611.000000   611.000000   611.000000   611.000000   611.000000   611.000000   611.000000   611.000000   611.000000   611.000000   611.000000   611.000000   611.000000   611.000000   611.000000   611.000000   611.000000   611.000000   611.000000   611.000000   611.000000   611.000000   611.000000   611.000000   611.000000   611.000000   611.000000   611.000000   611.000000   611.000000   611.000000   611.000000   611.000000     0.000000
     0.000000   611.000000   611.000000   611.000000   611.000000   611.000000   611.000000   611.000000   611.000000   611.000000   611.000000   611.000000   611.000000   611.000000   611.000000   611.000000   611.000000   611.000000   611.000000   611.000000   611.000000   611.000000   611.000000   611.000000   611.000000   611.000000   611.000000   611.000000   611.000000   611.000000   611.000000   611.000000   611.000000   611.000000   611.000000   611.000000   611.000000   611.000000   611.000000   611.000000   611.000000   611.000000   611.000000   611.000000   611.000000   611.000000   611.000000   611.000000   611.000000   611.000000   611.000000   611.000000   611.000000   611.000000   611.000000   611.000000   611.000000   611.000000   611.000000   611.000000   611.000000   611.000000   611.000000   611.000000   611.000000   611.000000   611.000000   611.000000   611.000000   611.000000   611.000000   611.000000   611.000000   611.000000   611.000000   611.000000   611.000000   611.000000   611.000000   611.000000   611.000000   611.000000   611.000000   611.000000   611.000000   611.000000   611.000000   611.000000   611.000000   611.000000   611.000000   611.000000   611.000000   611.000000   611.000000   611.000000   611.000000   611.000000   611.000000   611.000000   611.000000   611.000000   611.000000   611.000000   611.000000   611.000000   611.000000   611.000000   611.000000   611.000000   611.000000   611.000000   611.000000   611.000000   611.000000   611.000000   611.000000   611.000000   611.000000   611.000000   611.000000   611.000000   611.000000   611.000000   611.000000   611.000000   611.000000   611.000000   611.000000   611.000000   611.000000   611.000000   611.000000   611.000000   611.000000   611.000000   611.000000   611.000000   611.000000   611.000000   611.000000   611.000000   611.000000   611.000000   611.000000   611.000000   611.000000   611.000000   611.000000   611.000000   611.000000   611.000000   611.000000   611.000000   611.000000   611.000000   611.000000   611.000000   611.000000   611.000000   611.000000     0.000000
     0.000000   611.000000   611.000000   611.000000   611.000000   611.000000   611.000000   611.000000   611.000000   611.000000   611.000000   611.000000   611.000000   611.000000   611.000000   611.000000   611.000000   611.000000   611.000000   611.000000   611.000000   611.000000   611.000000   611.000000   611.000000   611.000000   611.000000   611.000000   611.000000   611.000000   611.000000   611.000000   611.000000   611.000000   611.000000   611.000000   611.000000   611.000000   611.000000   611.000000   611.000000   611.000000   611.000000   611.000000   611.000000   611.000000   611.000000   611.000000   611.000000   611.000000   611.000000   611.000000   611.000000   611.000000   611.000000   611.000000   611.000000   611.000000   611.000000   611.000000   611.000000   611.000000   611.000000   611.000000   611.000000   611.000000   611.000000   611.000000   611.000000   611.000000   611.000000   611.000000   611.000000   611.000000   611.000000   611.000000   611.000000   611.000000   611.000000   611.000000   611.000000   611.000000   611.000000   611.000000   611.000000   611.000000   611.000000   611.000000   611.000000   611.000000   611.000000   611.000000   611.000000   611.000000   611.000000   611.000000   611.000000   611.000000   611.000000   611.000000   611.000000   611.000000   611.000000   611.000000   611.000000   611.000000   611.000000   611.000000   611.000000   611.000000   611.000000   611.000000   611.000000   611.000000   611.000000   611.000000   611.000000   611.000000   611.000000   611.000000   611.000000   611.000000   611.000000   611.000000   611.000000   611.000000   611.000000   611.000000   611.000000   611.000000   611.000000   611.000000   611.000000   611.000000   611.000000   611.000000   611.000000   611.000000   611.000000   611.000000   611.000000   611.000000   611.000000   611.000000   611.000000   611.000000   611.000000   611.000000   611.000000   611.000000   611.000000   611.000000   611.000000   611.000000   611.000000   611.000000   611.000000   611.000000   611.000000   611.000000   611.000000     0.000000
     0.000000   611.000000   611.000000   611.000000   611.000000   611.000000   611.000000   611.000000   611.000000   611.000000   611.000000   611.000000   611.000000   611.000000   611.000000   611.000000   611.000000   611.000000   611.000000   611.000000   611.000000   611.000000   611.000000   611.000000   611.000000   611.000000   611.000000   611.000000   611.000000   611.000000   611.000000   611.000000   611.000000   611.000000   611.000000   611.000000   611.000000   611.000000   611.000000   611.000000   611.000000   611.000000   611.000000   611.000000   611.000000   611.000000   611.000000   611.000000   611.000000   611.000000   611.000000   611.000000   611.000000   611.000000   611.000000   611.000000   611.000000   611.000000   611.000000   611.000000   611.000000   611.000000   611.000000   611.000000   611.000000   611.000000   611.000000   611.000000   611.000000   611.000000   611.000000   611.000000   611.000000   611.000000   611.000000   611.000000   611.000000   611.000000   611.000000   611.000000   611.000000   611.000000   611.000000   611.000000   611.000000   611.000000   611.000000   611.000000   611.000000   611.000000   611.000000   611.000000   611.000000   611.000000   611.000000   611.000000   611.000000   611.000000   611.000000   611.000000   611.000000   611.000000   611.000000   611.000000   611.000000   611.000000   611.000000   611.000000   611.000000   611.000000   611.000000   611.000000   611.000000   611.000000   611.000000   611.000000   611.000000   611.000000   611.000000   611.000000   611.000000   611.000000   611.000000   611.000000   611.000000   611.000000   611.000000   611.000000   611.000000   611.000000   611.000000   611.000000   611.000000   611.000000   611.000000   611.000000   611.000000   611.000000   611.000000   611.000000   611.000000   611.000000   611.000000   611.000000   611.000000   611.000000   611.000000   611.000000   611.000000   611.000000   611.000000   611.000000   611.000000   611.000000   611.000000   611.000000   611.000000   611.000000   611.000000   611.000000   611.000000     0.000000
     0.000000   611.000000   611.000000   611.000000   611.000000   611.000000   611.000000   611.000000   611.000000   611.000000   611.000000   611.000000   611.000000   611.000000   611.000000   611.000000   611.000000   611.000000   611.000000   611.000000   611.000000   611.000000   611.000000   611.000000   611.000000   611.000000   611.000000   611.000000   611.000000   611.000000   611.000000   611.000000   611.000000   611.000000   611.000000   611.000000   611.000000   611.000000   611.000000   611.000000   611.000000   611.000000   611.000000   611.000000   611.000000   611.000000   611.000000   611.000000   611.000000   611.000000   611.000000   611.000000   611.000000   611.000000   611.000000   611.000000   611.000000   611.000000   611.000000   611.000000   611.000000   611.000000   611.000000   611.000000   611.000000   611.000000   611.000000   611.000000   611.000000   611.000000   611.000000   611.000000   611.000000   611.000000   611.000000   611.000000   611.000000   611.000000   611.000000   611.000000   611.000000   611.000000   611.000000   611.000000   611.000000   611.000000   611.000000   611.000000   611.000000   611.000000   611.000000   611.000000   611.000000   611.000000   611.000000   611.000000   611.000000   611.000000   611.000000   611.000000   611.000000   611.000000   611.000000   611.000000   611.000000   611.000000   611.000000   611.000000   611.000000   611.000000   611.000000   611.000000   611.000000   611.000000   611.000000   611.000000   611.000000   611.000000   611.000000   611.000000   611.000000   611.000000   611.000000   611.000000   611.000000   611.000000   611.000000   611.000000   611.000000   611.000000   611.000000   611.000000   611.000000   611.000000   611.000000   611.000000   611.000000   611.000000   611.000000   611.000000   611.000000   611.000000   611.000000   611.000000   611.000000   611.000000   611.000000   611.000000   611.000000   611.000000   611.000000   611.000000   611.000000   611.000000   611.000000   611.000000   611.000000   611.000000   611.000000   611.000000   611.000000     0.000000
     0.000000   611.000000   611.000000   611.000000   611.000000   611.000000   611.000000   611.000000   611.000000   611.000000   611.000000   611.000000   611.000000   611.000000   611.000000   611.000000   611.000000   611.000000   611.000000   611.000000   611.000000   611.000000   611.000000   611.000000   611.000000   611.000000   611.000000   611.000000   611.000000   611.000000   611.000000   611.000000   611.000000   611.000000   611.000000   611.000000   611.000000   611.000000   611.000000   611.000000   611.000000   611.000000   611.000000   611.000000   611.000000   611.000000   611.000000   611.000000   611.000000   611.000000   611.000000   611.000000   611.000000   611.000000   611.000000   611.000000   611.000000   611.000000   611.000000   611.000000   611.000000   611.000000   611.000000   611.000000   611.000000   611.000000   611.000000   611.000000   611.000000   611.000000   611.000000   611.000000   611.000000   611.000000   611.000000   611.000000   611.000000   611.000000   611.000000   611.000000   611.000000   611.000000   611.000000   611.000000   611.000000   611.000000   611.000000   611.000000   611.000000   611.000000   611.000000   611.000000   611.000000   611.000000   611.000000   611.000000   611.000000   611.000000   611.000000   611.000000   611.000000   611.000000   611.000000   611.000000   611.000000   611.000000   611.000000   611.000000   611.000000   611.000000   611.000000   611.000000   611.000000   611.000000   611.000000   611.000000   611.000000   611.000000   611.000000   611.000000   611.000000   611.000000   611.000000   611.000000   611.000000   611.000000   611.000000   611.000000   611.000000   611.000000   611.000000   611.000000   611.000000   611.000000   611.000000   611.000000   611.000000   611.000000   611.000000   611.000000   611.000000   611.000000   611.000000   611.000000   611.000000   611.000000   611.000000   611.000000   611.000000   611.000000   611.000000   611.000000   611.000000   611.000000   611.000000   611.000000   611.000000   611.000000   611.000000   611.000000   611.000000     0.000000
     0.000000   611.000000   611.000000   611.000000   611.000000   611.000000   611.000000   611.000000   611.000000   611.000000   611.000000   611.000000   611.000000   611.000000   611.000000   611.000000   611.000000   611.000000   611.000000   611.000000   611.000000   611.000000   611.000000   611.000000   611.000000   611.000000   611.000000   611.000000   611.000000   611.000000   611.000000   611.000000   611.000000   611.000000   611.000000   611.000000   611.000000   611.000000   611.000000   611.000000   611.000000   611.000000   611.000000   611.000000   611.000000   611.000000   611.000000   611.000000   611.000000   611.000000   611.000000   611.000000   611.000000   611.000000   611.000000   611.000000   611.000000   611.000000   611.000000   611.000000   611.000000   611.000000   611.000000   611.000000   611.000000   611.000000   611.000000   611.000000   611.000000   611.000000   611.000000   611.000000   611.000000   611.000000   611.000000   611.000000   611.000000   611.000000   611.000000   611.000000   611.000000   611.000000   611.000000   611.000000   611.000000   611.000000   611.000000   611.000000   611.000000   611.000000   611.000000   611.000000   611.000000   611.000000   611.000000   611.000000   611.000000   611.000000   611.000000   611.000000   611.000000   611.000000   611.000000   611.000000   611.000000   611.000000   611.000000   611.000000   611.000000   611.000000   611.000000   611.000000   611.000000   611.000000   611.000000   611.000000   611.000000   611.000000   611.000000   611.000000   611.000000   611.000000   611.000000   611.000000   611.000000   611.000000   611.000000   611.000000   611.000000   611.000000   611.000000   611.000000   611.000000   611.000000   611.000000   611.000000   611.000000   611.000000   611.000000   611.000000   611.000000   611.000000   611.000000   611.000000   611.000000   611.000000   611.000000   611.000000   611.000000   611.000000   611.000000   611.000000   611.000000   611.000000   611.000000   611.000000   611.000000   611.000000   611.000000   611.000000   611.000000     0.000000
     0.000000   611.000000   611.000000   611.000000   611.000000   611.000000   611.000000   611.000000   611.000000   611.000000   611.000000   611.000000   611.000000   611.000000   611.000000   611.000000   611.000000   611.000000   611.000000   611.000000   611.000000   611.000000   611.000000   611.000000   611.000000   611.000000   611.000000   611.000000   611.000000   611.000000   611.000000   611.000000   611.000000   611.000000   611.000000   611.000000   611.000000   611.000000   611.000000   611.000000   611.000000   611.000000   611.000000   611.000000   611.000000   611.000000   611.000000   611.000000   611.000000   611.000000   611.000000   611.000000   611.000000   611.000000   611.000000   611.000000   611.000000   611.000000   611.000000   611.000000   611.000000   611.000000   611.000000   611.000000   611.000000   611.000000   611.000000   611.000000   611.000000   611.000000   611.000000   611.000000   611.000000   611.000000   611.000000   611.000000   611.000000   611.000000   611.000000   611.000000   611.000000   611.000000   611.000000   611.000000   611.000000   611.000000   611.000000   611.000000   611.000000   611.000000   611.000000   611.000000   611.000000   611.000000   611.000000   611.000000   611.000000   611.000000   611.000000   611.000000   611.000000   611.000000   611.000000   611.000000   611.000000   611.000000   611.000000   611.000000   611.000000   611.000000   611.000000   611.000000   611.000000   611.000000   611.000000   611.000000   611.000000   611.000000   611.000000   611.000000   611.000000   611.000000   611.000000   611.000000   611.000000   611.000000   611.000000   611.000000   611.000000   611.000000   611.000000   611.000000   611.000000   611.000000   611.000000   611.000000   611.000000   611.000000   611.000000   611.000000   611.000000   611.000000   611.000000   611.000000   611.000000   611.000000   611.000000   611.000000   611.000000   611.000000   611.000000   611.000000   611.000000   611.000000   611.000000   611.000000   611.000000   611.000000   611.000000   611.000000   611.000000     0.000000
     0.000000   611.000000   611.000000   611.000000   611.000000   611.000000   611.000000   611.000000   611.000000   611.000000   611.000000   611.000000   611.000000   611.000000   611.000000   611.000000   611.000000   611.000000   611.000000   611.000000   611.000000   611.000000   611.000000   611.000000   611.000000   611.000000   611.000000   611.000000   611.000000   611.000000   611.000000   611.000000   611.000000   611.000000   611.000000   611.000000   611.000000   611.000000   611.000000   611.000000   611.000000   611.000000   611.000000   611.000000   611.000000   611.000000   611.000000   611.000000   611.000000   611.000000   611.000000   611.000000   611.000000   611.000000   611.000000   611.000000   611.000000   611.000000   611.000000   611.000000   611.000000   611.000000   611.000000   611.000000   611.000000   611.000000   611.000000   611.000000   611.000000   611.000000   611.000000   611.000000   611.000000   611.000000   611.000000   611.000000   611.000000   611.000000   611.000000   611.000000   611.000000   611.000000   611.000000   611.000000   611.000000   611.000000   611.000000   611.000000   611.000000   611.000000   611.000000   611.000000   611.000000   611.000000   611.000000   611.000000   611.000000   611.000000   611.000000   611.000000   611.000000   611.000000   611.000000   611.000000   611.000000   611.000000   611.000000   611.000000   611.000000   611.000000   611.000000   611.000000   611.000000   611.000000   611.000000   611.000000   611.000000   611.000000   611.000000   611.000000   611.000000   611.000000   611.000000   611.000000   611.000000   611.000000   611.000000   611.000000   611.000000   611.000000   611.000000   611.000000   611.000000   611.000000   611.000000   611.000000   611.000000   611.000000   611.000000   611.000000   611.000000   611.000000   611.000000   611.000000   611.000000   611.000000   611.000000   611.000000   611.000000   611.000000   611.000000   611.000000   611.000000   611.000000   611.000000   611.000000   611.000000   611.000000   611.000000   611.000000   611.000000     0.000000
     0.000000   611.000000   611.000000   611.000000   611.000000   611.000000   611.000000   611.000000   611.000000   611.000000   611.000000   611.000000   611.000000   611.000000   611.000000   611.000000   611.000000   611.000000   611.000000   611.000000   611.000000   611.000000   611.000000   611.000000   611.000000   611.000000   611.000000   611.000000   611.000000   611.000000   611.000000   611.000000   611.000000   611.000000   611.000000   611.000000   611.000000   611.000000   611.000000   611.000000   611.000000   611.000000   611.000000   611.000000   611.000000   611.000000   611.000000   611.000000   611.000000   611.000000   611.000000   611.000000   611.000000   611.000000   611.000000   611.000000   611.000000   611.000000   611.000000   611.000000   611.000000   611.000000   611.000000   611.000000   611.000000   611.000000   611.000000   611.000000   611.000000   611.000000   611.000000   611.000000   611.000000   611.000000   611.000000   611.000000   611.000000   611.000000   611.000000   611.000000   611.000000   611.000000   611.000000   611.000000   611.000000   611.000000   611.000000   611.000000   611.000000   611.000000   611.000000   611.000000   611.000000   611.000000   611.000000   611.000000   611.000000   611.000000   611.000000   611.000000   611.000000   611.000000   611.000000   611.000000   611.000000   611.000000   611.000000   611.000000   611.000000   611.000000   611.000000   611.000000   611.000000   611.000000   611.000000   611.000000   611.000000   611.000000   611.000000   611.000000   611.000000   611.000000   611.000000   611.000000   611.000000   611.000000   611.000000   611.000000   611.000000   611.000000   611.000000   611.000000   611.000000   611.000000   611.000000   611.000000   611.000000   611.000000   611.000000   611.000000   611.000000   611.000000   611.000000   611.000000   611.000000   611.000000   611.000000   611.000000   611.000000   611.000000   611.000000   611.000000   611.000000   611.000000   611.000000   611.000000   611.000000   611.000000   611.000000   611.000000   611.000000     0.000000
     0.000000   611.000000   611.000000   611.000000   611.000000   611.000000   611.000000   611.000000   611.000000   611.000000   611.000000   611.000000   611.000000   611.000000   611.000000   611.000000   611.000000   611.000000   611.000000   611.000000   611.000000   611.000000   611.000000   611.000000   611.000000   611.000000   611.000000   611.000000   611.000000   611.000000   611.000000   611.000000   611.000000   611.000000   611.000000   611.000000   611.000000   611.000000   611.000000   611.000000   611.000000   611.000000   611.000000   611.000000   611.000000   611.000000   611.000000   611.000000   611.000000   611.000000   611.000000   611.000000   611.000000   611.000000   611.000000   611.000000   611.000000   611.000000   611.000000   611.000000   611.000000   611.000000   611.000000   611.000000   611.000000   611.000000   611.000000   611.000000   611.000000   611.000000   611.000000   611.000000   611.000000   611.000000   611.000000   611.000000   611.000000   611.000000   611.000000   611.000000   611.000000   611.000000   611.000000   611.000000   611.000000   611.000000   611.000000   611.000000   611.000000   611.000000   611.000000   611.000000   611.000000   611.000000   611.000000   611.000000   611.000000   611.000000   611.000000   611.000000   611.000000   611.000000   611.000000   611.000000   611.000000   611.000000   611.000000   611.000000   611.000000   611.000000   611.000000   611.000000   611.000000   611.000000   611.000000   611.000000   611.000000   611.000000   611.000000   611.000000   611.000000   611.000000   611.000000   611.000000   611.000000   611.000000   611.000000   611.000000   611.000000   611.000000   611.000000   611.000000   611.000000   611.000000   611.000000   611.000000   611.000000   611.000000   611.000000   611.000000   611.000000   611.000000   611.000000   611.000000   611.000000   611.000000   611.000000   611.000000   611.000000   611.000000   611.000000   611.000000   611.000000   611.000000   611.000000   611.000000   611.000000   611.000000   611.000000   611.000000   611.000000     0.000000
     0.000000   611.000000   611.000000   611.000000   611.000000   611.000000   611.000000   611.000000   611.000000   611.000000   611.000000   611.000000   611.000000   611.000000   611.000000   611.000000   611.000000   611.000000   611.000000   611.000000   611.000000   611.000000   611.000000   611.000000   611.000000   611.000000   611.000000   611.000000   611.000000   611.000000   611.000000   611.000000   611.000000   611.000000   611.000000   611.000000   611.000000   611.000000   611.000000   611.000000   611.000000   611.000000   611.000000   611.000000   611.000000   611.000000   611.000000   611.000000   611.000000   611.000000   611.000000   611.000000   611.000000   611.000000   611.000000   611.000000   611.000000   611.000000   611.000000   611.000000   611.000000   611.000000   611.000000   611.000000   611.000000   611.000000   611.000000   611.000000   611.000000   611.000000   611.000000   611.000000   611.000000   611.000000   611.000000   611.000000   611.000000   611.000000   611.000000   611.000000   611.000000   611.000000   611.000000   611.000000   611.000000   611.000000   611.000000   611.000000   611.000000   611.000000   611.000000   611.000000   611.000000   611.000000   611.000000   611.000000   611.000000   611.000000   611.000000   611.000000   611.000000   611.000000   611.000000   611.000000   611.000000   611.000000   611.000000   611.000000   611.000000   611.000000   611.000000   611.000000   611.000000   611.000000   611.000000   611.000000   611.000000   611.000000   611.000000   611.000000   611.000000   611.000000   611.000000   611.000000   611.000000   611.000000   611.000000   611.000000   611.000000   611.000000   611.000000   611.000000   611.000000   611.000000   611.000000   611.000000   611.000000   611.000000   611.000000   611.000000   611.000000   611.000000   611.000000   611.000000   611.000000   611.000000   611.000000   611.000000   611.000000   611.000000   611.000000   611.000000   611.000000   611.000000   611.000000   611.000000   611.000000   611.000000   611.000000   611.000000   611.000000     0.000000
     0.000000   611.000000   611.000000   611.000000   611.000000   611.000000   611.000000   611.000000   611.000000   611.000000   611.000000   611.000000   611.000000   611.000000   611.000000   611.000000   611.000000   611.000000   611.000000   611.000000   611.000000   611.000000   611.000000   611.000000   611.000000   611.000000   611.000000   611.000000   611.000000   611.000000   611.000000   611.000000   611.000000   611.000000   611.000000   611.000000   611.000000   611.000000   611.000000   611.000000   611.000000   611.000000   611.000000   611.000000   611.000000   611.000000   611.000000   611.000000   611.000000   611.000000   611.000000   611.000000   611.000000   611.000000   611.000000   611.000000   611.000000   611.000000   611.000000   611.000000   611.000000   611.000000   611.000000   611.000000   611.000000   611.000000   611.000000   611.000000   611.000000   611.000000   611.000000   611.000000   611.000000   611.000000   611.000000   611.000000   611.000000   611.000000   611.000000   611.000000   611.000000   611.000000   611.000000   611.000000   611.000000   611.000000   611.000000   611.000000   611.000000   611.000000   611.000000   611.000000   611.000000   611.000000   611.000000   611.000000   611.000000   611.000000   611.000000   611.000000   611.000000   611.000000   611.000000   611.000000   611.000000   611.000000   611.000000   611.000000   611.000000   611.000000   611.000000   611.000000   611.000000   611.000000   611.000000   611.000000   611.000000   611.000000   611.000000   611.000000   611.000000   611.000000   611.000000   611.000000   611.000000   611.000000   611.000000   611.000000   611.000000   611.000000   611.000000   611.000000   611.000000   611.000000   611.000000   611.000000   611.000000   611.000000   611.000000   611.000000   611.000000   611.000000   611.000000   611.000000   611.000000   611.000000   611.000000   611.000000   611.000000   611.000000   611.000000   611.000000   611.000000   611.000000   611.000000   611.000000   611.000000   611.000000   611.000000   611.000000   611.000000     0.000000
     0.000000   611.000000   611.000000   611.000000   611.000000   611.000000   611.000000   611.000000   611.000000   611.000000   611.000000   611.000000   611.000000   611.000000   611.000000   611.000000   611.000000   611.000000   611.000000   611.000000   611.000000   611.000000   611.000000   611.000000   611.000000   611.000000   611.000000   611.000000   611.000000   611.000000   611.000000   611.000000   611.000000   611.000000   611.000000   611.000000   611.000000   611.000000   611.000000   611.000000   611.000000   611.000000   611.000000   611.000000   611.000000   611.000000   611.000000   611.000000   611.000000   611.000000   611.000000   611.000000   611.000000   611.000000   611.000000   611.000000   611.000000   611.000000   611.000000   611.000000   611.000000   611.000000   611.000000   611.000000   611.000000   611.000000   611.000000   611.000000   611.000000   611.000000   611.000000   611.000000   611.000000   611.000000   611.000000   611.000000   611.000000   611.000000   611.000000   611.000000   611.000000   611.000000   611.000000   611.000000   611.000000   611.000000   611.000000   611.000000   611.000000   611.000000   611.000000   611.000000   611.000000   611.000000   611.000000   611.000000   611.000000   611.000000   611.000000   611.000000   611.000000   611.000000   611.000000   611.000000   611.000000   611.000000   611.000000   611.000000   611.000000   611.000000   611.000000   611.000000   611.000000   611.000000   611.000000   611.000000   611.000000   611.000000   611.000000   611.000000   611.000000   611.000000   611.000000   611.000000   611.000000   611.000000   611.000000   611.000000   611.000000   611.000000   611.000000   611.000000   611.000000   611.000000   611.000000   611.000000   611.000000   611.000000   611.000000   611.000000   611.000000   611.000000   611.000000   611.000000   611.000000   611.000000   611.000000   611.000000   611.000000   611.000000   611.000000   611.000000   611.000000   611.000000   611.000000   611.000000   611.000000   611.000000   611.000000   611.000000   611.000000     0.000000
     0.000000   611.000000   611.000000   611.000000   611.000000   611.000000   611.000000   611.000000   611.000000   611.000000   611.000000   611.000000   611.000000   611.000000   611.000000   611.000000   611.000000   611.000000   611.000000   611.000000   611.000000   611.000000   611.000000   611.000000   611.000000   611.000000   611.000000   611.000000   611.000000   611.000000   611.000000   611.000000   611.000000   611.000000   611.000000   611.000000   611.000000   611.000000   611.000000   611.000000   611.000000   611.000000   611.000000   611.000000   611.000000   611.000000   611.000000   611.000000   611.000000   611.000000   611.000000   611.000000   611.000000   611.000000   611.000000   611.000000   611.000000   611.000000   611.000000   611.000000   611.000000   611.000000   611.000000   611.000000   611.000000   611.000000   611.000000   611.000000   611.000000   611.000000   611.000000   611.000000   611.000000   611.000000   611.000000   611.000000   611.000000   611.000000   611.000000   611.000000   611.000000   611.000000   611.000000   611.000000   611.000000   611.000000   611.000000   611.000000   611.000000   611.000000   611.000000   611.000000   611.000000   611.000000   611.000000   611.000000   611.000000   611.000000   611.000000   611.000000   611.000000   611.000000   611.000000   611.000000   611.000000   611.000000   611.000000   611.000000   611.000000   611.000000   611.000000   611.000000   611.000000   611.000000   611.000000   611.000000   611.000000   611.000000   611.000000   611.000000   611.000000   611.000000   611.000000   611.000000   611.000000   611.000000   611.000000   611.000000   611.000000   611.000000   611.000000   611.000000   611.000000   611.000000   611.000000   611.000000   611.000000   611.000000   611.000000   611.000000   611.000000   611.000000   611.000000   611.000000   611.000000   611.000000   611.000000   611.000000   611.000000   611.000000   611.000000   611.000000   611.000000   611.000000   611.000000   611.000000   611.000000   611.000000   611.000000   611.000000   611.000000     0.000000
     0.000000   611.000000   611.000000   611.000000   611.000000   611.000000   611.000000   611.000000   611.000000   611.000000   611.000000   611.000000   611.000000   611.000000   611.000000   611.000000   611.000000   611.000000   611.000000   611.000000   611.000000   611.000000   611.000000   611.000000   611.000000   611.000000   611.000000   611.000000   611.000000   611.000000   611.000000   611.000000   611.000000   611.000000   611.000000   611.000000   611.000000   611.000000   611.000000   611.000000   611.000000   611.000000   611.000000   611.000000   611.000000   611.000000   611.000000   611.000000   611.000000   611.000000   611.000000   611.000000   611.000000   611.000000   611.000000   611.000000   611.000000   611.000000   611.000000   611.000000   611.000000   611.000000   611.000000   611.000000   611.000000   611.000000   611.000000   611.000000   611.000000   611.000000   611.000000   611.000000   611.000000   611.000000   611.000000   611.000000   611.000000   611.000000   611.000000   611.000000   611.000000   611.000000   611.000000   611.000000   611.000000   611.000000   611.000000   611.000000   611.000000   611.000000   611.000000   611.000000   611.000000   611.000000   611.000000   611.000000   611.000000   611.000000   611.000000   611.000000   611.000000   611.000000   611.000000   611.000000   611.000000   611.000000   611.000000   611.000000   611.000000   611.000000   611.000000   611.000000   611.000000   611.000000   611.000000   611.000000   611.000000   611.000000   611.000000   611.000000   611.000000   611.000000   611.000000   611.000000   611.000000   611.000000   611.000000   611.000000   611.000000   611.000000   611.000000   611.000000   611.000000   611.000000   611.000000   611.000000   611.000000   611.000000   611.000000   611.000000   611.000000   611.000000   611.000000   611.000000   611.000000   611.000000   611.000000   611.000000   611.000000   611.000000   611.000000   611.000000   611.000000   611.000000   611.000000   611.000000   611.000000   611.000000   611.000000   611.000000   611.000000     0.000000
     0.000000   611.000000   611.000000   611.000000   611.000000   611.000000   611.000000   611.000000   611.000000   611.000000   611.000000   611.000000   611.000000   611.000000   611.000000   611.000000   611.000000   611.000000   611.000000   611.000000   611.000000   611.000000   611.000000   611.000000   611.000000   611.000000   611.000000   611.000000   611.000000   611.000000   611.000000   611.000000   611.000000   611.000000   611.000000   611.000000   611.000000   611.000000   611.000000   611.000000   611.000000   611.000000   611.000000   611.000000   611.000000   611.000000   611.000000   611.000000   611.000000   611.000000   611.000000   611.000000   611.000000   611.000000   611.000000   611.000000   611.000000   611.000000   611.000000   611.000000   611.000000   611.000000   611.000000   611.000000   611.000000   611.000000   611.000000   611.000000   611.000000   611.000000   611.000000   611.000000   611.000000   611.000000   611.000000   611.000000   611.000000   611.000000   611.000000   611.000000   611.000000   611.000000   611.000000   611.000000   611.000000   611.000000   611.000000   611.000000   611.000000   611.000000   611.000000   611.000000   611.000000   611.000000   611.000000   611.000000   611.000000   611.000000   611.000000   611.000000   611.000000   611.000000   611.000000   611.000000   611.000000   611.000000   611.000000   611.000000   611.000000   611.000000   611.000000   611.000000   611.000000   611.000000   611.000000   611.000000   611.000000   611.000000   611.000000   611.000000   611.000000   611.000000   611.000000   611.000000   611.000000   611.000000   611.000000   611.000000   611.000000   611.000000   611.000000   611.000000   611.000000   611.000000   611.000000   611.000000   611.000000   611.000000   611.000000   611.000000   611.000000   611.000000   611.000000   611.000000   611.000000   611.000000   611.000000   611.000000   611.000000   611.000000   611.000000   611.000000   611.000000   611.000000   611.000000   611.000000   611.000000   611.000000   611.000000   611.000000   611.000000     0.000000
     0.000000   611.000000   611.000000   611.000000   611.000000   611.000000   611.000000   611.000000   611.000000   611.000000   611.000000   611.000000   611.000000   611.000000   611.000000   611.000000   611.000000   611.000000   611.000000   611.000000   611.000000   611.000000   611.000000   611.000000   611.000000   611.000000   611.000000   611.000000   611.000000   611.000000   611.000000   611.000000   611.000000   611.000000   611.000000   611.000000   611.000000   611.000000   611.000000   611.000000   611.000000   611.000000   611.000000   611.000000   611.000000   611.000000   611.000000   611.000000   611.000000   611.000000   611.000000   611.000000   611.000000   611.000000   611.000000   611.000000   611.000000   611.000000   611.000000   611.000000   611.000000   611.000000   611.000000   611.000000   611.000000   611.000000   611.000000   611.000000   611.000000   611.000000   611.000000   611.000000   611.000000   611.000000   611.000000   611.000000   611.000000   611.000000   611.000000   611.000000   611.000000   611.000000   611.000000   611.000000   611.000000   611.000000   611.000000   611.000000   611.000000   611.000000   611.000000   611.000000   611.000000   611.000000   611.000000   611.000000   611.000000   611.000000   611.000000   611.000000   611.000000   611.000000   611.000000   611.000000   611.000000   611.000000   611.000000   611.000000   611.000000   611.000000   611.000000   611.000000   611.000000   611.000000   611.000000   611.000000   611.000000   611.000000   611.000000   611.000000   611.000000   611.000000   611.000000   611.000000   611.000000   611.000000   611.000000   611.000000   611.000000   611.000000   611.000000   611.000000   611.000000   611.000000   611.000000   611.000000   611.000000   611.000000   611.000000   611.000000   611.000000   611.000000   611.000000   611.000000   611.000000   611.000000   611.000000   611.000000   611.000000   611.000000   611.000000   611.000000   611.000000   611.000000   611.000000   611.000000   611.000000   611.000000   611.000000   611.000000   611.000000     0.000000
     0.000000   611.000000   611.000000   611.000000   611.000000   611.000000   611.000000   611.000000   611.000000   611.000000   611.000000   611.000000   611.000000   611.000000   611.000000   611.000000   611.000000   611.000000   611.000000   611.000000   611.000000   611.000000   611.000000   611.000000   611.000000   611.000000   611.000000   611.000000   611.000000   611.000000   611.000000   611.000000   611.000000   611.000000   611.000000   611.000000   611.000000   611.000000   611.000000   611.000000   611.000000   611.000000   611.000000   611.000000   611.000000   611.000000   611.000000   611.000000   611.000000   611.000000   611.000000   611.000000   611.000000   611.000000   611.000000   611.000000   611.000000   611.000000   611.000000   611.000000   611.000000   611.000000   611.000000   611.000000   611.000000   611.000000   611.000000   611.000000   611.000000   611.000000   611.000000   611.000000   611.000000   611.000000   611.000000   611.000000   611.000000   611.000000   611.000000   611.000000   611.000000   611.000000   611.000000   611.000000   611.000000   611.000000   611.000000   611.000000   611.000000   611.000000   611.000000   611.000000   611.000000   611.000000   611.000000   611.000000   611.000000   611.000000   611.000000   611.000000   611.000000   611.000000   611.000000   611.000000   611.000000   611.000000   611.000000   611.000000   611.000000   611.000000   611.000000   611.000000   611.000000   611.000000   611.000000   611.000000   611.000000   611.000000   611.000000   611.000000   611.000000   611.000000   611.000000   611.000000   611.000000   611.000000   611.000000   611.000000   611.000000   611.000000   611.000000   611.000000   611.000000   611.000000   611.000000   611.000000   611.000000   611.000000   611.000000   611.000000   611.000000   611.000000   611.000000   611.000000   611.000000   611.000000   611.000000   611.000000   611.000000   611.000000   611.000000   611.000000   611.000000   611.000000   611.000000   611.000000   611.000000   611.000000   611.000000   611.000000   611.000000     0.000000
     0.000000   611.000000   611.000000   611.000000   611.000000   611.000000   611.000000   611.000000   611.000000   611.000000   611.000000   611.000000   611.000000   611.000000   611.000000   611.000000   611.000000   611.000000   611.000000   611.000000   611.000000   611.000000   611.000000   611.000000   611.000000   611.000000   611.000000   611.000000   611.000000   611.000000   611.000000   611.000000   611.000000   611.000000   611.000000   611.000000   611.000000   611.000000   611.000000   611.000000   611.000000   611.000000   611.000000   611.000000   611.000000   611.000000   611.000000   611.000000   611.000000   611.000000   611.000000   611.000000   611.000000   611.000000   611.000000   611.000000   611.000000   611.000000   611.000000   611.000000   611.000000   611.000000   611.000000   611.000000   611.000000   611.000000   611.000000   611.000000   611.000000   611.000000   611.000000   611.000000   611.000000   611.000000   611.000000   611.000000   611.000000   611.000000   611.000000   611.000000   611.000000   611.000000   611.000000   611.000000   611.000000   611.000000   611.000000   611.000000   611.000000   611.000000   611.000000   611.000000   611.000000   611.000000   611.000000   611.000000   611.000000   611.000000   611.000000   611.000000   611.000000   611.000000   611.000000   611.000000   611.000000   611.000000   611.000000   611.000000   611.000000   611.000000   611.000000   611.000000   611.000000   611.000000   611.000000   611.000000   611.000000   611.000000   611.000000   611.000000   611.000000   611.000000   611.000000   611.000000   611.000000   611.000000   611.000000   611.000000   611.000000   611.000000   611.000000   611.000000   611.000000   611.000000   611.000000   611.000000   611.000000   611.000000   611.000000   611.000000   611.000000   611.000000   611.000000   611.000000   611.000000   611.000000   611.000000   611.000000   611.000000   611.000000   611.000000   611.000000   611.000000   611.000000   611.000000   611.000000   611.000000   611.000000   611.000000   611.000000   611.000000     0.000000
     0.000000   611.000000   611.000000   611.000000   611.000000   611.000000   611.000000   611.000000   611.000000   611.000000   611.000000   611.000000   611.000000   611.000000   611.000000   611.000000   611.000000   611.000000   611.000000   611.000000   611.000000   611.000000   611.000000   611.000000   611.000000   611.000000   611.000000   611.000000   611.000000   611.000000   611.000000   611.000000   611.000000   611.000000   611.000000   611.000000   611.000000   611.000000   611.000000   611.000000   611.000000   611.000000   611.000000   611.000000   611.000000   611.000000   611.000000   611.000000   611.000000   611.000000   611.000000   611.000000   611.000000   611.000000   611.000000   611.000000   611.000000   611.000000   611.000000   611.000000   611.000000   611.000000   611.000000   611.000000   611.000000   611.000000   611.000000   611.000000   611.000000   611.000000   611.000000   611.000000   611.000000   611.000000   611.000000   611.000000   611.000000   611.000000   611.000000   611.000000   611.000000   611.000000   611.000000   611.000000   611.000000   611.000000   611.000000   611.000000   611.000000   611.000000   611.000000   611.000000   611.000000   611.000000   611.000000   611.000000   611.000000   611.000000   611.000000   611.000000   611.000000   611.000000   611.000000   611.000000   611.000000   611.000000   611.000000   611.000000   611.000000   611.000000   611.000000   611.000000   611.000000   611.000000   611.000000   611.000000   611.000000   611.000000   611.000000   611.000000   611.000000   611.000000   611.000000   611.000000   611.000000   611.000000   611.000000   611.000000   611.000000   611.000000   611.000000   611.000000   611.000000   611.000000   611.000000   611.000000   611.000000   611.000000   611.000000   611.000000   611.000000   611.000000   611.000000   611.000000   611.000000   611.000000   611.000000   611.000000   611.000000   611.000000   611.000000   611.000000   611.000000   611.000000   611.000000   611.000000   611.000000   611.000000   611.000000   611.000000   611.000000     0.000000
     0.000000   611.000000   611.000000   611.000000   611.000000   611.000000   611.000000   611.000000   611.000000   611.000000   611.000000   611.000000   611.000000   611.000000   611.000000   611.000000   611.000000   611.000000   611.000000   611.000000   611.000000   611.000000   611.000000   611.000000   611.000000   611.000000   611.000000   611.000000   611.000000   611.000000   611.000000   611.000000   611.000000   611.000000   611.000000   611.000000   611.000000   611.000000   611.000000   611.000000   611.000000   611.000000   611.000000   611.000000   611.000000   611.000000   611.000000   611.000000   611.000000   611.000000   611.000000   611.000000   611.000000   611.000000   611.000000   611.000000   611.000000   611.000000   611.000000   611.000000   611.000000   611.000000   611.000000   611.000000   611.000000   611.000000   611.000000   611.000000   611.000000   611.000000   611.000000   611.000000   611.000000   611.000000   611.000000   611.000000   611.000000   611.000000   611.000000   611.000000   611.000000   611.000000   611.000000   611.000000   611.000000   611.000000   611.000000   611.000000   611.000000   611.000000   611.000000   611.000000   611.000000   611.000000   611.000000   611.000000   611.000000   611.000000   611.000000   611.000000   611.000000   611.000000   611.000000   611.000000   611.000000   611.000000   611.000000   611.000000   611.000000   611.000000   611.000000   611.000000   611.000000   611.000000   611.000000   611.000000   611.000000   611.000000   611.000000   611.000000   611.000000   611.000000   611.000000   611.000000   611.000000   611.000000   611.000000   611.000000   611.000000   611.000000   611.000000   611.000000   611.000000   611.000000   611.000000   611.000000   611.000000   611.000000   611.000000   611.000000   611.000000   611.000000   611.000000   611.000000   611.000000   611.000000   611.000000   611.000000   611.000000   611.000000   611.000000   611.000000   611.000000   611.000000   611.000000   611.000000   611.000000   611.000000   611.000000   611.000000   611.000000     0.000000
     0.000000   611.000000   611.000000   611.000000   611.000000   611.000000   611.000000   611.000000   611.000000   611.000000   611.000000   611.000000   611.000000   611.000000   611.000000   611.000000   611.000000   611.000000   611.000000   611.000000   611.000000   611.000000   611.000000   611.000000   611.000000   611.000000   611.000000   611.000000   611.000000   611.000000   611.000000   611.000000   611.000000   611.000000   611.000000   611.000000   611.000000   611.000000   611.000000   611.000000   611.000000   611.000000   611.000000   611.000000   611.000000   611.000000   611.000000   611.000000   611.000000   611.000000   611.000000   611.000000   611.000000   611.000000   611.000000   611.000000   611.000000   611.000000   611.000000   611.000000   611.000000   611.000000   611.000000   611.000000   611.000000   611.000000   611.000000   611.000000   611.000000   611.000000   611.000000   611.000000   611.000000   611.000000   611.000000   611.000000   611.000000   611.000000   611.000000   611.000000   611.000000   611.000000   611.000000   611.000000   611.000000   611.000000   611.000000   611.000000   611.000000   611.000000   611.000000   611.000000   611.000000   611.000000   611.000000   611.000000   611.000000   611.000000   611.000000   611.000000   611.000000   611.000000   611.000000   611.000000   611.000000   611.000000   611.000000   611.000000   611.000000   611.000000   611.000000   611.000000   611.000000   611.000000   611.000000   611.000000   611.000000   611.000000   611.000000   611.000000   611.000000   611.000000   611.000000   611.000000   611.000000   611.000000   611.000000   611.000000   611.000000   611.000000   611.000000   611.000000   611.000000   611.000000   611.000000   611.000000   611.000000   611.000000   611.000000   611.000000   611.000000   611.000000   611.000000   611.000000   611.000000   611.000000   611.000000   611.000000   611.000000   611.000000   611.000000   611.000000   611.000000   611.000000   611.000000   611.000000   611.000000   611.000000   611.000000   611.000000   611.000000     0.000000
     0.000000   611.000000   611.000000   611.000000   611.000000   611.000000   611.000000   611.000000   611.000000   611.000000   611.000000   611.000000   611.000000   611.000000   611.000000   611.000000   611.000000   611.000000   611.000000   611.000000   611.000000   611.000000   611.000000   611.000000   611.000000   611.000000   611.000000   611.000000   611.000000   611.000000   611.000000   611.000000   611.000000   611.000000   611.000000   611.000000   611.000000   611.000000   611.000000   611.000000   611.000000   611.000000   611.000000   611.000000   611.000000   611.000000   611.000000   611.000000   611.000000   611.000000   611.000000   611.000000   611.000000   611.000000   611.000000   611.000000   611.000000   611.000000   611.000000   611.000000   611.000000   611.000000   611.000000   611.000000   611.000000   611.000000   611.000000   611.000000   611.000000   611.000000   611.000000   611.000000   611.000000   611.000000   611.000000   611.000000   611.000000   611.000000   611.000000   611.000000   611.000000   611.000000   611.000000   611.000000   611.000000   611.000000   611.000000   611.000000   611.000000   611.000000   611.000000   611.000000   611.000000   611.000000   611.000000   611.000000   611.000000   611.000000   611.000000   611.000000   611.000000   611.000000   611.000000   611.000000   611.000000   611.000000   611.000000   611.000000   611.000000   611.000000   611.000000   611.000000   611.000000   611.000000   611.000000   611.000000   611.000000   611.000000   611.000000   611.000000   611.000000   611.000000   611.000000   611.000000   611.000000   611.000000   611.000000   611.000000   611.000000   611.000000   611.000000   611.000000   611.000000   611.000000   611.000000   611.000000   611.000000   611.000000   611.000000   611.000000   611.000000   611.000000   611.000000   611.000000   611.000000   611.000000   611.000000   611.000000   611.000000   611.000000   611.000000   611.000000   611.000000   611.000000   611.000000   611.000000   611.000000   611.000000   611.000000   611.000000   611.000000     0.000000
     0.000000   611.000000   611.000000   611.000000   611.000000   611.000000   611.000000   611.000000   611.000000   611.000000   611.000000   611.000000   611.000000   611.000000   611.000000   611.000000   611.000000   611.000000   611.000000   611.000000   611.000000   611.000000   611.000000   611.000000   611.000000   611.000000   611.000000   611.000000   611.000000   611.000000   611.000000   611.000000   611.000000   611.000000   611.000000   611.000000   611.000000   611.000000   611.000000   611.000000   611.000000   611.000000   611.000000   611.000000   611.000000   611.000000   611.000000   611.000000   611.000000   611.000000   611.000000   611.000000   611.000000   611.000000   611.000000   611.000000   611.000000   611.000000   611.000000   611.000000   611.000000   611.000000   611.000000   611.000000   611.000000   611.000000   611.000000   611.000000   611.000000   611.000000   611.000000   611.000000   611.000000   611.000000   611.000000   611.000000   611.000000   611.000000   611.000000   611.000000   611.000000   611.000000   611.000000   611.000000   611.000000   611.000000   611.000000   611.000000   611.000000   611.000000   611.000000   611.000000   611.000000   611.000000   611.000000   611.000000   611.000000   611.000000   611.000000   611.000000   611.000000   611.000000   611.000000   611.000000   611.000000   611.000000   611.000000   611.000000   611.000000   611.000000   611.000000   611.000000   611.000000   611.000000   611.000000   611.000000   611.000000   611.000000   611.000000   611.000000   611.000000   611.000000   611.000000   611.000000   611.000000   611.000000   611.000000   611.000000   611.000000   611.000000   611.000000   611.000000   611.000000   611.000000   611.000000   611.000000   611.000000   611.000000   611.000000   611.000000   611.000000   611.000000   611.000000   611.000000   611.000000   611.000000   611.000000   611.000000   611.000000   611.000000   611.000000   611.000000   611.000000   611.000000   611.000000   611.000000   611.000000   611.000000   611.000000   611.000000   611.000000     0.000000
     0.000000   611.000000   611.000000   611.000000   611.000000   611.000000   611.000000   611.000000   611.000000   611.000000   611.000000   611.000000   611.000000   611.000000   611.000000   611.000000   611.000000   611.000000   611.000000   611.000000   611.000000   611.000000   611.000000   611.000000   611.000000   611.000000   611.000000   611.000000   611.000000   611.000000   611.000000   611.000000   611.000000   611.000000   611.000000   611.000000   611.000000   611.000000   611.000000   611.000000   611.000000   611.000000   611.000000   611.000000   611.000000   611.000000   611.000000   611.000000   611.000000   611.000000   611.000000   611.000000   611.000000   611.000000   611.000000   611.000000   611.000000   611.000000   611.000000   611.000000   611.000000   611.000000   611.000000   611.000000   611.000000   611.000000   611.000000   611.000000   611.000000   611.000000   611.000000   611.000000   611.000000   611.000000   611.000000   611.000000   611.000000   611.000000   611.000000   611.000000   611.000000   611.000000   611.000000   611.000000   611.000000   611.000000   611.000000   611.000000   611.000000   611.000000   611.000000   611.000000   611.000000   611.000000   611.000000   611.000000   611.000000   611.000000   611.000000   611.000000   611.000000   611.000000   611.000000   611.000000   611.000000   611.000000   611.000000   611.000000   611.000000   611.000000   611.000000   611.000000   611.000000   611.000000   611.000000   611.000000   611.000000   611.000000   611.000000   611.000000   611.000000   611.000000   611.000000   611.000000   611.000000   611.000000   611.000000   611.000000   611.000000   611.000000   611.000000   611.000000   611.000000   611.000000   611.000000   611.000000   611.000000   611.000000   611.000000   611.000000   611.000000   611.000000   611.000000   611.000000   611.000000   611.000000   611.000000   611.000000   611.000000   611.000000   611.000000   611.000000   611.000000   611.000000   611.000000   611.000000   611.000000   611.000000   611.000000   611.000000   611.000000     0.000000
     0.000000   611.000000   611.000000   611.000000   611.000000   611.000000   611.000000   611.000000   611.000000   611.000000   611.000000   611.000000   611.000000   611.000000   611.000000   611.000000   611.000000   611.000000   611.000000   611.000000   611.000000   611.000000   611.000000   611.000000   611.000000   611.000000   611.000000   611.000000   611.000000   611.000000   611.000000   611.000000   611.000000   611.000000   611.000000   611.000000   611.000000   611.000000   611.000000   611.000000   611.000000   611.000000   611.000000   611.000000   611.000000   611.000000   611.000000   611.000000   611.000000   611.000000   611.000000   611.000000   611.000000   611.000000   611.000000   611.000000   611.000000   611.000000   611.000000   611.000000   611.000000   611.000000   611.000000   611.000000   611.000000   611.000000   611.000000   611.000000   611.000000   611.000000   611.000000   611.000000   611.000000   611.000000   611.000000   611.000000   611.000000   611.000000   611.000000   611.000000   611.000000   611.000000   611.000000   611.000000   611.000000   611.000000   611.000000   611.000000   611.000000   611.000000   611.000000   611.000000   611.000000   611.000000   611.000000   611.000000   611.000000   611.000000   611.000000   611.000000   611.000000   611.000000   611.000000   611.000000   611.000000   611.000000   611.000000   611.000000   611.000000   611.000000   611.000000   611.000000   611.000000   611.000000   611.000000   611.000000   611.000000   611.000000   611.000000   611.000000   611.000000   611.000000   611.000000   611.000000   611.000000   611.000000   611.000000   611.000000   611.000000   611.000000   611.000000   611.000000   611.000000   611.000000   611.000000   611.000000   611.000000   611.000000   611.000000   611.000000   611.000000   611.000000   611.000000   611.000000   611.000000   611.000000   611.000000   611.000000   611.000000   611.000000   611.000000   611.000000   611.000000   611.000000   611.000000   611.000000   611.000000   611.000000   611.000000   611.000000   611.000000     0.000000
     0.000000   611.000000   611.000000   611.000000   611.000000   611.000000   611.000000   611.000000   611.000000   611.000000   611.000000   611.000000   611.000000   611.000000   611.000000   611.000000   611.000000   611.000000   611.000000   611.000000   611.000000   611.000000   611.000000   611.000000   611.000000   611.000000   611.000000   611.000000   611.000000   611.000000   611.000000   611.000000   611.000000   611.000000   611.000000   611.000000   611.000000   611.000000   611.000000   611.000000   611.000000   611.000000   611.000000   611.000000   611.000000   611.000000   611.000000   611.000000   611.000000   611.000000   611.000000   611.000000   611.000000   611.000000   611.000000   611.000000   611.000000   611.000000   611.000000   611.000000   611.000000   611.000000   611.000000   611.000000   611.000000   611.000000   611.000000   611.000000   611.000000   611.000000   611.000000   611.000000   611.000000   611.000000   611.000000   611.000000   611.000000   611.000000   611.000000   611.000000   611.000000   611.000000   611.000000   611.000000   611.000000   611.000000   611.000000   611.000000   611.000000   611.000000   611.000000   611.000000   611.000000   611.000000   611.000000   611.000000   611.000000   611.000000   611.000000   611.000000   611.000000   611.000000   611.000000   611.000000   611.000000   611.000000   611.000000   611.000000   611.000000   611.000000   611.000000   611.000000   611.000000   611.000000   611.000000   611.000000   611.000000   611.000000   611.000000   611.000000   611.000000   611.000000   611.000000   611.000000   611.000000   611.000000   611.000000   611.000000   611.000000   611.000000   611.000000   611.000000   611.000000   611.000000   611.000000   611.000000   611.000000   611.000000   611.000000   611.000000   611.000000   611.000000   611.000000   611.000000   611.000000   611.000000   611.000000   611.000000   611.000000   611.000000   611.000000   611.000000   611.000000   611.000000   611.000000   611.000000   611.000000   611.000000   611.000000   611.000000   611.000000     0.000000
     0.000000   611.000000   611.000000   611.000000   611.000000   611.000000   611.000000   611.000000   611.000000   611.000000   611.000000   611.000000   611.000000   611.000000   611.000000   611.000000   611.000000   611.000000   611.000000   611.000000   611.000000   611.000000   611.000000   611.000000   611.000000   611.000000   611.000000   611.000000   611.000000   611.000000   611.000000   611.000000   611.000000   611.000000   611.000000   611.000000   611.000000   611.000000   611.000000   611.000000   611.000000   611.000000   611.000000   611.000000   611.000000   611.000000   611.000000   611.000000   611.000000   611.000000   611.000000   611.000000   611.000000   611.000000   611.000000   611.000000   611.000000   611.000000   611.000000   611.000000   611.000000   611.000000   611.000000   611.000000   611.000000   611.000000   611.000000   611.000000   611.000000   611.000000   611.000000   611.000000   611.000000   611.000000   611.000000   611.000000   611.000000   611.000000   611.000000   611.000000   611.000000   611.000000   611.000000   611.000000   611.000000   611.000000   611.000000   611.000000   611.000000   611.000000   611.000000   611.000000   611.000000   611.000000   611.000000   611.000000   611.000000   611.000000   611.000000   611.000000   611.000000   611.000000   611.000000   611.000000   611.000000   611.000000   611.000000   611.000000   611.000000   611.000000   611.000000   611.000000   611.000000   611.000000   611.000000   611.000000   611.000000   611.000000   611.000000   611.000000   611.000000   611.000000   611.000000   611.000000   611.000000   611.000000   611.000000   611.000000   611.000000   611.000000   611.000000   611.000000   611.000000   611.000000   611.000000   611.000000   611.000000   611.000000   611.000000   611.000000   611.000000   611.000000   611.000000   611.000000   611.000000   611.000000   611.000000   611.000000   611.000000   611.000000   611.000000   611.000000   611.000000   611.000000   611.000000   611.000000   611.000000   611.000000   611.000000   611.000000   611.000000     0.000000
     0.000000   611.000000   611.000000   611.000000   611.000000   611.000000   611.000000   611.000000   611.000000   611.000000   611.000000   611.000000   611.000000   611.000000   611.000000   611.000000   611.000000   611.000000   611.000000   611.000000   611.000000   611.000000   611.000000   611.000000   611.000000   611.000000   611.000000   611.000000   611.000000   611.000000   611.000000   611.000000   611.000000   611.000000   611.000000   611.000000   611.000000   611.000000   611.000000   611.000000   611.000000   611.000000   611.000000   611.000000   611.000000   611.000000   611.000000   611.000000   611.000000   611.000000   611.000000   611.000000   611.000000   611.000000   611.000000   611.000000   611.000000   611.000000   611.000000   611.000000   611.000000   611.000000   611.000000   611.000000   611.000000   611.000000   611.000000   611.000000   611.000000   611.000000   611.000000   611.000000   611.000000   611.000000   611.000000   611.000000   611.000000   611.000000   611.000000   611.000000   611.000000   611.000000   611.000000   611.000000   611.000000   611.000000   611.000000   611.000000   611.000000   611.000000   611.000000   611.000000   611.000000   611.000000   611.000000   611.000000   611.000000   611.000000   611.000000   611.000000   611.000000   611.000000   611.000000   611.000000   611.000000   611.000000   611.000000   611.000000   611.000000   611.000000   611.000000   611.000000   611.000000   611.000000   611.000000   611.000000   611.000000   611.000000   611.000000   611.000000   611.000000   611.000000   611.000000   611.000000   611.000000   611.000000   611.000000   611.000000   611.000000   611.000000   611.000000   611.000000   611.000000   611.000000   611.000000   611.000000   611.000000   611.000000   611.000000   611.000000   611.000000   611.000000   611.000000   611.000000   611.000000   611.000000   611.000000   611.000000   611.000000   611.000000   611.000000   611.000000   611.000000   611.000000   611.000000   611.000000   611.000000   611.000000   611.000000   611.000000   611.000000     0.000000
     0.000000   611.000000   611.000000   611.000000   611.000000   611.000000   611.000000   611.000000   611.000000   611.000000   611.000000   611.000000   611.000000   611.000000   611.000000   611.000000   611.000000   611.000000   611.000000   611.000000   611.000000   611.000000   611.000000   611.000000   611.000000   611.000000   611.000000   611.000000   611.000000   611.000000   611.000000   611.000000   611.000000   611.000000   611.000000   611.000000   611.000000   611.000000   611.000000   611.000000   611.000000   611.000000   611.000000   611.000000   611.000000   611.000000   611.000000   611.000000   611.000000   611.000000   611.000000   611.000000   611.000000   611.000000   611.000000   611.000000   611.000000   611.000000   611.000000   611.000000   611.000000   611.000000   611.000000   611.000000   611.000000   611.000000   611.000000   611.000000   611.000000   611.000000   611.000000   611.000000   611.000000   611.000000   611.000000   611.000000   611.000000   611.000000   611.000000   611.000000   611.000000   611.000000   611.000000   611.000000   611.000000   611.000000   611.000000   611.000000   611.000000   611.000000   611.000000   611.000000   611.000000   611.000000   611.000000   611.000000   611.000000   611.000000   611.000000   611.000000   611.000000   611.000000   611.000000   611.000000   611.000000   611.000000   611.000000   611.000000   611.000000   611.000000   611.000000   611.000000   611.000000   611.000000   611.000000   611.000000   611.000000   611.000000   611.000000   611.000000   611.000000   611.000000   611.000000   611.000000   611.000000   611.000000   611.000000   611.000000   611.000000   611.000000   611.000000   611.000000   611.000000   611.000000   611.000000   611.000000   611.000000   611.000000   611.000000   611.000000   611.000000   611.000000   611.000000   611.000000   611.000000   611.000000   611.000000   611.000000   611.000000   611.000000   611.000000   611.000000   611.000000   611.000000   611.000000   611.000000   611.000000   611.000000   611.000000   611.000000   611.000000     0.000000
     0.000000   611.000000   611.000000   611.000000   611.000000   611.000000   611.000000   611.000000   611.000000   611.000000   611.000000   611.000000   611.000000   611.000000   611.000000   611.000000   611.000000   611.000000   611.000000   611.000000   611.000000   611.000000   611.000000   611.000000   611.000000   611.000000   611.000000   611.000000   611.000000   611.000000   611.000000   611.000000   611.000000   611.000000   611.000000   611.000000   611.000000   611.000000   611.000000   611.000000   611.000000   611.000000   611.000000   611.000000   611.000000   611.000000   611.000000   611.000000   611.000000   611.000000   611.000000   611.000000   611.000000   611.000000   611.000000   611.000000   611.000000   611.000000   611.000000   611.000000   611.000000   611.000000   611.000000   611.000000   611.000000   611.000000   611.000000   611.000000   611.000000   611.000000   611.000000   611.000000   611.000000   611.000000   611.000000   611.000000   611.000000   611.000000   611.000000   611.000000   611.000000   611.000000   611.000000   611.000000   611.000000   611.000000   611.000000   611.000000   611.000000   611.000000   611.000000   611.000000   611.000000   611.000000   611.000000   611.000000   611.000000   611.000000   611.000000   611.000000   611.000000   611.000000   611.000000   611.000000   611.000000   611.000000   611.000000   611.000000   611.000000   611.000000   611.000000   611.000000   611.000000   611.000000   611.000000   611.000000   611.000000   611.000000   611.000000   611.000000   611.000000   611.000000   611.000000   611.000000   611.000000   611.000000   611.000000   611.000000   611.000000   611.000000   611.000000   611.000000   611.000000   611.000000   611.000000   611.000000   611.000000   611.000000   611.000000   611.000000   611.000000   611.000000   611.000000   611.000000   611.000000   611.000000   611.000000   611.000000   611.000000   611.000000   611.000000   611.000000   611.000000   611.000000   611.000000   611.000000   611.000000   611.000000   611.000000   611.000000   611.000000     0.000000
     0.000000   611.000000   611.000000   611.000000   611.000000   611.000000   611.000000   611.000000   611.000000   611.000000   611.000000   611.000000   611.000000   611.000000   611.000000   611.000000   611.000000   611.000000   611.000000   611.000000   611.000000   611.000000   611.000000   611.000000   611.000000   611.000000   611.000000   611.000000   611.000000   611.000000   611.000000   611.000000   611.000000   611.000000   611.000000   611.000000   611.000000   611.000000   611.000000   611.000000   611.000000   611.000000   611.000000   611.000000   611.000000   611.000000   611.000000   611.000000   611.000000   611.000000   611.000000   611.000000   611.000000   611.000000   611.000000   611.000000   611.000000   611.000000   611.000000   611.000000   611.000000   611.000000   611.000000   611.000000   611.000000   611.000000   611.000000   611.000000   611.000000   611.000000   611.000000   611.000000   611.000000   611.000000   611.000000   611.000000   611.000000   611.000000   611.000000   611.000000   611.000000   611.000000   611.000000   611.000000   611.000000   611.000000   611.000000   611.000000   611.000000   611.000000   611.000000   611.000000   611.000000   611.000000   611.000000   611.000000   611.000000   611.000000   611.000000   611.000000   611.000000   611.000000   611.000000   611.000000   611.000000   611.000000   611.000000   611.000000   611.000000   611.000000   611.000000   611.000000   611.000000   611.000000   611.000000   611.000000   611.000000   611.000000   611.000000   611.000000   611.000000   611.000000   611.000000   611.000000   611.000000   611.000000   611.000000   611.000000   611.000000   611.000000   611.000000   611.000000   611.000000   611.000000   611.000000   611.000000   611.000000   611.000000   611.000000   611.000000   611.000000   611.000000   611.000000   611.000000   611.000000   611.000000   611.000000   611.000000   611.000000   611.000000   611.000000   611.000000   611.000000   611.000000   611.000000   611.000000   611.000000   611.000000   611.000000   611.000000   611.000000     0.000000
     0.000000   611.000000   611.000000   611.000000   611.000000   611.000000   611.000000   611.000000   611.000000   611.000000   611.000000   611.000000   611.000000   611.000000   611.000000   611.000000   611.000000   611.000000   611.000000   611.000000   611.000000   611.000000   611.000000   611.000000   611.000000   611.000000   611.000000   611.000000   611.000000   611.000000   611.000000   611.000000   611.000000   611.000000   611.000000   611.000000   611.000000   611.000000   611.000000   611.000000   611.000000   611.000000   611.000000   611.000000   611.000000   611.000000   611.000000   611.000000   611.000000   611.000000   611.000000   611.000000   611.000000   611.000000   611.000000   611.000000   611.000000   611.000000   611.000000   611.000000   611.000000   611.000000   611.000000   611.000000   611.000000   611.000000   611.000000   611.000000   611.000000   611.000000   611.000000   611.000000   611.000000   611.000000   611.000000   611.000000   611.000000   611.000000   611.000000   611.000000   611.000000   611.000000   611.000000   611.000000   611.000000   611.000000   611.000000   611.000000   611.000000   611.000000   611.000000   611.000000   611.000000   611.000000   611.000000   611.000000   611.000000   611.000000   611.000000   611.000000   611.000000   611.000000   611.000000   611.000000   611.000000   611.000000   611.000000   611.000000   611.000000   611.000000   611.000000   611.000000   611.000000   611.000000   611.000000   611.000000   611.000000   611.000000   611.000000   611.000000   611.000000   611.000000   611.000000   611.000000   611.000000   611.000000   611.000000   611.000000   611.000000   611.000000   611.000000   611.000000   611.000000   611.000000   611.000000   611.000000   611.000000   611.000000   611.000000   611.000000   611.000000   611.000000   611.000000   611.000000   611.000000   611.000000   611.000000   611.000000   611.000000   611.000000   611.000000   611.000000   611.000000   611.000000   611.000000   611.000000   611.000000   611.000000   611.000000   611.000000   611.000000     0.000000
     0.000000   611.000000   611.000000   611.000000   611.000000   611.000000   611.000000   611.000000   611.000000   611.000000   611.000000   611.000000   611.000000   611.000000   611.000000   611.000000   611.000000   611.000000   611.000000   611.000000   611.000000   611.000000   611.000000   611.000000   611.000000   611.000000   611.000000   611.000000   611.000000   611.000000   611.000000   611.000000   611.000000   611.000000   611.000000   611.000000   611.000000   611.000000   611.000000   611.000000   611.000000   611.000000   611.000000   611.000000   611.000000   611.000000   611.000000   611.000000   611.000000   611.000000   611.000000   611.000000   611.000000   611.000000   611.000000   611.000000   611.000000   611.000000   611.000000   611.000000   611.000000   611.000000   611.000000   611.000000   611.000000   611.000000   611.000000   611.000000   611.000000   611.000000   611.000000   611.000000   611.000000   611.000000   611.000000   611.000000   611.000000   611.000000   611.000000   611.000000   611.000000   611.000000   611.000000   611.000000   611.000000   611.000000   611.000000   611.000000   611.000000   611.000000   611.000000   611.000000   611.000000   611.000000   611.000000   611.000000   611.000000   611.000000   611.000000   611.000000   611.000000   611.000000   611.000000   611.000000   611.000000   611.000000   611.000000   611.000000   611.000000   611.000000   611.000000   611.000000   611.000000   611.000000   611.000000   611.000000   611.000000   611.000000   611.000000   611.000000   611.000000   611.000000   611.000000   611.000000   611.000000   611.000000   611.000000   611.000000   611.000000   611.000000   611.000000   611.000000   611.000000   611.000000   611.000000   611.000000   611.000000   611.000000   611.000000   611.000000   611.000000   611.000000   611.000000   611.000000   611.000000   611.000000   611.000000   611.000000   611.000000   611.000000   611.000000   611.000000   611.000000   611.000000   611.000000   611.000000   611.000000   611.000000   611.000000   611.000000   611.000000     0.000000
     0.000000   611.000000   611.000000   611.000000   611.000000   611.000000   611.000000   611.000000   611.000000   611.000000   611.000000   611.000000   611.000000   611.000000   611.000000   611.000000   611.000000   611.000000   611.000000   611.000000   611.000000   611.000000   611.000000   611.000000   611.000000   611.000000   611.000000   611.000000   611.000000   611.000000   611.000000   611.000000   611.000000   611.000000   611.000000   611.000000   611.000000   611.000000   611.000000   611.000000   611.000000   611.000000   611.000000   611.000000   611.000000   611.000000   611.000000   611.000000   611.000000   611.000000   611.000000   611.000000   611.000000   611.000000   611.000000   611.000000   611.000000   611.000000   611.000000   611.000000   611.000000   611.000000   611.000000   611.000000   611.000000   611.000000   611.000000   611.000000   611.000000   611.000000   611.000000   611.000000   611.000000   611.000000   611.000000   611.000000   611.000000   611.000000   611.000000   611.000000   611.000000   611.000000   611.000000   611.000000   611.000000   611.000000   611.000000   611.000000   611.000000   611.000000   611.000000   611.000000   611.000000   611.000000   611.000000   611.000000   611.000000   611.000000   611.000000   611.000000   611.000000   611.000000   611.000000   611.000000   611.000000   611.000000   611.000000   611.000000   611.000000   611.000000   611.000000   611.000000   611.000000   611.000000   611.000000   611.000000   611.000000   611.000000   611.000000   611.000000   611.000000   611.000000   611.000000   611.000000   611.000000   611.000000   611.000000   611.000000   611.000000   611.000000   611.000000   611.000000   611.000000   611.000000   611.000000   611.000000   611.000000   611.000000   611.000000   611.000000   611.000000   611.000000   611.000000   611.000000   611.000000   611.000000   611.000000   611.000000   611.000000   611.000000   611.000000   611.000000   611.000000   611.000000   611.000000   611.000000   611.000000   611.000000   611.000000   611.000000   611.000000     0.000000
     0.000000   611.000000   611.000000   611.000000   611.000000   611.000000   611.000000   611.000000   611.000000   611.000000   611.000000   611.000000   611.000000   611.000000   611.000000   611.000000   611.000000   611.000000   611.000000   611.000000   611.000000   611.000000   611.000000   611.000000   611.000000   611.000000   611.000000   611.000000   611.000000   611.000000   611.000000   611.000000   611.000000   611.000000   611.000000   611.000000   611.000000   611.000000   611.000000   611.000000   611.000000   611.000000   611.000000   611.000000   611.000000   611.000000   611.000000   611.000000   611.000000   611.000000   611.000000   611.000000   611.000000   611.000000   611.000000   611.000000   611.000000   611.000000   611.000000   611.000000   611.000000   611.000000   611.000000   611.000000   611.000000   611.000000   611.000000   611.000000   611.000000   611.000000   611.000000   611.000000   611.000000   611.000000   611.000000   611.000000   611.000000   611.000000   611.000000   611.000000   611.000000   611.000000   611.000000   611.000000   611.000000   611.000000   611.000000   611.000000   611.000000   611.000000   611.000000   611.000000   611.000000   611.000000   611.000000   611.000000   611.000000   611.000000   611.000000   611.000000   611.000000   611.000000   611.000000   611.000000   611.000000   611.000000   611.000000   611.000000   611.000000   611.000000   611.000000   611.000000   611.000000   611.000000   611.000000   611.000000   611.000000   611.000000   611.000000   611.000000   611.000000   611.000000   611.000000   611.000000   611.000000   611.000000   611.000000   611.000000   611.000000   611.000000   611.000000   611.000000   611.000000   611.000000   611.000000   611.000000   611.000000   611.000000   611.000000   611.000000   611.000000   611.000000   611.000000   611.000000   611.000000   611.000000   611.000000   611.000000   611.000000   611.000000   611.000000   611.000000   611.000000   611.000000   611.000000   611.000000   611.000000   611.000000   611.000000   611.000000   611.000000     0.000000
     0.000000   611.000000   611.000000   611.000000   611.000000   611.000000   611.000000   611.000000   611.000000   611.000000   611.000000   611.000000   611.000000   611.000000   611.000000   611.000000   611.000000   611.000000   611.000000   611.000000   611.000000   611.000000   611.000000   611.000000   611.000000   611.000000   611.000000   611.000000   611.000000   611.000000   611.000000   611.000000   611.000000   611.000000   611.000000   611.000000   611.000000   611.000000   611.000000   611.000000   611.000000   611.000000   611.000000   611.000000   611.000000   611.000000   611.000000   611.000000   611.000000   611.000000   611.000000   611.000000   611.000000   611.000000   611.000000   611.000000   611.000000   611.000000   611.000000   611.000000   611.000000   611.000000   611.000000   611.000000   611.000000   611.000000   611.000000   611.000000   611.000000   611.000000   611.000000   611.000000   611.000000   611.000000   611.000000   611.000000   611.000000   611.000000   611.000000   611.000000   611.000000   611.000000   611.000000   611.000000   611.000000   611.000000   611.000000   611.000000   611.000000   611.000000   611.000000   611.000000   611.000000   611.000000   611.000000   611.000000   611.000000   611.000000   611.000000   611.000000   611.000000   611.000000   611.000000   611.000000   611.000000   611.000000   611.000000   611.000000   611.000000   611.000000   611.000000   611.000000   611.000000   611.000000   611.000000   611.000000   611.000000   611.000000   611.000000   611.000000   611.000000   611.000000   611.000000   611.000000   611.000000   611.000000   611.000000   611.000000   611.000000   611.000000   611.000000   611.000000   611.000000   611.000000   611.000000   611.000000   611.000000   611.000000   611.000000   611.000000   611.000000   611.000000   611.000000   611.000000   611.000000   611.000000   611.000000   611.000000   611.000000   611.000000   611.000000   611.000000   611.000000   611.000000   611.000000   611.000000   611.000000   611.000000   611.000000   611.000000   611.000000     0.000000
     0.000000   611.000000   611.000000   611.000000   611.000000   611.000000   611.000000   611.000000   611.000000   611.000000   611.000000   611.000000   611.000000   611.000000   611.000000   611.000000   611.000000   611.000000   611.000000   611.000000   611.000000   611.000000   611.000000   611.000000   611.000000   611.000000   611.000000   611.000000   611.000000   611.000000   611.000000   611.000000   611.000000   611.000000   611.000000   611.000000   611.000000   611.000000   611.000000   611.000000   611.000000   611.000000   611.000000   611.000000   611.000000   611.000000   611.000000   611.000000   611.000000   611.000000   611.000000   611.000000   611.000000   611.000000   611.000000   611.000000   611.000000   611.000000   611.000000   611.000000   611.000000   611.000000   611.000000   611.000000   611.000000   611.000000   611.000000   611.000000   611.000000   611.000000   611.000000   611.000000   611.000000   611.000000   611.000000   611.000000   611.000000   611.000000   611.000000   611.000000   611.000000   611.000000   611.000000   611.000000   611.000000   611.000000   611.000000   611.000000   611.000000   611.000000   611.000000   611.000000   611.000000   611.000000   611.000000   611.000000   611.000000   611.000000   611.000000   611.000000   611.000000   611.000000   611.000000   611.000000   611.000000   611.000000   611.000000   611.000000   611.000000   611.000000   611.000000   611.000000   611.000000   611.000000   611.000000   611.000000   611.000000   611.000000   611.000000   611.000000   611.000000   611.000000   611.000000   611.000000   611.000000   611.000000   611.000000   611.000000   611.000000   611.000000   611.000000   611.000000   611.000000   611.000000   611.000000   611.000000   611.000000   611.000000   611.000000   611.000000   611.000000   611.000000   611.000000   611.000000   611.000000   611.000000   611.000000   611.000000   611.000000   611.000000   611.000000   611.000000   611.000000   611.000000   611.000000   611.000000   611.000000   611.000000   611.000000   611.000000   611.000000     0.000000
     0.000000   611.000000   611.000000   611.000000   611.000000   611.000000   611.000000   611.000000   611.000000   611.000000   611.000000   611.000000   611.000000   611.000000   611.000000   611.000000   611.000000   611.000000   611.000000   611.000000   611.000000   611.000000   611.000000   611.000000   611.000000   611.000000   611.000000   611.000000   611.000000   611.000000   611.000000   611.000000   611.000000   611.000000   611.000000   611.000000   611.000000   611.000000   611.000000   611.000000   611.000000   611.000000   611.000000   611.000000   611.000000   611.000000   611.000000   611.000000   611.000000   611.000000   611.000000   611.000000   611.000000   611.000000   611.000000   611.000000   611.000000   611.000000   611.000000   611.000000   611.000000   611.000000   611.000000   611.000000   611.000000   611.000000   611.000000   611.000000   611.000000   611.000000   611.000000   611.000000   611.000000   611.000000   611.000000   611.000000   611.000000   611.000000   611.000000   611.000000   611.000000   611.000000   611.000000   611.000000   611.000000   611.000000   611.000000   611.000000   611.000000   611.000000   611.000000   611.000000   611.000000   611.000000   611.000000   611.000000   611.000000   611.000000   611.000000   611.000000   611.000000   611.000000   611.000000   611.000000   611.000000   611.000000   611.000000   611.000000   611.000000   611.000000   611.000000   611.000000   611.000000   611.000000   611.000000   611.000000   611.000000   611.000000   611.000000   611.000000   611.000000   611.000000   611.000000   611.000000   611.000000   611.000000   611.000000   611.000000   611.000000   611.000000   611.000000   611.000000   611.000000   611.000000   611.000000   611.000000   611.000000   611.000000   611.000000   611.000000   611.000000   611.000000   611.000000   611.000000   611.000000   611.000000   611.000000   611.000000   611.000000   611.000000   611.000000   611.000000   611.000000   611.000000   611.000000   611.000000   611.000000   611.000000   611.000000   611.000000   611.000000     0.000000
     0.000000   611.000000   611.000000   611.000000   611.000000   611.000000   611.000000   611.000000   611.000000   611.000000   611.000000   611.000000   611.000000   611.000000   611.000000   611.000000   611.000000   611.000000   611.000000   611.000000   611.000000   611.000000   611.000000   611.000000   611.000000   611.000000   611.000000   611.000000   611.000000   611.000000   611.000000   611.000000   611.000000   611.000000   611.000000   611.000000   611.000000   611.000000   611.000000   611.000000   611.000000   611.000000   611.000000   611.000000   611.000000   611.000000   611.000000   611.000000   611.000000   611.000000   611.000000   611.000000   611.000000   611.000000   611.000000   611.000000   611.000000   611.000000   611.000000   611.000000   611.000000   611.000000   611.000000   611.000000   611.000000   611.000000   611.000000   611.000000   611.000000   611.000000   611.000000   611.000000   611.000000   611.000000   611.000000   611.000000   611.000000   611.000000   611.000000   611.000000   611.000000   611.000000   611.000000   611.000000   611.000000   611.000000   611.000000   611.000000   611.000000   611.000000   611.000000   611.000000   611.000000   611.000000   611.000000   611.000000   611.000000   611.000000   611.000000   611.000000   611.000000   611.000000   611.000000   611.000000   611.000000   611.000000   611.000000   611.000000   611.000000   611.000000   611.000000   611.000000   611.000000   611.000000   611.000000   611.000000   611.000000   611.000000   611.000000   611.000000   611.000000   611.000000   611.000000   611.000000   611.000000   611.000000   611.000000   611.000000   611.000000   611.000000   611.000000   611.000000   611.000000   611.000000   611.000000   611.000000   611.000000   611.000000   611.000000   611.000000   611.000000   611.000000   611.000000   611.000000   611.000000   611.000000   611.000000   611.000000   611.000000   611.000000   611.000000   611.000000   611.000000   611.000000   611.000000   611.000000   611.000000   611.000000   611.000000   611.000000   611.000000     0.000000
     0.000000   611.000000   611.000000   611.000000   611.000000   611.000000   611.000000   611.000000   611.000000   611.000000   611.000000   611.000000   611.000000   611.000000   611.000000   611.000000   611.000000   611.000000   611.000000   611.000000   611.000000   611.000000   611.000000   611.000000   611.000000   611.000000   611.000000   611.000000   611.000000   611.000000   611.000000   611.000000   611.000000   611.000000   611.000000   611.000000   611.000000   611.000000   611.000000   611.000000   611.000000   611.000000   611.000000   611.000000   611.000000   611.000000   611.000000   611.000000   611.000000   611.000000   611.000000   611.000000   611.000000   611.000000   611.000000   611.000000   611.000000   611.000000   611.000000   611.000000   611.000000   611.000000   611.000000   611.000000   611.000000   611.000000   611.000000   611.000000   611.000000   611.000000   611.000000   611.000000   611.000000   611.000000   611.000000   611.000000   611.000000   611.000000   611.000000   611.000000   611.000000   611.000000   611.000000   611.000000   611.000000   611.000000   611.000000   611.000000   611.000000   611.000000   611.000000   611.000000   611.000000   611.000000   611.000000   611.000000   611.000000   611.000000   611.000000   611.000000   611.000000   611.000000   611.000000   611.000000   611.000000   611.000000   611.000000   611.000000   611.000000   611.000000   611.000000   611.000000   611.000000   611.000000   611.000000   611.000000   611.000000   611.000000   611.000000   611.000000   611.000000   611.000000   611.000000   611.000000   611.000000   611.000000   611.000000   611.000000   611.000000   611.000000   611.000000   611.000000   611.000000   611.000000   611.000000   611.000000   611.000000   611.000000   611.000000   611.000000   611.000000   611.000000   611.000000   611.000000   611.000000   611.000000   611.000000   611.000000   611.000000   611.000000   611.000000   611.000000   611.000000   611.000000   611.000000   611.000000   611.000000   611.000000   611.000000   611.000000   611.000000     0.000000
     0.000000   611.000000   611.000000   611.000000   611.000000   611.000000   611.000000   611.000000   611.000000   611.000000   611.000000   611.000000   611.000000   611.000000   611.000000   611.000000   611.000000   611.000000   611.000000   611.000000   611.000000   611.000000   611.000000   611.000000   611.000000   611.000000   611.000000   611.000000   611.000000   611.000000   611.000000   611.000000   611.000000   611.000000   611.000000   611.000000   611.000000   611.000000   611.000000   611.000000   611.000000   611.000000   611.000000   611.000000   611.000000   611.000000   611.000000   611.000000   611.000000   611.000000   611.000000   611.000000   611.000000   611.000000   611.000000   611.000000   611.000000   611.000000   611.000000   611.000000   611.000000   611.000000   611.000000   611.000000   611.000000   611.000000   611.000000   611.000000   611.000000   611.000000   611.000000   611.000000   611.000000   611.000000   611.000000   611.000000   611.000000   611.000000   611.000000   611.000000   611.000000   611.000000   611.000000   611.000000   611.000000   611.000000   611.000000   611.000000   611.000000   611.000000   611.000000   611.000000   611.000000   611.000000   611.000000   611.000000   611.000000   611.000000   611.000000   611.000000   611.000000   611.000000   611.000000   611.000000   611.000000   611.000000   611.000000   611.000000   611.000000   611.000000   611.000000   611.000000   611.000000   611.000000   611.000000   611.000000   611.000000   611.000000   611.000000   611.000000   611.000000   611.000000   611.000000   611.000000   611.000000   611.000000   611.000000   611.000000   611.000000   611.000000   611.000000   611.000000   611.000000   611.000000   611.000000   611.000000   611.000000   611.000000   611.000000   611.000000   611.000000   611.000000   611.000000   611.000000   611.000000   611.000000   611.000000   611.000000   611.000000   611.000000   611.000000   611.000000   611.000000   611.000000   611.000000   611.000000   611.000000   611.000000   611.000000   611.000000   611.000000     0.000000
     0.000000   611.000000   611.000000   611.000000   611.000000   611.000000   611.000000   611.000000   611.000000   611.000000   611.000000   611.000000   611.000000   611.000000   611.000000   611.000000   611.000000   611.000000   611.000000   611.000000   611.000000   611.000000   611.000000   611.000000   611.000000   611.000000   611.000000   611.000000   611.000000   611.000000   611.000000   611.000000   611.000000   611.000000   611.000000   611.000000   611.000000   611.000000   611.000000   611.000000   611.000000   611.000000   611.000000   611.000000   611.000000   611.000000   611.000000   611.000000   611.000000   611.000000   611.000000   611.000000   611.000000   611.000000   611.000000   611.000000   611.000000   611.000000   611.000000   611.000000   611.000000   611.000000   611.000000   611.000000   611.000000   611.000000   611.000000   611.000000   611.000000   611.000000   611.000000   611.000000   611.000000   611.000000   611.000000   611.000000   611.000000   611.000000   611.000000   611.000000   611.000000   611.000000   611.000000   611.000000   611.000000   611.000000   611.000000   611.000000   611.000000   611.000000   611.000000   611.000000   611.000000   611.000000   611.000000   611.000000   611.000000   611.000000   611.000000   611.000000   611.000000   611.000000   611.000000   611.000000   611.000000   611.000000   611.000000   611.000000   611.000000   611.000000   611.000000   611.000000   611.000000   611.000000   611.000000   611.000000   611.000000   611.000000   611.000000   611.000000   611.000000   611.000000   611.000000   611.000000   611.000000   611.000000   611.000000   611.000000   611.000000   611.000000   611.000000   611.000000   611.000000   611.000000   611.000000   611.000000   611.000000   611.000000   611.000000   611.000000   611.000000   611.000000   611.000000   611.000000   611.000000   611.000000   611.000000   611.000000   611.000000   611.000000   611.000000   611.000000   611.000000   611.000000   611.000000   611.000000   611.000000   611.000000   611.000000   611.000000   611.000000     0.000000
     0.000000   611.000000   611.000000   611.000000   611.000000   611.000000   611.000000   611.000000   611.000000   611.000000   611.000000   611.000000   611.000000   611.000000   611.000000   611.000000   611.000000   611.000000   611.000000   611.000000   611.000000   611.000000   611.000000   611.000000   611.000000   611.000000   611.000000   611.000000   611.000000   611.000000   611.000000   611.000000   611.000000   611.000000   611.000000   611.000000   611.000000   611.000000   611.000000   611.000000   611.000000   611.000000   611.000000   611.000000   611.000000   611.000000   611.000000   611.000000   611.000000   611.000000   611.000000   611.000000   611.000000   611.000000   611.000000   611.000000   611.000000   611.000000   611.000000   611.000000   611.000000   611.000000   611.000000   611.000000   611.000000   611.000000   611.000000   611.000000   611.000000   611.000000   611.000000   611.000000   611.000000   611.000000   611.000000   611.000000   611.000000   611.000000   611.000000   611.000000   611.000000   611.000000   611.000000   611.000000   611.000000   611.000000   611.000000   611.000000   611.000000   611.000000   611.000000   611.000000   611.000000   611.000000   611.000000   611.000000   611.000000   611.000000   611.000000   611.000000   611.000000   611.000000   611.000000   611.000000   611.000000   611.000000   611.000000   611.000000   611.000000   611.000000   611.000000   611.000000   611.000000   611.000000   611.000000   611.000000   611.000000   611.000000   611.000000   611.000000   611.000000   611.000000   611.000000   611.000000   611.000000   611.000000   611.000000   611.000000   611.000000   611.000000   611.000000   611.000000   611.000000   611.000000   611.000000   611.000000   611.000000   611.000000   611.000000   611.000000   611.000000   611.000000   611.000000   611.000000   611.000000   611.000000   611.000000   611.000000   611.000000   611.000000   611.000000   611.000000   611.000000   611.000000   611.000000   611.000000   611.000000   611.000000   611.000000   611.000000   611.000000     0.000000
     0.000000   611.000000   611.000000   611.000000   611.000000   611.000000   611.000000   611.000000   611.000000   611.000000   611.000000   611.000000   611.000000   611.000000   611.000000   611.000000   611.000000   611.000000   611.000000   611.000000   611.000000   611.000000   611.000000   611.000000   611.000000   611.000000   611.000000   611.000000   611.000000   611.000000   611.000000   611.000000   611.000000   611.000000   611.000000   611.000000   611.000000   611.000000   611.000000   611.000000   611.000000   611.000000   611.000000   611.000000   611.000000   611.000000   611.000000   611.000000   611.000000   611.000000   611.000000   611.000000   611.000000   611.000000   611.000000   611.000000   611.000000   611.000000   611.000000   611.000000   611.000000   611.000000   611.000000   611.000000   611.000000   611.000000   611.000000   611.000000   611.000000   611.000000   611.000000   611.000000   611.000000   611.000000   611.000000   611.000000   611.000000   611.000000   611.000000   611.000000   611.000000   611.000000   611.000000   611.000000   611.000000   611.000000   611.000000   611.000000   611.000000   611.000000   611.000000   611.000000   611.000000   611.000000   611.000000   611.000000   611.000000   611.000000   611.000000   611.000000   611.000000   611.000000   611.000000   611.000000   611.000000   611.000000   611.000000   611.000000   611.000000   611.000000   611.000000   611.000000   611.000000   611.000000   611.000000   611.000000   611.000000   611.000000   611.000000   611.000000   611.000000   611.000000   611.000000   611.000000   611.000000   611.000000   611.000000   611.000000   611.000000   611.000000   611.000000   611.000000   611.000000   611.000000   611.000000   611.000000   611.000000   611.000000   611.000000   611.000000   611.000000   611.000000   611.000000   611.000000   611.000000   611.000000   611.000000   611.000000   611.000000   611.000000   611.000000   611.000000   611.000000   611.000000   611.000000   611.000000   611.000000   611.000000   611.000000   611.000000   611.000000     0.000000
     0.000000   611.000000   611.000000   611.000000   611.000000   611.000000   611.000000   611.000000   611.000000   611.000000   611.000000   611.000000   611.000000   611.000000   611.000000   611.000000   611.000000   611.000000   611.000000   611.000000   611.000000   611.000000   611.000000   611.000000   611.000000   611.000000   611.000000   611.000000   611.000000   611.000000   611.000000   611.000000   611.000000   611.000000   611.000000   611.000000   611.000000   611.000000   611.000000   611.000000   611.000000   611.000000   611.000000   611.000000   611.000000   611.000000   611.000000   611.000000   611.000000   611.000000   611.000000   611.000000   611.000000   611.000000   611.000000   611.000000   611.000000   611.000000   611.000000   611.000000   611.000000   611.000000   611.000000   611.000000   611.000000   611.000000   611.000000   611.000000   611.000000   611.000000   611.000000   611.000000   611.000000   611.000000   611.000000   611.000000   611.000000   611.000000   611.000000   611.000000   611.000000   611.000000   611.000000   611.000000   611.000000   611.000000   611.000000   611.000000   611.000000   611.000000   611.000000   611.000000   611.000000   611.000000   611.000000   611.000000   611.000000   611.000000   611.000000   611.000000   611.000000   611.000000   611.000000   611.000000   611.000000   611.000000   611.000000   611.000000   611.000000   611.000000   611.000000   611.000000   611.000000   611.000000   611.000000   611.000000   611.000000   611.000000   611.000000   611.000000   611.000000   611.000000   611.000000   611.000000   611.000000   611.000000   611.000000   611.000000   611.000000   611.000000   611.000000   611.000000   611.000000   611.000000   611.000000   611.000000   611.000000   611.000000   611.000000   611.000000   611.000000   611.000000   611.000000   611.000000   611.000000   611.000000   611.000000   611.000000   611.000000   611.000000   611.000000   611.000000   611.000000   611.000000   611.000000   611.000000   611.000000   611.000000   611.000000   611.000000   611.000000     0.000000
     0.000000   611.000000   611.000000   611.000000   611.000000   611.000000   611.000000   611.000000   611.000000   611.000000   611.000000   611.000000   611.000000   611.000000   611.000000   611.000000   611.000000   611.000000   611.000000   611.000000   611.000000   611.000000   611.000000   611.000000   611.000000   611.000000   611.000000   611.000000   611.000000   611.000000   611.000000   611.000000   611.000000   611.000000   611.000000   611.000000   611.000000   611.000000   611.000000   611.000000   611.000000   611.000000   611.000000   611.000000   611.000000   611.000000   611.000000   611.000000   611.000000   611.000000   611.000000   611.000000   611.000000   611.000000   611.000000   611.000000   611.000000   611.000000   611.000000   611.000000   611.000000   611.000000   611.000000   611.000000   611.000000   611.000000   611.000000   611.000000   611.000000   611.000000   611.000000   611.000000   611.000000   611.000000   611.000000   611.000000   611.000000   611.000000   611.000000   611.000000   611.000000   611.000000   611.000000   611.000000   611.000000   611.000000   611.000000   611.000000   611.000000   611.000000   611.000000   611.000000   611.000000   611.000000   611.000000   611.000000   611.000000   611.000000   611.000000   611.000000   611.000000   611.000000   611.000000   611.000000   611.000000   611.000000   611.000000   611.000000   611.000000   611.000000   611.000000   611.000000   611.000000   611.000000   611.000000   611.000000   611.000000   611.000000   611.000000   611.000000   611.000000   611.000000   611.000000   611.000000   611.000000   611.000000   611.000000   611.000000   611.000000   611.000000   611.000000   611.000000   611.000000   611.000000   611.000000   611.000000   611.000000   611.000000   611.000000   611.000000   611.000000   611.000000   611.000000   611.000000   611.000000   611.000000   611.000000   611.000000   611.000000   611.000000   611.000000   611.000000   611.000000   611.000000   611.000000   611.000000   611.000000   611.000000   611.000000   611.000000   611.000000     0.000000
     0.000000   611.000000   611.000000   611.000000   611.000000   611.000000   611.000000   611.000000   611.000000   611.000000   611.000000   611.000000   611.000000   611.000000   611.000000   611.000000   611.000000   611.000000   611.000000   611.000000   611.000000   611.000000   611.000000   611.000000   611.000000   611.000000   611.000000   611.000000   611.000000   611.000000   611.000000   611.000000   611.000000   611.000000   611.000000   611.000000   611.000000   611.000000   611.000000   611.000000   611.000000   611.000000   611.000000   611.000000   611.000000   611.000000   611.000000   611.000000   611.000000   611.000000   611.000000   611.000000   611.000000   611.000000   611.000000   611.000000   611.000000   611.000000   611.000000   611.000000   611.000000   611.000000   611.000000   611.000000   611.000000   611.000000   611.000000   611.000000   611.000000   611.000000   611.000000   611.000000   611.000000   611.000000   611.000000   611.000000   611.000000   611.000000   611.000000   611.000000   611.000000   611.000000   611.000000   611.000000   611.000000   611.000000   611.000000   611.000000   611.000000   611.000000   611.000000   611.000000   611.000000   611.000000   611.000000   611.000000   611.000000   611.000000   611.000000   611.000000   611.000000   611.000000   611.000000   611.000000   611.000000   611.000000   611.000000   611.000000   611.000000   611.000000   611.000000   611.000000   611.000000   611.000000   611.000000   611.000000   611.000000   611.000000   611.000000   611.000000   611.000000   611.000000   611.000000   611.000000   611.000000   611.000000   611.000000   611.000000   611.000000   611.000000   611.000000   611.000000   611.000000   611.000000   611.000000   611.000000   611.000000   611.000000   611.000000   611.000000   611.000000   611.000000   611.000000   611.000000   611.000000   611.000000   611.000000   611.000000   611.000000   611.000000   611.000000   611.000000   611.000000   611.000000   611.000000   611.000000   611.000000   611.000000   611.000000   611.000000   611.000000     0.000000
     0.000000   611.000000   611.000000   611.000000   611.000000   611.000000   611.000000   611.000000   611.000000   611.000000   611.000000   611.000000   611.000000   611.000000   611.000000   611.000000   611.000000   611.000000   611.000000   611.000000   611.000000   611.000000   611.000000   611.000000   611.000000   611.000000   611.000000   611.000000   611.000000   611.000000   611.000000   611.000000   611.000000   611.000000   611.000000   611.000000   611.000000   611.000000   611.000000   611.000000   611.000000   611.000000   611.000000   611.000000   611.000000   611.000000   611.000000   611.000000   611.000000   611.000000   611.000000   611.000000   611.000000   611.000000   611.000000   611.000000   611.000000   611.000000   611.000000   611.000000   611.000000   611.000000   611.000000   611.000000   611.000000   611.000000   611.000000   611.000000   611.000000   611.000000   611.000000   611.000000   611.000000   611.000000   611.000000   611.000000   611.000000   611.000000   611.000000   611.000000   611.000000   611.000000   611.000000   611.000000   611.000000   611.000000   611.000000   611.000000   611.000000   611.000000   611.000000   611.000000   611.000000   611.000000   611.000000   611.000000   611.000000   611.000000   611.000000   611.000000   611.000000   611.000000   611.000000   611.000000   611.000000   611.000000   611.000000   611.000000   611.000000   611.000000   611.000000   611.000000   611.000000   611.000000   611.000000   611.000000   611.000000   611.000000   611.000000   611.000000   611.000000   611.000000   611.000000   611.000000   611.000000   611.000000   611.000000   611.000000   611.000000   611.000000   611.000000   611.000000   611.000000   611.000000   611.000000   611.000000   611.000000   611.000000   611.000000   611.000000   611.000000   611.000000   611.000000   611.000000   611.000000   611.000000   611.000000   611.000000   611.000000   611.000000   611.000000   611.000000   611.000000   611.000000   611.000000   611.000000   611.000000   611.000000   611.000000   611.000000   611.000000     0.000000
     0.000000   611.000000   611.000000   611.000000   611.000000   611.000000   611.000000   611.000000   611.000000   611.000000   611.000000   611.000000   611.000000   611.000000   611.000000   611.000000   611.000000   611.000000   611.000000   611.000000   611.000000   611.000000   611.000000   611.000000   611.000000   611.000000   611.000000   611.000000   611.000000   611.000000   611.000000   611.000000   611.000000   611.000000   611.000000   611.000000   611.000000   611.000000   611.000000   611.000000   611.000000   611.000000   611.000000   611.000000   611.000000   611.000000   611.000000   611.000000   611.000000   611.000000   611.000000   611.000000   611.000000   611.000000   611.000000   611.000000   611.000000   611.000000   611.000000   611.000000   611.000000   611.000000   611.000000   611.000000   611.000000   611.000000   611.000000   611.000000   611.000000   611.000000   611.000000   611.000000   611.000000   611.000000   611.000000   611.000000   611.000000   611.000000   611.000000   611.000000   611.000000   611.000000   611.000000   611.000000   611.000000   611.000000   611.000000   611.000000   611.000000   611.000000   611.000000   611.000000   611.000000   611.000000   611.000000   611.000000   611.000000   611.000000   611.000000   611.000000   611.000000   611.000000   611.000000   611.000000   611.000000   611.000000   611.000000   611.000000   611.000000   611.000000   611.000000   611.000000   611.000000   611.000000   611.000000   611.000000   611.000000   611.000000   611.000000   611.000000   611.000000   611.000000   611.000000   611.000000   611.000000   611.000000   611.000000   611.000000   611.000000   611.000000   611.000000   611.000000   611.000000   611.000000   611.000000   611.000000   611.000000   611.000000   611.000000   611.000000   611.000000   611.000000   611.000000   611.000000   611.000000   611.000000   611.000000   611.000000   611.000000   611.000000   611.000000   611.000000   611.000000   611.000000   611.000000   611.000000   611.000000   611.000000   611.000000   611.000000   611.000000     0.000000
     0.000000   611.000000   611.000000   611.000000   611.000000   611.000000   611.000000   611.000000   611.000000   611.000000   611.000000   611.000000   611.000000   611.000000   611.000000   611.000000   611.000000   611.000000   611.000000   611.000000   611.000000   611.000000   611.000000   611.000000   611.000000   611.000000   611.000000   611.000000   611.000000   611.000000   611.000000   611.000000   611.000000   611.000000   611.000000   611.000000   611.000000   611.000000   611.000000   611.000000   611.000000   611.000000   611.000000   611.000000   611.000000   611.000000   611.000000   611.000000   611.000000   611.000000   611.000000   611.000000   611.000000   611.000000   611.000000   611.000000   611.000000   611.000000   611.000000   611.000000   611.000000   611.000000   611.000000   611.000000   611.000000   611.000000   611.000000   611.000000   611.000000   611.000000   611.000000   611.000000   611.000000   611.000000   611.000000   611.000000   611.000000   611.000000   611.000000   611.000000   611.000000   611.000000   611.000000   611.000000   611.000000   611.000000   611.000000   611.000000   611.000000   611.000000   611.000000   611.000000   611.000000   611.000000   611.000000   611.000000   611.000000   611.000000   611.000000   611.000000   611.000000   611.000000   611.000000   611.000000   611.000000   611.000000   611.000000   611.000000   611.000000   611.000000   611.000000   611.000000   611.000000   611.000000   611.000000   611.000000   611.000000   611.000000   611.000000   611.000000   611.000000   611.000000   611.000000   611.000000   611.000000   611.000000   611.000000   611.000000   611.000000   611.000000   611.000000   611.000000   611.000000   611.000000   611.000000   611.000000   611.000000   611.000000   611.000000   611.000000   611.000000   611.000000   611.000000   611.000000   611.000000   611.000000   611.000000   611.000000   611.000000   611.000000   611.000000   611.000000   611.000000   611.000000   611.000000   611.000000   611.000000   611.000000   611.000000   611.000000   611.000000     0.000000
     0.000000   611.000000   611.000000   611.000000   611.000000   611.000000   611.000000   611.000000   611.000000   611.000000   611.000000   611.000000   611.000000   611.000000   611.000000   611.000000   611.000000   611.000000   611.000000   611.000000   611.000000   611.000000   611.000000   611.000000   611.000000   611.000000   611.000000   611.000000   611.000000   611.000000   611.000000   611.000000   611.000000   611.000000   611.000000   611.000000   611.000000   611.000000   611.000000   611.000000   611.000000   611.000000   611.000000   611.000000   611.000000   611.000000   611.000000   611.000000   611.000000   611.000000   611.000000   611.000000   611.000000   611.000000   611.000000   611.000000   611.000000   611.000000   611.000000   611.000000   611.000000   611.000000   611.000000   611.000000   611.000000   611.000000   611.000000   611.000000   611.000000   611.000000   611.000000   611.000000   611.000000   611.000000   611.000000   611.000000   611.000000   611.000000   611.000000   611.000000   611.000000   611.000000   611.000000   611.000000   611.000000   611.000000   611.000000   611.000000   611.000000   611.000000   611.000000   611.000000   611.000000   611.000000   611.000000   611.000000   611.000000   611.000000   611.000000   611.000000   611.000000   611.000000   611.000000   611.000000   611.000000   611.000000   611.000000   611.000000   611.000000   611.000000   611.000000   611.000000   611.000000   611.000000   611.000000   611.000000   611.000000   611.000000   611.000000   611.000000   611.000000   611.000000   611.000000   611.000000   611.000000   611.000000   611.000000   611.000000   611.000000   611.000000   611.000000   611.000000   611.000000   611.000000   611.000000   611.000000   611.000000   611.000000   611.000000   611.000000   611.000000   611.000000   611.000000   611.000000   611.000000   611.000000   611.000000   611.000000   611.000000   611.000000   611.000000   611.000000   611.000000   611.000000   611.000000   611.000000   611.000000   611.000000   611.000000   611.000000   611.000000     0.000000
     0.000000   611.000000   611.000000   611.000000   611.000000   611.000000   611.000000   611.000000   611.000000   611.000000   611.000000   611.000000   611.000000   611.000000   611.000000   611.000000   611.000000   611.000000   611.000000   611.000000   611.000000   611.000000   611.000000   611.000000   611.000000   611.000000   611.000000   611.000000   611.000000   611.000000   611.000000   611.000000   611.000000   611.000000   611.000000   611.000000   611.000000   611.000000   611.000000   611.000000   611.000000   611.000000   611.000000   611.000000   611.000000   611.000000   611.000000   611.000000   611.000000   611.000000   611.000000   611.000000   611.000000   611.000000   611.000000   611.000000   611.000000   611.000000   611.000000   611.000000   611.000000   611.000000   611.000000   611.000000   611.000000   611.000000   611.000000   611.000000   611.000000   611.000000   611.000000   611.000000   611.000000   611.000000   611.000000   611.000000   611.000000   611.000000   611.000000   611.000000   611.000000   611.000000   611.000000   611.000000   611.000000   611.000000   611.000000   611.000000   611.000000   611.000000   611.000000   611.000000   611.000000   611.000000   611.000000   611.000000   611.000000   611.000000   611.000000   611.000000   611.000000   611.000000   611.000000   611.000000   611.000000   611.000000   611.000000   611.000000   611.000000   611.000000   611.000000   611.000000   611.000000   611.000000   611.000000   611.000000   611.000000   611.000000   611.000000   611.000000   611.000000   611.000000   611.000000   611.000000   611.000000   611.000000   611.000000   611.000000   611.000000   611.000000   611.000000   611.000000   611.000000   611.000000   611.000000   611.000000   611.000000   611.000000   611.000000   611.000000   611.000000   611.000000   611.000000   611.000000   611.000000   611.000000   611.000000   611.000000   611.000000   611.000000   611.000000   611.000000   611.000000   611.000000   611.000000   611.000000   611.000000   611.000000   611.000000   611.000000   611.000000     0.000000
     0.000000   611.000000   611.000000   611.000000   611.000000   611.000000   611.000000   611.000000   611.000000   611.000000   611.000000   611.000000   611.000000   611.000000   611.000000   611.000000   611.000000   611.000000   611.000000   611.000000   611.000000   611.000000   611.000000   611.000000   611.000000   611.000000   611.000000   611.000000   611.000000   611.000000   611.000000   611.000000   611.000000   611.000000   611.000000   611.000000   611.000000   611.000000   611.000000   611.000000   611.000000   611.000000   611.000000   611.000000   611.000000   611.000000   611.000000   611.000000   611.000000   611.000000   611.000000   611.000000   611.000000   611.000000   611.000000   611.000000   611.000000   611.000000   611.000000   611.000000   611.000000   611.000000   611.000000   611.000000   611.000000   611.000000   611.000000   611.000000   611.000000   611.000000   611.000000   611.000000   611.000000   611.000000   611.000000   611.000000   611.000000   611.000000   611.000000   611.000000   611.000000   611.000000   611.000000   611.000000   611.000000   611.000000   611.000000   611.000000   611.000000   611.000000   611.000000   611.000000   611.000000   611.000000   611.000000   611.000000   611.000000   611.000000   611.000000   611.000000   611.000000   611.000000   611.000000   611.000000   611.000000   611.000000   611.000000   611.000000   611.000000   611.000000   611.000000   611.000000   611.000000   611.000000   611.000000   611.000000   611.000000   611.000000   611.000000   611.000000   611.000000   611.000000   611.000000   611.000000   611.000000   611.000000   611.000000   611.000000   611.000000   611.000000   611.000000   611.000000   611.000000   611.000000   611.000000   611.000000   611.000000   611.000000   611.000000   611.000000   611.000000   611.000000   611.000000   611.000000   611.000000   611.000000   611.000000   611.000000   611.000000   611.000000   611.000000   611.000000   611.000000   611.000000   611.000000   611.000000   611.000000   611.000000   611.000000   611.000000   611.000000     0.000000
     0.000000   611.000000   611.000000   611.000000   611.000000   611.000000   611.000000   611.000000   611.000000   611.000000   611.000000   611.000000   611.000000   611.000000   611.000000   611.000000   611.000000   611.000000   611.000000   611.000000   611.000000   611.000000   611.000000   611.000000   611.000000   611.000000   611.000000   611.000000   611.000000   611.000000   611.000000   611.000000   611.000000   611.000000   611.000000   611.000000   611.000000   611.000000   611.000000   611.000000   611.000000   611.000000   611.000000   611.000000   611.000000   611.000000   611.000000   611.000000   611.000000   611.000000   611.000000   611.000000   611.000000   611.000000   611.000000   611.000000   611.000000   611.000000   611.000000   611.000000   611.000000   611.000000   611.000000   611.000000   611.000000   611.000000   611.000000   611.000000   611.000000   611.000000   611.000000   611.000000   611.000000   611.000000   611.000000   611.000000   611.000000   611.000000   611.000000   611.000000   611.000000   611.000000   611.000000   611.000000   611.000000   611.000000   611.000000   611.000000   611.000000   611.000000   611.000000   611.000000   611.000000   611.000000   611.000000   611.000000   611.000000   611.000000   611.000000   611.000000   611.000000   611.000000   611.000000   611.000000   611.000000   611.000000   611.000000   611.000000   611.000000   611.000000   611.000000   611.000000   611.000000   611.000000   611.000000   611.000000   611.000000   611.000000   611.000000   611.000000   611.000000   611.000000   611.000000   611.000000   611.000000   611.000000   611.000000   611.000000   611.000000   611.000000   611.000000   611.000000   611.000000   611.000000   611.000000   611.000000   611.000000   611.000000   611.000000   611.000000   611.000000   611.000000   611.000000   611.000000   611.000000   611.000000   611.000000   611.000000   611.000000   611.000000   611.000000   611.000000   611.000000   611.000000   611.000000   611.000000   611.000000   611.000000   611.000000   611.000000   611.000000     0.000000
     0.000000   611.000000   611.000000   611.000000   611.000000   611.000000   611.000000   611.000000   611.000000   611.000000   611.000000   611.000000   611.000000   611.000000   611.000000   611.000000   611.000000   611.000000   611.000000   611.000000   611.000000   611.000000   611.000000   611.000000   611.000000   611.000000   611.000000   611.000000   611.000000   611.000000   611.000000   611.000000   611.000000   611.000000   611.000000   611.000000   611.000000   611.000000   611.000000   611.000000   611.000000   611.000000   611.000000   611.000000   611.000000   611.000000   611.000000   611.000000   611.000000   611.000000   611.000000   611.000000   611.000000   611.000000   611.000000   611.000000   611.000000   611.000000   611.000000   611.000000   611.000000   611.000000   611.000000   611.000000   611.000000   611.000000   611.000000   611.000000   611.000000   611.000000   611.000000   611.000000   611.000000   611.000000   611.000000   611.000000   611.000000   611.000000   611.000000   611.000000   611.000000   611.000000   611.000000   611.000000   611.000000   611.000000   611.000000   611.000000   611.000000   611.000000   611.000000   611.000000   611.000000   611.000000   611.000000   611.000000   611.000000   611.000000   611.000000   611.000000   611.000000   611.000000   611.000000   611.000000   611.000000   611.000000   611.000000   611.000000   611.000000   611.000000   611.000000   611.000000   611.000000   611.000000   611.000000   611.000000   611.000000   611.000000   611.000000   611.000000   611.000000   611.000000   611.000000   611.000000   611.000000   611.000000   611.000000   611.000000   611.000000   611.000000   611.000000   611.000000   611.000000   611.000000   611.000000   611.000000   611.000000   611.000000   611.000000   611.000000   611.000000   611.000000   611.000000   611.000000   611.000000   611.000000   611.000000   611.000000   611.000000   611.000000   611.000000   611.000000   611.000000   611.000000   611.000000   611.000000   611.000000   611.000000   611.000000   611.000000   611.000000     0.000000
     0.000000   611.000000   611.000000   611.000000   611.000000   611.000000   611.000000   611.000000   611.000000   611.000000   611.000000   611.000000   611.000000   611.000000   611.000000   611.000000   611.000000   611.000000   611.000000   611.000000   611.000000   611.000000   611.000000   611.000000   611.000000   611.000000   611.000000   611.000000   611.000000   611.000000   611.000000   611.000000   611.000000   611.000000   611.000000   611.000000   611.000000   611.000000   611.000000   611.000000   611.000000   611.000000   611.000000   611.000000   611.000000   611.000000   611.000000   611.000000   611.000000   611.000000   611.000000   611.000000   611.000000   611.000000   611.000000   611.000000   611.000000   611.000000   611.000000   611.000000   611.000000   611.000000   611.000000   611.000000   611.000000   611.000000   611.000000   611.000000   611.000000   611.000000   611.000000   611.000000   611.000000   611.000000   611.000000   611.000000   611.000000   611.000000   611.000000   611.000000   611.000000   611.000000   611.000000   611.000000   611.000000   611.000000   611.000000   611.000000   611.000000   611.000000   611.000000   611.000000   611.000000   611.000000   611.000000   611.000000   611.000000   611.000000   611.000000   611.000000   611.000000   611.000000   611.000000   611.000000   611.000000   611.000000   611.000000   611.000000   611.000000   611.000000   611.000000   611.000000   611.000000   611.000000   611.000000   611.000000   611.000000   611.000000   611.000000   611.000000   611.000000   611.000000   611.000000   611.000000   611.000000   611.000000   611.000000   611.000000   611.000000   611.000000   611.000000   611.000000   611.000000   611.000000   611.000000   611.000000   611.000000   611.000000   611.000000   611.000000   611.000000   611.000000   611.000000   611.000000   611.000000   611.000000   611.000000   611.000000   611.000000   611.000000   611.000000   611.000000   611.000000   611.000000   611.000000   611.000000   611.000000   611.000000   611.000000   611.000000   611.000000     0.000000
     0.000000   611.000000   611.000000   611.000000   611.000000   611.000000   611.000000   611.000000   611.000000   611.000000   611.000000   611.000000   611.000000   611.000000   611.000000   611.000000   611.000000   611.000000   611.000000   611.000000   611.000000   611.000000   611.000000   611.000000   611.000000   611.000000   611.000000   611.000000   611.000000   611.000000   611.000000   611.000000   611.000000   611.000000   611.000000   611.000000   611.000000   611.000000   611.000000   611.000000   611.000000   611.000000   611.000000   611.000000   611.000000   611.000000   611.000000   611.000000   611.000000   611.000000   611.000000   611.000000   611.000000   611.000000   611.000000   611.000000   611.000000   611.000000   611.000000   611.000000   611.000000   611.000000   611.000000   611.000000   611.000000   611.000000   611.000000   611.000000   611.000000   611.000000   611.000000   611.000000   611.000000   611.000000   611.000000   611.000000   611.000000   611.000000   611.000000   611.000000   611.000000   611.000000   611.000000   611.000000   611.000000   611.000000   611.000000   611.000000   611.000000   611.000000   611.000000   611.000000   611.000000   611.000000   611.000000   611.000000   611.000000   611.000000   611.000000   611.000000   611.000000   611.000000   611.000000   611.000000   611.000000   611.000000   611.000000   611.000000   611.000000   611.000000   611.000000   611.000000   611.000000   611.000000   611.000000   611.000000   611.000000   611.000000   611.000000   611.000000   611.000000   611.000000   611.000000   611.000000   611.000000   611.000000   611.000000   611.000000   611.000000   611.000000   611.000000   611.000000   611.000000   611.000000   611.000000   611.000000   611.000000   611.000000   611.000000   611.000000   611.000000   611.000000   611.000000   611.000000   611.000000   611.000000   611.000000   611.000000   611.000000   611.000000   611.000000   611.000000   611.000000   611.000000   611.000000   611.000000   611.000000   611.000000   611.000000   611.000000   611.000000     0.000000
     0.000000   611.000000   611.000000   611.000000   611.000000   611.000000   611.000000   611.000000   611.000000   611.000000   611.000000   611.000000   611.000000   611.000000   611.000000   611.000000   611.000000   611.000000   611.000000   611.000000   611.000000   611.000000   611.000000   611.000000   611.000000   611.000000   611.000000   611.000000   611.000000   611.000000   611.000000   611.000000   611.000000   611.000000   611.000000   611.000000   611.000000   611.000000   611.000000   611.000000   611.000000   611.000000   611.000000   611.000000   611.000000   611.000000   611.000000   611.000000   611.000000   611.000000   611.000000   611.000000   611.000000   611.000000   611.000000   611.000000   611.000000   611.000000   611.000000   611.000000   611.000000   611.000000   611.000000   611.000000   611.000000   611.000000   611.000000   611.000000   611.000000   611.000000   611.000000   611.000000   611.000000   611.000000   611.000000   611.000000   611.000000   611.000000   611.000000   611.000000   611.000000   611.000000   611.000000   611.000000   611.000000   611.000000   611.000000   611.000000   611.000000   611.000000   611.000000   611.000000   611.000000   611.000000   611.000000   611.000000   611.000000   611.000000   611.000000   611.000000   611.000000   611.000000   611.000000   611.000000   611.000000   611.000000   611.000000   611.000000   611.000000   611.000000   611.000000   611.000000   611.000000   611.000000   611.000000   611.000000   611.000000   611.000000   611.000000   611.000000   611.000000   611.000000   611.000000   611.000000   611.000000   611.000000   611.000000   611.000000   611.000000   611.000000   611.000000   611.000000   611.000000   611.000000   611.000000   611.000000   611.000000   611.000000   611.000000   611.000000   611.000000   611.000000   611.000000   611.000000   611.000000   611.000000   611.000000   611.000000   611.000000   611.000000   611.000000   611.000000   611.000000   611.000000   611.000000   611.000000   611.000000   611.000000   611.000000   611.000000   611.000000     0.000000
     0.000000   611.000000   611.000000   611.000000   611.000000   611.000000   611.000000   611.000000   611.000000   611.000000   611.000000   611.000000   611.000000   611.000000   611.000000   611.000000   611.000000   611.000000   611.000000   611.000000   611.000000   611.000000   611.000000   611.000000   611.000000   611.000000   611.000000   611.000000   611.000000   611.000000   611.000000   611.000000   611.000000   611.000000   611.000000   611.000000   611.000000   611.000000   611.000000   611.000000   611.000000   611.000000   611.000000   611.000000   611.000000   611.000000   611.000000   611.000000   611.000000   611.000000   611.000000   611.000000   611.000000   611.000000   611.000000   611.000000   611.000000   611.000000   611.000000   611.000000   611.000000   611.000000   611.000000   611.000000   611.000000   611.000000   611.000000   611.000000   611.000000   611.000000   611.000000   611.000000   611.000000   611.000000   611.000000   611.000000   611.000000   611.000000   611.000000   611.000000   611.000000   611.000000   611.000000   611.000000   611.000000   611.000000   611.000000   611.000000   611.000000   611.000000   611.000000   611.000000   611.000000   611.000000   611.000000   611.000000   611.000000   611.000000   611.000000   611.000000   611.000000   611.000000   611.000000   611.000000   611.000000   611.000000   611.000000   611.000000   611.000000   611.000000   611.000000   611.000000   611.000000   611.000000   611.000000   611.000000   611.000000   611.000000   611.000000   611.000000   611.000000   611.000000   611.000000   611.000000   611.000000   611.000000   611.000000   611.000000   611.000000   611.000000   611.000000   611.000000   611.000000   611.000000   611.000000   611.000000   611.000000   611.000000   611.000000   611.000000   611.000000   611.000000   611.000000   611.000000   611.000000   611.000000   611.000000   611.000000   611.000000   611.000000   611.000000   611.000000   611.000000   611.000000   611.000000   611.000000   611.000000   611.000000   611.000000   611.000000   611.000000     0.000000
     0.000000   611.000000   611.000000   611.000000   611.000000   611.000000   611.000000   611.000000   611.000000   611.000000   611.000000   611.000000   611.000000   611.000000   611.000000   611.000000   611.000000   611.000000   611.000000   611.000000   611.000000   611.000000   611.000000   611.000000   611.000000   611.000000   611.000000   611.000000   611.000000   611.000000   611.000000   611.000000   611.000000   611.000000   611.000000   611.000000   611.000000   611.000000   611.000000   611.000000   611.000000   611.000000   611.000000   611.000000   611.000000   611.000000   611.000000   611.000000   611.000000   611.000000   611.000000   611.000000   611.000000   611.000000   611.000000   611.000000   611.000000   611.000000   611.000000   611.000000   611.000000   611.000000   611.000000   611.000000   611.000000   611.000000   611.000000   611.000000   611.000000   611.000000   611.000000   611.000000   611.000000   611.000000   611.000000   611.000000   611.000000   611.000000   611.000000   611.000000   611.000000   611.000000   611.000000   611.000000   611.000000   611.000000   611.000000   611.000000   611.000000   611.000000   611.000000   611.000000   611.000000   611.000000   611.000000   611.000000   611.000000   611.000000   611.000000   611.000000   611.000000   611.000000   611.000000   611.000000   611.000000   611.000000   611.000000   611.000000   611.000000   611.000000   611.000000   611.000000   611.000000   611.000000   611.000000   611.000000   611.000000   611.000000   611.000000   611.000000   611.000000   611.000000   611.000000   611.000000   611.000000   611.000000   611.000000   611.000000   611.000000   611.000000   611.000000   611.000000   611.000000   611.000000   611.000000   611.000000   611.000000   611.000000   611.000000   611.000000   611.000000   611.000000   611.000000   611.000000   611.000000   611.000000   611.000000   611.000000   611.000000   611.000000   611.000000   611.000000   611.000000   611.000000   611.000000   611.000000   611.000000   611.000000   611.000000   611.000000   611.000000     0.000000
     0.000000   611.000000   611.000000   611.000000   611.000000   611.000000   611.000000   611.000000   611.000000   611.000000   611.000000   611.000000   611.000000   611.000000   611.000000   611.000000   611.000000   611.000000   611.000000   611.000000   611.000000   611.000000   611.000000   611.000000   611.000000   611.000000   611.000000   611.000000   611.000000   611.000000   611.000000   611.000000   611.000000   611.000000   611.000000   611.000000   611.000000   611.000000   611.000000   611.000000   611.000000   611.000000   611.000000   611.000000   611.000000   611.000000   611.000000   611.000000   611.000000   611.000000   611.000000   611.000000   611.000000   611.000000   611.000000   611.000000   611.000000   611.000000   611.000000   611.000000   611.000000   611.000000   611.000000   611.000000   611.000000   611.000000   611.000000   611.000000   611.000000   611.000000   611.000000   611.000000   611.000000   611.000000   611.000000   611.000000   611.000000   611.000000   611.000000   611.000000   611.000000   611.000000   611.000000   611.000000   611.000000   611.000000   611.000000   611.000000   611.000000   611.000000   611.000000   611.000000   611.000000   611.000000   611.000000   611.000000   611.000000   611.000000   611.000000   611.000000   611.000000   611.000000   611.000000   611.000000   611.000000   611.000000   611.000000   611.000000   611.000000   611.000000   611.000000   611.000000   611.000000   611.000000   611.000000   611.000000   611.000000   611.000000   611.000000   611.000000   611.000000   611.000000   611.000000   611.000000   611.000000   611.000000   611.000000   611.000000   611.000000   611.000000   611.000000   611.000000   611.000000   611.000000   611.000000   611.000000   611.000000   611.000000   611.000000   611.000000   611.000000   611.000000   611.000000   611.000000   611.000000   611.000000   611.000000   611.000000   611.000000   611.000000   611.000000   611.000000   611.000000   611.000000   611.000000   611.000000   611.000000   611.000000   611.000000   611.000000   611.000000     0.000000
     0.000000   611.000000   611.000000   611.000000   611.000000   611.000000   611.000000   611.000000   611.000000   611.000000   611.000000   611.000000   611.000000   611.000000   611.000000   611.000000   611.000000   611.000000   611.000000   611.000000   611.000000   611.000000   611.000000   611.000000   611.000000   611.000000   611.000000   611.000000   611.000000   611.000000   611.000000   611.000000   611.000000   611.000000   611.000000   611.000000   611.000000   611.000000   611.000000   611.000000   611.000000   611.000000   611.000000   611.000000   611.000000   611.000000   611.000000   611.000000   611.000000   611.000000   611.000000   611.000000   611.000000   611.000000   611.000000   611.000000   611.000000   611.000000   611.000000   611.000000   611.000000   611.000000   611.000000   611.000000   611.000000   611.000000   611.000000   611.000000   611.000000   611.000000   611.000000   611.000000   611.000000   611.000000   611.000000   611.000000   611.000000   611.000000   611.000000   611.000000   611.000000   611.000000   611.000000   611.000000   611.000000   611.000000   611.000000   611.000000   611.000000   611.000000   611.000000   611.000000   611.000000   611.000000   611.000000   611.000000   611.000000   611.000000   611.000000   611.000000   611.000000   611.000000   611.000000   611.000000   611.000000   611.000000   611.000000   611.000000   611.000000   611.000000   611.000000   611.000000   611.000000   611.000000   611.000000   611.000000   611.000000   611.000000   611.000000   611.000000   611.000000   611.000000   611.000000   611.000000   611.000000   611.000000   611.000000   611.000000   611.000000   611.000000   611.000000   611.000000   611.000000   611.000000   611.000000   611.000000   611.000000   611.000000   611.000000   611.000000   611.000000   611.000000   611.000000   611.000000   611.000000   611.000000   611.000000   611.000000   611.000000   611.000000   611.000000   611.000000   611.000000   611.000000   611.000000   611.000000   611.000000   611.000000   611.000000   611.000000   611.000000     0.000000
     0.000000   611.000000   611.000000   611.000000   611.000000   611.000000   611.000000   611.000000   611.000000   611.000000   611.000000   611.000000   611.000000   611.000000   611.000000   611.000000   611.000000   611.000000   611.000000   611.000000   611.000000   611.000000   611.000000   611.000000   611.000000   611.000000   611.000000   611.000000   611.000000   611.000000   611.000000   611.000000   611.000000   611.000000   611.000000   611.000000   611.000000   611.000000   611.000000   611.000000   611.000000   611.000000   611.000000   611.000000   611.000000   611.000000   611.000000   611.000000   611.000000   611.000000   611.000000   611.000000   611.000000   611.000000   611.000000   611.000000   611.000000   611.000000   611.000000   611.000000   611.000000   611.000000   611.000000   611.000000   611.000000   611.000000   611.000000   611.000000   611.000000   611.000000   611.000000   611.000000   611.000000   611.000000   611.000000   611.000000   611.000000   611.000000   611.000000   611.000000   611.000000   611.000000   611.000000   611.000000   611.000000   611.000000   611.000000   611.000000   611.000000   611.000000   611.000000   611.000000   611.000000   611.000000   611.000000   611.000000   611.000000   611.000000   611.000000   611.000000   611.000000   611.000000   611.000000   611.000000   611.000000   611.000000   611.000000   611.000000   611.000000   611.000000   611.000000   611.000000   611.000000   611.000000   611.000000   611.000000   611.000000   611.000000   611.000000   611.000000   611.000000   611.000000   611.000000   611.000000   611.000000   611.000000   611.000000   611.000000   611.000000   611.000000   611.000000   611.000000   611.000000   611.000000   611.000000   611.000000   611.000000   611.000000   611.000000   611.000000   611.000000   611.000000   611.000000   611.000000   611.000000   611.000000   611.000000   611.000000   611.000000   611.000000   611.000000   611.000000   611.000000   611.000000   611.000000   611.000000   611.000000   611.000000   611.000000   611.000000   611.000000     0.000000
     0.000000   611.000000   611.000000   611.000000   611.000000   611.000000   611.000000   611.000000   611.000000   611.000000   611.000000   611.000000   611.000000   611.000000   611.000000   611.000000   611.000000   611.000000   611.000000   611.000000   611.000000   611.000000   611.000000   611.000000   611.000000   611.000000   611.000000   611.000000   611.000000   611.000000   611.000000   611.000000   611.000000   611.000000   611.000000   611.000000   611.000000   611.000000   611.000000   611.000000   611.000000   611.000000   611.000000   611.000000   611.000000   611.000000   611.000000   611.000000   611.000000   611.000000   611.000000   611.000000   611.000000   611.000000   611.000000   611.000000   611.000000   611.000000   611.000000   611.000000   611.000000   611.000000   611.000000   611.000000   611.000000   611.000000   611.000000   611.000000   611.000000   611.000000   611.000000   611.000000   611.000000   611.000000   611.000000   611.000000   611.000000   611.000000   611.000000   611.000000   611.000000   611.000000   611.000000   611.000000   611.000000   611.000000   611.000000   611.000000   611.000000   611.000000   611.000000   611.000000   611.000000   611.000000   611.000000   611.000000   611.000000   611.000000   611.000000   611.000000   611.000000   611.000000   611.000000   611.000000   611.000000   611.000000   611.000000   611.000000   611.000000   611.000000   611.000000   611.000000   611.000000   611.000000   611.000000   611.000000   611.000000   611.000000   611.000000   611.000000   611.000000   611.000000   611.000000   611.000000   611.000000   611.000000   611.000000   611.000000   611.000000   611.000000   611.000000   611.000000   611.000000   611.000000   611.000000   611.000000   611.000000   611.000000   611.000000   611.000000   611.000000   611.000000   611.000000   611.000000   611.000000   611.000000   611.000000   611.000000   611.000000   611.000000   611.000000   611.000000   611.000000   611.000000   611.000000   611.000000   611.000000   611.000000   611.000000   611.000000   611.000000     0.000000
     0.000000   611.000000   611.000000   611.000000   611.000000   611.000000   611.000000   611.000000   611.000000   611.000000   611.000000   611.000000   611.000000   611.000000   611.000000   611.000000   611.000000   611.000000   611.000000   611.000000   611.000000   611.000000   611.000000   611.000000   611.000000   611.000000   611.000000   611.000000   611.000000   611.000000   611.000000   611.000000   611.000000   611.000000   611.000000   611.000000   611.000000   611.000000   611.000000   611.000000   611.000000   611.000000   611.000000   611.000000   611.000000   611.000000   611.000000   611.000000   611.000000   611.000000   611.000000   611.000000   611.000000   611.000000   611.000000   611.000000   611.000000   611.000000   611.000000   611.000000   611.000000   611.000000   611.000000   611.000000   611.000000   611.000000   611.000000   611.000000   611.000000   611.000000   611.000000   611.000000   611.000000   611.000000   611.000000   611.000000   611.000000   611.000000   611.000000   611.000000   611.000000   611.000000   611.000000   611.000000   611.000000   611.000000   611.000000   611.000000   611.000000   611.000000   611.000000   611.000000   611.000000   611.000000   611.000000   611.000000   611.000000   611.000000   611.000000   611.000000   611.000000   611.000000   611.000000   611.000000   611.000000   611.000000   611.000000   611.000000   611.000000   611.000000   611.000000   611.000000   611.000000   611.000000   611.000000   611.000000   611.000000   611.000000   611.000000   611.000000   611.000000   611.000000   611.000000   611.000000   611.000000   611.000000   611.000000   611.000000   611.000000   611.000000   611.000000   611.000000   611.000000   611.000000   611.000000   611.000000   611.000000   611.000000   611.000000   611.000000   611.000000   611.000000   611.000000   611.000000   611.000000   611.000000   611.000000   611.000000   611.000000   611.000000   611.000000   611.000000   611.000000   611.000000   611.000000   611.000000   611.000000   611.000000   611.000000   611.000000   611.000000     0.000000
     0.000000   611.000000   611.000000   611.000000   611.000000   611.000000   611.000000   611.000000   611.000000   611.000000   611.000000   611.000000   611.000000   611.000000   611.000000   611.000000   611.000000   611.000000   611.000000   611.000000   611.000000   611.000000   611.000000   611.000000   611.000000   611.000000   611.000000   611.000000   611.000000   611.000000   611.000000   611.000000   611.000000   611.000000   611.000000   611.000000   611.000000   611.000000   611.000000   611.000000   611.000000   611.000000   611.000000   611.000000   611.000000   611.000000   611.000000   611.000000   611.000000   611.000000   611.000000   611.000000   611.000000   611.000000   611.000000   611.000000   611.000000   611.000000   611.000000   611.000000   611.000000   611.000000   611.000000   611.000000   611.000000   611.000000   611.000000   611.000000   611.000000   611.000000   611.000000   611.000000   611.000000   611.000000   611.000000   611.000000   611.000000   611.000000   611.000000   611.000000   611.000000   611.000000   611.000000   611.000000   611.000000   611.000000   611.000000   611.000000   611.000000   611.000000   611.000000   611.000000   611.000000   611.000000   611.000000   611.000000   611.000000   611.000000   611.000000   611.000000   611.000000   611.000000   611.000000   611.000000   611.000000   611.000000   611.000000   611.000000   611.000000   611.000000   611.000000   611.000000   611.000000   611.000000   611.000000   611.000000   611.000000   611.000000   611.000000   611.000000   611.000000   611.000000   611.000000   611.000000   611.000000   611.000000   611.000000   611.000000   611.000000   611.000000   611.000000   611.000000   611.000000   611.000000   611.000000   611.000000   611.000000   611.000000   611.000000   611.000000   611.000000   611.000000   611.000000   611.000000   611.000000   611.000000   611.000000   611.000000   611.000000   611.000000   611.000000   611.000000   611.000000   611.000000   611.000000   611.000000   611.000000   611.000000   611.000000   611.000000   611.000000     0.000000
     0.000000   611.000000   611.000000   611.000000   611.000000   611.000000   611.000000   611.000000   611.000000   611.000000   611.000000   611.000000   611.000000   611.000000   611.000000   611.000000   611.000000   611.000000   611.000000   611.000000   611.000000   611.000000   611.000000   611.000000   611.000000   611.000000   611.000000   611.000000   611.000000   611.000000   611.000000   611.000000   611.000000   611.000000   611.000000   611.000000   611.000000   611.000000   611.000000   611.000000   611.000000   611.000000   611.000000   611.000000   611.000000   611.000000   611.000000   611.000000   611.000000   611.000000   611.000000   611.000000   611.000000   611.000000   611.000000   611.000000   611.000000   611.000000   611.000000   611.000000   611.000000   611.000000   611.000000   611.000000   611.000000   611.000000   611.000000   611.000000   611.000000   611.000000   611.000000   611.000000   611.000000   611.000000   611.000000   611.000000   611.000000   611.000000   611.000000   611.000000   611.000000   611.000000   611.000000   611.000000   611.000000   611.000000   611.000000   611.000000   611.000000   611.000000   611.000000   611.000000   611.000000   611.000000   611.000000   611.000000   611.000000   611.000000   611.000000   611.000000   611.000000   611.000000   611.000000   611.000000   611.000000   611.000000   611.000000   611.000000   611.000000   611.000000   611.000000   611.000000   611.000000   611.000000   611.000000   611.000000   611.000000   611.000000   611.000000   611.000000   611.000000   611.000000   611.000000   611.000000   611.000000   611.000000   611.000000   611.000000   611.000000   611.000000   611.000000   611.000000   611.000000   611.000000   611.000000   611.000000   611.000000   611.000000   611.000000   611.000000   611.000000   611.000000   611.000000   611.000000   611.000000   611.000000   611.000000   611.000000   611.000000   611.000000   611.000000   611.000000   611.000000   611.000000   611.000000   611.000000   611.000000   611.000000   611.000000   611.000000   611.000000     0.000000
     0.000000   611.000000   611.000000   611.000000   611.000000   611.000000   611.000000   611.000000   611.000000   611.000000   611.000000   611.000000   611.000000   611.000000   611.000000   611.000000   611.000000   611.000000   611.000000   611.000000   611.000000   611.000000   611.000000   611.000000   611.000000   611.000000   611.000000   611.000000   611.000000   611.000000   611.000000   611.000000   611.000000   611.000000   611.000000   611.000000   611.000000   611.000000   611.000000   611.000000   611.000000   611.000000   611.000000   611.000000   611.000000   611.000000   611.000000   611.000000   611.000000   611.000000   611.000000   611.000000   611.000000   611.000000   611.000000   611.000000   611.000000   611.000000   611.000000   611.000000   611.000000   611.000000   611.000000   611.000000   611.000000   611.000000   611.000000   611.000000   611.000000   611.000000   611.000000   611.000000   611.000000   611.000000   611.000000   611.000000   611.000000   611.000000   611.000000   611.000000   611.000000   611.000000   611.000000   611.000000   611.000000   611.000000   611.000000   611.000000   611.000000   611.000000   611.000000   611.000000   611.000000   611.000000   611.000000   611.000000   611.000000   611.000000   611.000000   611.000000   611.000000   611.000000   611.000000   611.000000   611.000000   611.000000   611.000000   611.000000   611.000000   611.000000   611.000000   611.000000   611.000000   611.000000   611.000000   611.000000   611.000000   611.000000   611.000000   611.000000   611.000000   611.000000   611.000000   611.000000   611.000000   611.000000   611.000000   611.000000   611.000000   611.000000   611.000000   611.000000   611.000000   611.000000   611.000000   611.000000   611.000000   611.000000   611.000000   611.000000   611.000000   611.000000   611.000000   611.000000   611.000000   611.000000   611.000000   611.000000   611.000000   611.000000   611.000000   611.000000   611.000000   611.000000   611.000000   611.000000   611.000000   611.000000   611.000000   611.000000   611.000000     0.000000
     0.000000   611.000000   611.000000   611.000000   611.000000   611.000000   611.000000   611.000000   611.000000   611.000000   611.000000   611.000000   611.000000   611.000000   611.000000   611.000000   611.000000   611.000000   611.000000   611.000000   611.000000   611.000000   611.000000   611.000000   611.000000   611.000000   611.000000   611.000000   611.000000   611.000000   611.000000   611.000000   611.000000   611.000000   611.000000   611.000000   611.000000   611.000000   611.000000   611.000000   611.000000   611.000000   611.000000   611.000000   611.000000   611.000000   611.000000   611.000000   611.000000   611.000000   611.000000   611.000000   611.000000   611.000000   611.000000   611.000000   611.000000   611.000000   611.000000   611.000000   611.000000   611.000000   611.000000   611.000000   611.000000   611.000000   611.000000   611.000000   611.000000   611.000000   611.000000   611.000000   611.000000   611.000000   611.000000   611.000000   611.000000   611.000000   611.000000   611.000000   611.000000   611.000000   611.000000   611.000000   611.000000   611.000000   611.000000   611.000000   611.000000   611.000000   611.000000   611.000000   611.000000   611.000000   611.000000   611.000000   611.000000   611.000000   611.000000   611.000000   611.000000   611.000000   611.000000   611.000000   611.000000   611.000000   611.000000   611.000000   611.000000   611.000000   611.000000   611.000000   611.000000   611.000000   611.000000   611.000000   611.000000   611.000000   611.000000   611.000000   611.000000   611.000000   611.000000   611.000000   611.000000   611.000000   611.000000   611.000000   611.000000   611.000000   611.000000   611.000000   611.000000   611.000000   611.000000   611.000000   611.000000   611.000000   611.000000   611.000000   611.000000   611.000000   611.000000   611.000000   611.000000   611.000000   611.000000   611.000000   611.000000   611.000000   611.000000   611.000000   611.000000   611.000000   611.000000   611.000000   611.000000   611.000000   611.000000   611.000000   611.000000     0.000000
     0.000000     0.000000     0.000000     0.000000     0.000000     0.000000     0.000000     0.000000     0.000000     0.000000     0.000000     0.000000     0.000000     0.000000     0.000000     0.000000     0.000000     0.000000     0.000000     0.000000     0.000000     0.000000     0.000000     0.000000     0.000000     0.000000     0.000000     0.000000     0.000000     0.000000     0.000000     0.000000     0.000000     0.000000     0.000000     0.000000     0.000000     0.000000     0.000000     0.000000     0.000000     0.000000     0.000000     0.000000     0.000000     0.000000     0.000000     0.000000     0.000000     0.000000     0.000000     0.000000     0.000000     0.000000     0.000000     0.000000     0.000000     0.000000     0.000000     0.000000     0.000000     0.000000     0.000000     0.000000     0.000000     0.000000     0.000000     0.000000     0.000000     0.000000     0.000000     0.000000     0.000000     0.000000     0.000000     0.000000     0.000000     0.000000     0.000000     0.000000     0.000000     0.000000     0.000000     0.000000     0.000000     0.000000     0.000000     0.000000     0.000000     0.000000     0.000000     0.000000     0.000000     0.000000     0.000000     0.000000     0.000000     0.000000     0.000000     0.000000     0.000000     0.000000     0.000000     0.000000     0.000000     0.000000     0.000000     0.000000     0.000000     0.000000     0.000000     0.000000     0.000000     0.000000     0.000000     0.000000     0.000000     0.000000     0.000000     0.000000     0.000000     0.000000     0.000000     0.000000     0.000000     0.000000     0.000000     0.000000     0.000000     0.000000     0.000000     0.000000     0.000000     0.000000     0.000000     0.000000     0.000000     0.000000     0.000000     0.000000     0.000000     0.000000     0.000000     0.000000     0.000000     0.000000     0.000000     0.000000     0.000000     0.000000     0.000000     0.000000     0.000000     0.000000     0.000000     0.000000     0.000000     0.000000     0.000000     0.000000     0.000000     0.000000
