     0.000000     0.000000     0.000000     0.000000     0.000000     0.000000     0.000000     0.000000     0.000000     0.000000     0.000000     0.000000     0.000000     0.000000     0.000000     0.000000     0.000000     0.000000     0.000000     0.000000     0.000000     0.000000     0.000000     0.000000     0.000000     0.000000     0.000000     0.000000     0.000000     0.000000     0.000000     0.000000     0.000000     0.000000     0.000000     0.000000     0.000000     0.000000     0.000000     0.000000     0.000000     0.000000     0.000000     0.000000     0.000000     0.000000     0.000000     0.000000     0.000000     0.000000     0.000000     0.000000     0.000000     0.000000     0.000000     0.000000     0.000000     0.000000     0.000000     0.000000     0.000000     0.000000     0.000000     0.000000     0.000000     0.000000     0.000000     0.000000     0.000000     0.000000     0.000000     0.000000     0.000000     0.000000     0.000000     0.000000     0.000000     0.000000     0.000000     0.000000     0.000000     0.000000     0.000000     0.000000     0.000000     0.000000     0.000000     0.000000     0.000000     0.000000     0.000000     0.000000     0.000000     0.000000     0.000000     0.000000     0.000000     0.000000     0.000000     0.000000     0.000000     0.000000     0.000000     0.000000     0.000000     0.000000     0.000000     0.000000     0.000000     0.000000     0.000000     0.000000     0.000000     0.000000     0.000000     0.000000     0.000000     0.000000     0.000000     0.000000     0.000000     0.000000     0.000000     0.000000     0.000000     0.000000     0.000000     0.000000     0.000000     0.000000     0.000000     0.000000     0.000000     0.000000     0.000000     0.000000     0.000000     0.000000     0.000000     0.000000     0.000000     0.000000     0.000000     0.000000     0.000000     0.000000     0.000000     0.000000     0.000000     0.000000     0.000000     0.000000     0.000000     0.000000     0.000000     0.000000     0.000000     0.000000     0.000000     0.000000     0.000000     0.000000
     0.000000     0.000000     0.000000     0.000000     0.000000     0.000000     0.000000     0.000000     0.000000     0.000000     0.000000     0.000000     0.000000     0.000000     0.000000     0.000000     0.000000     0.000000     0.000000     0.000000     0.000000     0.000000     0.000000     0.000000     0.000000     0.000000     0.000000     0.000000     0.000000     0.000000     0.000000     0.000000     0.000000     0.000000     0.000000     0.000000     0.000000     0.000000     0.000000     0.000000     0.000000     0.000000     0.000000     0.000000     0.000000     0.000000     0.000000     0.000000     0.000000     0.000000     0.000000     0.000000     0.000000     0.000000     0.000000     0.000000     0.000000     0.000000     0.000000     0.000000     0.000000     0.000000     0.000000     0.000000     0.000000     0.000000     0.000000     0.000000     0.000000     0.000000     0.000000     0.000000     0.000000     0.000000     0.000000     0.000000     0.000000     0.000000     0.000000     0.000000     0.000000     0.000000     0.000000     0.000000     0.000000     0.000000     0.000000     0.000000     0.000000     0.000000     0.000000     0.000000     0.000000     0.000000     0.000000     0.000000     0.000000     0.000000     0.000000     0.000000     0.000000     0.000000     0.000000     0.000000     0.000000     0.000000     0.000000     0.000000     0.000000     0.000000     0.000000     0.000000     0.000000     0.000000    -3.062251    -3.062251    -3.062251    -3.062251    -3.062251    -3.062251    -3.062251    -3.062251    -3.062324    -3.064024    -3.067926    -0.158400     0.000000     0.000000     0.000000     0.000000     0.000000     0.000000     0.000000     0.000000     0.000000     0.000000     0.000000     0.000000     0.000000    -3.682598    -3.764265    -3.851423    -3.947596    -4.052602    -4.166032    -4.287503    -4.416650    -4.553130    -4.696618    -4.846806    -5.003402    -5.166128    -5.334722    -5.508933    -5.688523    -5.873265    -6.062944    -6.257354    -6.456299    -6.659590    -6.867050     0.000000
     0.000000     0.000000     0.000000     0.000000     0.000000     0.000000     0.000000     0.000000     0.000000     0.000000     0.000000     0.000000     0.000000     0.000000     0.000000     0.000000     0.000000     0.000000     0.000000     0.000000     0.000000     0.000000     0.000000     0.000000     0.000000     0.000000     0.000000     0.000000     0.000000     0.000000     0.000000     0.000000     0.000000     0.000000     0.000000     0.000000     0.000000     0.000000     0.000000     0.000000     0.000000     0.000000     0.000000     0.000000     0.000000     0.000000     0.000000     0.000000     0.000000     0.000000     0.000000     0.000000     0.000000     0.000000     0.000000     0.000000     0.000000     0.000000     0.000000     0.000000     0.000000     0.000000     0.000000     0.000000     0.000000     0.000000     0.000000     0.000000     0.000000     0.000000     0.000000     0.000000     0.000000     0.000000     0.000000     0.000000     0.000000     0.000000     0.000000     0.000000     0.000000     0.000000     0.000000     0.000000     0.000000     0.000000     0.000000     0.000000     0.000000     0.000000     0.000000     0.000000     0.000000     0.000000     0.000000     0.000000     0.000000     0.000000     0.000000     0.000000     0.000000     0.000000     0.000000     0.000000     0.000000     0.000000     0.000000     0.000000     0.000000     0.000000     0.000000     0.000000     0.000000     0.000000    -3.062251    -3.062251    -3.062251    -3.062251    -3.062251    -3.062251    -3.062251    -3.062251    -3.062251    -3.062251    -3.062919    -3.065875    -3.071144    -3.078638    -3.088383    -3.103587     0.000000     0.000000     0.000000     0.000000     0.000000     0.000000     0.000000     0.000000     0.000000    -3.596601    -3.674854    -3.757572    -3.845667    -3.942922    -4.049268    -4.164266    -4.287503    -4.418590    -4.557162    -4.702873    -4.855397    -5.014425    -5.179667    -5.350845    -5.527698    -5.709978    -5.897447    -6.089882    -6.287070    -6.488806    -6.694898     0.000000
     0.000000     0.000000     0.000000     0.000000     0.000000     0.000000     0.000000     0.000000     0.000000     0.000000     0.000000     0.000000     0.000000     0.000000     0.000000     0.000000     0.000000     0.000000     0.000000     0.000000     0.000000     0.000000     0.000000     0.000000     0.000000     0.000000     0.000000     0.000000     0.000000     0.000000     0.000000     0.000000     0.000000     0.000000     0.000000     0.000000     0.000000     0.000000     0.000000     0.000000     0.000000     0.000000     0.000000     0.000000     0.000000     0.000000     0.000000     0.000000     0.000000     0.000000     0.000000     0.000000     0.000000     0.000000     0.000000     0.000000     0.000000     0.000000     0.000000     0.000000     0.000000     0.000000     0.000000     0.000000     0.000000     0.000000     0.000000     0.000000     0.000000     0.000000     0.000000     0.000000     0.000000     0.000000     0.000000     0.000000     0.000000     0.000000     0.000000     0.000000     0.000000     0.000000     0.000000     0.000000     0.000000     0.000000     0.000000     0.000000     0.000000     0.000000     0.000000     0.000000     0.000000     0.000000     0.000000     0.000000     0.000000     0.000000     0.000000     0.000000     0.000000     0.000000     0.000000     0.000000     0.000000     0.000000     0.000000     0.000000     0.000000     0.000000     0.000000     0.000000     0.000000     0.000000    -3.062251    -3.062251    -3.062251    -3.062251    -3.062251    -3.062251    -3.062251    -3.062251    -3.062251    -3.062251    -3.062251    -3.062368    -3.064413    -3.068928    -3.075821    -3.084978    -3.098415     0.000000     0.000000     0.000000     0.000000     0.000000     0.000000     0.000000     0.000000     0.000000    -3.590437    -3.669708    -3.753564    -3.842801    -3.941368    -4.049268    -4.166032    -4.291220    -4.424418    -4.565238    -4.713316    -4.868307    -5.029889    -5.197756    -5.371618    -5.551202    -5.736251    -5.926519    -6.121774    -6.321795    -6.526373     0.000000
     0.000000     0.000000     0.000000     0.000000     0.000000     0.000000     0.000000     0.000000     0.000000     0.000000     0.000000     0.000000     0.000000     0.000000     0.000000     0.000000     0.000000     0.000000     0.000000     0.000000     0.000000     0.000000     0.000000     0.000000     0.000000     0.000000     0.000000     0.000000     0.000000     0.000000     0.000000     0.000000     0.000000     0.000000     0.000000     0.000000     0.000000     0.000000     0.000000     0.000000     0.000000     0.000000     0.000000     0.000000     0.000000     0.000000     0.000000     0.000000     0.000000     0.000000     0.000000     0.000000     0.000000     0.000000     0.000000     0.000000     0.000000     0.000000     0.000000     0.000000     0.000000     0.000000     0.000000     0.000000     0.000000     0.000000     0.000000     0.000000     0.000000     0.000000     0.000000     0.000000     0.000000     0.000000     0.000000     0.000000     0.000000     0.000000     0.000000     0.000000     0.000000     0.000000     0.000000     0.000000     0.000000     0.000000     0.000000     0.000000     0.000000     0.000000     0.000000     0.000000     0.000000     0.000000     0.000000     0.000000     0.000000     0.000000     0.000000     0.000000     0.000000     0.000000     0.000000     0.000000     0.000000     0.000000     0.000000     0.000000     0.000000     0.000000     0.000000     0.000000     0.000000     0.000000     0.000000     0.000000    -3.062251    -3.062251    -3.062251    -3.062251    -3.062251    -3.062251    -3.062251    -3.062251    -3.062251    -3.062251    -3.062251    -3.063407    -3.067199    -3.073524    -3.081973     0.000000     0.000000     0.000000     0.000000     0.000000     0.000000     0.000000     0.000000     0.000000    -3.511271    -3.586749    -3.667140    -3.752230    -3.842801    -3.942922    -4.052602    -4.171340    -4.298669    -4.434153    -4.577383    -4.727974    -4.885568    -5.049824    -5.220425    -5.397070    -5.579476    -5.767374    -5.960511    -6.158648    -6.361557     0.000000
     0.000000     0.000000     0.000000     0.000000     0.000000     0.000000     0.000000     0.000000     0.000000     0.000000     0.000000     0.000000     0.000000     0.000000     0.000000     0.000000     0.000000     0.000000     0.000000     0.000000     0.000000     0.000000     0.000000     0.000000     0.000000     0.000000     0.000000     0.000000     0.000000     0.000000     0.000000     0.000000     0.000000     0.000000     0.000000     0.000000     0.000000     0.000000     0.000000     0.000000     0.000000     0.000000     0.000000     0.000000     0.000000     0.000000     0.000000     0.000000     0.000000     0.000000     0.000000     0.000000     0.000000     0.000000     0.000000     0.000000     0.000000     0.000000     0.000000     0.000000     0.000000     0.000000     0.000000     0.000000     0.000000     0.000000     0.000000     0.000000     0.000000     0.000000     0.000000     0.000000     0.000000     0.000000     0.000000     0.000000     0.000000     0.000000     0.000000     0.000000     0.000000     0.000000     0.000000     0.000000     0.000000     0.000000     0.000000     0.000000     0.000000     0.000000     0.000000     0.000000     0.000000     0.000000     0.000000     0.000000     0.000000     0.000000     0.000000     0.000000     0.000000     0.000000     0.000000     0.000000     0.000000     0.000000     0.000000     0.000000     0.000000     0.000000     0.000000     0.000000     0.000000     0.000000     0.000000     0.000000     0.000000    -3.062251    -3.062251    -3.062251    -3.062251    -3.062251    -3.062251    -3.062251    -3.062251    -3.062251    -3.062251    -3.062251    -3.062773    -3.065886    -3.071614    -3.079287     0.000000     0.000000     0.000000     0.000000     0.000000     0.000000     0.000000     0.000000    -3.437635    -3.508939    -3.585521    -3.667140    -3.753564    -3.845667    -3.947596    -4.059288    -4.180214    -4.309882    -4.447831    -4.593633    -4.746887    -4.907216    -5.074269    -5.247714    -5.427240    -5.612554    -5.803378    -5.999453    -6.200532     0.000000
     0.000000     0.000000     0.000000     0.000000     0.000000     0.000000     0.000000     0.000000     0.000000     0.000000     0.000000     0.000000     0.000000     0.000000     0.000000     0.000000     0.000000     0.000000     0.000000     0.000000     0.000000     0.000000     0.000000     0.000000     0.000000     0.000000     0.000000     0.000000     0.000000     0.000000     0.000000     0.000000     0.000000     0.000000     0.000000     0.000000     0.000000     0.000000     0.000000     0.000000     0.000000     0.000000     0.000000     0.000000     0.000000     0.000000     0.000000     0.000000     0.000000     0.000000     0.000000     0.000000     0.000000     0.000000     0.000000     0.000000     0.000000     0.000000     0.000000     0.000000     0.000000     0.000000     0.000000     0.000000     0.000000     0.000000     0.000000     0.000000     0.000000     0.000000     0.000000     0.000000     0.000000     0.000000     0.000000     0.000000     0.000000     0.000000     0.000000     0.000000     0.000000     0.000000     0.000000     0.000000     0.000000     0.000000     0.000000     0.000000     0.000000     0.000000     0.000000     0.000000     0.000000     0.000000     0.000000     0.000000     0.000000     0.000000     0.000000     0.000000     0.000000     0.000000     0.000000     0.000000     0.000000     0.000000     0.000000     0.000000     0.000000     0.000000     0.000000     0.000000     0.000000     0.000000     0.000000     0.000000     0.000000    -3.062251    -3.062251    -3.062251    -3.062251    -3.062251    -3.062251    -3.062251    -3.062251    -3.062251    -3.062251    -3.062251    -3.062251    -3.062423    -3.064913    -3.070061    -3.077677     0.000000     0.000000     0.000000     0.000000     0.000000     0.000000     0.000000    -3.369821    -3.436538    -3.508939    -3.586749    -3.669708    -3.757572    -3.851423    -3.955421    -4.069365    -4.192697    -4.324901    -4.465497    -4.614035    -4.770100    -4.933299    -5.103269    -5.279666    -5.462169    -5.650476    -5.844303    -6.043381     0.000000
     0.000000     0.000000     0.000000     0.000000     0.000000     0.000000     0.000000     0.000000     0.000000     0.000000     0.000000     0.000000     0.000000     0.000000     0.000000     0.000000     0.000000     0.000000     0.000000     0.000000     0.000000     0.000000     0.000000     0.000000     0.000000     0.000000     0.000000     0.000000     0.000000     0.000000     0.000000     0.000000     0.000000     0.000000     0.000000     0.000000     0.000000     0.000000     0.000000     0.000000     0.000000     0.000000     0.000000     0.000000     0.000000     0.000000     0.000000     0.000000     0.000000     0.000000     0.000000     0.000000     0.000000     0.000000     0.000000     0.000000     0.000000     0.000000     0.000000     0.000000     0.000000     0.000000     0.000000     0.000000     0.000000     0.000000     0.000000     0.000000     0.000000     0.000000     0.000000     0.000000     0.000000     0.000000     0.000000     0.000000     0.000000     0.000000     0.000000     0.000000     0.000000     0.000000     0.000000     0.000000     0.000000     0.000000     0.000000     0.000000     0.000000     0.000000     0.000000     0.000000     0.000000     0.000000     0.000000     0.000000     0.000000     0.000000     0.000000     0.000000     0.000000     0.000000     0.000000     0.000000     0.000000     0.000000     0.000000     0.000000     0.000000     0.000000     0.000000     0.000000     0.000000     0.000000     0.000000     0.000000     0.000000     0.000000    -3.062251    -3.062251    -3.062251    -3.062251    -3.062251    -3.062251    -3.062251    -3.062251    -3.062251    -3.062251    -3.062251    -3.062251    -3.062274    -3.064214    -3.068290     0.000000     0.000000     0.000000     0.000000     0.000000     0.000000    -3.252943    -3.308145    -3.369821    -3.437634    -3.511270    -3.590436    -3.674853    -3.764264    -3.860113    -3.966447    -4.082885    -4.208844    -4.343785    -4.487207    -4.638646    -4.797668    -4.963869    -5.136873    -5.316327    -5.501900    -5.693282    -5.890183     0.000000
     0.000000     0.000000     0.000000     0.000000     0.000000     0.000000     0.000000     0.000000     0.000000     0.000000     0.000000     0.000000     0.000000     0.000000     0.000000     0.000000     0.000000     0.000000     0.000000     0.000000     0.000000     0.000000     0.000000     0.000000     0.000000     0.000000     0.000000     0.000000     0.000000     0.000000     0.000000     0.000000     0.000000     0.000000     0.000000     0.000000     0.000000     0.000000     0.000000     0.000000     0.000000     0.000000     0.000000     0.000000     0.000000     0.000000     0.000000     0.000000     0.000000     0.000000     0.000000     0.000000     0.000000     0.000000     0.000000     0.000000     0.000000     0.000000     0.000000     0.000000     0.000000     0.000000     0.000000     0.000000     0.000000     0.000000     0.000000     0.000000     0.000000     0.000000     0.000000     0.000000     0.000000     0.000000     0.000000     0.000000     0.000000     0.000000     0.000000     0.000000     0.000000     0.000000     0.000000     0.000000     0.000000     0.000000     0.000000     0.000000     0.000000     0.000000     0.000000     0.000000     0.000000     0.000000     0.000000     0.000000     0.000000     0.000000     0.000000     0.000000     0.000000     0.000000     0.000000     0.000000     0.000000     0.000000     0.000000     0.000000     0.000000     0.000000     0.000000     0.000000     0.000000     0.000000     0.000000     0.000000     0.000000     0.000000    -3.062251    -3.062251    -3.062251    -3.062251    -3.062251    -3.062251    -3.062251    -3.062251    -3.062251    -3.062251    -3.062251    -3.062251    -3.062251    -3.062251    -3.060253     0.000000    -3.075981    -3.086411    -3.102946    -3.128364    -3.162142    -3.203798    -3.252899    -3.309033    -3.371808    -3.440866    -3.515872    -3.596513    -3.682497    -3.773549    -3.871674    -3.980592    -4.099743    -4.228520    -4.366363    -4.512753    -4.667208    -4.829281    -4.998556    -5.174645    -5.357186    -5.545840    -5.740289     0.000000
     0.000000     0.000000     0.000000     0.000000     0.000000     0.000000     0.000000     0.000000     0.000000     0.000000     0.000000     0.000000     0.000000     0.000000     0.000000     0.000000     0.000000     0.000000     0.000000     0.000000     0.000000     0.000000     0.000000     0.000000     0.000000     0.000000     0.000000     0.000000     0.000000     0.000000     0.000000     0.000000     0.000000     0.000000     0.000000     0.000000     0.000000     0.000000     0.000000     0.000000     0.000000     0.000000     0.000000     0.000000     0.000000     0.000000     0.000000     0.000000     0.000000     0.000000     0.000000     0.000000     0.000000     0.000000     0.000000     0.000000     0.000000     0.000000     0.000000     0.000000     0.000000     0.000000     0.000000     0.000000     0.000000     0.000000     0.000000     0.000000     0.000000     0.000000     0.000000     0.000000     0.000000     0.000000     0.000000     0.000000     0.000000     0.000000     0.000000     0.000000     0.000000     0.000000     0.000000     0.000000     0.000000     0.000000     0.000000     0.000000     0.000000     0.000000     0.000000     0.000000     0.000000     0.000000     0.000000     0.000000     0.000000     0.000000     0.000000     0.000000     0.000000     0.000000     0.000000     0.000000     0.000000     0.000000     0.000000     0.000000     0.000000     0.000000     0.000000     0.000000     0.000000     0.000000     0.000000     0.000000     0.000000     0.000000    -3.062251    -3.062251    -3.062251    -3.062251    -3.062251    -3.062251    -3.062251    -3.062251    -3.062251    -3.062251    -3.062251    -3.062251    -3.062251    -3.062251    -3.061366    -3.062408    -3.066693    -3.074067    -3.084364    -3.100615    -3.126051    -3.160116    -3.202279    -3.252055    -3.309008    -3.372723    -3.442817    -3.518935    -3.600742    -3.687931    -3.780210    -3.880401    -3.991557    -4.113001    -4.244104    -4.384287    -4.533015    -4.689795    -4.854170    -5.025715    -5.204036    -5.388769    -5.579571     0.000000
     0.000000     0.000000     0.000000     0.000000     0.000000     0.000000     0.000000     0.000000     0.000000     0.000000     0.000000     0.000000     0.000000     0.000000     0.000000     0.000000     0.000000     0.000000     0.000000     0.000000     0.000000     0.000000     0.000000     0.000000     0.000000     0.000000     0.000000     0.000000     0.000000     0.000000     0.000000     0.000000     0.000000     0.000000     0.000000     0.000000     0.000000     0.000000     0.000000     0.000000     0.000000     0.000000     0.000000     0.000000     0.000000     0.000000     0.000000     0.000000     0.000000     0.000000     0.000000     0.000000     0.000000     0.000000     0.000000     0.000000     0.000000     0.000000     0.000000     0.000000     0.000000     0.000000     0.000000     0.000000     0.000000     0.000000     0.000000     0.000000     0.000000     0.000000     0.000000     0.000000     0.000000     0.000000     0.000000     0.000000     0.000000     0.000000     0.000000     0.000000     0.000000     0.000000     0.000000     0.000000     0.000000     0.000000     0.000000     0.000000     0.000000     0.000000     0.000000     0.000000     0.000000     0.000000     0.000000     0.000000     0.000000     0.000000     0.000000     0.000000     0.000000     0.000000     0.000000     0.000000     0.000000     0.000000     0.000000     0.000000     0.000000     0.000000     0.000000     0.000000     0.000000     0.000000     0.000000     0.000000     0.000000     0.000000    -3.062251    -3.062251    -3.062251    -3.062251    -3.062251    -3.062251    -3.062251    -3.062251    -3.062251    -3.062251    -3.062251    -3.062251    -3.062251    -3.062251    -3.062251    -3.062251    -3.063214    -3.067505    -3.075034    -3.085604    -3.102240    -3.128375    -3.163413    -3.206802    -3.258029    -3.316626    -3.382158    -3.454221    -3.532443    -3.616478    -3.706003    -3.800765    -3.904595    -4.019551    -4.144930    -4.280084    -4.424418    -4.577383    -4.738472    -4.907216    -5.083179    -5.265957    -5.455173     0.000000
     0.000000     0.000000     0.000000     0.000000     0.000000     0.000000     0.000000     0.000000     0.000000     0.000000     0.000000     0.000000     0.000000     0.000000     0.000000     0.000000     0.000000     0.000000     0.000000     0.000000     0.000000     0.000000     0.000000     0.000000     0.000000     0.000000     0.000000     0.000000     0.000000     0.000000     0.000000     0.000000     0.000000     0.000000     0.000000     0.000000     0.000000     0.000000     0.000000     0.000000     0.000000     0.000000     0.000000     0.000000     0.000000     0.000000     0.000000     0.000000     0.000000     0.000000     0.000000     0.000000     0.000000     0.000000     0.000000     0.000000     0.000000     0.000000     0.000000     0.000000     0.000000     0.000000     0.000000     0.000000     0.000000     0.000000     0.000000     0.000000     0.000000     0.000000     0.000000     0.000000     0.000000     0.000000     0.000000     0.000000     0.000000     0.000000     0.000000     0.000000     0.000000     0.000000     0.000000     0.000000     0.000000     0.000000     0.000000     0.000000     0.000000     0.000000     0.000000     0.000000     0.000000     0.000000     0.000000     0.000000     0.000000     0.000000     0.000000     0.000000     0.000000     0.000000     0.000000     0.000000     0.000000     0.000000     0.000000     0.000000     0.000000     0.000000     0.000000     0.000000     0.000000     0.000000     0.000000     0.000000     0.000000     0.000000     0.000000    -3.062251    -3.062251    -3.062251    -3.062251    -3.062251    -3.062251    -3.062251    -3.062251    -3.062251    -3.062251    -3.062251    -3.062251    -3.062251    -3.062251    -3.062251    -3.062251    -3.063125    -3.067402    -3.075034    -3.085806    -3.102956    -3.129882    -3.165944    -3.210555    -3.263173    -3.323301    -3.390481    -3.464292    -3.544344    -3.630274    -3.721747    -3.818758    -3.925920    -4.044279    -4.173112    -4.311755    -4.459598    -4.616081    -4.780687    -4.952936    -5.132387    -5.318628     0.000000
     0.000000     0.000000     0.000000     0.000000     0.000000     0.000000     0.000000     0.000000     0.000000     0.000000     0.000000     0.000000     0.000000     0.000000     0.000000     0.000000     0.000000     0.000000     0.000000     0.000000     0.000000     0.000000     0.000000     0.000000     0.000000     0.000000     0.000000     0.000000     0.000000     0.000000     0.000000     0.000000     0.000000     0.000000     0.000000     0.000000     0.000000     0.000000     0.000000     0.000000     0.000000     0.000000     0.000000     0.000000     0.000000     0.000000     0.000000     0.000000     0.000000     0.000000     0.000000     0.000000     0.000000     0.000000     0.000000     0.000000     0.000000     0.000000     0.000000     0.000000     0.000000     0.000000     0.000000     0.000000     0.000000     0.000000     0.000000     0.000000     0.000000     0.000000     0.000000     0.000000     0.000000     0.000000     0.000000     0.000000     0.000000     0.000000     0.000000     0.000000     0.000000     0.000000     0.000000     0.000000     0.000000     0.000000     0.000000     0.000000     0.000000     0.000000     0.000000     0.000000     0.000000     0.000000     0.000000     0.000000     0.000000     0.000000     0.000000     0.000000     0.000000     0.000000     0.000000     0.000000     0.000000     0.000000     0.000000     0.000000     0.000000     0.000000     0.000000     0.000000     0.000000     0.000000     0.000000     0.000000     0.000000     0.000000     0.000000    -3.062251    -3.062251    -3.062251    -3.062251    -3.062251    -3.062251    -3.062251    -3.062251    -3.062251    -3.062251    -3.062251    -3.062251    -3.062251    -3.062251    -3.062251    -3.062251    -3.062251    -3.063125    -3.067505    -3.075346    -3.086419    -3.104416    -3.132437    -3.169800    -3.215883    -3.270117    -3.331981    -3.400996    -3.476722    -3.558752    -3.646712    -3.740255    -3.839943    -3.950721    -4.072736    -4.205248    -4.347579    -4.499109    -4.659266    -4.827526    -5.003402    -5.186445     0.000000
     0.000000     0.000000     0.000000     0.000000     0.000000     0.000000     0.000000     0.000000     0.000000     0.000000     0.000000     0.000000     0.000000     0.000000     0.000000     0.000000     0.000000     0.000000     0.000000     0.000000     0.000000     0.000000     0.000000     0.000000     0.000000     0.000000     0.000000     0.000000     0.000000     0.000000     0.000000     0.000000     0.000000     0.000000     0.000000     0.000000     0.000000     0.000000     0.000000     0.000000     0.000000     0.000000     0.000000     0.000000     0.000000     0.000000     0.000000     0.000000     0.000000     0.000000     0.000000     0.000000     0.000000     0.000000     0.000000     0.000000     0.000000     0.000000     0.000000     0.000000     0.000000     0.000000     0.000000     0.000000     0.000000     0.000000     0.000000     0.000000     0.000000     0.000000     0.000000     0.000000     0.000000     0.000000     0.000000     0.000000     0.000000     0.000000     0.000000     0.000000     0.000000     0.000000     0.000000     0.000000     0.000000     0.000000     0.000000     0.000000     0.000000     0.000000     0.000000     0.000000     0.000000     0.000000     0.000000     0.000000     0.000000     0.000000     0.000000     0.000000     0.000000     0.000000     0.000000     0.000000     0.000000     0.000000     0.000000     0.000000     0.000000     0.000000     0.000000     0.000000     0.000000     0.000000     0.000000     0.000000     0.000000     0.000000    -3.062251    -3.062251    -3.062251    -3.062251    -3.062251    -3.062251    -3.062251    -3.062251    -3.062251    -3.062251    -3.062251    -3.062251    -3.062251    -3.062251    -3.062251    -3.062251    -3.062251    -3.062251    -3.062251    -3.063214    -3.067819    -3.075981    -3.087490    -3.106681    -3.136106    -3.175049    -3.222857    -3.278934    -3.342739    -3.413772    -3.491578    -3.575735    -3.665857    -3.761585    -3.864486    -3.979154    -4.105068    -4.241474    -4.387684    -4.543068    -4.707047    -4.879089    -5.058703     0.000000
     0.000000     0.000000     0.000000     0.000000     0.000000     0.000000     0.000000     0.000000     0.000000     0.000000     0.000000     0.000000     0.000000     0.000000     0.000000     0.000000     0.000000     0.000000     0.000000     0.000000     0.000000     0.000000     0.000000     0.000000     0.000000     0.000000     0.000000     0.000000     0.000000     0.000000     0.000000     0.000000     0.000000     0.000000     0.000000     0.000000     0.000000     0.000000     0.000000     0.000000     0.000000     0.000000     0.000000     0.000000     0.000000     0.000000     0.000000     0.000000     0.000000     0.000000     0.000000     0.000000     0.000000     0.000000     0.000000     0.000000     0.000000     0.000000     0.000000     0.000000     0.000000     0.000000     0.000000     0.000000     0.000000     0.000000     0.000000     0.000000     0.000000     0.000000     0.000000     0.000000     0.000000     0.000000     0.000000     0.000000     0.000000     0.000000     0.000000     0.000000     0.000000     0.000000     0.000000     0.000000     0.000000     0.000000     0.000000     0.000000     0.000000     0.000000     0.000000     0.000000     0.000000     0.000000     0.000000     0.000000     0.000000     0.000000     0.000000     0.000000     0.000000     0.000000     0.000000     0.000000     0.000000     0.000000     0.000000     0.000000     0.000000     0.000000     0.000000     0.000000     0.000000     0.000000     0.000000     0.000000     0.000000     0.000000    -3.062251    -3.062251    -3.062251    -3.062251    -3.062251    -3.062251    -3.062251    -3.062251    -3.062251    -3.062251    -3.062251    -3.062251    -3.062251    -3.062251    -3.062251    -3.062251    -3.062251    -3.062251    -3.062251    -3.062251    -3.063407    -3.068362    -3.076957    -3.089105    -3.109837    -3.140979    -3.181782    -3.231566    -3.289713    -3.355660    -3.428893    -3.508939    -3.595366    -3.687777    -3.785805    -3.892569    -4.011389    -4.141433    -4.281936    -4.432204    -4.591598    -4.759535    -4.935478     0.000000
     0.000000     0.000000     0.000000     0.000000     0.000000     0.000000     0.000000     0.000000     0.000000     0.000000     0.000000     0.000000     0.000000     0.000000     0.000000     0.000000     0.000000     0.000000     0.000000     0.000000     0.000000     0.000000     0.000000     0.000000     0.000000     0.000000     0.000000     0.000000     0.000000     0.000000     0.000000     0.000000     0.000000     0.000000     0.000000     0.000000     0.000000     0.000000     0.000000     0.000000     0.000000     0.000000     0.000000     0.000000     0.000000     0.000000     0.000000     0.000000     0.000000     0.000000     0.000000     0.000000     0.000000     0.000000     0.000000     0.000000     0.000000     0.000000     0.000000     0.000000     0.000000     0.000000     0.000000     0.000000     0.000000     0.000000     0.000000     0.000000     0.000000     0.000000     0.000000     0.000000     0.000000     0.000000     0.000000     0.000000     0.000000     0.000000     0.000000     0.000000     0.000000     0.000000     0.000000     0.000000     0.000000     0.000000     0.000000     0.000000     0.000000     0.000000     0.000000     0.000000     0.000000     0.000000     0.000000     0.000000     0.000000     0.000000     0.000000     0.000000     0.000000     0.000000     0.000000     0.000000     0.000000     0.000000     0.000000     0.000000     0.000000     0.000000     0.000000     0.000000     0.000000     0.000000     0.000000     0.000000     0.000000     0.000000    -3.062251    -3.062251    -3.062251    -3.062251    -3.062251    -3.062251    -3.062251    -3.062251    -3.062251    -3.062251    -3.062251    -3.062251    -3.062251    -3.062251    -3.062251    -3.062251    -3.062251    -3.062251    -3.062251    -3.062251    -3.062251    -3.063728    -3.069161    -3.078305    -3.091377    -3.113997    -3.147167    -3.190109    -3.242117    -3.302555    -3.370842    -3.446449    -3.528892    -3.617728    -3.712550    -3.813185    -3.924385    -4.047604    -4.181993    -4.326784    -4.481275    -4.644824    -4.816844     0.000000
     0.000000     0.000000     0.000000     0.000000     0.000000     0.000000     0.000000     0.000000     0.000000     0.000000     0.000000     0.000000     0.000000     0.000000     0.000000     0.000000     0.000000     0.000000     0.000000     0.000000     0.000000     0.000000     0.000000     0.000000     0.000000     0.000000     0.000000     0.000000     0.000000     0.000000     0.000000     0.000000     0.000000     0.000000     0.000000     0.000000     0.000000     0.000000     0.000000     0.000000     0.000000     0.000000     0.000000     0.000000     0.000000     0.000000     0.000000     0.000000     0.000000     0.000000     0.000000     0.000000     0.000000     0.000000     0.000000     0.000000     0.000000     0.000000     0.000000     0.000000     0.000000     0.000000     0.000000     0.000000     0.000000     0.000000     0.000000     0.000000     0.000000     0.000000     0.000000     0.000000     0.000000     0.000000     0.000000     0.000000     0.000000     0.000000     0.000000     0.000000     0.000000     0.000000     0.000000     0.000000     0.000000     0.000000     0.000000     0.000000     0.000000     0.000000     0.000000     0.000000     0.000000     0.000000     0.000000     0.000000     0.000000     0.000000     0.000000     0.000000     0.000000     0.000000     0.000000     0.000000     0.000000     0.000000     0.000000     0.000000     0.000000     0.000000     0.000000     0.000000     0.000000     0.000000     0.000000     0.000000     0.000000    -3.062251    -3.062251    -3.062251    -3.062251    -3.062251    -3.062251    -3.062251    -3.062251    -3.062251    -3.062251    -3.062251    -3.062251    -3.062251    -3.062251    -3.062251    -3.062251    -3.062251    -3.062251    -3.062251    -3.062251    -3.062251    -3.062251    -3.062251    -3.064214    -3.070254    -3.080063    -3.094448    -3.119301    -3.154805    -3.200157    -3.254632    -3.317576    -3.388393    -3.466542    -3.551531    -3.642906    -3.740255    -3.844233    -3.960137    -4.087983    -4.226919    -4.376172    -4.535038    -4.702873     0.000000
     0.000000     0.000000     0.000000     0.000000     0.000000     0.000000     0.000000     0.000000     0.000000     0.000000     0.000000     0.000000     0.000000     0.000000     0.000000     0.000000     0.000000     0.000000     0.000000     0.000000     0.000000     0.000000     0.000000     0.000000     0.000000     0.000000     0.000000     0.000000     0.000000     0.000000     0.000000     0.000000     0.000000     0.000000     0.000000     0.000000     0.000000     0.000000     0.000000     0.000000     0.000000     0.000000     0.000000     0.000000     0.000000     0.000000     0.000000     0.000000     0.000000     0.000000     0.000000     0.000000     0.000000     0.000000     0.000000     0.000000     0.000000     0.000000     0.000000     0.000000     0.000000     0.000000     0.000000     0.000000     0.000000     0.000000     0.000000     0.000000     0.000000     0.000000     0.000000     0.000000     0.000000     0.000000     0.000000     0.000000     0.000000     0.000000     0.000000     0.000000     0.000000     0.000000     0.000000     0.000000     0.000000     0.000000     0.000000     0.000000     0.000000     0.000000     0.000000     0.000000     0.000000     0.000000     0.000000     0.000000     0.000000     0.000000     0.000000     0.000000     0.000000     0.000000     0.000000     0.000000     0.000000     0.000000     0.000000     0.000000     0.000000     0.000000     0.000000     0.000000     0.000000     0.000000     0.000000     0.000000     0.000000    -3.062251    -3.062251    -3.062251    -3.062251    -3.062251    -3.062251    -3.062251    -3.062251    -3.062251    -3.062251    -3.062251    -3.062251    -3.062251    -3.062251    -3.062251    -3.062251    -3.062251    -3.062251    -3.062251    -3.062251    -3.062251    -3.062251    -3.062251    -3.062274    -3.064913    -3.071690    -3.082277    -3.098486    -3.125908    -3.164043    -3.212069    -3.269243    -3.334899    -3.408428    -3.489281    -3.576955    -3.670993    -3.770976    -3.879182    -4.000031    -4.132716    -4.276382    -4.430256    -4.593633     0.000000
     0.000000     0.000000     0.000000     0.000000     0.000000     0.000000     0.000000     0.000000     0.000000     0.000000     0.000000     0.000000     0.000000     0.000000     0.000000     0.000000     0.000000     0.000000     0.000000     0.000000     0.000000     0.000000     0.000000     0.000000     0.000000     0.000000     0.000000     0.000000     0.000000     0.000000     0.000000     0.000000     0.000000     0.000000     0.000000     0.000000     0.000000     0.000000     0.000000     0.000000     0.000000     0.000000     0.000000     0.000000     0.000000     0.000000     0.000000     0.000000     0.000000     0.000000     0.000000     0.000000     0.000000     0.000000     0.000000     0.000000     0.000000     0.000000     0.000000     0.000000     0.000000     0.000000     0.000000     0.000000     0.000000     0.000000     0.000000     0.000000     0.000000     0.000000     0.000000     0.000000     0.000000     0.000000     0.000000     0.000000     0.000000     0.000000     0.000000     0.000000     0.000000     0.000000     0.000000     0.000000     0.000000     0.000000     0.000000     0.000000     0.000000     0.000000     0.000000     0.000000     0.000000     0.000000     0.000000     0.000000     0.000000     0.000000     0.000000     0.000000     0.000000     0.000000     0.000000     0.000000     0.000000     0.000000     0.000000     0.000000     0.000000     0.000000     0.000000     0.000000     0.000000     0.000000    -3.062251    -3.062251    -3.062251    -3.062251    -3.062251    -3.062251    -3.062251    -3.062251    -3.062251    -3.062251    -3.062251    -3.062251    -3.062251    -3.062251    -3.062251    -3.062251    -3.062251    -3.062251    -3.062251    -3.062251    -3.062251    -3.062251    -3.062251    -3.062251    -3.062251    -3.062251    -3.062251    -3.062423    -3.065886    -3.073524    -3.085001    -3.103681    -3.133996    -3.175049    -3.226000    -3.286097    -3.354659    -3.431071    -3.514777    -3.605269    -3.702085    -3.804887    -3.918263    -4.044279    -4.181993    -4.330554    -4.489190     0.000000
     0.000000     0.000000     0.000000     0.000000     0.000000     0.000000     0.000000     0.000000     0.000000     0.000000     0.000000     0.000000     0.000000     0.000000     0.000000     0.000000     0.000000     0.000000     0.000000     0.000000     0.000000     0.000000     0.000000     0.000000     0.000000     0.000000     0.000000     0.000000     0.000000     0.000000     0.000000     0.000000     0.000000     0.000000     0.000000     0.000000     0.000000     0.000000     0.000000     0.000000     0.000000     0.000000     0.000000     0.000000     0.000000     0.000000     0.000000     0.000000     0.000000     0.000000     0.000000     0.000000     0.000000     0.000000     0.000000     0.000000     0.000000     0.000000     0.000000     0.000000     0.000000     0.000000     0.000000     0.000000     0.000000     0.000000     0.000000     0.000000     0.000000     0.000000     0.000000     0.000000     0.000000     0.000000     0.000000     0.000000     0.000000     0.000000     0.000000     0.000000     0.000000     0.000000     0.000000     0.000000     0.000000     0.000000     0.000000     0.000000     0.000000     0.000000     0.000000     0.000000     0.000000     0.000000     0.000000     0.000000     0.000000     0.000000     0.000000     0.000000     0.000000     0.000000     0.000000     0.000000     0.000000     0.000000     0.000000     0.000000     0.000000     0.000000     0.000000     0.000000     0.000000     0.000000    -3.062251    -3.062251    -3.062251    -3.062251    -3.062251    -3.062251    -3.062251    -3.062251    -3.062251    -3.062251    -3.062251    -3.062251    -3.062251    -3.062251    -3.062251    -3.062251    -3.062251    -3.062251    -3.062251    -3.062251    -3.062251    -3.062251    -3.062251    -3.062251    -3.062251    -3.062251    -3.062251    -3.062251    -3.062773    -3.067199    -3.075821    -3.088396    -3.110242    -3.143760    -3.188002    -3.242117    -3.305344    -3.376996    -3.456451    -3.543149    -3.636579    -3.736276    -3.842801    -3.961712    -4.093093    -4.236006    -4.389607     0.000000
     0.000000     0.000000     0.000000     0.000000     0.000000     0.000000     0.000000     0.000000     0.000000     0.000000     0.000000     0.000000     0.000000     0.000000     0.000000     0.000000     0.000000     0.000000     0.000000     0.000000     0.000000     0.000000     0.000000     0.000000     0.000000     0.000000     0.000000     0.000000     0.000000     0.000000     0.000000     0.000000     0.000000     0.000000     0.000000     0.000000     0.000000     0.000000     0.000000     0.000000     0.000000     0.000000     0.000000     0.000000     0.000000     0.000000     0.000000     0.000000     0.000000     0.000000     0.000000     0.000000     0.000000     0.000000     0.000000     0.000000     0.000000     0.000000     0.000000     0.000000     0.000000     0.000000     0.000000     0.000000     0.000000     0.000000     0.000000     0.000000     0.000000     0.000000     0.000000     0.000000     0.000000     0.000000     0.000000     0.000000     0.000000     0.000000     0.000000     0.000000     0.000000     0.000000     0.000000     0.000000     0.000000     0.000000     0.000000     0.000000     0.000000     0.000000     0.000000     0.000000     0.000000     0.000000     0.000000     0.000000     0.000000     0.000000     0.000000     0.000000     0.000000     0.000000     0.000000     0.000000     0.000000     0.000000     0.000000     0.000000     0.000000     0.000000     0.000000     0.000000     0.000000    -3.062251    -3.062251    -3.062251    -3.062251    -3.062251    -3.062251    -3.062251    -3.062251    -3.062251    -3.062251    -3.062251    -3.062251    -3.062251    -3.062251    -3.062251    -3.062251    -3.062251    -3.062251    -3.062251    -3.062251    -3.062251    -3.062251    -3.062251    -3.062251    -3.062251    -3.062251    -3.062251    -3.062251    -3.062251    -3.062251    -3.063407    -3.068928    -3.078650    -3.093013    -3.118394    -3.155407    -3.203092    -3.260594    -3.327145    -3.402054    -3.484699    -3.574516    -3.670993    -3.773666    -3.885113    -4.009762    -4.146680    -4.294942     0.000000
     0.000000     0.000000     0.000000     0.000000     0.000000     0.000000     0.000000     0.000000     0.000000     0.000000     0.000000     0.000000     0.000000     0.000000     0.000000     0.000000     0.000000     0.000000     0.000000     0.000000     0.000000     0.000000     0.000000     0.000000     0.000000     0.000000     0.000000     0.000000     0.000000     0.000000     0.000000     0.000000     0.000000     0.000000     0.000000     0.000000     0.000000     0.000000     0.000000     0.000000     0.000000     0.000000     0.000000     0.000000     0.000000     0.000000     0.000000     0.000000     0.000000     0.000000     0.000000     0.000000     0.000000     0.000000     0.000000     0.000000     0.000000     0.000000     0.000000     0.000000     0.000000     0.000000     0.000000     0.000000     0.000000     0.000000     0.000000     0.000000     0.000000     0.000000     0.000000     0.000000     0.000000     0.000000     0.000000     0.000000     0.000000     0.000000     0.000000     0.000000     0.000000     0.000000     0.000000     0.000000     0.000000     0.000000     0.000000     0.000000     0.000000     0.000000     0.000000     0.000000     0.000000     0.000000     0.000000     0.000000     0.000000     0.000000     0.000000     0.000000     0.000000     0.000000     0.000000     0.000000     0.000000     0.000000     0.000000     0.000000     0.000000     0.000000     0.000000     0.000000     0.000000    -3.062251    -3.062251    -3.062251    -3.062251    -3.062251    -3.062251    -3.062251    -3.062251    -3.062251    -3.062251    -3.062251    -3.062251    -3.062251    -3.062251    -3.062251    -3.062251    -3.062251    -3.062251    -3.062251    -3.062251    -3.062251    -3.062251    -3.062251    -3.062251    -3.062251    -3.062251    -3.062251    -3.062251    -3.062251    -3.062251    -3.062251    -3.064413    -3.071155    -3.082088    -3.099146    -3.128375    -3.169152    -3.220517    -3.281609    -3.351661    -3.429981    -3.515948    -3.608997    -3.708619    -3.814576    -3.932078    -4.062641    -4.205248     0.000000
     0.000000     0.000000     0.000000     0.000000     0.000000     0.000000     0.000000     0.000000     0.000000     0.000000     0.000000     0.000000     0.000000     0.000000     0.000000     0.000000     0.000000     0.000000     0.000000     0.000000     0.000000     0.000000     0.000000     0.000000     0.000000     0.000000     0.000000     0.000000     0.000000     0.000000     0.000000     0.000000     0.000000     0.000000     0.000000     0.000000     0.000000     0.000000     0.000000     0.000000     0.000000     0.000000     0.000000     0.000000     0.000000     0.000000     0.000000     0.000000     0.000000     0.000000     0.000000     0.000000     0.000000     0.000000     0.000000     0.000000     0.000000     0.000000     0.000000     0.000000     0.000000     0.000000     0.000000     0.000000     0.000000     0.000000     0.000000     0.000000     0.000000     0.000000     0.000000     0.000000     0.000000     0.000000     0.000000     0.000000     0.000000     0.000000     0.000000     0.000000     0.000000     0.000000     0.000000     0.000000     0.000000     0.000000     0.000000     0.000000     0.000000     0.000000     0.000000     0.000000     0.000000     0.000000     0.000000     0.000000     0.000000     0.000000     0.000000     0.000000     0.000000     0.000000     0.000000     0.000000     0.000000     0.000000     0.000000     0.000000     0.000000     0.000000     0.000000     0.000000    -3.062251    -3.062251    -3.062251    -3.062251    -3.062251    -3.062251    -3.062251    -3.062251    -3.062251    -3.062251    -3.062251    -3.062251    -3.062251    -3.062251    -3.062251    -3.062251    -3.062251    -3.062251    -3.062251    -3.062251    -3.062251    -3.062251    -3.062251    -3.062251    -3.062251    -3.062251    -3.062251    -3.062251    -3.062251    -3.062251    -3.062251    -3.062251    -3.062368    -3.065886    -3.073968    -3.086214    -3.107067    -3.140429    -3.185219    -3.240476    -3.305344    -3.379057    -3.460925    -3.550330    -3.646712    -3.749564    -3.860114    -3.983947    -4.120573     0.000000
     0.000000     0.000000     0.000000     0.000000     0.000000     0.000000     0.000000     0.000000     0.000000     0.000000     0.000000     0.000000     0.000000     0.000000     0.000000     0.000000     0.000000     0.000000     0.000000     0.000000     0.000000     0.000000     0.000000     0.000000     0.000000     0.000000     0.000000     0.000000     0.000000     0.000000     0.000000     0.000000     0.000000     0.000000     0.000000     0.000000     0.000000     0.000000     0.000000     0.000000     0.000000     0.000000     0.000000     0.000000     0.000000     0.000000     0.000000     0.000000     0.000000     0.000000     0.000000     0.000000     0.000000     0.000000     0.000000     0.000000     0.000000     0.000000     0.000000     0.000000     0.000000     0.000000     0.000000     0.000000     0.000000     0.000000     0.000000     0.000000     0.000000     0.000000     0.000000     0.000000     0.000000     0.000000     0.000000     0.000000     0.000000     0.000000     0.000000     0.000000     0.000000     0.000000     0.000000     0.000000     0.000000     0.000000     0.000000     0.000000     0.000000     0.000000     0.000000     0.000000     0.000000     0.000000     0.000000     0.000000     0.000000     0.000000     0.000000     0.000000     0.000000     0.000000     0.000000     0.000000     0.000000     0.000000     0.000000     0.000000     0.000000     0.000000     0.000000     0.000000    -3.062251    -3.062251    -3.062251    -3.062251    -3.062251    -3.062251    -3.062251    -3.062251    -3.062251    -3.062251    -3.062251    -3.062251    -3.062251    -3.062251    -3.062251    -3.062251    -3.062251    -3.062251    -3.062251    -3.062251    -3.062251    -3.062251    -3.062251    -3.062251    -3.062251    -3.062251    -3.062251    -3.062251    -3.062251    -3.062251    -3.062251    -3.062251    -3.062251    -3.062919    -3.067926    -3.077456    -3.091643    -3.117051    -3.154805    -3.203830    -3.263173    -3.331981    -3.409495    -3.495031    -3.587977    -3.687777    -3.793936    -3.910651    -4.040962     0.000000
     0.000000     0.000000     0.000000     0.000000     0.000000     0.000000     0.000000     0.000000     0.000000     0.000000     0.000000     0.000000     0.000000     0.000000     0.000000     0.000000     0.000000     0.000000     0.000000     0.000000     0.000000     0.000000     0.000000     0.000000     0.000000     0.000000     0.000000     0.000000     0.000000     0.000000     0.000000     0.000000     0.000000     0.000000     0.000000     0.000000     0.000000     0.000000     0.000000     0.000000     0.000000     0.000000     0.000000     0.000000     0.000000     0.000000     0.000000     0.000000     0.000000     0.000000     0.000000     0.000000     0.000000     0.000000     0.000000     0.000000     0.000000     0.000000     0.000000     0.000000     0.000000     0.000000     0.000000     0.000000     0.000000     0.000000     0.000000     0.000000     0.000000     0.000000     0.000000     0.000000     0.000000     0.000000     0.000000     0.000000     0.000000     0.000000     0.000000     0.000000     0.000000     0.000000     0.000000     0.000000     0.000000     0.000000     0.000000     0.000000     0.000000     0.000000     0.000000     0.000000     0.000000     0.000000     0.000000     0.000000     0.000000     0.000000     0.000000     0.000000     0.000000     0.000000     0.000000     0.000000     0.000000     0.000000     0.000000     0.000000     0.000000     0.000000     0.000000     0.000000     0.000000    -3.062251    -3.062251    -3.062251    -3.062251    -3.062251    -3.062251    -3.062251    -3.062251    -3.062251    -3.062251    -3.062251    -3.062251    -3.062251    -3.062251    -3.062251    -3.062251    -3.062251    -3.062251    -3.062251    -3.062251    -3.062251    -3.062251    -3.062251    -3.062251    -3.062251    -3.062251    -3.062251    -3.062251    -3.062251    -3.062251    -3.062251    -3.062251    -3.062251    -3.064024    -3.070635    -3.081713    -3.099146    -3.129377    -3.171754    -3.225212    -3.288807    -3.361699    -3.443135    -3.532443    -3.629015    -3.732305    -3.842801    -3.966449     0.000000
     0.000000     0.000000     0.000000     0.000000     0.000000     0.000000     0.000000     0.000000     0.000000     0.000000     0.000000     0.000000     0.000000     0.000000     0.000000     0.000000     0.000000     0.000000     0.000000     0.000000     0.000000     0.000000     0.000000     0.000000     0.000000     0.000000     0.000000     0.000000     0.000000     0.000000     0.000000     0.000000     0.000000     0.000000     0.000000     0.000000     0.000000     0.000000     0.000000     0.000000     0.000000     0.000000     0.000000    -3.062251    -3.062251    -3.062251    -3.062251    -3.062251     0.000000     0.000000     0.000000     0.000000     0.000000     0.000000     0.000000     0.000000     0.000000     0.000000     0.000000     0.000000     0.000000     0.000000     0.000000     0.000000     0.000000     0.000000     0.000000     0.000000     0.000000     0.000000     0.000000     0.000000     0.000000     0.000000     0.000000     0.000000     0.000000     0.000000     0.000000     0.000000     0.000000     0.000000     0.000000     0.000000     0.000000     0.000000     0.000000     0.000000     0.000000     0.000000     0.000000     0.000000     0.000000     0.000000     0.000000     0.000000     0.000000     0.000000     0.000000     0.000000     0.000000     0.000000     0.000000     0.000000     0.000000     0.000000     0.000000     0.000000     0.000000     0.000000     0.000000    -3.062251    -3.062251    -3.062251    -3.062251    -3.062251    -3.062251    -3.062251    -3.062251    -3.062251    -3.062251    -3.062251    -3.062251    -3.062251    -3.062251    -3.062251    -3.062251    -3.062251    -3.062251    -3.062251    -3.062251    -3.062251    -3.062251    -3.062251    -3.062251    -3.062251    -3.062251    -3.062251    -3.062251    -3.062251    -3.062251    -3.062251    -3.062251    -3.062251    -3.062251    -3.062251    -3.062324    -3.065799    -3.074118    -3.086839    -3.109033    -3.144323    -3.191522    -3.249583    -3.317576    -3.394673    -3.480134    -3.573298    -3.673567    -3.780403    -3.897065     0.000000
     0.000000     0.000000     0.000000     0.000000     0.000000     0.000000     0.000000     0.000000     0.000000     0.000000     0.000000     0.000000     0.000000     0.000000     0.000000     0.000000     0.000000     0.000000     0.000000     0.000000     0.000000     0.000000     0.000000     0.000000     0.000000     0.000000     0.000000     0.000000     0.000000     0.000000     0.000000     0.000000     0.000000     0.000000     0.000000     0.000000     0.000000     0.000000     0.000000     0.000000     0.000000     0.000000    -3.062251    -3.062251    -3.062251    -3.062251    -3.062251    -3.062248     0.000000     0.000000     0.000000     0.000000     0.000000     0.000000     0.000000     0.000000     0.000000     0.000000     0.000000     0.000000     0.000000     0.000000     0.000000     0.000000     0.000000     0.000000     0.000000     0.000000     0.000000     0.000000     0.000000     0.000000     0.000000     0.000000     0.000000     0.000000     0.000000     0.000000     0.000000     0.000000     0.000000     0.000000     0.000000     0.000000     0.000000     0.000000     0.000000     0.000000     0.000000     0.000000     0.000000     0.000000     0.000000     0.000000     0.000000     0.000000     0.000000     0.000000     0.000000     0.000000     0.000000     0.000000     0.000000     0.000000     0.000000     0.000000     0.000000     0.000000     0.000000     0.000000     0.000000    -3.062251    -3.062251    -3.062251    -3.062251    -3.062251    -3.062251    -3.062251    -3.062251    -3.062251    -3.062251    -3.062251    -3.062251    -3.062251    -3.062251    -3.062251    -3.062251    -3.062251    -3.062251    -3.062251    -3.062251    -3.062251    -3.062251    -3.062251    -3.062251    -3.062251    -3.062251    -3.062251    -3.062251    -3.062251    -3.062251    -3.062251    -3.062251    -3.062251    -3.062251    -3.062251    -3.062251    -3.062998    -3.068362    -3.078477    -3.093866    -3.121610    -3.162160    -3.214352    -3.277159    -3.349669    -3.431071    -3.520641    -3.617728    -3.721747    -3.832832     0.000000
     0.000000     0.000000     0.000000     0.000000     0.000000     0.000000     0.000000     0.000000     0.000000     0.000000     0.000000     0.000000     0.000000     0.000000     0.000000     0.000000     0.000000     0.000000     0.000000     0.000000     0.000000     0.000000     0.000000     0.000000     0.000000     0.000000     0.000000     0.000000     0.000000     0.000000     0.000000     0.000000     0.000000     0.000000     0.000000     0.000000     0.000000     0.000000     0.000000     0.000000     0.000000     0.000000    -3.062251    -3.062251    -3.062251    -3.062248     0.000000     0.000000     0.000000     0.000000     0.000000     0.000000     0.000000     0.000000     0.000000     0.000000     0.000000     0.000000     0.000000     0.000000     0.000000     0.000000     0.000000     0.000000     0.000000     0.000000     0.000000     0.000000     0.000000     0.000000     0.000000     0.000000     0.000000     0.000000     0.000000     0.000000     0.000000     0.000000     0.000000     0.000000     0.000000     0.000000     0.000000     0.000000     0.000000     0.000000     0.000000     0.000000     0.000000     0.000000     0.000000     0.000000     0.000000     0.000000     0.000000     0.000000     0.000000     0.000000     0.000000     0.000000     0.000000     0.000000     0.000000     0.000000     0.000000     0.000000     0.000000     0.000000     0.000000     0.000000     0.000000     0.000000    -3.062251    -3.062251    -3.062251    -3.062251    -3.062251    -3.062251    -3.062251    -3.062251    -3.062251    -3.062251    -3.062251    -3.062251    -3.062251    -3.062251    -3.062251    -3.062251    -3.062251    -3.062251    -3.062251    -3.062251    -3.062251    -3.062251    -3.062251    -3.062251    -3.062251    -3.062251    -3.062251    -3.062251    -3.062251    -3.062251    -3.062251    -3.062251    -3.062251    -3.062251    -3.062251    -3.062251    -3.064481    -3.071826    -3.083815    -3.103681    -3.137174    -3.183151    -3.240476    -3.308146    -3.385270    -3.471056    -3.564796    -3.665857    -3.773666     0.000000
     0.000000     0.000000     0.000000     0.000000     0.000000     0.000000     0.000000     0.000000     0.000000     0.000000     0.000000     0.000000     0.000000     0.000000     0.000000     0.000000     0.000000     0.000000     0.000000     0.000000     0.000000     0.000000     0.000000     0.000000     0.000000     0.000000     0.000000     0.000000     0.000000     0.000000     0.000000     0.000000     0.000000     0.000000     0.000000     0.000000    -3.062251    -3.062251    -3.062251     0.000000    -3.062251    -3.062251    -3.062251    -3.062251    -3.062251     0.000000     0.000000     0.000000     0.000000     0.000000     0.000000     0.000000     0.000000     0.000000     0.000000     0.000000     0.000000     0.000000     0.000000     0.000000     0.000000     0.000000     0.000000     0.000000     0.000000     0.000000     0.000000     0.000000     0.000000     0.000000     0.000000     0.000000     0.000000     0.000000     0.000000     0.000000     0.000000     0.000000     0.000000     0.000000     0.000000     0.000000     0.000000     0.000000     0.000000     0.000000     0.000000     0.000000     0.000000     0.000000     0.000000     0.000000     0.000000     0.000000     0.000000     0.000000     0.000000     0.000000     0.000000     0.000000     0.000000     0.000000     0.000000     0.000000     0.000000     0.000000     0.000000     0.000000     0.000000    -3.062251    -3.062251    -3.062251    -3.062251    -3.062251    -3.062251    -3.062251    -3.062251    -3.062251    -3.062251    -3.062251    -3.062251    -3.062251    -3.062251    -3.062251    -3.062251    -3.062251    -3.062251    -3.062251    -3.062251    -3.062251    -3.062251    -3.062251    -3.062251    -3.062251    -3.062251    -3.062251    -3.062251    -3.062251    -3.062251    -3.062251    -3.062251    -3.062251    -3.062251    -3.062251    -3.062251    -3.062251    -3.062251    -3.062251    -3.062511    -3.066902    -3.076303    -3.090595    -3.116608    -3.156011    -3.207549    -3.270117    -3.342739    -3.424549    -3.514777    -3.612734    -3.717801     0.000000
     0.000000     0.000000     0.000000     0.000000     0.000000     0.000000     0.000000     0.000000     0.000000     0.000000     0.000000     0.000000     0.000000     0.000000     0.000000     0.000000     0.000000     0.000000     0.000000     0.000000     0.000000     0.000000     0.000000     0.000000     0.000000     0.000000     0.000000     0.000000     0.000000     0.000000     0.000000     0.000000     0.000000     0.000000     0.000000     0.000000    -3.062251    -3.062251    -3.062251    -3.062251    -3.062251    -3.062251    -3.062251    -3.062251    -3.062242     0.000000     0.000000     0.000000     0.000000     0.000000     0.000000     0.000000     0.000000     0.000000     0.000000     0.000000     0.000000     0.000000     0.000000     0.000000     0.000000     0.000000     0.000000     0.000000     0.000000     0.000000     0.000000     0.000000     0.000000     0.000000     0.000000     0.000000     0.000000     0.000000     0.000000     0.000000     0.000000     0.000000     0.000000     0.000000     0.000000     0.000000     0.000000     0.000000     0.000000     0.000000     0.000000     0.000000     0.000000     0.000000     0.000000     0.000000     0.000000     0.000000     0.000000     0.000000     0.000000     0.000000     0.000000     0.000000     0.000000     0.000000     0.000000     0.000000     0.000000     0.000000     0.000000     0.000000     0.000000    -3.062251    -3.062251    -3.062251    -3.062251    -3.062251    -3.062251    -3.062251    -3.062251    -3.062251    -3.062251    -3.062251    -3.062251    -3.062251    -3.062251    -3.062251    -3.062251    -3.062251    -3.062251    -3.062251    -3.062251    -3.062251    -3.062251    -3.062251    -3.062251    -3.062251    -3.062251    -3.062251    -3.062251    -3.062251    -3.062251    -3.062251    -3.062251    -3.062251    -3.062251    -3.062251    -3.062251    -3.062251    -3.062251    -3.062251    -3.062251    -3.063728    -3.070380    -3.081900    -3.100496    -3.132954    -3.178392    -3.235591    -3.303484    -3.381123    -3.467669    -3.562376    -3.664575     0.000000
     0.000000     0.000000     0.000000     0.000000     0.000000     0.000000     0.000000     0.000000     0.000000     0.000000     0.000000     0.000000     0.000000     0.000000     0.000000     0.000000     0.000000     0.000000     0.000000     0.000000     0.000000     0.000000     0.000000     0.000000     0.000000     0.000000     0.000000     0.000000     0.000000     0.000000     0.000000     0.000000     0.000000     0.000000     0.000000     0.000000    -3.062251    -3.062251    -3.062251    -3.062251    -3.062251    -3.062251    -3.062251    -3.062189     0.000000     0.000000     0.000000     0.000000     0.000000     0.000000     0.000000     0.000000     0.000000     0.000000     0.000000     0.000000     0.000000     0.000000     0.000000     0.000000     0.000000     0.000000     0.000000     0.000000     0.000000     0.000000     0.000000     0.000000     0.000000     0.000000     0.000000     0.000000     0.000000     0.000000     0.000000     0.000000     0.000000     0.000000     0.000000     0.000000     0.000000     0.000000     0.000000     0.000000     0.000000     0.000000     0.000000     0.000000     0.000000     0.000000     0.000000     0.000000     0.000000     0.000000     0.000000     0.000000     0.000000     0.000000     0.000000     0.000000     0.000000     0.000000     0.000000     0.000000     0.000000     0.000000     0.000000     0.000000     0.000000     0.000000     0.000000    -3.062251    -3.062251    -3.062251    -3.062251    -3.062251    -3.062251    -3.062251    -3.062251    -3.062251    -3.062251    -3.062251    -3.062251    -3.062251    -3.062251    -3.062251    -3.062251    -3.062251    -3.062251    -3.062251    -3.062251    -3.062251    -3.062251    -3.062251    -3.062251    -3.062251    -3.062251    -3.062251    -3.062251    -3.062251    -3.062251    -3.062251    -3.062251    -3.062251    -3.062251    -3.062251    -3.062251    -3.062251    -3.062251    -3.062324    -3.066062    -3.075034    -3.088866    -3.113997    -3.153012    -3.204571    -3.267501    -3.340771    -3.423466    -3.514777    -3.613981     0.000000
     0.000000     0.000000     0.000000     0.000000     0.000000     0.000000     0.000000     0.000000     0.000000     0.000000     0.000000     0.000000     0.000000     0.000000     0.000000     0.000000     0.000000     0.000000     0.000000     0.000000     0.000000     0.000000     0.000000     0.000000     0.000000     0.000000     0.000000     0.000000     0.000000     0.000000     0.000000     0.000000     0.000000     0.000000     0.000000     0.000000    -3.062251    -3.062251    -3.062251    -3.062251    -3.062251    -3.062251    -3.062251     0.000000     0.000000     0.000000     0.000000     0.000000     0.000000     0.000000     0.000000     0.000000     0.000000     0.000000     0.000000     0.000000     0.000000     0.000000     0.000000     0.000000     0.000000     0.000000     0.000000     0.000000     0.000000     0.000000     0.000000     0.000000     0.000000     0.000000     0.000000     0.000000     0.000000     0.000000     0.000000     0.000000     0.000000     0.000000     0.000000     0.000000     0.000000     0.000000     0.000000     0.000000     0.000000     0.000000     0.000000     0.000000     0.000000     0.000000     0.000000     0.000000     0.000000     0.000000     0.000000     0.000000     0.000000     0.000000     0.000000     0.000000     0.000000     0.000000     0.000000     0.000000     0.000000     0.000000     0.000000     0.000000    -3.062251    -3.062251    -3.062251    -3.062251    -3.062251    -3.062251    -3.062251    -3.062251    -3.062251    -3.062251    -3.062251    -3.062251    -3.062251    -3.062251    -3.062251    -3.062251    -3.062251    -3.062251    -3.062251    -3.062251    -3.062251    -3.062251    -3.062251    -3.062251    -3.062251    -3.062251    -3.062251    -3.062251    -3.062251    -3.062251    -3.062251    -3.062251    -3.062251    -3.062251    -3.062251    -3.062251    -3.062251    -3.062251    -3.062251    -3.062251    -3.062251    -3.062251    -3.063357    -3.069638    -3.080972    -3.099146    -3.131408    -3.177049    -3.234783    -3.303484    -3.382158    -3.469926    -3.566008     0.000000
     0.000000     0.000000     0.000000     0.000000     0.000000     0.000000     0.000000     0.000000     0.000000     0.000000     0.000000     0.000000     0.000000     0.000000    -3.062251    -3.062251    -3.062251     0.000000     0.000000     0.000000     0.000000     0.000000     0.000000     0.000000     0.000000     0.000000     0.000000     0.000000     0.000000     0.000000     0.000000    -3.062251    -3.062251    -3.062251    -3.062251    -3.062251    -3.062251    -3.062251    -3.062251    -3.062251    -3.062251    -3.062251    -3.062251     0.000000     0.000000     0.000000     0.000000     0.000000     0.000000     0.000000     0.000000     0.000000     0.000000     0.000000     0.000000     0.000000     0.000000     0.000000     0.000000     0.000000     0.000000     0.000000     0.000000     0.000000     0.000000     0.000000     0.000000     0.000000     0.000000     0.000000     0.000000     0.000000     0.000000     0.000000     0.000000     0.000000     0.000000     0.000000     0.000000     0.000000     0.000000     0.000000     0.000000     0.000000     0.000000     0.000000     0.000000     0.000000     0.000000     0.000000     0.000000     0.000000     0.000000     0.000000     0.000000     0.000000     0.000000     0.000000     0.000000     0.000000     0.000000     0.000000     0.000000     0.000000     0.000000     0.000000     0.000000     0.000000    -3.062251    -3.062251    -3.062251    -3.062251    -3.062251    -3.062251    -3.062251    -3.062251    -3.062251    -3.062251    -3.062251    -3.062251    -3.062251    -3.062251    -3.062251    -3.062251    -3.062251    -3.062251    -3.062251    -3.062251    -3.062251    -3.062251    -3.062251    -3.062251    -3.062251    -3.062251    -3.062251    -3.062251    -3.062251    -3.062251    -3.062251    -3.062251    -3.062251    -3.062251    -3.062251    -3.062251    -3.062251    -3.062251    -3.062251    -3.062251    -3.062251    -3.062251    -3.062274    -3.065714    -3.074572    -3.088396    -3.113571    -3.153012    -3.205312    -3.269243    -3.343725    -3.427805    -3.520641     0.000000
     0.000000     0.000000     0.000000     0.000000     0.000000     0.000000     0.000000     0.000000     0.000000     0.000000     0.000000     0.000000     0.000000     0.000000    -3.062251    -3.062251    -3.062251     0.000000     0.000000     0.000000     0.000000     0.000000     0.000000     0.000000     0.000000     0.000000     0.000000     0.000000     0.000000     0.000000     0.000000    -3.062251    -3.062251    -3.062251    -3.062251    -3.062251    -3.062251    -3.062251    -3.062251    -3.062251    -3.062251    -3.062251    -3.062251     0.000000     0.000000     0.000000     0.000000     0.000000     0.000000     0.000000     0.000000     0.000000     0.000000     0.000000     0.000000     0.000000     0.000000     0.000000     0.000000     0.000000     0.000000     0.000000     0.000000     0.000000     0.000000     0.000000     0.000000     0.000000     0.000000     0.000000     0.000000     0.000000     0.000000     0.000000     0.000000     0.000000     0.000000     0.000000     0.000000     0.000000     0.000000     0.000000     0.000000     0.000000     0.000000     0.000000     0.000000     0.000000     0.000000     0.000000     0.000000     0.000000     0.000000     0.000000     0.000000     0.000000     0.000000     0.000000     0.000000     0.000000     0.000000     0.000000     0.000000     0.000000     0.000000     0.000000     0.000000     0.000000    -3.062251    -3.062251    -3.062251    -3.062251    -3.062251    -3.062251    -3.062251    -3.062251    -3.062251    -3.062251    -3.062251    -3.062251    -3.062251    -3.062251    -3.062251    -3.062251    -3.062251    -3.062251    -3.062251    -3.062251    -3.062251    -3.062251    -3.062251    -3.062251    -3.062251    -3.062251    -3.062251    -3.062251    -3.062251    -3.062251    -3.062251    -3.062251    -3.062251    -3.062251    -3.062251    -3.062251    -3.062251    -3.062251    -3.062251    -3.062251    -3.062251    -3.062251    -3.062251    -3.063261    -3.069517    -3.080972    -3.099480    -3.132437    -3.179066    -3.238026    -3.308146    -3.388346    -3.477224     0.000000
     0.000000     0.000000     0.000000     0.000000     0.000000     0.000000     0.000000     0.000000     0.000000     0.000000     0.000000     0.000000     0.000000     0.000000    -3.062251    -3.062251    -3.062251    -3.062251    -3.062251     0.000000     0.000000     0.000000     0.000000     0.000000     0.000000     0.000000     0.000000     0.000000     0.000000     0.000000    -3.062251    -3.062251    -3.062251    -3.062251    -3.062251    -3.062251    -3.062251    -3.062251    -3.062251    -2.902088     0.000000    -3.062251    -0.756600     0.000000     0.000000     0.000000     0.000000     0.000000    -3.062251    -3.062251     0.000000     0.000000     0.000000     0.000000     0.000000     0.000000     0.000000     0.000000     0.000000     0.000000     0.000000     0.000000     0.000000     0.000000     0.000000     0.000000     0.000000     0.000000     0.000000     0.000000     0.000000     0.000000     0.000000     0.000000     0.000000     0.000000     0.000000     0.000000     0.000000     0.000000     0.000000     0.000000     0.000000     0.000000     0.000000     0.000000     0.000000     0.000000     0.000000     0.000000     0.000000     0.000000     0.000000     0.000000     0.000000     0.000000     0.000000     0.000000     0.000000     0.000000     0.000000     0.000000     0.000000     0.000000     0.000000     0.000000     0.000000    -3.062251    -3.062251    -3.062251    -3.062251    -3.062251    -3.062251    -3.062251    -3.062251    -3.062251    -3.062251    -3.062251    -3.062251    -3.062251    -3.062251    -3.062251    -3.062251    -3.062251    -3.062251    -3.062251    -3.062251    -3.062251    -3.062251    -3.062251    -3.062251    -3.062251    -3.062251    -3.062251    -3.062251    -3.062251    -3.062251    -3.062251    -3.062251    -3.062251    -3.062251    -3.062251    -3.062251    -3.062251    -3.062251    -3.062251    -3.062251    -3.062251    -3.062251    -3.062251    -3.062251    -3.062274    -3.065799    -3.074879    -3.089105    -3.115292    -3.156008    -3.208458    -3.260363    -3.288420    -3.282265     0.000000
     0.000000     0.000000     0.000000     0.000000     0.000000     0.000000     0.000000     0.000000     0.000000     0.000000     0.000000     0.000000     0.000000     0.000000    -3.062251    -3.062251    -3.062251    -3.062251    -3.062251     0.000000     0.000000     0.000000     0.000000     0.000000     0.000000     0.000000     0.000000     0.000000     0.000000    -3.062251    -3.062251    -3.062251    -3.062251    -3.062251    -3.062251    -3.062251    -3.062251    -3.006647     0.000000     0.000000     0.000000    -3.062251    -0.101778     0.000000    -3.062251    -3.062251     0.000000    -3.062251    -3.062251    -3.062251    -3.062251     0.000000     0.000000     0.000000     0.000000     0.000000     0.000000     0.000000     0.000000     0.000000     0.000000     0.000000     0.000000     0.000000     0.000000     0.000000     0.000000     0.000000     0.000000     0.000000     0.000000     0.000000     0.000000     0.000000     0.000000     0.000000     0.000000     0.000000     0.000000     0.000000     0.000000     0.000000     0.000000     0.000000     0.000000     0.000000     0.000000     0.000000     0.000000     0.000000     0.000000     0.000000     0.000000     0.000000     0.000000     0.000000     0.000000     0.000000     0.000000     0.000000     0.000000     0.000000     0.000000     0.000000     0.000000     0.000000     0.000000    -3.062251    -3.062251    -3.062251    -3.062251    -3.062251    -3.062251    -3.062251    -3.062251    -3.062251    -3.062251    -3.062251    -3.062251    -3.062251    -3.062251    -3.062251    -3.062251    -3.062251    -3.062251    -3.062251    -3.062251    -3.062251    -3.062251    -3.062251    -3.062251    -3.062251    -3.062251    -3.062251    -3.062251    -3.062251    -3.062251    -3.062251    -3.062251    -3.062251    -3.062251    -3.062251    -3.062251    -3.062251    -3.062251    -3.062251    -3.062251    -3.062251    -3.062251    -3.062251    -3.062251    -3.062251    -3.063407    -3.070005    -3.081889    -3.094943    -3.084079    -2.909353    -2.461128    -1.977281    -1.686539     0.000000
     0.000000     0.000000     0.000000     0.000000     0.000000     0.000000     0.000000     0.000000     0.000000     0.000000     0.000000     0.000000     0.000000     0.000000    -3.062251    -3.062251    -3.062251    -3.062251    -3.062251    -3.062251     0.000000     0.000000     0.000000     0.000000     0.000000     0.000000     0.000000     0.000000     0.000000    -3.062251    -3.062251    -3.062251    -3.062251    -3.062251    -3.062251    -3.062251    -2.967109     0.000000     0.000000     0.000000     0.000000     0.000000     0.000000     0.000000    -3.062251    -3.062251    -3.062251    -3.062251    -3.062251    -3.062251    -3.062251     0.000000     0.000000     0.000000     0.000000     0.000000     0.000000     0.000000     0.000000     0.000000     0.000000     0.000000     0.000000     0.000000     0.000000     0.000000     0.000000     0.000000     0.000000     0.000000     0.000000     0.000000     0.000000     0.000000     0.000000     0.000000     0.000000     0.000000     0.000000     0.000000     0.000000     0.000000     0.000000     0.000000     0.000000     0.000000     0.000000     0.000000     0.000000     0.000000     0.000000     0.000000     0.000000     0.000000     0.000000     0.000000     0.000000     0.000000     0.000000     0.000000     0.000000     0.000000     0.000000     0.000000     0.000000     0.000000    -3.062251    -3.062251    -3.062251    -3.062251    -3.062251    -3.062251    -3.062251    -3.062251    -3.062251    -3.062251    -3.062251    -3.062251    -3.062251    -3.062251    -3.062251    -3.062251    -3.062251    -3.062251    -3.062251    -3.062251    -3.062251    -3.062251    -3.062251    -3.062251    -3.062251    -3.062251    -3.062251    -3.062251    -3.062251    -3.062251    -3.062251    -3.062251    -3.062251    -3.062251    -3.062251    -3.062251    -3.062251    -3.062251    -3.062251    -3.062251    -3.062251    -3.062251    -3.062251    -3.062251    -3.062251    -3.062251    -3.062322    -3.061810    -3.001649    -2.390809    -1.515766    -0.845041    -0.666225    -0.642418    -0.565953     0.000000
     0.000000     0.000000     0.000000     0.000000     0.000000     0.000000     0.000000     0.000000     0.000000     0.000000     0.000000     0.000000     0.000000     0.000000    -3.062251    -3.062251    -3.062251    -3.062251    -3.062251    -3.062251    -3.062251     0.000000     0.000000     0.000000     0.000000     0.000000     0.000000     0.000000     0.000000    -3.062251    -3.062251    -3.062251    -3.062251    -3.062251    -3.062251    -2.846871     0.000000     0.000000     0.000000     0.000000     0.000000     0.000000    -3.062251    -3.062251    -3.062251    -3.062251    -3.062251    -3.062251    -3.062251    -3.062251    -3.062026     0.000000     0.000000     0.000000     0.000000     0.000000     0.000000     0.000000     0.000000     0.000000     0.000000     0.000000     0.000000     0.000000     0.000000     0.000000     0.000000     0.000000     0.000000     0.000000     0.000000     0.000000     0.000000     0.000000     0.000000     0.000000     0.000000     0.000000     0.000000     0.000000     0.000000     0.000000     0.000000     0.000000     0.000000     0.000000     0.000000     0.000000     0.000000     0.000000     0.000000     0.000000     0.000000     0.000000     0.000000     0.000000     0.000000     0.000000     0.000000     0.000000     0.000000     0.000000     0.000000     0.000000     0.000000     0.000000    -3.062251    -3.062251    -3.062251    -3.062251    -3.062251    -3.062251    -3.062251    -3.062251    -3.062251    -3.062251    -3.062251    -3.062251    -3.062251    -3.062251    -3.062251    -3.062251    -3.062251    -3.062251    -3.062251    -3.062251    -3.062251    -3.062251    -3.062251    -3.062251    -3.062251    -3.062251    -3.062251    -3.062251    -3.062251    -3.062251    -3.062251    -3.062251    -3.062251    -3.062251    -3.062251    -3.062251    -3.062251    -3.062251    -3.062251    -3.062251    -3.062251    -3.062251    -3.062251    -3.062251    -3.062251    -3.062198    -3.025255    -2.254753    -1.031220    -0.548970    -0.456687    -0.432910    -0.435815    -0.470200    -0.613416     0.000000
     0.000000     0.000000     0.000000     0.000000     0.000000     0.000000     0.000000     0.000000     0.000000     0.000000     0.000000     0.000000     0.000000     0.000000    -3.062251    -3.062251    -3.062251    -3.062251    -3.062251    -3.062251    -3.062251    -3.062251     0.000000     0.000000     0.000000     0.000000     0.000000     0.000000     0.000000    -3.062251    -3.062251    -3.062251    -3.062251    -2.596334     0.000000     0.000000     0.000000     0.000000     0.000000     0.000000     0.000000    -3.062251    -3.062251    -3.062251    -3.062251    -3.062251    -3.062251    -3.062251    -3.062251    -2.453410     0.000000     0.000000     0.000000    -3.062251    -3.062251     0.000000     0.000000     0.000000     0.000000     0.000000     0.000000     0.000000     0.000000     0.000000     0.000000     0.000000     0.000000     0.000000     0.000000     0.000000     0.000000     0.000000     0.000000     0.000000     0.000000     0.000000     0.000000     0.000000     0.000000     0.000000     0.000000     0.000000     0.000000     0.000000     0.000000     0.000000     0.000000     0.000000     0.000000     0.000000     0.000000     0.000000     0.000000     0.000000     0.000000     0.000000     0.000000     0.000000     0.000000     0.000000     0.000000     0.000000     0.000000     0.000000    -3.062251    -3.062251    -3.062251    -3.062251    -3.062251    -3.062251    -3.062251    -3.062251    -3.062251    -3.062251    -3.062251    -3.062251    -3.062251    -3.062251    -3.062251    -3.062251    -3.062251    -3.062251    -3.062251    -3.062251    -3.062251    -3.062251    -3.062251    -3.062251    -3.062251    -3.062251    -3.062251    -3.062251    -3.062251    -3.062251    -3.062251    -3.062251    -3.062251    -3.062251    -3.062251    -3.062251    -3.062251    -3.062251    -3.062251    -3.062251    -3.062251    -3.062251    -3.062251    -3.062251    -3.062251    -3.062251    -3.060611    -2.502906    -1.063520    -0.486719    -0.372159    -0.326822    -0.307675    -0.305033    -0.313726    -0.349039    -0.802573     0.000000
     0.000000     0.000000     0.000000     0.000000     0.000000     0.000000     0.000000     0.000000     0.000000     0.000000     0.000000     0.000000     0.000000     0.000000    -3.062251    -3.062251    -3.062251    -3.062251    -3.062251    -3.062251    -3.062251    -3.062240     0.000000     0.000000     0.000000     0.000000     0.000000     0.000000     0.000000     0.000000    -3.062251    -3.062251    -3.062251     0.000000     0.000000     0.000000     0.000000     0.000000     0.000000     0.000000     0.000000    -3.062251    -3.062251    -3.062251    -3.062251    -3.062251    -3.062251    -3.062251     0.000000     0.000000     0.000000     0.000000     0.000000    -3.062251    -3.062251    -3.062251     0.000000     0.000000     0.000000     0.000000     0.000000     0.000000     0.000000     0.000000     0.000000     0.000000     0.000000     0.000000     0.000000     0.000000     0.000000     0.000000     0.000000     0.000000     0.000000     0.000000     0.000000     0.000000     0.000000     0.000000     0.000000     0.000000     0.000000     0.000000     0.000000     0.000000     0.000000     0.000000     0.000000     0.000000     0.000000     0.000000     0.000000     0.000000     0.000000     0.000000     0.000000     0.000000     0.000000     0.000000     0.000000     0.000000     0.000000    -3.062251    -3.062251    -3.062251    -3.062251    -3.062251    -3.062251    -3.062251    -3.062251    -3.062251    -3.062251    -3.062251    -3.062251    -3.062251    -3.062251    -3.062251    -3.062251    -3.062251    -3.062251    -3.062251    -3.062251    -3.062251    -3.062251    -3.062251    -3.062251    -3.062251    -3.062251    -3.062251    -3.062251    -3.062251    -3.062251    -3.062251    -3.062251    -3.062251    -3.062251    -3.062251    -3.062251    -3.062251    -3.062251    -3.062251    -3.062251    -3.062251    -3.062251    -3.062251    -3.062251    -3.062251    -3.062236    -2.936288    -1.628431    -0.536020    -0.348332    -0.281728    -0.243302    -0.216496    -0.204891    -0.184298    -0.177648    -0.136294     0.000000     0.000000
     0.000000     0.000000     0.000000     0.000000     0.000000     0.000000     0.000000     0.000000     0.000000     0.000000     0.000000     0.000000     0.000000    -3.062251    -3.062251    -3.062251    -3.062251    -3.062251    -3.062251    -2.112429     0.000000     0.000000     0.000000     0.000000     0.000000     0.000000     0.000000     0.000000     0.000000     0.000000    -3.062251    -3.062251    -3.062251    -3.062251     0.000000     0.000000     0.000000     0.000000     0.000000     0.000000     0.000000     0.000000    -3.062251    -3.062251    -3.062251    -3.062251    -3.062251    -3.062251    -3.062251     0.000000     0.000000     0.000000    -3.062251    -3.062251    -3.062251    -3.062251     0.000000     0.000000     0.000000     0.000000     0.000000     0.000000     0.000000     0.000000     0.000000     0.000000     0.000000     0.000000     0.000000     0.000000     0.000000     0.000000     0.000000     0.000000     0.000000     0.000000     0.000000     0.000000     0.000000     0.000000     0.000000     0.000000     0.000000     0.000000     0.000000     0.000000     0.000000     0.000000     0.000000     0.000000     0.000000     0.000000     0.000000     0.000000     0.000000     0.000000     0.000000     0.000000     0.000000     0.000000     0.000000     0.000000    -3.062251    -3.062251    -3.062251    -3.062251    -3.062251    -3.062251    -3.062251    -3.062251    -3.062251    -3.062251    -3.062251    -3.062251    -3.062251    -3.062251    -3.062251    -3.062251    -3.062251    -3.062251    -3.062251    -3.062251    -3.062251    -3.062251    -3.062251    -3.062251    -3.062251    -3.062251    -3.062251    -3.062251    -3.062251    -3.062251    -3.062251    -3.062251    -3.062251    -3.062251    -3.062251    -3.062251    -3.062251    -3.062251    -3.062251    -3.062251    -3.062251    -3.062251    -3.062251    -3.062251    -3.062251    -3.061043    -2.446439    -0.759378    -0.368428    -0.265243    -0.213794    -0.173716    -0.144438    -0.119051    -0.089976    -0.065006     0.000000     0.000000     0.000000     0.000000
     0.000000     0.000000     0.000000     0.000000     0.000000     0.000000     0.000000     0.000000     0.000000     0.000000     0.000000     0.000000     0.000000    -3.062251    -3.062251    -3.062251    -3.062251    -3.062251    -2.072335     0.000000     0.000000     0.000000     0.000000     0.000000     0.000000     0.000000     0.000000     0.000000     0.000000     0.000000    -3.062251    -3.062251    -3.062251    -3.062251     0.000000     0.000000     0.000000     0.000000     0.000000     0.000000    -3.062251    -3.062251    -3.062251    -3.062251    -3.062251    -3.062251    -3.062251    -3.062251    -3.062251     0.000000     0.000000     0.000000    -3.062251    -3.062251    -3.062251    -3.062251     0.000000     0.000000     0.000000     0.000000     0.000000     0.000000     0.000000     0.000000     0.000000     0.000000     0.000000     0.000000     0.000000     0.000000     0.000000     0.000000     0.000000     0.000000     0.000000     0.000000     0.000000     0.000000     0.000000     0.000000     0.000000     0.000000     0.000000     0.000000     0.000000     0.000000     0.000000     0.000000     0.000000     0.000000     0.000000     0.000000     0.000000     0.000000     0.000000     0.000000     0.000000     0.000000     0.000000     0.000000     0.000000    -3.062251    -3.062251    -3.062251    -3.062251    -3.062251    -3.062251    -3.062251    -3.062251    -3.062251    -3.062251    -3.062251    -3.062251    -3.062251    -3.062251    -3.062251    -3.062251    -3.062251    -3.062251    -3.062251    -3.062251    -3.062251    -3.062251    -3.062251    -3.062251    -3.062251    -3.062251    -3.062251    -3.062251    -3.062251    -3.062251    -3.062251    -3.062251    -3.062251    -3.062251    -3.062251    -3.062251    -3.062251    -3.062251    -3.062251    -3.062251    -3.062251    -3.062251    -3.062251    -3.062251    -3.062241    -3.024179    -1.775455    -0.500951    -0.288830    -0.212735    -0.162211    -0.126389    -0.096756    -0.072075    -0.049155    -0.023691    -0.000170     0.000000     0.000000     0.000000     0.000000
     0.000000     0.000000     0.000000     0.000000     0.000000     0.000000     0.000000     0.000000     0.000000     0.000000     0.000000     0.000000     0.000000     0.000000    -3.062251    -3.062251    -3.062251    -3.062251     0.000000     0.000000     0.000000     0.000000     0.000000     0.000000     0.000000     0.000000     0.000000     0.000000     0.000000     0.000000    -3.062251    -3.062251    -3.062251    -3.062229     0.000000     0.000000     0.000000     0.000000     0.000000    -3.062251    -3.062251    -3.062251    -3.062251    -3.062251    -3.062251    -3.062251    -3.062251    -3.062251    -3.062251    -3.062251     0.000000     0.000000    -3.062251    -3.062251    -3.062251    -3.062251     0.000000     0.000000     0.000000     0.000000     0.000000     0.000000     0.000000     0.000000     0.000000     0.000000     0.000000     0.000000     0.000000     0.000000     0.000000     0.000000     0.000000     0.000000     0.000000     0.000000     0.000000     0.000000     0.000000     0.000000     0.000000     0.000000     0.000000     0.000000     0.000000     0.000000     0.000000     0.000000     0.000000     0.000000     0.000000     0.000000     0.000000     0.000000     0.000000     0.000000     0.000000     0.000000     0.000000     0.000000     0.000000    -3.062251    -3.062251    -3.062251    -3.062251    -3.062251    -3.062251    -3.062251    -3.062251    -3.062251    -3.062251    -3.062251    -3.062251    -3.062251    -3.062251    -3.062251    -3.062251    -3.062251    -3.062251    -3.062251    -3.062251    -3.062251    -3.062251    -3.062251    -3.062251    -3.062251    -3.062251    -3.062251    -3.062251    -3.062251    -3.062251    -3.062251    -3.062251    -3.062251    -3.062251    -3.062251    -3.062251    -3.062251    -3.062251    -3.062251    -3.062251    -3.062251    -3.062251    -3.062251    -3.061941    -2.717901    -0.950806    -0.363878    -0.228420    -0.167642    -0.124693    -0.089735    -0.062229    -0.039307    -0.019678    -0.001796    -0.000000     0.000000     0.000000     0.000000     0.000000     0.000000
     0.000000     0.000000     0.000000     0.000000     0.000000     0.000000     0.000000     0.000000     0.000000     0.000000     0.000000     0.000000    -3.062251    -3.062251    -3.062251    -3.062251    -3.062251    -3.062251    -3.062251     0.000000     0.000000     0.000000     0.000000     0.000000     0.000000     0.000000     0.000000     0.000000     0.000000     0.000000    -3.062251    -3.062251    -3.062251     0.000000     0.000000     0.000000     0.000000     0.000000     0.000000    -3.062251    -3.062251    -3.062251    -2.800453     0.000000    -3.062251    -3.062251    -3.062251    -3.062251    -3.062251    -3.062251     0.000000     0.000000    -3.062251    -3.062251    -3.062251    -3.062251    -3.062251    -3.062251     0.000000     0.000000     0.000000     0.000000     0.000000     0.000000     0.000000     0.000000     0.000000     0.000000     0.000000     0.000000     0.000000     0.000000     0.000000     0.000000     0.000000     0.000000     0.000000    -3.062251    -3.062251    -3.062251    -3.062251     0.000000     0.000000     0.000000     0.000000     0.000000     0.000000     0.000000     0.000000     0.000000     0.000000     0.000000     0.000000     0.000000     0.000000     0.000000     0.000000     0.000000     0.000000     0.000000     0.000000    -3.062251    -3.062251    -3.062251    -3.062251    -3.062251    -3.062251    -3.062251    -3.062251    -3.062251    -3.062251    -3.062251    -3.062251    -3.062251    -3.062251    -3.062251    -3.062251    -3.062251    -3.062251    -3.062251    -3.062251    -3.062251    -3.062251    -3.062251    -3.062251    -3.062251    -3.062251    -3.062251    -3.062251    -3.062251    -3.062251    -3.062251    -3.062251    -3.062251    -3.062251    -3.062251    -3.062251    -3.062251    -3.062251    -3.062251    -3.062251    -3.062251    -3.062250    -3.058912    -2.242520    -0.573541    -0.282817    -0.188534    -0.133243    -0.093924    -0.062321    -0.036115    -0.014791    -0.001119    -0.000000    -0.000000     0.000000     0.000000     0.000000     0.000000     0.000000     0.000000
     0.000000     0.000000     0.000000     0.000000     0.000000     0.000000     0.000000     0.000000     0.000000     0.000000     0.000000     0.000000    -3.062251    -3.062251    -3.062251    -3.062251    -3.062251    -3.062251    -3.062251     0.000000     0.000000     0.000000     0.000000     0.000000     0.000000     0.000000     0.000000     0.000000     0.000000     0.000000    -3.062251    -3.062251    -3.062251    -3.062251     0.000000     0.000000     0.000000     0.000000     0.000000     0.000000    -3.062251    -3.062251     0.000000     0.000000     0.000000    -3.062251    -3.062251    -3.062251    -3.062251    -3.062251     0.000000    -3.062251    -3.062251    -3.062251    -3.062251    -3.062251    -3.062251    -3.062251    -3.062251     0.000000     0.000000     0.000000     0.000000     0.000000     0.000000     0.000000     0.000000     0.000000     0.000000     0.000000     0.000000     0.000000     0.000000     0.000000     0.000000     0.000000    -3.062251    -3.062251    -3.062251    -3.062251    -3.062251    -3.062251     0.000000     0.000000     0.000000     0.000000     0.000000     0.000000     0.000000     0.000000     0.000000     0.000000     0.000000     0.000000     0.000000     0.000000     0.000000     0.000000     0.000000     0.000000     0.000000    -3.062251    -3.062251    -3.062251    -3.062251    -3.062251    -3.062251    -3.062251    -3.062251    -3.062251    -3.062251    -3.062251    -3.062251    -3.062251    -3.062251    -3.062251    -3.062251    -3.062251    -3.062251    -3.062251    -3.062251    -3.062251    -3.062251    -3.062251    -3.062251    -3.062251    -3.062251    -3.062251    -3.062251    -3.062251    -3.062251    -3.062251    -3.062251    -3.062251    -3.062251    -3.062251    -3.062251    -3.062251    -3.062251    -3.062251    -3.062251    -3.062237    -3.043725    -1.738126    -0.435181    -0.226706    -0.152786    -0.107464    -0.071122    -0.041647    -0.016727    -0.000581    -0.000000    -0.000000    -0.000000     0.000000     0.000000     0.000000     0.000000     0.000000     0.000000     0.000000
     0.000000     0.000000     0.000000     0.000000     0.000000     0.000000     0.000000     0.000000     0.000000     0.000000     0.000000     0.000000     0.000000    -3.062251    -3.062251    -3.062251    -3.062251    -3.062251    -3.062251    -3.062251     0.000000     0.000000     0.000000     0.000000     0.000000     0.000000     0.000000     0.000000     0.000000     0.000000    -3.062251    -3.062251    -3.062251    -3.062251     0.000000     0.000000     0.000000     0.000000     0.000000     0.000000    -3.062251    -2.843128     0.000000     0.000000     0.000000     0.000000     0.000000    -3.062251    -3.062251    -3.062251    -3.062251    -3.062251    -3.062251    -3.062251    -3.062251    -3.062251    -3.062251    -3.062251    -3.062251    -3.062251    -3.062250     0.000000     0.000000     0.000000     0.000000     0.000000     0.000000     0.000000     0.000000     0.000000     0.000000     0.000000     0.000000     0.000000    -3.062251    -3.062251    -3.062251    -3.062251    -3.062251    -3.062251    -3.062251    -3.062250     0.000000     0.000000     0.000000     0.000000     0.000000     0.000000     0.000000     0.000000     0.000000     0.000000     0.000000     0.000000     0.000000     0.000000     0.000000     0.000000     0.000000     0.000000    -3.062251    -3.062251    -3.062251    -3.062251    -3.062251    -3.062251    -3.062251    -3.062251    -3.062251    -3.062251    -3.062251    -3.062251    -3.062251    -3.062251    -3.062251    -3.062251    -3.062251    -3.062251    -3.062251    -3.062251    -3.062251    -3.062251    -3.062251    -3.062251    -3.062251    -3.062251    -3.062251    -3.062251    -3.062251    -3.062251    -3.062251    -3.062251    -3.062251    -3.062251    -3.062251    -3.062251    -3.062251    -3.062251    -3.062251    -3.062250    -3.062163    -2.992084    -1.254476    -0.350156    -0.184319    -0.120540    -0.080836    -0.052320    -0.031988    -0.006901    -0.000000    -0.000000    -0.000000    -0.000000     0.000000     0.000000     0.000000     0.000000     0.000000     0.000000     0.000000     0.000000
     0.000000     0.000000     0.000000     0.000000     0.000000     0.000000     0.000000     0.000000     0.000000     0.000000     0.000000     0.000000     0.000000     0.000000    -3.062251    -3.062251    -3.062251    -3.062251    -3.062251    -3.062251    -3.062251    -3.062251    -3.062249     0.000000     0.000000     0.000000     0.000000     0.000000     0.000000    -3.062251    -3.062251    -3.062251    -3.062251    -3.062251    -1.583925     0.000000     0.000000     0.000000     0.000000     0.000000     0.000000     0.000000     0.000000    -3.062251    -3.062251     0.000000    -3.062251    -3.062251    -3.062251    -3.062251    -3.062251    -3.062251    -3.062251    -3.062251    -3.062251    -3.062251    -3.062251    -3.062251    -3.062251    -3.062251    -3.062251    -3.062251    -3.062251    -3.062251    -3.062251    -3.062250    -3.062234     0.000000     0.000000     0.000000     0.000000     0.000000     0.000000    -3.062251    -3.062251    -3.062251    -3.062251    -3.062251    -3.062250    -3.062250    -3.062250    -3.062248    -3.062202     0.000000     0.000000     0.000000     0.000000     0.000000     0.000000     0.000000     0.000000     0.000000     0.000000     0.000000     0.000000     0.000000     0.000000     0.000000     0.000000     0.000000    -3.062251    -3.062251    -3.062251    -3.062251    -3.062251    -3.062251    -3.062251    -3.062251    -3.062251    -3.062251    -3.062251    -3.062251    -3.062251    -3.062251    -3.062251    -3.062251    -3.062251    -3.062251    -3.062251    -3.062251    -3.062251    -3.062251    -3.062251    -3.062251    -3.062251    -3.062251    -3.062251    -3.062251    -3.062251    -3.062251    -3.062251    -3.062251    -3.062251    -3.062251    -3.062250    -3.062249    -3.062244    -3.062227    -3.062190    -3.061721    -2.850297    -0.850988    -0.281422    -0.152908    -0.096122    -0.059558    -0.035613    -0.023381    -0.015588    -0.009316    -0.000000    -0.000000    -0.000000    -0.000000     0.000000     0.000000     0.000000     0.000000     0.000000     0.000000     0.000000     0.000000
     0.000000     0.000000     0.000000     0.000000     0.000000     0.000000     0.000000     0.000000     0.000000     0.000000     0.000000     0.000000     0.000000    -3.062251    -3.062251    -3.062251    -3.062251    -3.062251    -3.062251    -3.062251    -3.062251    -3.062251    -3.062251    -3.062250    -3.062250    -3.062250    -3.062227     0.000000    -3.062251    -3.062251    -3.062251    -3.062251    -3.062251    -3.062250    -0.306188     0.000000     0.000000     0.000000     0.000000     0.000000     0.000000    -3.062251    -3.062251    -3.062251    -3.062251    -3.062251    -3.062251    -3.062251    -3.062251    -3.062251    -3.062251    -3.062251    -3.062251    -3.062251    -3.062251    -3.062251    -3.062251    -3.062251    -3.062251    -3.062251    -3.062251    -3.062251    -3.062251    -3.062251    -3.062251    -3.062251    -3.062246    -3.062245    -3.062244    -3.062242    -3.062240    -3.062238    -3.062235    -3.062232    -3.062228    -3.062223    -3.062217    -3.062209    -3.062200    -3.062190    -3.062177    -3.062164    -3.062133    -3.062110    -3.061735     0.000000     0.000000     0.000000     0.000000     0.000000     0.000000     0.000000     0.000000     0.000000     0.000000    -3.062251    -3.062251     0.000000     0.000000     0.000000    -3.062251    -3.062251    -3.062251    -3.062251    -3.062251    -3.062251    -3.062251    -3.062251    -3.062251    -3.062251    -3.062251    -3.062251    -3.062251    -3.062251    -3.062251    -3.062251    -3.062251    -3.062251    -3.062251    -3.062251    -3.062251    -3.062251    -3.062251    -3.062251    -3.062251    -3.062250    -3.062250    -3.062250    -3.062249    -3.062247    -3.062242    -3.062228    -3.062196    -3.062118    -3.061939    -3.061545    -3.060689    -3.059224    -3.055619    -2.615041    -0.614670    -0.231363    -0.127232    -0.074983    -0.041026    -0.018920    -0.005003    -0.000000    -0.000000     0.000000     0.000000     0.000000     0.000000     0.000000     0.000000     0.000000     0.000000     0.000000     0.000000     0.000000     0.000000     0.000000
     0.000000     0.000000     0.000000     0.000000     0.000000     0.000000     0.000000     0.000000     0.000000     0.000000     0.000000     0.000000    -3.062251    -3.062251    -3.062251    -3.062251    -3.062251    -3.062251    -3.062251    -3.062251    -3.062251    -3.062251    -3.062251    -3.062251    -3.062251    -3.062251    -3.062244    -3.062243    -3.062241    -3.062239    -3.062236    -3.062233    -3.062230    -3.062171     0.000000     0.000000     0.000000     0.000000     0.000000    -3.062251    -3.062251    -3.062251    -3.062251    -3.062251    -3.062251    -3.062251    -3.062251    -3.062251    -3.062251    -3.062251    -3.062250    -3.062250    -3.062250    -3.062250    -3.062250    -3.062250    -3.062250    -3.062249    -3.062249    -3.062249    -3.062249    -3.062248    -3.062248    -3.062248    -3.062247    -3.062247    -3.062247    -3.062246    -3.062246    -3.062245    -3.062245    -3.062244    -3.062243    -3.062243    -3.062242    -3.062242    -3.062241    -3.062240    -3.062239    -3.062239    -3.062238    -3.062237    -3.062236    -3.062220    -3.058749     0.000000     0.000000     0.000000     0.000000     0.000000     0.000000     0.000000     0.000000     0.000000    -3.062251    -3.062250    -3.062250    -3.062241     0.000000     0.000000    -3.062251    -3.062249    -3.062249    -3.062248    -3.062248    -3.062248    -3.062248    -3.062247    -3.062247    -3.062247    -3.062246    -3.062246    -3.062245    -3.062245    -3.062244    -3.062243    -3.062242    -3.062241    -3.062239    -3.062237    -3.062235    -3.062231    -3.062225    -3.062214    -3.062193    -3.062153    -3.062073    -3.061917    -3.061614    -3.061042    -3.059991    -3.058120    -3.054895    -3.049523    -3.040892    -3.027404    -3.007696    -2.983170    -2.345433    -0.499076    -0.193579    -0.103198    -0.055475    -0.023824    -0.004139    -0.000000    -0.000000    -0.000000    -0.000000     0.000000     0.000000     0.000000     0.000000     0.000000     0.000000     0.000000     0.000000     0.000000     0.000000     0.000000     0.000000     0.000000
     0.000000     0.000000     0.000000     0.000000     0.000000     0.000000     0.000000     0.000000     0.000000     0.000000     0.000000    -3.062251    -3.062251    -3.062251    -3.062251    -3.062251    -3.062251    -3.062251    -3.062251    -3.062251    -3.062251    -3.062251    -3.062251    -3.062251    -3.062251    -3.062251    -3.062251    -3.062251    -3.062251    -3.062251    -3.062251    -3.062251    -3.062251    -3.061722     0.000000    -3.062251    -3.062250    -3.062249    -3.062248    -3.062245    -3.062243    -3.062241    -3.062239    -3.062237    -3.062235    -3.062232    -3.062229    -3.062226    -3.062222    -3.062217    -3.062212    -3.062206    -3.062199    -3.062191    -3.062182    -3.062173    -3.062162    -3.062149    -3.062136    -3.062120    -3.062104    -3.062085    -3.062064    -3.062042    -3.062017    -3.061989    -3.061959    -3.061926    -3.061891    -3.061852    -3.061810    -3.061765    -3.061716    -3.061663    -3.061606    -3.061544    -3.061478    -3.061406    -3.061327    -3.061242    -3.061148    -3.061045    -3.060937    -3.060714    -3.059053    -3.034708     0.000000     0.000000     0.000000     0.000000     0.000000     0.000000     0.000000     0.000000    -3.062251    -3.062213    -3.062203    -3.062169    -3.062146    -3.062121    -3.062070    -3.062033    -3.062013    -3.061991    -3.061967    -3.061941    -3.061913    -3.061883    -3.061849    -3.061812    -3.061770    -3.061721    -3.061664    -3.061595    -3.061509    -3.061399    -3.061252    -3.061052    -3.060769    -3.060363    -3.059767    -3.058886    -3.057575    -3.055628    -3.052751    -3.048542    -3.042459    -3.033799    -3.021685    -3.005059    -2.982714    -2.953348    -2.915667    -2.868527    -2.811148    -2.742601    -2.677730    -2.168374    -0.442626    -0.165979    -0.083383    -0.038909    -0.009980    -0.000001    -0.000000    -0.000000    -0.000000    -0.000000     0.000000     0.000000     0.000000     0.000000     0.000000     0.000000     0.000000     0.000000     0.000000     0.000000     0.000000     0.000000     0.000000     0.000000
     0.000000     0.000000     0.000000     0.000000     0.000000     0.000000     0.000000     0.000000     0.000000     0.000000    -3.062251    -3.062251    -3.062251    -3.062251    -3.062251    -3.062251    -3.062251    -3.062251    -3.062251    -3.062251    -3.062251    -3.062251    -3.062251    -3.062251    -3.062251    -3.062251    -3.062251    -3.062251    -3.062251    -3.062251    -3.062251    -3.062251    -3.062251    -3.062109    -3.062083    -3.062052    -3.062014    -3.061970    -3.061920    -3.061863    -3.061795    -3.061715    -3.061621    -3.061513    -3.061387    -3.061242    -3.061075    -3.060883    -3.060663    -3.060412    -3.060125    -3.059799    -3.059429    -3.059012    -3.058542    -3.058015    -3.057426    -3.056769    -3.056040    -3.055233    -3.054344    -3.053368    -3.052302    -3.051140    -3.049880    -3.048520    -3.047056    -3.045488    -3.043814    -3.042035    -3.040151    -3.038163    -3.036073    -3.033883    -3.031593    -3.029206    -3.026721    -3.024139    -3.021459    -3.018676    -3.015787    -3.012785    -3.009646    -3.006482    -3.004504    -2.994041    -2.988540    -2.984663    -2.588564     0.000000    -3.062251    -3.061328    -3.061216    -3.060588    -3.059348    -3.058491    -3.058089    -3.057607    -3.057024    -3.056338    -3.055568    -3.054629    -3.053485    -3.052152    -3.050618    -3.048859    -3.046847    -3.044551    -3.041934    -3.038954    -3.035556    -3.031678    -3.027241    -3.022148    -3.016281    -3.009492    -3.001599    -2.992376    -2.981548    -2.968783    -2.953692    -2.935831    -2.914706    -2.889800    -2.860599    -2.826634    -2.787538    -2.743101    -2.693337    -2.638541    -2.579326    -2.516644    -2.451768    -2.386249    -2.321566    -2.262997    -2.147868    -0.487464    -0.157404    -0.074095    -0.028427    -0.000777    -0.000001    -0.000000    -0.000000    -0.000000    -0.000000    -0.000000     0.000000     0.000000     0.000000     0.000000     0.000000     0.000000     0.000000     0.000000     0.000000     0.000000     0.000000     0.000000     0.000000     0.000000
     0.000000     0.000000     0.000000     0.000000     0.000000     0.000000     0.000000     0.000000     0.000000    -3.062251    -3.062251    -3.062251    -3.062251    -3.062251    -3.062251    -3.062251    -3.062251    -3.062251    -3.062251    -3.062251    -3.062251    -3.062251    -3.062251    -3.062251    -3.062251    -3.062251    -3.062251    -3.062251    -3.062251    -3.062251    -3.062251    -3.062251    -3.062251    -3.062251    -3.062251    -3.062251    -3.062251    -3.062251    -3.062251    -3.062251    -3.062251    -3.062251    -3.062251    -3.062251    -3.062251    -3.062250    -3.062250    -3.062250    -3.062250    -3.062250    -3.062250    -3.062249    -3.062249    -3.062249    -3.062249    -3.062248    -3.062248    -3.062248    -3.062247    -3.062247    -3.062247    -3.062246    -3.062246    -3.062246    -3.062245    -3.062245    -3.062244    -3.062244    -3.062244    -3.062244    -3.062244    -3.062244    -3.062244    -3.062244    -3.062244    -3.062244    -3.062244    -3.062245    -3.062245    -3.062246    -3.062246    -3.062247    -3.062247    -3.062241    -3.062242    -3.062242    -3.062243    -3.062244    -2.946262    -2.938169    -2.929444    -2.919097    -2.908969    -2.898542    -2.888010    -2.876354    -2.863426    -2.849757    -2.835379    -2.820317    -2.804608    -2.788337    -2.771592    -2.754434    -2.736936    -2.719178    -2.701230    -2.683152    -2.664984    -2.646751    -2.628462    -2.610113    -2.591688    -2.573170    -2.554539    -2.535778    -2.516880    -2.497847    -2.478695    -2.459461    -2.440206    -2.421023    -2.402047    -2.383452    -2.365463    -2.348345    -2.332396    -2.317934    -2.305270    -2.294678    -2.286373    -2.280476    -2.276998    -2.275815    -2.276119    -2.292267    -1.875193    -0.271376    -0.091022    -0.029300    -0.000001    -0.000001    -0.000000    -0.000000    -0.000000    -0.000000    -0.000000    -0.000000     0.000000     0.000000     0.000000     0.000000     0.000000     0.000000     0.000000     0.000000     0.000000     0.000000     0.000000     0.000000     0.000000     0.000000
     0.000000     0.000000     0.000000     0.000000     0.000000     0.000000     0.000000     0.000000     0.000000    -3.062251    -3.062251    -3.062251    -3.062251    -3.062251    -3.062251    -3.062251    -3.062251    -3.062251    -3.062251    -3.062251    -3.062251    -3.062251    -3.062251    -3.062251    -3.062251    -3.062251    -3.062251    -3.062251    -3.062251    -3.062251    -3.062251    -3.062251    -3.062251    -3.062251    -3.062251    -3.062251    -3.062251    -3.062251    -3.062251    -3.062251    -3.062251    -3.062251    -3.062251    -3.062251    -3.062251    -3.062251    -3.062251    -3.062251    -3.062251    -3.062251    -3.062251    -3.062251    -3.062251    -3.062251    -3.062251    -3.062251    -3.062251    -3.062251    -3.062251    -3.062251    -3.062251    -3.062251    -3.062251    -3.062251    -3.062251    -3.062251    -3.062251    -3.062251    -3.062251    -3.062251    -3.062251    -3.062251    -3.062251    -3.062251    -3.062251    -3.062251    -3.062251    -3.062251    -3.062251    -3.062251    -3.062251    -3.062251    -3.062251    -3.062251    -3.062251    -3.062251    -3.062251    -3.062251    -3.062251    -3.062251    -3.062251    -3.062251    -3.062251    -3.062251    -3.062251    -3.062251    -3.062251    -3.062251    -3.062251    -3.062251    -3.062251    -3.062250    -3.062250    -3.062250    -3.062249    -3.062249    -3.062248    -3.062247    -3.062246    -3.062244    -3.062242    -3.062240    -3.062236    -3.062229    -3.062220    -3.062204    -3.062179    -3.062137    -3.062067    -3.061954    -3.061770    -3.061479    -3.061029    -3.060348    -3.059340    -3.057883    -3.055826    -3.052992    -3.049174    -3.044148    -3.037678    -3.029525    -3.019461    -3.007268    -2.992980    -2.980561    -1.182528    -0.158801    -0.048448    -0.000763    -0.000001    -0.000000    -0.000000    -0.000000    -0.000000    -0.000000    -0.000000    -0.000000     0.000000     0.000000     0.000000     0.000000     0.000000     0.000000     0.000000     0.000000     0.000000     0.000000     0.000000     0.000000     0.000000     0.000000
     0.000000     0.000000     0.000000     0.000000     0.000000     0.000000     0.000000     0.000000    -3.062251    -3.062251    -3.062251    -3.062251    -3.062251    -3.062251    -3.062251    -3.062251    -3.062251    -3.062251    -3.062251    -3.062251    -3.062251    -3.062251    -3.062251    -3.062251    -3.062251    -3.062251    -3.062251    -3.062251    -3.062251    -3.062251    -3.062251    -3.062251    -3.062251    -3.062251    -3.062251    -3.062251    -3.062251    -3.062251    -3.062251    -3.062251    -3.062251    -3.062251    -3.062251    -3.062251    -3.062251    -3.062251    -3.062251    -3.062251    -3.062251    -3.062251    -3.062251    -3.062251    -3.062251    -3.062251    -3.062251    -3.062251    -3.062251    -3.062251    -3.062251    -3.062251    -3.062251    -3.062251    -3.062251    -3.062251    -3.062251    -3.062251    -3.062251    -3.062251    -3.062251    -3.062251    -3.062251    -3.062251    -3.062251    -3.062251    -3.062251    -3.062251    -3.062251    -3.062251    -3.062251    -3.062251    -3.062251    -3.062251    -3.062251    -3.062251    -3.062251    -3.062251    -3.062251    -3.062251    -3.062251    -3.062251    -3.062251    -3.062251    -3.062251    -3.062251    -3.062251    -3.062251    -3.062251    -3.062251    -3.062251    -3.062251    -3.062251    -3.062251    -3.062251    -3.062251    -3.062251    -3.062251    -3.062251    -3.062251    -3.062251    -3.062251    -3.062251    -3.062251    -3.062250    -3.062250    -3.062249    -3.062248    -3.062245    -3.062241    -3.062235    -3.062223    -3.062205    -3.062174    -3.062124    -3.062044    -3.061916    -3.061718    -3.061415    -3.060957    -3.060279    -3.059292    -3.057880    -3.055901    -3.053182    -3.049516    -3.045060    -3.017656    -0.345991    -0.066732    -0.005136    -0.000001    -0.000000    -0.000000    -0.000000    -0.000000    -0.000000    -0.000000    -0.000000     0.000000     0.000000     0.000000     0.000000     0.000000     0.000000     0.000000     0.000000     0.000000     0.000000     0.000000     0.000000     0.000000     0.000000     0.000000
     0.000000     0.000000     0.000000     0.000000     0.000000     0.000000     0.000000     0.000000    -3.062251    -3.062251    -3.062251    -3.062251    -3.062251    -3.062251    -3.062251    -3.062251    -3.062251    -3.062251    -3.062251    -3.062251    -3.062251    -3.062251    -3.062251    -3.062251    -3.062251    -3.062251    -3.062251    -3.062251    -3.062251    -3.062251    -3.062251    -3.062251    -3.062251    -3.062251    -3.062251    -3.062251    -3.062251    -3.062251    -3.062251    -3.062251    -3.062251    -3.062251    -3.062251    -3.062251    -3.062251    -3.062251    -3.062251    -3.062251    -3.062251    -3.062251    -3.062251    -3.062251    -3.062251    -3.062251    -3.062251    -3.062251    -3.062251    -3.062251    -3.062251    -3.062251    -3.062251    -3.062251    -3.062251    -3.062251    -3.062251    -3.062251    -3.062251    -3.062251    -3.062251    -3.062251    -3.062251    -3.062251    -3.062251    -3.062251    -3.062251    -3.062251    -3.062251    -3.062251    -3.062251    -3.062251    -3.062251    -3.062251    -3.062251    -3.062251    -3.062251    -3.062251    -3.062251    -3.062251    -3.062251    -3.062251    -3.062251    -3.062251    -3.062251    -3.062251    -3.062251    -3.062251    -3.062251    -3.062251    -3.062251    -3.062251    -3.062251    -3.062251    -3.062251    -3.062251    -3.062251    -3.062251    -3.062251    -3.062251    -3.062251    -3.062251    -3.062251    -3.062251    -3.062251    -3.062251    -3.062251    -3.062251    -3.062250    -3.062249    -3.062248    -3.062245    -3.062240    -3.062232    -3.062218    -3.062195    -3.062158    -3.062097    -3.062000    -3.061849    -3.061617    -3.061266    -3.060746    -3.059987    -3.058897    -3.057398    -3.055625    -0.708859    -0.059223    -0.010903    -0.000001    -0.000000    -0.000000    -0.000000    -0.000000    -0.000000    -0.000000    -0.000000     0.000000     0.000000     0.000000     0.000000     0.000000     0.000000     0.000000     0.000000     0.000000     0.000000     0.000000     0.000000     0.000000     0.000000     0.000000     0.000000
     0.000000     0.000000     0.000000     0.000000     0.000000    -3.062251    -3.062251    -3.062251    -3.062251    -3.062251    -3.062251    -3.062251    -3.062251    -3.062251    -3.062251    -3.062251    -3.062251    -3.062251    -3.062251    -3.062251    -3.062251    -3.062251    -3.062251    -3.062251    -3.062251    -3.062251    -3.062251    -3.062251    -3.062251    -3.062251    -3.062251    -3.062251    -3.062251    -3.062251    -3.062251    -3.062251    -3.062251    -3.062251    -3.062251    -3.062251    -3.062251    -3.062251    -3.062251    -3.062251    -3.062251    -3.062251    -3.062251    -3.062251    -3.062251    -3.062251    -3.062251    -3.062251    -3.062251    -3.062251    -3.062251    -3.062251    -3.062251    -3.062251    -3.062251    -3.062251    -3.062251    -3.062251    -3.062251    -3.062251    -3.062251    -3.062251    -3.062251    -3.062251    -3.062251    -3.062251    -3.062251    -3.062251    -3.062251    -3.062251    -3.062251    -3.062251    -3.062251    -3.062251    -3.062251    -3.062251    -3.062251    -3.062251    -3.062251    -3.062251    -3.062251    -3.062251    -3.062251    -3.062251    -3.062251    -3.062251    -3.062251    -3.062251    -3.062251    -3.062251    -3.062251    -3.062251    -3.062251    -3.062251    -3.062251    -3.062251    -3.062251    -3.062251    -3.062251    -3.062251    -3.062251    -3.062251    -3.062251    -3.062251    -3.062251    -3.062251    -3.062251    -3.062251    -3.062251    -3.062251    -3.062251    -3.062251    -3.062251    -3.062250    -3.062250    -3.062249    -3.062248    -3.062247    -3.062243    -3.062237    -3.062226    -3.062208    -3.062178    -3.062129    -3.062047    -3.061916    -3.061707    -3.061380    -3.060881    -3.060217    -2.979998    -0.204910    -0.001948    -0.001835    -0.000460    -0.000004    -0.000000    -0.000000    -0.000000    -0.000000    -0.000000    -0.000000     0.000000     0.000000     0.000000     0.000000     0.000000     0.000000     0.000000     0.000000     0.000000     0.000000     0.000000     0.000000     0.000000     0.000000     0.000000     0.000000
     0.000000     0.000000     0.000000     0.000000     0.000000    -3.062251    -3.062251    -3.062251    -3.062251    -3.062251    -3.062251    -3.062251    -3.062251    -3.062251    -3.062251    -3.062251    -3.062251    -3.062251    -3.062251    -3.062251    -3.062251    -3.062251    -3.062251    -3.062251    -3.062251    -3.062251    -3.062251    -3.062251    -3.062251    -3.062251    -3.062251    -3.062251    -3.062251    -3.062251    -3.062251    -3.062251    -3.062251    -3.062251    -3.062251    -3.062251    -3.062251    -3.062251    -3.062251    -3.062251    -3.062251    -3.062251    -3.062251    -3.062251    -3.062251    -3.062251    -3.062251    -3.062251    -3.062251    -3.062251    -3.062251    -3.062251    -3.062251    -3.062251    -3.062251    -3.062251    -3.062251    -3.062251    -3.062251    -3.062251    -3.062251    -3.062251    -3.062251    -3.062251    -3.062251    -3.062251    -3.062251    -3.062251    -3.062251    -3.062251    -3.062251    -3.062251    -3.062251    -3.062251    -3.062251    -3.062251    -3.062251    -3.062251    -3.062251    -3.062251    -3.062251    -3.062251    -3.062251    -3.062251    -3.062251    -3.062251    -3.062251    -3.062251    -3.062251    -3.062251    -3.062251    -3.062251    -3.062251    -3.062251    -3.062251    -3.062251    -3.062251    -3.062251    -3.062251    -3.062251    -3.062251    -3.062251    -3.062251    -3.062251    -3.062251    -3.062251    -3.062251    -3.062251    -3.062251    -3.062251    -3.062251    -3.062251    -3.062251    -3.062251    -0.250399     0.000000     0.000000    -3.062249    -3.062248    -3.062247    -3.062244    -3.062240    -3.062232    -3.062219    -3.062197    -3.062163    -3.062110    -3.062027    -3.061906    -3.061687    -0.430551    -0.005838    -0.008134    -0.000085    -0.000013    -0.000000    -0.000000    -0.000000    -0.000000    -0.000000    -0.000000    -0.000000     0.000000     0.000000     0.000000     0.000000     0.000000     0.000000     0.000000     0.000000     0.000000     0.000000     0.000000     0.000000     0.000000     0.000000     0.000000     0.000000
     0.000000     0.000000     0.000000     0.000000     0.000000     0.000000    -3.062251    -3.062251    -3.062251    -3.062251    -3.062251    -3.062251    -3.062251    -3.062251    -3.062251    -3.062251    -3.062251    -3.062251    -3.062251    -3.062251    -3.062251    -3.062251    -3.062251    -3.062251    -3.062251    -3.062251    -3.062251    -3.062251    -3.062251    -3.062251    -3.062251    -3.062251    -3.062251    -3.062251    -3.062251    -3.062251    -3.062251    -3.062251    -3.062251    -3.062251    -3.062251    -3.062251    -3.062251    -3.062251    -3.062251    -3.062251    -3.062251    -3.062251    -3.062251    -3.062251    -3.062251    -3.062251    -3.062251    -3.062251    -3.062251    -3.062251    -3.062251    -3.062251    -3.062251    -3.062251    -3.062251    -3.062251    -3.062251    -3.062251    -3.062251    -3.062251    -3.062251    -3.062251    -3.062251    -3.062251    -3.062251    -3.062251    -3.062251    -3.062251    -3.062251    -3.062251    -3.062251    -3.062251    -3.062251    -3.062251    -3.062251    -3.062251    -3.062251    -3.062251    -3.062251    -3.062251    -3.062251    -3.062251    -3.062251    -3.062251    -3.062251    -3.062251    -3.062251    -3.062251    -3.062251    -3.062251    -3.062251    -3.062251    -3.062251    -3.062251    -3.062251    -3.062251    -3.062251    -3.062251    -3.062251    -3.062251    -3.062251    -3.062251    -3.062251    -3.062251    -3.062249     0.000000     0.000000     0.000000     0.000000     0.000000     0.000000     0.000000     0.000000     0.000000     0.000000     0.000000     0.000000    -3.062250    -3.062249    -3.062248    -3.062246    -3.062242    -3.062237    -3.062228    -3.062214    -3.062193    -3.062164    -3.030366    -0.180234    -0.007795    -0.003113    -0.000001    -0.000000    -0.000000    -0.000000    -0.000000    -0.000000    -0.000000    -0.000000    -0.000000     0.000000     0.000000     0.000000     0.000000     0.000000     0.000000     0.000000     0.000000     0.000000     0.000000     0.000000     0.000000     0.000000     0.000000     0.000000     0.000000
     0.000000     0.000000     0.000000     0.000000     0.000000     0.000000     0.000000    -3.062251    -3.062251    -3.062251    -3.062251    -3.062251    -3.062251    -3.062251    -3.062251    -3.062251    -3.062251    -3.062251    -3.062251    -3.062251    -3.062251    -3.062251    -3.062251    -3.062251    -3.062251    -3.062251    -3.062251    -3.062251    -3.062251    -3.062251    -3.062251    -3.062251    -3.062251    -3.062251    -3.062251    -3.062251    -3.062251    -3.062251    -3.062251    -3.062251    -3.062251    -3.062251    -3.062251    -3.062251    -3.062251    -3.062251    -3.062251    -3.062251    -3.062251    -3.062251    -3.062251    -3.062251    -3.062251    -3.062251    -3.062251    -3.062251    -3.062251    -3.062251    -3.062251    -3.062251    -3.062251    -3.062251    -3.062251    -3.062251    -3.062251    -3.062251    -3.062251    -3.062251    -3.062251    -3.062251    -3.062251    -3.062251    -3.062251    -3.062251    -3.062251    -3.062251    -3.062251    -3.062251    -3.062251    -3.062251    -3.062251    -3.062251    -3.062251    -3.062251    -3.062251    -3.062251    -3.062251    -3.062251    -3.062251    -3.062251    -3.062251    -3.062251    -3.062251    -3.062251    -3.062251    -3.062251    -3.062251    -3.062251    -3.062251    -3.062251    -3.062251    -3.062251    -3.062251    -3.062251    -3.062251    -3.062251    -3.062251    -3.062251    -3.062251    -3.062251    -3.062250    -0.459923     0.000000     0.000000     0.000000     0.000000     0.000000     0.000000     0.000000     0.000000     0.000000     0.000000    -3.062251    -3.062251    -3.062250    -3.062250    -3.062249    -3.062248    -3.062246    -3.062243    -3.062238    -3.062231    -3.062223    -0.687323    -0.020852    -0.006648    -0.000347    -0.000000    -0.000000    -0.000000    -0.000000    -0.000000    -0.000000    -0.000000    -0.000000    -0.000000     0.000000     0.000000     0.000000     0.000000     0.000000     0.000000     0.000000     0.000000     0.000000     0.000000     0.000000     0.000000     0.000000     0.000000     0.000000     0.000000
     0.000000     0.000000     0.000000     0.000000     0.000000     0.000000     0.000000    -3.062251    -3.062251    -3.062251    -3.062251    -3.062251    -3.062251    -3.062251    -3.062251    -3.062251    -3.062251    -3.062251    -3.062251    -3.062251    -3.062251    -3.062251    -3.062251    -3.062251    -3.062251    -3.062251    -3.062251    -3.062251    -3.062251    -3.062251    -3.062251    -3.062251    -3.062251    -3.062251    -3.062251    -3.062251    -3.062251    -3.062251    -3.062251    -3.062251    -3.062251    -3.062251    -3.062251    -3.062251    -3.062251    -3.062251    -3.062251    -3.062251    -3.062251    -3.062251    -3.062251    -3.062251    -3.062251    -3.062251    -3.062251    -3.062251    -3.062251    -3.062251    -3.062251    -3.062251    -3.062251    -3.062251    -3.062251    -3.062251    -3.062251    -3.062251    -3.062251    -3.062251    -3.062251    -3.062251    -3.062251    -3.062251    -3.062251    -3.062251    -3.062251    -3.062251    -3.062251    -3.062251    -3.062251    -3.062251    -3.062251    -3.062251    -3.062251    -3.062251    -3.062251    -3.062251    -3.062251    -3.062251    -3.062251    -3.062251    -3.062251    -3.062251    -3.062251    -3.062251    -3.062251    -3.062251    -3.062251    -3.062251    -3.062251    -3.062251    -3.062251    -3.062251    -3.062251    -3.062251    -3.062251    -3.062251    -3.062251    -3.062251    -3.062251    -3.062251    -3.062231    -0.254239     0.000000     0.000000     0.000000     0.000000     0.000000     0.000000     0.000000     0.000000    -3.062251    -3.062251    -3.062251    -3.062251    -3.062251    -3.062251    -3.062251    -3.062251    -3.062251    -3.062251    -3.062251    -3.062251    -3.062247    -0.219255    -0.014013    -0.019475    -0.000180    -0.000000    -0.000000    -0.000000    -0.000000    -0.000000    -0.000000    -0.000000    -0.000000     0.000000     0.000000     0.000000     0.000000     0.000000     0.000000     0.000000     0.000000     0.000000     0.000000     0.000000     0.000000     0.000000     0.000000     0.000000     0.000000     0.000000
     0.000000     0.000000     0.000000     0.000000     0.000000     0.000000     0.000000    -3.062251    -3.062251    -3.062251    -3.062251    -3.062251    -3.062251    -3.062251    -3.062251    -3.062251    -3.062251    -3.062251    -3.062251    -3.062251    -3.062251    -3.062251    -3.062251    -3.062251    -3.062251    -3.062251    -3.062251    -3.062251    -3.062251    -3.062251    -3.062251    -3.062251    -3.062251    -3.062251    -3.062251    -3.062251    -3.062251    -3.062251    -3.062251    -3.062251    -3.062251    -3.062251    -3.062251    -3.062251    -3.062251    -3.062251    -3.062251    -3.062251    -3.062251    -3.062251    -3.062251    -3.062251    -3.062251    -3.062251    -3.062251    -3.062251    -3.062251    -3.062251    -3.062251    -3.062251    -3.062251    -3.062251    -3.062251    -3.062251    -3.062251    -3.062251    -3.062251    -3.062251    -3.062251    -3.062251    -3.062251    -3.062251    -3.062251    -3.062251    -3.062251    -3.062251    -3.062251    -3.062251    -3.062251    -3.062251    -3.062251    -3.062251    -3.062251    -3.062251    -3.062251    -3.062251    -3.062251    -3.062251    -3.062251    -3.062251    -3.062251    -3.062251    -3.062251    -3.062251    -3.062251    -3.062251    -3.062251    -3.062251    -3.062251    -3.062251    -3.062251    -3.062251    -3.062251    -3.062251    -3.062251    -3.062251    -3.062251    -3.062251    -3.062251    -3.062251    -3.062135     0.000000     0.000000     0.000000     0.000000     0.000000     0.000000     0.000000     0.000000    -3.062251    -3.062251    -3.062251    -3.062251    -3.062251    -3.062251    -3.062251    -3.062251    -3.062251    -3.062251    -3.062251    -3.062251    -3.062251    -3.061510    -0.108855    -0.034866    -0.031749    -0.000327    -0.000000    -0.000000    -0.000000    -0.000000    -0.000000    -0.000000    -0.000000    -0.000000     0.000000     0.000000     0.000000     0.000000     0.000000     0.000000     0.000000     0.000000     0.000000     0.000000     0.000000     0.000000     0.000000     0.000000     0.000000     0.000000     0.000000
     0.000000     0.000000     0.000000     0.000000     0.000000     0.000000     0.000000    -3.062251    -3.062251    -3.062251    -3.062251    -3.062251    -3.062251    -3.062251    -3.062251    -3.062251    -3.062251    -3.062251    -3.062251    -3.062251    -3.062251    -3.062251    -3.062251    -3.062251    -3.062251    -3.062251    -3.062251    -3.062251    -3.062251    -3.062251    -3.062251    -3.062251    -3.062251    -3.062251    -3.062251    -3.062251    -3.062251    -3.062251    -3.062251    -3.062251    -3.062251    -3.062251    -3.062251    -3.062251    -3.062251    -3.062251    -3.062251    -3.062251    -3.062251    -3.062251    -3.062251    -3.062251    -3.062251    -3.062251    -3.062251    -3.062251    -3.062251    -3.062251    -3.062251    -3.062251    -3.062251    -3.062251    -3.062251    -3.062251    -3.062251    -3.062251    -3.062251    -3.062251    -3.062251    -3.062251    -3.062251    -3.062251    -3.062251    -3.062251    -3.062251    -3.062251    -3.062251    -3.062251    -3.062251    -3.062251    -3.062251    -3.062251    -3.062251    -3.062251    -3.062251    -3.062251    -3.062251    -3.062251    -3.062251    -3.062251    -3.062251    -3.062251    -3.062251    -3.062251    -3.062251    -3.062251    -3.062251    -3.062251    -3.062251    -3.062251    -3.062251    -3.062251    -3.062251    -3.062251    -3.062251    -3.062251    -3.062251    -3.062251    -3.062251    -3.062251    -3.061702     0.000000     0.000000     0.000000     0.000000     0.000000     0.000000     0.000000     0.000000    -3.062251    -3.062251    -3.062251    -3.062251    -3.062251    -3.062251    -3.062251    -3.062251    -3.062251    -3.062251    -3.062251    -3.062251    -3.062251    -2.897732    -0.063070    -0.048985    -0.035780    -0.000070    -0.000000    -0.000000    -0.000000    -0.000000    -0.000000    -0.000000    -0.000000     0.000000     0.000000     0.000000     0.000000     0.000000     0.000000     0.000000     0.000000     0.000000     0.000000     0.000000     0.000000     0.000000     0.000000     0.000000     0.000000     0.000000     0.000000
     0.000000     0.000000     0.000000     0.000000     0.000000     0.000000     0.000000    -3.062251    -3.062251    -3.062251    -3.062251    -3.062251    -3.062251    -3.062251    -3.062251    -3.062251    -3.062251    -3.062251    -3.062251    -3.062251    -3.062251    -3.062251    -3.062251    -3.062251    -3.062251    -3.062251    -3.062251    -3.062251    -3.062251    -3.062251    -3.062251    -3.062251    -3.062251    -3.062251    -3.062251    -3.062251    -3.062251    -3.062251    -3.062251    -3.062251    -3.062251    -3.062251    -3.062251    -3.062251    -3.062251    -3.062251    -3.062251    -3.062251    -3.062251    -3.062251    -3.062251    -3.062251    -3.062251    -3.062251    -3.062251    -3.062251    -3.062251    -3.062251    -3.062251    -3.062251    -3.062251    -3.062251    -3.062251    -3.062251    -3.062251    -3.062251    -3.062251    -3.062251    -3.062251    -3.062251    -3.062251    -3.062251    -3.062251    -3.062251    -3.062251    -3.062251    -3.062251    -3.062251    -3.062251    -3.062251    -3.062251    -3.062251    -3.062251    -3.062251    -3.062251    -3.062251    -3.062251    -3.062251    -3.062251    -3.062251    -3.062251    -3.062251    -3.062251    -3.062251    -3.062251    -3.062251    -3.062251    -3.062251    -3.062251    -3.062251    -3.062251    -3.062251    -3.062251    -3.062251    -3.062251    -3.062251    -3.062251    -3.062251    -3.062251    -3.062251    -3.060195     0.000000     0.000000     0.000000     0.000000     0.000000     0.000000     0.000000     0.000000     0.000000     0.000000    -3.062251    -3.062251    -3.062251    -3.062251    -3.062251    -3.062251    -3.062251    -3.062251    -3.062251    -3.062251    -3.047674    -0.392407    -0.123533    -0.080950    -0.043769    -0.000000    -0.000000    -0.000000    -0.000000    -0.000000    -0.000000    -0.000000    -0.000000    -0.000000     0.000000     0.000000     0.000000     0.000000     0.000000     0.000000     0.000000     0.000000     0.000000     0.000000     0.000000     0.000000     0.000000     0.000000     0.000000     0.000000     0.000000
     0.000000     0.000000     0.000000     0.000000     0.000000     0.000000     0.000000     0.000000    -3.062251    -3.062251    -3.062251    -3.062251    -3.062251    -3.062251    -3.062251    -3.062251    -3.062251    -3.062251    -3.062251    -3.062251    -3.062251    -3.062251    -3.062251    -3.062251    -3.062251    -3.062251    -3.062251    -3.062251    -3.062251    -3.062251    -3.062251    -3.062251    -3.062251    -3.062251    -3.062251    -3.062251    -3.062251    -3.062251    -3.062251    -3.062251    -3.062251    -3.062251    -3.062251    -3.062251    -3.062251    -3.062251    -3.062251    -3.062251    -3.062251    -3.062251    -3.062251    -3.062251    -3.062251    -3.062251    -3.062251    -3.062251    -3.062251    -3.062251    -3.062251    -3.062251    -3.062251    -3.062251    -3.062251    -3.062251    -3.062251    -3.062251    -3.062251    -3.062251    -3.062251    -3.062251    -3.062251    -3.062251    -3.062251    -3.062251    -3.062251    -3.062251    -3.062251    -3.062251    -3.062251    -3.062251    -3.062251    -3.062251    -3.062251    -3.062251    -3.062251    -3.062251    -3.062251    -3.062251    -3.062251    -3.062251    -3.062251    -3.062251    -3.062251    -3.062251    -3.062251    -3.062251    -3.062251    -3.062251    -3.062251    -3.062251    -3.062251    -3.062251    -3.062251    -3.062251    -3.062251    -3.062251    -3.062251    -3.062251    -3.062251    -3.062251    -3.055839     0.000000     0.000000     0.000000     0.000000    -3.062251    -3.062251    -3.062251     0.000000     0.000000     0.000000    -3.062251    -3.062251    -3.062251    -3.062251    -3.062251    -3.062251    -3.062251    -3.062251    -3.062251    -3.062251    -0.415895    -0.089749    -0.090356    -0.082416    -0.044461    -0.001451    -0.000000    -0.000000    -0.000000    -0.000000    -0.000000    -0.000000    -0.000000    -0.000000     0.000000     0.000000     0.000000     0.000000     0.000000     0.000000     0.000000     0.000000     0.000000     0.000000     0.000000     0.000000     0.000000     0.000000     0.000000     0.000000     0.000000
     0.000000     0.000000     0.000000     0.000000     0.000000     0.000000     0.000000     0.000000    -3.062251    -3.062251    -3.062251    -3.062251    -3.062251    -3.062251    -3.062251    -3.062251    -3.062251    -3.062251    -3.062251    -3.062251    -3.062251    -3.062251    -3.062251    -3.062251    -3.062251    -3.062251    -3.062251    -3.062251    -3.062251    -3.062251    -3.062251    -3.062251    -3.062251    -3.062251    -3.062251    -3.062251    -3.062251    -3.062251    -3.062251    -3.062251    -3.062251    -3.062251    -3.062251    -3.062251    -3.062251    -3.062251    -3.062251    -3.062251    -3.062251    -3.062251    -3.062251    -3.062251    -3.062251    -3.062251    -3.062251    -3.062251    -3.062251    -3.062251    -3.062251    -3.062251    -3.062251    -3.062251    -3.062251    -3.062251    -3.062251    -3.062251    -3.062251    -3.062251    -3.062251    -3.062251    -3.062251    -3.062251    -3.062251    -3.062251    -3.062251    -3.062251    -3.062251    -3.062251    -3.062251    -3.062251    -3.062251    -3.062251    -3.062251    -3.062251    -3.062251    -3.062251    -3.062251    -3.062251    -3.062251    -3.062251    -3.062251    -3.062251    -3.062251    -3.062251    -3.062251    -3.062251    -3.062251    -3.062251    -3.062251    -3.062251    -3.062251    -3.062251    -3.062251    -3.062251    -3.062251    -3.062251    -3.062251    -3.062251    -3.062251    -3.062251    -3.044752     0.000000     0.000000     0.000000     0.000000    -3.062251    -3.062250    -3.062249    -3.062249    -3.062248    -3.062248    -3.062247    -3.062246    -3.062246    -3.062245    -3.062245    -3.062244    -3.062243    -3.062240    -3.062238    -0.602402    -0.105895    -0.061443    -0.085950    -0.071204    -0.039136    -0.000988    -0.000000    -0.000000    -0.000000    -0.000000    -0.000000    -0.000000    -0.000000    -0.000000     0.000000     0.000000     0.000000     0.000000     0.000000     0.000000     0.000000     0.000000     0.000000     0.000000     0.000000     0.000000     0.000000     0.000000     0.000000     0.000000     0.000000
     0.000000     0.000000     0.000000     0.000000     0.000000     0.000000     0.000000     0.000000    -3.062251    -3.062251    -3.062251    -3.062251    -3.062251    -3.062251    -3.062251    -3.062251    -3.062251    -3.062251    -3.062251    -3.062251    -3.062251    -3.062251    -3.062251    -3.062251    -3.062251    -3.062251    -3.062251    -3.062251    -3.062251    -3.062251    -3.062251    -3.062251    -3.062251    -3.062251    -3.062251    -3.062251    -3.062251    -3.062251    -3.062251    -3.062251    -3.062251    -3.062251    -3.062251    -3.062251    -3.062251    -3.062251    -3.062251    -3.062251    -3.062251    -3.062251    -3.062251    -3.062251    -3.062251    -3.062251    -3.062251    -3.062251    -3.062251    -3.062251    -3.062251    -3.062251    -3.062251    -3.062251    -3.062251    -3.062251    -3.062251    -3.062251    -3.062251    -3.062251    -3.062251    -3.062251    -3.062251    -3.062251    -3.062251    -3.062251    -3.062251    -3.062251    -3.062251    -3.062251    -3.062251    -3.062251    -3.062251    -3.062251    -3.062251    -3.062251    -3.062251    -3.062251    -3.062251    -3.062251    -3.062251    -3.062251    -3.062251    -3.062251    -3.062251    -3.062251    -3.062251    -3.062251    -3.062251    -3.062251    -3.062251    -3.062251    -3.062251    -3.062251    -3.062251    -3.062251    -3.062251    -3.062251    -3.062251    -3.062251    -3.062251    -3.062251    -2.820026     0.000000     0.000000     0.000000     0.000000    -3.062251    -3.062181    -3.062175    -3.062168    -3.062160    -3.062152    -3.062142    -3.062131    -3.062109    -3.062073    -3.062015    -3.061935    -3.061577    -3.061474    -2.795437    -0.285212    -0.061840    -0.059093    -0.067825    -0.053032    -0.027266    -0.000000    -0.000000    -0.000000    -0.000000    -0.000000    -0.000000    -0.000000    -0.000000     0.000000     0.000000     0.000000     0.000000     0.000000     0.000000     0.000000     0.000000     0.000000     0.000000     0.000000     0.000000     0.000000     0.000000     0.000000     0.000000     0.000000     0.000000
     0.000000     0.000000     0.000000     0.000000     0.000000     0.000000     0.000000     0.000000    -3.062251    -3.062251    -3.062251    -3.062251    -3.062251    -3.062251    -3.062251    -3.062251    -3.062251    -3.062251    -3.062251    -3.062251    -3.062251    -3.062251    -3.062251    -3.062251    -3.062251    -3.062251    -3.062251    -3.062251    -3.062251    -3.062251    -3.062251    -3.062251    -3.062251    -3.062251    -3.062251    -3.062251    -3.062251    -3.062251    -3.062251    -3.062251    -3.062251    -3.062251    -3.062251    -3.062251    -3.062251    -3.062251    -3.062251    -3.062251    -3.062251    -3.062251    -3.062251    -3.062251    -3.062251    -3.062251    -3.062251    -3.062251    -3.062251    -3.062251    -3.062251    -3.062251    -3.062251    -3.062251    -3.062251    -3.062251    -3.062251    -3.062251    -3.062251    -3.062251    -3.062251    -3.062251    -3.062251    -3.062251    -3.062251    -3.062251    -3.062251    -3.062251    -3.062251    -3.062251    -3.062251    -3.062251    -3.062251    -3.062251    -3.062251    -3.062251    -3.062251    -3.062251    -3.062251    -3.062251    -3.062251    -3.062251    -3.062251    -3.062251    -3.062251    -3.062251    -3.062251    -3.062251    -3.062251    -3.062251    -3.062251    -3.062251    -3.062251    -3.062251    -3.062251    -3.062251    -3.062251    -3.062251    -3.062251    -3.062251    -3.062251    -3.062251    -2.998361    -2.317154     0.000000     0.000000    -3.062251    -3.057905    -3.055392    -3.053196    -3.050477    -3.047236    -3.043371    -3.038759    -3.033254    -3.026703    -3.018945    -3.009829    -2.999326    -2.984465    -2.971933    -0.419210    -0.072989    -0.035702    -0.035556    -0.040002    -0.029638    -0.008584    -0.000000    -0.000000    -0.000000    -0.000000    -0.000000    -0.000000    -0.000000    -0.000000    -0.000000     0.000000     0.000000     0.000000     0.000000     0.000000     0.000000     0.000000     0.000000     0.000000     0.000000     0.000000     0.000000     0.000000     0.000000     0.000000     0.000000     0.000000
     0.000000     0.000000     0.000000     0.000000     0.000000     0.000000     0.000000     0.000000    -3.062251    -3.062251    -3.062251    -3.062251    -3.062251    -3.062251    -3.062251    -3.062251    -3.062251    -3.062251    -3.062251    -3.062251    -3.062251    -3.062251    -3.062251    -3.062251    -3.062251    -3.062251    -3.062251    -3.062251    -3.062251    -3.062251    -3.062251    -3.062251    -3.062251    -3.062251    -3.062251    -3.062251    -3.062251    -3.062251    -3.062251    -3.062251    -3.062251    -3.062251    -3.062251    -3.062251    -3.062251    -3.062251    -3.062251    -3.062251    -3.062251    -3.062251    -3.062251    -3.062251    -3.062251    -3.062251    -3.062251    -3.062251    -3.062251    -3.062251    -3.062251    -3.062251    -3.062251    -3.062251    -3.062251    -3.062251    -3.062251    -3.062251    -3.062251    -3.062251    -3.062251    -3.062251    -3.062251    -3.062251    -3.062251    -3.062251    -3.062251    -3.062251    -3.062251    -3.062251    -3.062251    -3.062251    -3.062251    -3.062251    -3.062251    -3.062251    -3.062251    -3.062251    -3.062251    -3.062251    -3.062251    -3.062251    -3.062251    -3.062251    -3.062251    -3.062251    -3.062251    -3.062251    -3.062251    -3.062251    -3.062251    -3.062251    -3.062251    -3.062251    -3.062251    -3.062251    -3.062251    -3.062251    -3.062251    -3.062251    -3.062251    -3.062251    -3.062251    -2.878798    -2.853347    -2.832549    -2.808448    -2.784797    -2.762886    -2.740647    -2.719026    -2.697883    -2.677000    -2.656120    -2.635016    -2.613555    -2.591742    -2.569738    -2.547268    -2.542498    -1.244517    -0.148240    -0.043322    -0.009578    -0.005599    -0.008770    -0.001971    -0.000000    -0.000000    -0.000000    -0.000000    -0.000000    -0.000000    -0.000000    -0.000000    -0.000000    -0.000000    -0.000000     0.000000     0.000000     0.000000     0.000000     0.000000     0.000000     0.000000     0.000000     0.000000     0.000000     0.000000     0.000000     0.000000     0.000000     0.000000     0.000000
     0.000000     0.000000     0.000000     0.000000     0.000000     0.000000     0.000000     0.000000    -3.062251    -3.062251    -3.062251    -3.062251    -3.062251    -3.062251    -3.062251    -3.062251    -3.062251    -3.062251    -3.062251    -3.062251    -3.062251    -3.062251    -3.062251    -3.062251    -3.062251    -3.062251    -3.062251    -3.062251    -3.062251    -3.062251    -3.062251    -3.062251    -3.062251    -3.062251    -3.062251    -3.062251    -3.062251    -3.062251    -3.062251    -3.062251    -3.062251    -3.062251    -3.062251    -3.062251    -3.062251    -3.062251    -3.062251    -3.062251    -3.062251    -3.062251    -3.062251    -3.062251    -3.062251    -3.062251    -3.062251    -3.062251    -3.062251    -3.062251    -3.062251    -3.062251    -3.062251    -3.062251    -3.062251    -3.062251    -3.062251    -3.062251    -3.062251    -3.062251    -3.062251    -3.062251    -3.062251    -3.062251    -3.062251    -3.062251    -3.062251    -3.062251    -3.062251    -3.062251    -3.062251    -3.062251    -3.062251    -3.062251    -3.062251    -3.062251    -3.062251    -3.062251    -3.062251    -3.062251    -3.062251    -3.062251    -3.062251    -3.062251    -3.062251    -3.062251    -3.062251    -3.062251    -3.062251    -3.062251    -3.062251    -3.062251    -3.062251    -3.062251    -3.062251    -3.062251    -3.062251    -3.062251    -3.062251    -3.062251    -3.062251    -3.062251    -3.062251    -3.062251    -3.062251    -3.062251    -3.062251    -3.062251    -3.062251    -3.062251    -3.062251    -3.062251    -3.062251    -3.062251    -3.062251    -3.062251    -3.062250    -3.062250    -3.062249    -3.062130    -0.678588    -0.083311    -0.024894    -0.000298    -0.000001    -0.000000    -0.000000    -0.000000    -0.000000    -0.000000    -0.000000    -0.000000    -0.000000    -0.000000    -0.000000    -0.000000    -0.000000    -0.000000    -0.000000    -0.000000    -0.000000     0.000000     0.000000     0.000000     0.000000     0.000000     0.000000     0.000000     0.000000     0.000000     0.000000     0.000000     0.000000     0.000000
     0.000000     0.000000     0.000000     0.000000     0.000000     0.000000     0.000000     0.000000     0.000000    -3.062251    -3.062251    -3.062251    -3.062251    -3.062251    -3.062251    -3.062251    -3.062251    -3.062251    -3.062251    -3.062251    -3.062251    -3.062251    -3.062251    -3.062251    -3.062251    -3.062251    -3.062251    -3.062251    -3.062251    -3.062251    -3.062251    -3.062251    -3.062251    -3.062251    -3.062251    -3.062251    -3.062251    -3.062251    -3.062251    -3.062251    -3.062251    -3.062251    -3.062251    -3.062251    -3.062251    -3.062251    -3.062251    -3.062251    -3.062251    -3.062251    -3.062251    -3.062251    -3.062251    -3.062251    -3.062251    -3.062251    -3.062251    -3.062251    -3.062251    -3.062251    -3.062251    -3.062251    -3.062251    -3.062251    -3.062251    -3.062251    -3.062251    -3.062251    -3.062251    -3.062251    -3.062251    -3.062251    -3.062251    -3.062251    -3.062251    -3.062251    -3.062251    -3.062251    -3.062251    -3.062251    -3.062251    -3.062251    -3.062251    -3.062251    -3.062251    -3.062251    -3.062251    -3.062251    -3.062251    -3.062251    -3.062251    -3.062251    -3.062251    -3.062251    -3.062251    -3.062251    -3.062251    -3.062251    -3.062251    -3.062251    -3.062251    -3.062251    -3.062251    -3.062251    -3.062251    -3.062251    -3.062251    -3.062251    -3.062251    -3.062251    -3.062251    -3.062251    -3.062251    -3.062251    -3.062251    -3.062251    -3.062251    -3.062251    -3.062251    -3.062251    -3.062251    -3.062251    -3.062251    -3.062251    -3.062250    -3.062250    -3.062249    -3.062212    -0.450673    -0.065858    -0.008362    -0.000001    -0.000001    -0.000000    -0.000000    -0.000000    -0.000000    -0.000000    -0.000000    -0.000000    -0.000000    -0.000000    -0.000000    -0.000000    -0.000000    -0.000000    -0.000000    -0.000000    -0.000000     0.000000     0.000000     0.000000     0.000000     0.000000     0.000000     0.000000     0.000000     0.000000     0.000000     0.000000     0.000000     0.000000
     0.000000     0.000000     0.000000     0.000000     0.000000     0.000000     0.000000     0.000000     0.000000    -3.062251    -3.062251    -3.062251    -3.062251    -3.062251    -3.062251    -3.062251    -3.062251    -3.062251    -3.062251    -3.062251    -3.062251    -3.062251    -3.062251    -3.062251    -3.062251    -3.062251    -3.062251    -3.062251    -3.062251    -3.062251    -3.062251    -3.062251    -3.062251    -3.062251    -3.062251    -3.062251    -3.062251    -3.062251    -3.062251    -3.062251    -3.062251    -3.062251    -3.062251    -3.062251    -3.062251    -3.062251    -3.062251    -3.062251    -3.062251    -3.062251    -3.062251    -3.062251    -3.062251    -3.062251    -3.062251    -3.062251    -3.062251    -3.062251    -3.062251    -3.062251    -3.062251    -3.062251    -3.062251    -3.062251    -3.062251    -3.062251    -3.062251    -3.062251    -3.062251    -3.062251    -3.062251    -3.062251    -3.062251    -3.062251    -3.062251    -3.062251    -3.062251    -3.062251    -3.062251    -3.062251    -3.062251    -3.062251    -3.062251    -3.062251    -3.062251    -3.062251    -3.062251    -3.062251    -3.062251    -3.062251    -3.062251    -3.062251    -3.062251    -3.062251    -3.062251    -3.062251    -3.062251    -3.062251    -3.062251    -3.062251    -3.062251    -3.062251    -3.062251    -3.062251    -3.062251    -3.062251    -3.062251    -3.062251    -3.062251    -3.062251    -3.062251    -3.062251    -3.062251    -3.062251    -3.062251    -3.062251    -3.062251    -3.062251    -3.062251    -3.062251    -3.062251    -3.062251    -3.062251    -3.062251    -3.062251    -3.062250    -3.062250    -3.062223    -0.339360    -0.042503    -0.001514    -0.000001    -0.000001    -0.000000    -0.000000    -0.000000    -0.000000    -0.000000    -0.000000    -0.000000    -0.000000    -0.000000    -0.000000    -0.000000    -0.000000    -0.000000    -0.000000    -0.000000    -0.000000     0.000000     0.000000     0.000000     0.000000     0.000000     0.000000     0.000000     0.000000     0.000000     0.000000     0.000000     0.000000     0.000000
     0.000000     0.000000     0.000000     0.000000     0.000000     0.000000     0.000000     0.000000     0.000000     0.000000    -3.062251    -3.062251    -3.062251    -3.062251    -3.062251    -3.062251    -3.062251    -3.062251    -3.062251    -3.062251    -3.062251    -3.062251    -3.062251    -3.062251    -3.062251    -3.062251    -3.062251    -3.062251    -3.062251    -3.062251    -3.062251    -3.062251    -3.062251    -3.062251    -3.062251    -3.062251    -3.062251    -3.062251    -3.062251    -3.062251    -3.062251    -3.062251    -3.062251    -3.062251    -3.062251    -3.062251    -3.062251    -3.062251    -3.062251    -3.062251    -3.062251    -3.062251    -3.062251    -3.062251    -3.062251    -3.062251    -3.062251    -3.062251    -3.062251    -3.062251    -3.062251    -3.062251    -3.062251    -3.062251    -3.062251    -3.062251    -3.062251    -3.062251    -3.062251    -3.062251    -3.062251    -3.062251    -3.062251    -3.062251    -3.062251    -3.062251    -3.062251    -3.062251    -3.062251    -3.062251    -3.062251    -3.062251    -3.062251    -3.062251    -3.062251    -3.062251    -3.062251    -3.062251    -3.062251    -3.062251    -3.062251    -3.062251    -3.062251    -3.062251    -3.062251    -3.062251    -3.062251    -3.062251    -3.062251    -3.062251    -3.062251    -3.062251    -3.062251    -3.062251    -3.062251    -3.062251    -3.062251    -3.062251    -3.062251    -3.062251    -3.062251    -3.062251    -3.062251    -3.062251    -3.062251    -3.062251    -3.062251    -3.062251    -3.062251    -3.062251    -3.062251    -3.062251    -3.062251    -3.062251    -3.062251    -3.062250    -3.062250    -3.062117    -0.253731    -0.018435    -0.000001    -0.000001    -0.000001    -0.000000    -0.000000    -0.000000    -0.000000    -0.000000    -0.000000    -0.000000    -0.000000    -0.000000    -0.000000    -0.000000    -0.000000    -0.000000    -0.000000    -0.000000    -0.000000    -0.000000     0.000000     0.000000     0.000000     0.000000     0.000000     0.000000     0.000000     0.000000     0.000000     0.000000     0.000000     0.000000
     0.000000     0.000000     0.000000     0.000000     0.000000     0.000000     0.000000     0.000000     0.000000     0.000000    -3.062251    -3.062251    -3.062251    -3.062251    -3.062251    -3.062251    -3.062251    -3.062251    -3.062251    -3.062251    -3.062251    -3.062251    -3.062251    -3.062251    -3.062251    -3.062251    -3.062251    -3.062251    -3.062251    -3.062251    -3.062251    -3.062251    -3.062251    -3.062251    -3.062251    -3.062251    -3.062251    -3.062251    -3.062251    -3.062251    -3.062251    -3.062251    -3.062251    -3.062251    -3.062251    -3.062251    -3.062251    -3.062251    -3.062251    -3.062251    -3.062251    -3.062251    -3.062251    -3.062251    -3.062251    -3.062251    -3.062251    -3.062251    -3.062251    -3.062251    -3.062251    -3.062251    -3.062251    -3.062251    -3.062251    -3.062251    -3.062251    -3.062251    -3.062251    -3.062251    -3.062251    -3.062251    -3.062251    -3.062251    -3.062251    -3.062251    -3.062251    -3.062251    -3.062251    -3.062251    -3.062251    -3.062251    -3.062251    -3.062251    -3.062251    -3.062251    -3.062251    -3.062251    -3.062251    -3.062251    -3.062251    -3.062251    -3.062251    -3.062251    -3.062251    -3.062251    -3.062251    -3.062251    -3.062251    -3.062251    -3.062251    -3.062251    -3.062251    -3.062251    -3.062251    -3.062251    -3.062251    -3.062251    -3.062251    -3.062251    -3.062251    -3.062251    -3.062251    -3.062251    -3.062251    -3.062251    -3.062251    -3.062251    -3.062251    -3.062251    -3.062251    -3.062251    -3.062251    -3.062251    -3.062251    -3.062250    -3.062250    -3.059969    -0.175056    -0.002781    -0.000001    -0.000001    -0.000001    -0.000000    -0.000000    -0.000000    -0.000000    -0.000000    -0.000000    -0.000000    -0.000000    -0.000000    -0.000000    -0.000000    -0.000000    -0.000000    -0.000000    -0.000000    -0.000000    -0.000000     0.000000     0.000000     0.000000     0.000000     0.000000     0.000000     0.000000     0.000000     0.000000     0.000000     0.000000     0.000000
     0.000000     0.000000     0.000000     0.000000     0.000000     0.000000     0.000000     0.000000     0.000000     0.000000    -3.062251    -3.062251    -3.062251    -3.062251    -3.062251    -3.062251    -3.062251    -3.062251    -3.062251    -3.062251    -3.062251    -3.062251    -3.062251    -3.062251    -3.062251    -3.062251    -3.062251    -3.062251    -3.062251    -3.062251    -3.062251    -3.062251    -3.062251    -3.062251    -3.062251    -3.062251    -3.062251    -3.062251    -3.062251    -3.062251    -3.062251    -3.062251    -3.062251    -3.062251    -3.062251    -3.062251    -3.062251    -3.062251    -3.062251    -3.062251    -3.062251    -3.062251    -3.062251    -3.062251    -3.062251    -3.062251    -3.062251    -3.062251    -3.062251    -3.062251    -3.062251    -3.062251    -3.062251    -3.062251    -3.062251    -3.062251    -3.062251    -3.062251    -3.062251    -3.062251    -3.062251    -3.062251    -3.062251    -3.062251    -3.062251    -3.062251    -3.062251    -3.062251    -3.062251    -3.062251    -3.062251    -3.062251    -3.062251    -3.062251    -3.062251    -3.062251    -3.062251    -3.062251    -3.062251    -3.062251    -3.062251    -3.062251    -3.062251    -3.062251    -3.062251    -3.062251    -3.062251    -3.062251    -3.062251    -3.062251    -3.062251    -3.062251    -3.062251    -3.062251    -3.062251    -3.062251    -3.062251    -3.062251    -3.062251    -3.062251    -3.062251    -3.062251    -3.062251    -3.062251    -3.062251    -3.062251    -3.062251    -3.062251    -3.062251    -3.062251    -3.062251    -3.062251    -3.062251    -3.062251    -3.062251    -3.062251    -3.062250    -3.051239    -0.122108    -0.000001    -0.000001    -0.000001    -0.000000    -0.000000    -0.000000    -0.000000    -0.000000    -0.000000    -0.000000    -0.000000    -0.000000    -0.000000    -0.000000    -0.000000    -0.000000    -0.000000    -0.000000    -0.000000    -0.000000    -0.000000    -0.000000     0.000000     0.000000     0.000000     0.000000     0.000000     0.000000     0.000000     0.000000     0.000000     0.000000     0.000000
     0.000000     0.000000     0.000000     0.000000     0.000000     0.000000     0.000000     0.000000     0.000000     0.000000    -3.062251    -3.062251    -3.062251    -3.062251    -3.062251    -3.062251    -3.062251    -3.062251    -3.062251    -3.062251    -3.062251    -3.062251    -3.062251    -3.062251    -3.062251    -3.062251    -3.062251    -3.062251    -3.062251    -3.062251    -3.062251    -3.062251    -3.062251    -3.062251    -3.062251    -3.062251    -3.062251    -3.062251    -3.062251    -3.062251    -3.062251    -3.062251    -3.062251    -3.062251    -3.062251    -3.062251    -3.062251    -3.062251    -3.062251    -3.062251    -3.062251    -3.062251    -3.062251    -3.062251    -3.062251    -3.062251    -3.062251    -3.062251    -3.062251    -3.062251    -3.062251    -3.062251    -3.062251    -3.062251    -3.062251    -3.062251    -3.062251    -3.062251    -3.062251    -3.062251    -3.062251    -3.062251    -3.062251    -3.062251    -3.062251    -3.062251    -3.062251    -3.062251    -3.062251    -3.062251    -3.062251    -3.062251    -3.062251    -3.062251    -3.062251    -3.062251    -3.062251    -3.062251    -3.062251    -3.062251    -3.062251    -3.062251    -3.062251    -3.062251    -3.062251    -3.062251    -3.062251    -3.062251    -3.062251    -3.062251    -3.062251    -3.062251    -3.062251    -3.062251    -3.062251    -3.062251    -3.062251    -3.062251    -3.062251    -3.062251    -3.062251    -3.062251    -3.062251    -3.062251    -3.062251    -3.062251    -3.062251    -3.062251    -3.062251    -3.062251    -3.062251    -3.062251    -3.062251    -3.062251    -3.062251    -3.062251    -3.062250    -2.849342    -0.071885    -0.000001    -0.000001    -0.000001    -0.000000    -0.000000    -0.000000    -0.000000    -0.000000    -0.000000    -0.000000    -0.000000    -0.000000    -0.000000    -0.000000    -0.000000    -0.000000    -0.000000    -0.000000    -0.000000    -0.000000    -0.000000    -0.000000     0.000000     0.000000     0.000000     0.000000     0.000000     0.000000     0.000000     0.000000     0.000000     0.000000     0.000000
     0.000000     0.000000     0.000000     0.000000     0.000000     0.000000     0.000000     0.000000     0.000000     0.000000    -3.062251    -3.062251    -3.062251    -3.062251    -3.062251    -3.062251    -3.062251    -3.062251    -3.062251    -3.062251    -3.062251    -3.062251    -3.062251    -3.062251    -3.062251    -3.062251    -3.062251    -3.062251    -3.062251    -3.062251    -3.062251    -3.062251    -3.062251    -3.062251    -3.062251    -3.062251    -3.062251    -3.062251    -3.062251    -3.062251    -3.062251    -3.062251    -3.062251    -3.062251    -3.062251    -3.062251    -3.062251    -3.062251    -3.062251    -3.062251    -3.062251    -3.062251    -3.062251    -3.062251    -3.062251    -3.062251    -3.062251    -3.062251    -3.062251    -3.062251    -3.062251    -3.062251    -3.062251    -3.062251    -3.062251    -3.062251    -3.062251    -3.062251    -3.062251    -3.062251    -3.062251    -3.062251    -3.062251    -3.062251    -3.062251    -3.062251    -3.062251    -3.062251    -3.062251    -3.062251    -3.062251    -3.062251    -3.062251    -3.062251    -3.062251    -3.062251    -3.062251    -3.062251    -3.062251    -3.062251    -3.062251    -3.062251    -3.062251    -3.062251    -3.062251    -3.062251    -3.062251    -3.062251    -3.062251    -3.062251    -3.062251    -3.062251    -3.062251    -3.062251    -3.062251    -3.062251    -3.062251    -3.062251    -3.062251    -3.062251    -3.062251    -3.062251    -3.062251    -3.062251    -3.062251    -3.062251    -3.062250    -3.062250    -3.062249    -3.062248    -3.062247    -3.062246    -3.062244    -3.062242    -3.062234    -3.062184    -3.062177    -0.354206    -0.000002    -0.000001    -0.000001    -0.000001    -0.000000    -0.000000    -0.000000    -0.000000    -0.000000    -0.000000    -0.000000    -0.000000    -0.000000    -0.000000    -0.000000    -0.000000    -0.000000    -0.000000    -0.000000    -0.000000    -0.000000    -0.000000    -0.000000     0.000000     0.000000     0.000000     0.000000     0.000000     0.000000     0.000000     0.000000     0.000000     0.000000     0.000000
     0.000000     0.000000     0.000000     0.000000     0.000000     0.000000     0.000000     0.000000     0.000000     0.000000    -3.062251    -3.062251    -3.062251    -3.062251    -3.062251    -3.062251    -3.062251    -3.062251    -3.062251    -3.062251    -3.062251    -3.062251    -3.062251    -3.062251    -3.062251    -3.062251    -3.062251    -3.062251    -3.062251    -3.062251    -3.062251    -3.062251    -3.062251    -3.062251    -3.062251    -3.062251    -3.062251    -3.062251    -3.062251    -3.062251    -3.062251    -3.062251    -3.062251    -3.062251    -3.062251    -3.062251    -3.062251    -3.062251    -3.062251    -3.062251    -3.062251    -3.062251    -3.062251    -3.062251    -3.062251    -3.062251    -3.062251    -3.062251    -3.062251    -3.062251    -3.062251    -3.062251    -3.062251    -3.062251    -3.062251    -3.062251    -3.062251    -3.062251    -3.062251    -3.062251    -3.062251    -3.062251    -3.062251    -3.062251    -3.062251    -3.062251    -3.062251    -3.062251    -3.062251    -3.062251    -3.062251    -3.062251    -3.062251    -3.062251    -3.062251    -3.062251    -3.062251    -3.062251    -3.062251    -3.062251    -3.062251    -3.062251    -3.062251    -3.062251    -3.062251    -3.062251    -3.062251    -3.062251    -3.062251    -3.062251    -3.062251    -3.062251    -3.062251    -3.062251    -3.062251    -3.062251    -3.062251    -3.062251    -3.061599    -3.060213    -3.058317    -3.056743    -3.055590    -3.054473    -3.053508    -3.052737    -3.052158    -3.051738    -3.051421    -3.051147    -3.050855    -3.050487    -3.049990    -3.049331    -3.048096    -3.048149    -2.766635    -0.257211    -0.000001    -0.000001    -0.000001    -0.000000    -0.000000    -0.000000    -0.000000    -0.000000    -0.000000    -0.000000    -0.000000    -0.000000    -0.000000    -0.000000    -0.000000    -0.000000    -0.000000    -0.000000    -0.000000    -0.000000    -0.000000    -0.000000    -0.000000    -0.000000     0.000000     0.000000     0.000000     0.000000     0.000000     0.000000     0.000000     0.000000     0.000000     0.000000
     0.000000     0.000000     0.000000     0.000000     0.000000     0.000000     0.000000     0.000000     0.000000     0.000000     0.000000    -3.062251    -3.062251    -3.062251    -3.062251    -3.062251    -3.062251    -3.062251    -3.062251    -3.062251    -3.062251    -3.062251    -3.062251    -3.062251    -3.062251    -3.062251    -3.062251    -3.062251    -3.062251    -3.062251    -3.062251    -3.062251    -3.062251    -3.062251    -3.062251    -3.062251    -3.062251    -3.062251    -3.062251    -3.062251    -3.062251    -3.062251    -3.062251    -3.062251    -3.062251    -3.062251    -3.062251    -3.062251    -3.062251    -3.062251    -3.062251    -3.062251    -3.062251    -3.062251    -3.062251    -3.062251    -3.062251    -3.062251    -3.062251    -3.062251    -3.062251    -3.062251    -3.062251    -3.062251    -3.062251    -3.062251    -3.062251    -3.062251    -3.062251    -3.062251    -3.062251    -3.062251    -3.062251    -3.062251    -3.062251    -3.062251    -3.062251    -3.062251    -3.062251    -3.062251    -3.062251    -3.062251    -3.062251    -3.062251    -3.062251    -3.062251    -3.062251    -3.062251    -3.062251    -3.062251    -3.062251    -3.062251    -3.062251    -3.062251    -3.062251    -3.062251    -3.062251    -3.062251    -3.062251    -3.062251    -3.062251    -3.062251    -3.062251    -3.062251    -3.062251    -3.062251    -3.062251    -3.062251    -2.884455    -2.884632    -2.913544    -2.905751    -2.900354    -2.896440    -2.894519    -2.894681    -2.896618    -2.899816    -2.903697    -2.907729    -2.911467    -2.914573    -2.916792    -2.917870    -2.919702    -2.911991    -0.442959    -0.117530    -0.000001    -0.000001    -0.000001    -0.000000    -0.000000    -0.000000    -0.000000    -0.000000    -0.000000    -0.000000    -0.000000    -0.000000    -0.000000    -0.000000    -0.000000    -0.000000    -0.000000    -0.000000    -0.000000    -0.000000    -0.000000    -0.000000    -0.000000    -0.000000     0.000000     0.000000     0.000000     0.000000     0.000000     0.000000     0.000000     0.000000     0.000000     0.000000
     0.000000     0.000000     0.000000     0.000000     0.000000     0.000000     0.000000     0.000000     0.000000     0.000000     0.000000     0.000000    -3.062251    -3.062251    -3.062251    -3.062251    -3.062251    -3.062251    -3.062251    -3.062251    -3.062251    -3.062251    -3.062251    -3.062251    -3.062251    -3.062251    -3.062251    -3.062251    -3.062251    -3.062251    -3.062251    -3.062251    -3.062251    -3.062251    -3.062251    -3.062251    -3.062251    -3.062251    -3.062251    -3.062251    -3.062251    -3.062251    -3.062251    -3.062251    -3.062251    -3.062251    -3.062251    -3.062251    -3.062251    -3.062251    -3.062251    -3.062251    -3.062251    -3.062251    -3.062251    -3.062251    -3.062251    -3.062251    -3.062251    -3.062251    -3.062251    -3.062251    -3.062251    -3.062251    -3.062251    -3.062251    -3.062251    -3.062251    -3.062251    -3.062251    -3.062251    -3.062251    -3.062251    -3.062251    -3.062251    -3.062251    -3.062251    -3.062251    -3.062251    -3.062251    -3.062251    -3.062251    -3.062251    -3.062251    -3.062251    -3.062251    -3.062251    -3.062251    -3.062251    -3.062251    -3.062251    -3.062251    -3.062251    -3.062251    -3.062251    -3.062251    -3.062251    -3.062251    -3.062251    -3.062251    -3.062251    -3.062251    -3.062251    -3.062251    -3.062251    -3.062251    -3.062251    -2.987337    -0.533058     0.000000    -3.028128    -3.033491    -3.032445    -3.032097    -3.032104    -3.032441    -3.033015    -3.033726    -3.034475    -3.035183    -3.035787    -3.036242    -3.036512    -3.036668    -3.037928    -2.445672    -0.224897    -0.019183    -0.000001    -0.000001    -0.000000    -0.000000    -0.000000    -0.000000    -0.000000    -0.000000    -0.000000    -0.000000    -0.000000    -0.000000    -0.000000    -0.000000    -0.000000    -0.000000    -0.000000    -0.000000    -0.000000    -0.000000    -0.000000    -0.000000    -0.000000    -0.000000    -0.000000    -0.000000     0.000000     0.000000     0.000000     0.000000     0.000000     0.000000     0.000000     0.000000
     0.000000     0.000000     0.000000     0.000000     0.000000     0.000000     0.000000     0.000000     0.000000     0.000000     0.000000     0.000000     0.000000    -3.062251    -3.062251    -3.062251    -3.062251    -3.062251    -3.062251    -3.062251    -3.062251    -3.062251    -3.062251    -3.062251    -3.062251    -3.062251    -3.062251    -3.062251    -3.062251    -3.062251    -3.062251    -3.062251    -3.062251    -3.062251    -3.062251    -3.062251    -3.062251    -3.062251    -3.062251    -3.062251    -3.062251    -3.062251    -3.062251    -3.062251    -3.062251    -3.062251    -3.062251    -3.062251    -3.062251    -3.062251    -3.062251    -3.062251    -3.062251    -3.062251    -3.062251    -3.062251    -3.062251    -3.062251    -3.062251    -3.062251    -3.062251    -3.062251    -3.062251    -3.062251    -3.062251    -3.062251    -3.062251    -3.062251    -3.062251    -3.062251    -3.062251    -3.062251    -3.062251    -3.062251    -3.062251    -3.062251    -3.062251    -3.062251    -3.062251    -3.062251    -3.062251    -3.062251    -3.062251    -3.062251    -3.062251    -3.062251    -3.062251    -3.062251    -3.062251    -3.062251    -3.062251    -3.062251    -3.062251    -3.062251    -3.062251    -3.062251    -3.062251    -3.062251    -3.062251    -3.062251    -3.062251    -3.062251    -3.062251    -3.062251    -3.062251    -3.062251    -3.062251    -0.640262    -0.249826     0.000000     0.000000    -3.057762    -3.057529    -3.057492    -3.057506    -3.057565    -3.057654    -3.057755    -3.057856    -3.057944    -3.058010    -3.058047    -3.058061    -3.058165    -2.871017    -0.320940    -0.083278    -0.000001    -0.000001    -0.000001    -0.000000    -0.000000    -0.000000    -0.000000    -0.000000    -0.000000    -0.000000    -0.000000    -0.000000    -0.000000    -0.000000    -0.000000    -0.000000    -0.000000    -0.000000    -0.000000    -0.000000    -0.000000    -0.000000    -0.000000    -0.000000    -0.000000    -0.000000    -0.000000     0.000000     0.000000     0.000000     0.000000     0.000000     0.000000     0.000000     0.000000
     0.000000     0.000000     0.000000     0.000000     0.000000     0.000000     0.000000     0.000000     0.000000     0.000000     0.000000     0.000000     0.000000    -3.062251    -3.062251    -3.062251    -3.062251    -3.062251    -3.062251    -3.062251    -3.062251    -3.062251    -3.062251    -3.062251    -3.062251    -3.062251    -3.062251    -3.062251    -3.062251    -3.062251    -3.062251    -3.062251    -3.062251    -3.062251    -3.062251    -3.062251    -3.062251    -3.062251    -3.062251    -3.062251    -3.062251    -3.062251    -3.062251    -3.062251    -3.062251    -3.062251    -3.062251    -3.062251    -3.062251    -3.062251    -3.062251    -3.062251    -3.062251    -3.062251    -3.062251    -3.062251    -3.062251    -3.062251    -3.062251    -3.062251    -3.062251    -3.062251    -3.062251    -3.062251    -3.062251    -3.062251    -3.062251    -3.062251    -3.062251    -3.062251    -3.062251    -3.062251    -3.062251    -3.062251    -3.062251    -3.062251    -3.062251    -3.062251    -3.062251    -3.062251    -3.062251    -3.062251    -3.062251    -3.062251    -3.062251    -3.062251    -3.062251    -3.062251    -3.062251    -3.062251    -3.062251    -3.062251    -3.062251    -3.062251    -3.062251    -3.062251    -3.062251    -3.062251    -3.062251    -3.062251    -3.062251    -3.062251    -3.062251    -3.062251    -3.062251    -3.062251    -2.785545    -0.407742     0.000000     0.000000     0.000000    -3.060631    -3.060577    -3.060578    -3.060595    -3.060624    -3.060659    -3.060694    -3.060726    -3.060751    -3.060766    -3.060773    -3.060804    -2.867517    -0.411834    -0.095390    -0.000001    -0.000001    -0.000001    -0.000000    -0.000000    -0.000000    -0.000000    -0.000000    -0.000000    -0.000000    -0.000000    -0.000000    -0.000000    -0.000000    -0.000000    -0.000000    -0.000000    -0.000000    -0.000000    -0.000000    -0.000000    -0.000000    -0.000000    -0.000000    -0.000000    -0.000000    -0.000000    -0.000000    -0.000000     0.000000     0.000000     0.000000     0.000000     0.000000     0.000000     0.000000
     0.000000     0.000000     0.000000     0.000000     0.000000     0.000000     0.000000     0.000000     0.000000     0.000000     0.000000     0.000000    -3.062251    -3.062251    -3.062251    -3.062251    -3.062251    -3.062251    -3.062251    -3.062251    -3.062251    -3.062251    -3.062251    -3.062251    -3.062251    -3.062251    -3.062251    -3.062251    -3.062251    -3.062251    -3.062251    -3.062251    -3.062251    -3.062251    -3.062251    -3.062251    -3.062251    -3.062251    -3.062251    -3.062251    -3.062251    -3.062251    -3.062251    -3.062251    -3.062251    -3.062251    -3.062251    -3.062251    -3.062251    -3.062251    -3.062251    -3.062251    -3.062251    -3.062251    -3.062251    -3.062251    -3.062251    -3.062251    -3.062251    -3.062251    -3.062251    -3.062251    -3.062251    -3.062251    -3.062251    -3.062251    -3.062251    -3.062251    -3.062251    -3.062251    -3.062251    -3.062251    -3.062251    -3.062251    -3.062251    -3.062251    -3.062251    -3.062251    -3.062251    -3.062251    -3.062251    -3.062251    -3.062251    -3.062251    -3.062251    -3.062251    -3.062251    -3.062251    -3.062251    -3.062251    -3.062251    -3.062251    -3.062251    -3.062251    -3.062251    -3.062251    -3.062251    -3.062251    -3.062251    -3.062251    -3.062251    -3.062251    -3.062251    -3.062251    -3.062251    -3.062251    -0.583128    -0.266931     0.000000     0.000000    -3.062251    -3.061888    -3.061887    -3.061891    -3.061897    -3.061905    -3.061912    -3.061919    -3.061925    -3.061928    -3.061930    -3.061936    -2.754354    -0.441141    -0.133297    -0.012467    -0.000001    -0.000001    -0.000000    -0.000000    -0.000000    -0.000000    -0.000000    -0.000000    -0.000000    -0.000000    -0.000000    -0.000000    -0.000000    -0.000000    -0.000000    -0.000000    -0.000000    -0.000000    -0.000000    -0.000000    -0.000000    -0.000000    -0.000000    -0.000000    -0.000000    -0.000000    -0.000000    -0.000000    -0.000000     0.000000     0.000000     0.000000     0.000000     0.000000     0.000000     0.000000
     0.000000     0.000000     0.000000     0.000000     0.000000     0.000000     0.000000     0.000000     0.000000     0.000000     0.000000     0.000000    -3.062251    -3.062251    -3.062251    -3.062251    -3.062251    -3.062251    -3.062251    -3.062251    -3.062251    -3.062251    -3.062251    -3.062251    -3.062251    -3.062251    -3.062251    -3.062251    -3.062251    -3.062251    -3.062251    -3.062251    -3.062251    -3.062251    -3.062251    -3.062251    -3.062251    -3.062251    -3.062251    -3.062251    -3.062251    -3.062251    -3.062251    -3.062251    -3.062251    -3.062251    -3.062251    -3.062251    -3.062251    -3.062251    -3.062251    -3.062251    -3.062251    -3.062251    -3.062251    -3.062251    -3.062251    -3.062251    -3.062251    -3.062251    -3.062251    -3.062251    -3.062251    -3.062251    -3.062251    -3.062251    -3.062251    -3.062251    -3.062251    -3.062251    -3.062251    -3.062251    -3.062251    -3.062251    -3.062251    -3.062251    -3.062251    -3.062251    -3.062251    -3.062251    -3.062251    -3.062251    -3.062251    -3.062251    -3.062251    -3.062251    -3.062251    -3.062251    -3.062251    -3.062251    -3.062251    -3.062251    -3.062251    -3.062251    -3.062251    -3.062251    -3.062251    -3.062251    -3.062251    -3.062251    -3.062251    -3.062251    -3.062251    -3.062251    -3.062251    -2.806979    -0.404772     0.000000     0.000000     0.000000    -3.062251    -3.062251    -3.062251    -3.062251    -3.062251    -3.062251    -3.062251    -3.062251    -3.062251    -3.062251    -3.062251    -2.559430    -0.432703    -0.148415    -0.044827    -0.000001    -0.000001    -0.000000    -0.000000    -0.000000    -0.000000    -0.000000    -0.000000    -0.000000    -0.000000    -0.000000    -0.000000    -0.000000    -0.000000    -0.000000    -0.000000    -0.000000    -0.000000    -0.000000    -0.000000    -0.000000    -0.000000    -0.000000    -0.000000    -0.000000    -0.000000    -0.000000    -0.000000    -0.000000    -0.000000    -0.000000     0.000000     0.000000     0.000000     0.000000     0.000000     0.000000
     0.000000     0.000000     0.000000     0.000000     0.000000     0.000000     0.000000     0.000000     0.000000     0.000000     0.000000     0.000000    -3.062251    -3.062251    -3.062251    -3.062251    -3.062251    -3.062251    -3.062251    -3.062251    -3.062251    -3.062251    -3.062251    -3.062251    -3.062251    -3.062251    -3.062251    -3.062251    -3.062251    -3.062251    -3.062251    -3.062251    -3.062251    -3.062251    -3.062251    -3.062251    -3.062251    -3.062251    -3.062251    -3.062251    -3.062251    -3.062251    -3.062251    -3.062251    -3.062251    -3.062251    -3.062251    -3.062251    -3.062251    -3.062251    -3.062251    -3.062251    -3.062251    -3.062251    -3.062251    -3.062251    -3.062251    -3.062251    -3.062251    -3.062251    -3.062251    -3.062251    -3.062251    -3.062251    -3.062251    -3.062251    -3.062251    -3.062251    -3.062251    -3.062251    -3.062251    -3.062251    -3.062251    -3.062251    -3.062251    -3.062251    -3.062251    -3.062251    -3.062251    -3.062251    -3.062251    -3.062251    -3.062251    -3.062251    -3.062251    -3.062251    -3.062251    -3.062251    -3.062251    -3.062251    -3.062251    -3.062251    -3.062251    -3.062251    -3.062251    -3.062251    -3.062251    -3.062251    -3.062251    -3.062251    -3.062251    -3.062251    -3.062251    -3.062251    -3.062251    -0.584952     0.000000     0.000000     0.000000    -3.062251    -3.062251    -3.062251    -3.062251    -3.062251    -3.062251    -3.062251    -3.062251    -3.062251    -3.062251    -3.062251    -2.270189    -0.405411    -0.150742    -0.061746    -0.000001    -0.000001    -0.000000    -0.000000    -0.000000    -0.000000    -0.000000    -0.000000    -0.000000    -0.000000    -0.000000    -0.000000    -0.000000    -0.000000    -0.000000    -0.000000    -0.000000    -0.000000    -0.000000    -0.000000    -0.000000    -0.000000    -0.000000    -0.000000    -0.000000    -0.000000    -0.000000    -0.000000    -0.000000    -0.000000    -0.000000    -0.000000    -0.000000    -0.000000    -0.000000     0.000000     0.000000     0.000000
     0.000000     0.000000     0.000000     0.000000     0.000000     0.000000     0.000000     0.000000     0.000000     0.000000     0.000000    -3.062251    -3.062251    -3.062251    -3.062251    -3.062251    -3.062251    -3.062251    -3.062251    -3.062251    -3.062251    -3.062251    -3.062251    -3.062251    -3.062251    -3.062251    -3.062251    -3.062251    -3.062251    -3.062251    -3.062251    -3.062251    -3.062251    -3.062251    -3.062251    -3.062251    -3.062251    -3.062251    -3.062251    -3.062251    -3.062251    -3.062251    -3.062251    -3.062251    -3.062251    -3.062251    -3.062251    -3.062251    -3.062251    -3.062251    -3.062251    -3.062251    -3.062251    -3.062251    -3.062251    -3.062251    -3.062251    -3.062251    -3.062251    -3.062251    -3.062251    -3.062251    -3.062251    -3.062251    -3.062251    -3.062251    -3.062251    -3.062251    -3.062251    -3.062251    -3.062251    -3.062251    -3.062251    -3.062251    -3.062251    -3.062251    -3.062251    -3.062251    -3.062251    -3.062251    -3.062251    -3.062251    -3.062251    -3.062251    -3.062251    -3.062251    -3.062251    -3.062251    -3.062251    -3.062251    -3.062251    -3.062251    -3.062251    -3.062251    -3.062251    -3.062251    -3.062251    -3.062251    -3.062251    -3.062251    -3.062251    -3.062251    -3.062251    -3.062251    -3.062250    -0.451944     0.000000     0.000000     0.000000    -3.062251    -3.062248    -3.062247    -3.062246    -3.062245    -3.062243    -3.062240    -3.062237    -3.062233    -3.059454    -1.817700    -0.362060    -0.144808    -0.067087    -0.000001    -0.000000    -0.000000    -0.000000    -0.000000    -0.000000    -0.000000    -0.000000    -0.000000    -0.000000    -0.000000    -0.000000    -0.000000    -0.000000    -0.000000    -0.000000    -0.000000    -0.000000    -0.000000    -0.000000    -0.000000    -0.000000    -0.000000    -0.000000    -0.000000    -0.000000    -0.000000    -0.000000    -0.000000    -0.000000    -0.000000    -0.000000    -0.000000    -0.000000    -0.000000    -0.000000    -0.000000     0.000000     0.000000
     0.000000     0.000000     0.000000     0.000000     0.000000     0.000000     0.000000     0.000000     0.000000     0.000000     0.000000    -3.062251    -3.062251    -3.062251    -3.062251    -3.062251    -3.062251    -3.062251    -3.062251    -3.062251    -3.062251    -3.062251    -3.062251    -3.062251    -3.062251    -3.062251    -3.062251    -3.062251    -3.062251    -3.062251    -3.062251    -3.062251    -3.062251    -3.062251    -3.062251    -3.062251    -3.062251    -3.062251    -3.062251    -3.062251    -3.062251    -3.062251    -3.062251    -3.062251    -3.062251    -3.062251    -3.062251    -3.062251    -3.062251    -3.062251    -3.062251    -3.062251    -3.062251    -3.062251    -3.062251    -3.062251    -3.062251    -3.062251    -3.062251    -3.062251    -3.062251    -3.062251    -3.062251    -3.062251    -3.062251    -3.062251    -3.062251    -3.062251    -3.062251    -3.062251    -3.062251    -3.062251    -3.062251    -3.062251    -3.062251    -3.062251    -3.062251    -3.062251    -3.062251    -3.062251    -3.062251    -3.062251    -3.062251    -3.062251    -3.062251    -3.062251    -3.062251    -3.062251    -3.062251    -3.062251    -3.062251    -3.062251    -3.062251    -3.062251    -3.062251    -3.062251    -3.062251    -3.062251    -3.062251    -3.062251    -3.062251    -3.062251    -3.062250    -3.062243    -2.974967    -0.288772     0.000000     0.000000    -3.062251    -3.062107    -3.062014    -3.061939    -3.061811    -3.061583    -3.061093    -3.060590    -3.059909    -2.694644    -0.746093    -0.256635    -0.119789    -0.057698    -0.000001    -0.000000    -0.000000    -0.000000    -0.000000    -0.000000    -0.000000    -0.000000    -0.000000    -0.000000    -0.000000    -0.000000    -0.000000    -0.000000    -0.000000    -0.000000    -0.000000    -0.000000    -0.000000    -0.000000    -0.000000    -0.000000    -0.000000    -0.000000    -0.000000    -0.000000    -0.000000    -0.000000    -0.000000    -0.000000    -0.000000    -0.000000    -0.000000    -0.000000    -0.000000    -0.026020    -0.000000    -0.000000     0.000000     0.000000
     0.000000     0.000000     0.000000     0.000000     0.000000     0.000000     0.000000     0.000000     0.000000     0.000000     0.000000    -3.062251    -3.062251    -3.062251    -3.062251    -3.062251    -3.062251    -3.062251    -3.062251    -3.062251    -3.062251    -3.062251    -3.062251    -3.062251    -3.062251    -3.062251    -3.062251    -3.062251    -3.062251    -3.062251    -3.062251    -3.062251    -3.062251    -3.062251    -3.062251    -3.062251    -3.062251    -3.062251    -3.062251    -3.062251    -3.062251    -3.062251    -3.062251    -3.062251    -3.062251    -3.062251    -3.062251    -3.062251    -3.062251    -3.062251    -3.062251    -3.062251    -3.062251    -3.062251    -3.062251    -3.062251    -3.062251    -3.062251    -3.062251    -3.062251    -3.062251    -3.062251    -3.062251    -3.062251    -3.062251    -3.062251    -3.062251    -3.062251    -3.062251    -3.062251    -3.062251    -3.062251    -3.062251    -3.062251    -3.062251    -3.062251    -3.062251    -3.062251    -3.062251    -3.062251    -3.062251    -3.062251    -3.062251    -3.062251    -3.062251    -3.062251    -3.062251    -3.062251    -3.062251    -3.062251    -3.062251    -3.062251    -3.062251    -3.062251    -3.062251    -3.062251    -3.062250    -3.062249    -3.062246    -3.062240    -3.062229    -3.062207    -3.062166    -3.062000    -2.744173     0.000000    -3.062251    -3.059559    -3.056110    -3.051596    -3.045707    -3.036721    -3.023642    -3.004854    -2.980962    -2.959504    -2.103620    -0.476821    -0.208628    -0.107606    -0.053261    -0.004138    -0.000001    -0.000000    -0.000000    -0.000000    -0.000000    -0.000000    -0.000000    -0.000000    -0.000000    -0.000000    -0.000000    -0.000000    -0.000000    -0.000000    -0.000000    -0.000000    -0.000000    -0.000000    -0.000000    -0.000000    -0.000000    -0.000000    -0.000000    -0.000000    -0.000000    -0.000000    -0.000000    -0.000000    -0.000000    -0.000000     0.000000     0.000000     0.000000     0.000000     0.000000    -0.072580    -0.000503    -0.000000     0.000000     0.000000
     0.000000     0.000000     0.000000     0.000000     0.000000     0.000000     0.000000     0.000000     0.000000     0.000000    -3.062251    -3.062251    -3.062251    -3.062251    -3.062251    -3.062251    -3.062251    -3.062251    -3.062251    -3.062251    -3.062251    -3.062251    -3.062251    -3.062251    -3.062251    -3.062251    -3.062251    -3.062251    -3.062251    -3.062251    -3.062251    -3.062251    -3.062251    -3.062251    -3.062251    -3.062251    -3.062251    -3.062251    -3.062251    -3.062251    -3.062251    -3.062251    -3.062251    -3.062251    -3.062251    -3.062251    -3.062251    -3.062251    -3.062251    -3.062251    -3.062251    -3.062251    -3.062251    -3.062251    -3.062251    -3.062251    -3.062251    -3.062251    -3.062251    -3.062251    -3.062251    -3.062251    -3.062251    -3.062251    -3.062251    -3.062251    -3.062251    -3.062251    -3.062251    -3.062251    -3.062251    -3.062251    -3.062251    -3.062251    -3.062251    -3.062251    -3.062251    -3.062251    -3.062251    -3.062251    -3.062251    -3.062251    -3.062251    -3.062251    -3.062251    -3.062251    -3.062251    -3.062251    -3.062251    -3.062251    -3.062250    -3.062248    -3.062245    -3.062239    -3.062225    -3.062198    -3.062143    -3.062037    -3.061835    -3.061466    -3.060809    -3.059679    -3.057818    -3.054680    -2.972379    -2.952634    -2.926440    -2.893991    -2.856998    -2.811702    -2.757506    -2.695320    -2.625439    -2.552081    -2.488562    -1.455616    -0.371148    -0.171408    -0.088950    -0.044441    -0.009915    -0.000001    -0.000000    -0.000000    -0.000000    -0.000000    -0.000000    -0.000000    -0.000000    -0.000000    -0.000000    -0.000000    -0.000000    -0.000000    -0.000000    -0.000000    -0.000000    -0.000000    -0.000000    -0.000000    -0.000000    -0.000000    -0.000000    -0.000000    -0.000000    -0.000000    -0.000000    -0.000000    -0.000000    -0.000000    -0.000000     0.000000     0.000000     0.000000     0.000000     0.000000     0.000000    -0.000000    -0.000000    -0.000000     0.000000     0.000000
     0.000000     0.000000     0.000000     0.000000     0.000000     0.000000     0.000000     0.000000     0.000000    -3.062251    -3.062251    -3.062251    -3.062251    -3.062251    -3.062251    -3.062251    -3.062251    -3.062251    -3.062251    -3.062251    -3.062251    -3.062251    -3.062251    -3.062251    -3.062251    -3.062251    -3.062251    -3.062251    -3.062251    -3.062251    -3.062251    -3.062251    -3.062251    -3.062251    -3.062251    -3.062251    -3.062251    -3.062251    -3.062251    -3.062251    -3.062251    -3.062251    -3.062251    -3.062251    -3.062251    -3.062251    -3.062251    -3.062251    -3.062251    -3.062251    -3.062251    -3.062251    -3.062251    -3.062251    -3.062251    -3.062251    -3.062251    -3.062251    -3.062251    -3.062251    -3.062251    -3.062251    -3.062251    -3.062251    -3.062251    -3.062251    -3.062251    -3.062251    -3.062251    -3.062251    -3.062251    -3.062251    -3.062251    -3.062251    -3.062251    -3.062251    -3.062251    -3.062251    -3.062251    -3.062251    -3.062251    -3.062251    -3.062250    -3.062250    -3.062248    -3.062243    -3.062233    -3.062211    -3.062165    -3.062073    -3.061895    -3.061568    -3.060990    -3.060004    -3.058383    -3.055805    -3.051846    -3.045961    -3.037486    -3.025663    -3.009667    -2.988670    -2.961890    -2.929159    -2.891302    -2.847833    -2.799319    -2.745583    -2.687426    -2.627561    -2.567899    -2.510167    -2.456136    -2.429071    -1.770086    -0.384920    -0.162619    -0.084551    -0.041647    -0.013143    -0.000001    -0.000000    -0.000000    -0.000000    -0.000000    -0.000000    -0.000000    -0.000000    -0.000000    -0.000000    -0.000000    -0.000000    -0.000000    -0.000000    -0.000000    -0.000000    -0.000000    -0.000000    -0.000000    -0.000000    -0.000000    -0.000000    -0.000000    -0.000000    -0.000000    -0.000000    -0.000000    -0.000000    -0.000000    -0.000000    -0.000000    -0.000000     0.000000     0.000000    -0.453216    -0.069745     0.000000     0.000000     0.000000     0.000000     0.000000     0.000000
     0.000000     0.000000     0.000000     0.000000     0.000000     0.000000     0.000000     0.000000    -3.062251    -3.062251    -3.062251    -3.062251    -3.062251    -3.062251    -3.062251    -3.062251    -3.062251    -3.062251    -3.062251    -3.062251    -3.062251    -3.062251    -3.062251    -3.062251    -3.062251    -3.062251    -3.062251    -3.062251    -3.062251    -3.062251    -3.062251    -3.062251    -3.062251    -3.062251    -3.062251    -3.062251    -3.062251    -3.062251    -3.062251    -3.062251    -3.062251    -3.062251    -3.062251    -3.062251    -3.062251    -3.062251    -3.062251    -3.062251    -3.062251    -3.062251    -3.062251    -3.062251    -3.062251    -3.062251    -3.062251    -3.062251    -3.062251    -3.062251    -3.062251    -3.062251    -3.062251    -3.062251    -3.062251    -3.062251    -3.062251    -3.062251    -3.062251    -3.062251    -3.062251    -3.062251    -3.062251    -3.062251    -3.062251    -3.062250    -3.062247    -3.062238    -3.062220    -3.062184    -3.062114    -3.061991    -3.061778    -3.061425    -3.060857    -3.059970    -3.058616    -3.056601    -3.053668    -3.049491    -3.043670    -3.035723    -3.025098    -3.011186    -2.993346    -2.970948    -2.943422    -2.910318    -2.871375    -2.826573    -2.776189    -2.720818    -2.661378    -2.599076    -2.535329    -2.471624    -2.409463    -2.350372    -2.295737    -2.246694    -2.204009    -2.168009    -2.138724    -2.115376    -2.109490    -1.971346    -0.414033    -0.167364    -0.095092    -0.048320    -0.014969    -0.000001    -0.000001    -0.000000    -0.000000    -0.000000    -0.000000    -0.000000    -0.000000    -0.000000    -0.000000    -0.000000    -0.000000    -0.000000    -0.000000    -0.000000    -0.000000    -0.000000    -0.000000    -0.000000    -0.000000    -0.000000    -0.000000    -0.000000    -0.000000    -0.000000    -0.000000    -0.000000    -0.000000    -0.000000    -0.000000    -0.000000    -0.000000    -0.000000    -0.000000     0.000000    -0.310668    -0.113056    -0.000001     0.000000     0.000000     0.000000     0.000000     0.000000
     0.000000     0.000000     0.000000     0.000000     0.000000     0.000000     0.000000    -3.062251    -3.062251    -3.062251    -3.062251    -3.062251    -3.062251    -3.062251    -3.062251    -3.062251    -3.062251    -3.062251    -3.062251    -3.062251    -3.062251    -3.062251    -3.062251    -3.062251    -3.062251    -3.062251    -3.062251    -3.062251    -3.062251    -3.062251    -3.062251    -3.062251    -3.062251    -3.062251    -3.062251    -3.062251    -3.062251    -3.062251    -3.062251    -3.062251    -3.062251    -3.062251    -3.062251    -3.062251    -3.062251    -3.062251    -3.062251    -3.062251    -3.062251    -3.062251    -3.062251    -3.062251    -3.062251    -3.062251    -3.062251    -3.062251    -3.062251    -3.062251    -3.062249    -3.062245    -3.062237    -3.062221    -3.062192    -3.062143    -3.062060    -3.061926    -3.061714    -3.061389    -3.060901    -3.060183    -3.059150    -3.057693    -3.055679    -3.052944    -3.049300    -3.044529    -3.038386    -3.030604    -3.020896    -3.008963    -2.994499    -2.977206    -2.956797    -2.933015    -2.905646    -2.874536    -2.839608    -2.800889    -2.758519    -2.712777    -2.664089    -2.613031    -2.560326    -2.506822    -2.453464    -2.401249    -2.351175    -2.304187    -2.261121    -2.222656    -2.189280    -2.161271    -2.138698    -2.121432    -2.109178    -2.101500    -2.097872    -2.097718    -2.100457    -2.105557    -2.112333    -2.121704    -2.148566    -0.605880    -0.202257    -0.119490    -0.065830    -0.022443    -0.000001    -0.000001    -0.000000    -0.000000    -0.000000    -0.000000    -0.000000    -0.000000    -0.000000    -0.000000    -0.000000    -0.000000    -0.000000    -0.000000    -0.000000    -0.000000    -0.000000    -0.000000    -0.000000    -0.000000    -0.000000    -0.000000    -0.000000    -0.000000    -0.000000    -0.000000    -0.000000    -0.000000    -0.000000    -0.000000    -0.000000    -0.000000    -0.008457    -0.020497    -0.034376    -0.086758    -0.124275    -0.073778    -0.000000     0.000000     0.000000     0.000000     0.000000     0.000000
     0.000000     0.000000     0.000000     0.000000     0.000000     0.000000     0.000000    -3.062251    -3.062244    -3.062244    -3.062244    -3.062244    -3.062244    -3.062244    -3.062244    -3.062244    -3.062244    -3.062244    -3.062244    -3.062244    -3.062244    -3.062244    -3.062244    -3.062244    -3.062244    -3.062244    -3.062244    -3.062244    -3.062244    -3.062243    -3.062243    -3.062243    -3.062241    -3.062238    -3.062232    -3.062224    -3.062213    -3.062196    -3.062172    -3.062140    -3.062096    -3.062038    -3.061961    -3.061862    -3.061732    -3.061567    -3.061355    -3.061086    -3.060746    -3.060318    -3.059781    -3.059109    -3.058271    -3.057226    -3.055928    -3.054317    -3.052321    -3.049855    -3.046816    -3.043083    -3.038512    -3.032939    -3.026181    -3.018030    -3.008265    -2.996651    -2.982948    -2.966922    -2.948353    -2.927053    -2.902872    -2.875719    -2.845569    -2.812475    -2.776574    -2.738089    -2.697330    -2.654683    -2.610607    -2.565614    -2.520259    -2.475120    -2.430781    -2.387817    -2.346777    -2.308166    -2.272435    -2.239969    -2.211073    -2.185967    -2.164781    -2.147546    -2.134201    -2.124593    -2.118489    -2.115586    -2.115526    -2.117917    -2.122351    -2.128424    -2.135749    -2.143970    -2.152775    -2.161899    -2.171131    -2.180309    -2.189322    -2.198097    -2.206599    -2.214837    -2.222150    -2.238918    -2.128134    -0.354954    -0.156047    -0.085467    -0.031283    -0.000001    -0.000001    -0.000000    -0.000000    -0.000000    -0.000000    -0.000000     0.000000     0.000000    -0.000000    -0.000000    -0.000000     0.000000     0.000000    -0.000000    -0.000000     0.000000     0.000000    -0.000000    -0.000000     0.000000     0.000000    -0.000000    -0.000000    -0.000000    -0.000000    -0.000000    -0.000000    -0.000000    -0.000000     0.000000     0.000000     0.000000    -0.050444    -0.029237    -0.009484    -0.008705    -0.034805    -0.020318     0.000000     0.000000     0.000000     0.000000     0.000000     0.000000
     0.000000    -3.056828    -3.037544     0.000000     0.000000     0.000000     0.000000    -3.062251    -3.061869    -3.061869    -3.061862    -3.061840    -3.061795    -3.061719    -3.061603    -3.061438    -3.061215    -3.060924    -3.060553    -3.060091    -3.059527    -3.058845    -3.058034    -3.057077    -3.055959    -3.054664    -3.053174    -3.051471    -3.049534    -3.047343    -3.044876    -3.042111    -3.039023    -3.035589    -3.031780    -3.027571    -3.022931    -3.017831    -3.012238    -3.006121    -2.999443    -2.992170    -2.984263    -2.975681    -2.966383    -2.956325    -2.945459    -2.933736    -2.921104    -2.907508    -2.892889    -2.877188    -2.860340    -2.842284    -2.822955    -2.802294    -2.780246    -2.756768    -2.731829    -2.705419    -2.677555    -2.648284    -2.617691    -2.585906    -2.553105    -2.519511    -2.485398    -2.451081    -2.416916    -2.383285    -2.350586    -2.319222    -2.289580    -2.262021    -2.236866    -2.214380    -2.194769    -2.178168    -2.164645    -2.154196    -2.146754    -2.142190    -2.140325    -2.140937    -2.143773    -2.148558    -2.155001    -2.162808    -2.171688    -2.181359    -2.191557    -2.202036    -2.212579    -2.222995    -2.233124    -2.242837    -2.252035    -2.260651    -2.268644    -2.275999    -2.282723    -2.288844    -2.294404    -2.299458    -2.304069    -2.308303    -2.312230    -2.315917    -2.319436    -2.322769    -2.326115    -2.355648    -1.096639    -0.220868    -0.110625    -0.044488    -0.000001    -0.000001    -0.000000    -0.000000    -0.000000    -0.000000     0.000000     0.000000     0.000000     0.000000     0.000000     0.000000     0.000000     0.000000     0.000000     0.000000     0.000000     0.000000     0.000000     0.000000     0.000000     0.000000     0.000000    -0.000000    -0.000000    -0.000000    -0.000000    -0.000000    -0.000000    -0.000000    -0.000000     0.000000     0.000000     0.000000    -0.020032    -0.000000    -0.000000     0.000000     0.000000     0.000000     0.000000     0.000000     0.000000     0.000000     0.000000     0.000000
     0.000000    -2.720295    -2.703572    -2.690330    -1.122339     0.000000     0.000000    -3.062251    -3.037880    -3.023830    -3.008920    -2.993771    -2.978355    -2.962674    -2.946732    -2.930535    -2.914086    -2.897392    -2.880461    -2.863300    -2.845919    -2.828328    -2.810537    -2.792558    -2.774405    -2.756092    -2.737633    -2.719045    -2.700344    -2.681549    -2.662679    -2.643753    -2.624792    -2.605820    -2.586859    -2.567934    -2.549070    -2.530294    -2.511634    -2.493117    -2.474776    -2.456639    -2.438741    -2.421114    -2.403792    -2.386812    -2.370211    -2.354027    -2.338300    -2.323073    -2.308390    -2.294298    -2.280848    -2.268092    -2.256086    -2.244892    -2.234571    -2.225190    -2.216814    -2.209511    -2.203345    -2.198374    -2.194651    -2.192215    -2.191095    -2.191298    -2.192816    -2.195617    -2.199651    -2.204845    -2.211104    -2.218320    -2.226367    -2.235111    -2.244411    -2.254124    -2.264110    -2.274235    -2.284375    -2.294415    -2.304254    -2.313805    -2.322995    -2.331765    -2.340068    -2.347869    -2.355143    -2.361879    -2.368071    -2.373721    -2.378828    -2.383397    -2.387433    -2.390948    -2.393953    -2.396463    -2.398498    -2.400085    -2.401254    -2.402041    -2.402486    -2.402630    -2.402519    -2.402199    -2.401715    -2.401111    -2.400427    -2.399697    -2.398968    -2.397871    -2.401847    -2.342295    -0.386563    -0.141892    -0.065711    -0.005863    -0.000001    -0.000000    -0.000000    -0.000000    -0.000000     0.000000     0.000000     0.000000     0.000000     0.000000     0.000000     0.000000     0.000000     0.000000     0.000000     0.000000     0.000000     0.000000     0.000000     0.000000     0.000000     0.000000     0.000000     0.000000    -0.000000    -0.000000    -0.000000    -0.000000    -0.000000    -0.000000    -0.000000    -0.000000    -0.000000     0.000000    -0.000000    -0.000000     0.000000     0.000000     0.000000     0.000000     0.000000     0.000000     0.000000     0.000000     0.000000     0.000000
     0.000000    -2.504942    -2.505208    -2.512148    -2.111135    -2.081943    -2.077050    -2.056417    -2.050190    -2.050151    -2.049895    -2.049964    -2.050331    -2.051009    -2.052004    -2.053321    -2.054963    -2.056930    -2.059221    -2.061832    -2.064761    -2.068004    -2.071558    -2.075419    -2.079584    -2.084050    -2.088813    -2.093869    -2.099213    -2.104838    -2.110737    -2.116904    -2.123331    -2.130007    -2.136924    -2.144071    -2.151439    -2.159018    -2.166799    -2.174770    -2.182921    -2.191241    -2.199720    -2.208346    -2.217109    -2.225997    -2.234998    -2.244102    -2.253298    -2.262572    -2.271914    -2.281311    -2.290750    -2.300217    -2.309699    -2.319180    -2.328642    -2.338066    -2.347431    -2.356713    -2.365888    -2.374926    -2.383796    -2.392467    -2.400903    -2.409071    -2.416934    -2.424459    -2.431613    -2.438366    -2.444691    -2.450567    -2.455978    -2.460914    -2.465370    -2.469350    -2.472862    -2.475922    -2.478549    -2.480771    -2.482615    -2.484114    -2.485302    -2.486214    -2.486883    -2.487343    -2.487630    -2.487751    -2.487700    -2.487539    -2.487104    -2.486112    -2.484353    -2.481764    -2.478439    -2.474499    -2.470024    -2.465066    -2.459685    -2.453948    -2.447928    -2.441703    -2.435351    -2.428949    -2.422565    -2.416257    -2.410067    -2.404025    -2.398151    -2.391998    -2.405832    -1.810954    -0.247135    -0.101107    -0.025843    -0.000001    -0.000001    -0.000000    -0.000000     0.000000     0.000000     0.000000     0.000000     0.000000     0.000000     0.000000     0.000000     0.000000     0.000000     0.000000     0.000000     0.000000     0.000000     0.000000     0.000000     0.000000     0.000000     0.000000     0.000000     0.000000     0.000000    -0.000000    -0.000000    -0.000000    -0.000000    -0.000000    -0.000000    -0.000000    -0.000000     0.000000     0.000000     0.000000     0.000000     0.000000     0.000000     0.000000     0.000000     0.000000     0.000000     0.000000     0.000000     0.000000
     0.000000    -2.350129    -2.349077    -2.349411    -2.356583    -2.362267    -2.367551    -2.374657    -2.379169    -2.381118    -2.382916    -2.384667    -2.386451    -2.388351    -2.390434    -2.392743    -2.395301    -2.398108    -2.401154    -2.404420    -2.407884    -2.411529    -2.415338    -2.419302    -2.423410    -2.427658    -2.432038    -2.436543    -2.441162    -2.445885    -2.450694    -2.455572    -2.460499    -2.465454    -2.470412    -2.475353    -2.480253    -2.485092    -2.489848    -2.494502    -2.499037    -2.503435    -2.507682    -2.511762    -2.515661    -2.519369    -2.522871    -2.526159    -2.529221    -2.532049    -2.534635    -2.536971    -2.539051    -2.540869    -2.542422    -2.543708    -2.544724    -2.545470    -2.545948    -2.546161    -2.546112    -2.545809    -2.545259    -2.544472    -2.543460    -2.542236    -2.540817    -2.539222    -2.537470    -2.535585    -2.533593    -2.531520    -2.529395    -2.527249    -2.525112    -2.523015    -2.520989    -2.519063    -2.517264    -2.515618    -2.514148    -2.512871    -2.511803    -2.510957    -2.510340    -2.509959    -2.509798    -2.509681    -2.511543    -2.514849    -2.502413    -2.470690    -2.434572    -2.406025    -2.383901    -2.363401    -2.344738    -2.327855    -2.312677    -2.299110    -2.287097    -2.276604    -2.267607    -2.260072    -2.253947    -2.249151    -2.245577    -2.243105    -2.241478    -2.242589    -2.225596    -0.472636    -0.134996    -0.071075    -0.000001    -0.000001    -0.000000    -0.000000     0.000000     0.000000     0.000000     0.000000     0.000000    -0.052672    -0.000000    -0.000000    -0.000000    -0.000000    -0.000000    -0.000000    -0.000000    -0.000000    -0.000000    -0.000000    -0.000000    -0.000000     0.000000     0.000000     0.000000     0.000000     0.000000    -0.007696    -0.000000    -0.000000    -0.000000    -0.000000    -0.000000    -0.000000    -0.000000     0.000000     0.000000     0.000000     0.000000     0.000000     0.000000     0.000000     0.000000     0.000000     0.000000     0.000000     0.000000     0.000000
     0.000000    -1.833495    -1.801201    -1.778221    -1.762313    -1.750022    -1.739335    -1.729352    -1.720159    -1.712044    -1.705191    -1.699863    -1.696337    -1.694793    -1.695304    -1.697835    -1.702267    -1.708425    -1.716114    -1.725145    -1.735347    -1.746577    -1.758720    -1.771683    -1.785396    -1.799803    -1.814858    -1.830522    -1.846752    -1.863502    -1.880722    -1.898349    -1.916316    -1.934549    -1.952969    -1.971496    -1.990052    -2.008557    -2.026937    -2.045123    -2.063048    -2.080651    -2.097876    -2.114675    -2.131001    -2.146818    -2.162092    -2.176796    -2.190910    -2.204418    -2.217311    -2.229587    -2.241247    -2.252299    -2.262755    -2.272634    -2.281956    -2.290749    -2.299043    -2.306870    -2.314266    -2.321270    -2.327923    -2.334264    -2.340338    -2.346186    -2.351849    -2.357369    -2.362784    -2.368131    -2.373443    -2.378750    -2.384078    -2.389448    -2.394879    -2.400384    -2.405970    -2.411644    -2.417405    -2.423253    -2.429182    -2.435187    -2.441259    -2.447389    -2.453569    -2.459795    -2.465870    -2.473826    -2.491557    -2.096832    -1.233749    -1.417958    -1.747313    -1.769220    -1.808780    -1.847093    -1.884156    -1.919305    -1.952842    -1.984847    -2.015437    -2.044747    -2.072909    -2.100039    -2.126225    -2.151521    -2.175949    -2.199515    -2.221915    -2.249559    -2.150027    -0.374166    -0.111857    -0.035765    -0.000001     0.000000     0.000000     0.000000     0.000000     0.000000     0.000000    -0.204643    -0.055239    -0.000000    -0.000000    -0.000000    -0.000000    -0.000000    -0.000000    -0.000000    -0.000000    -0.000000    -0.000000    -0.000000    -0.000000    -0.000000    -0.000000    -0.000000     0.000000     0.000000     0.000000    -0.004072    -0.000000    -0.000000    -0.000000    -0.000000    -0.000000    -0.000000     0.000000     0.000000     0.000000     0.000000     0.000000     0.000000     0.000000     0.000000     0.000000     0.000000     0.000000     0.000000     0.000000     0.000000
     0.000000    -0.757737    -0.787228    -0.803022    -0.812636    -0.819380    -0.824865    -0.830152    -0.835934    -0.842639    -0.850524    -0.859724    -0.870291    -0.882226    -0.895507    -0.910093    -0.925946    -0.943052    -0.961434    -0.981144    -1.002248    -1.024796    -1.048812    -1.074283    -1.101164    -1.129386    -1.158865    -1.189506    -1.221216    -1.253913    -1.287525    -1.321979    -1.357190    -1.393057    -1.429466    -1.466292    -1.503404    -1.540667    -1.577950    -1.615124    -1.652064    -1.688655    -1.724785    -1.760353    -1.795264    -1.829432    -1.862780    -1.895240    -1.926751    -1.957264    -1.986739    -2.015145    -2.042460    -2.068673    -2.093780    -2.117789    -2.140711    -2.162570    -2.183390    -2.203206    -2.222053    -2.239971    -2.257004    -2.273194    -2.288586    -2.303224    -2.317151    -2.330410    -2.343042    -2.355086    -2.366579    -2.377559    -2.388060    -2.398117    -2.407762    -2.417027    -2.425943    -2.434542    -2.442852    -2.450904    -2.458727    -2.466348    -2.473795    -2.481094    -2.488272    -2.495318    -2.502289    -2.519102    -2.145747    -0.412712    -0.175405     0.000000    -2.787283    -2.797344    -2.851841    -2.854755    -2.860027    -2.864978    -2.869604    -2.873967    -2.878096    -2.882020    -2.885767    -2.889357    -2.892806    -2.896120    -2.899301    -2.902348    -2.905218    -2.908829    -2.869560    -0.454836    -0.109468    -0.027997    -0.000001     0.000000     0.000000     0.000000     0.000000    -0.387734    -0.119301    -0.079212    -0.000000    -0.000000    -0.000000    -0.000000    -0.000000    -0.000000    -0.000000    -0.000000    -0.000000    -0.000000    -0.000000    -0.000000    -0.000000    -0.000000    -0.000000    -0.000000     0.000000     0.000000    -0.029624    -0.008626    -0.000000    -0.000000    -0.000000    -0.000000    -0.000000     0.000000     0.000000     0.000000     0.000000     0.000000     0.000000     0.000000     0.000000     0.000000     0.000000     0.000000     0.000000     0.000000     0.000000     0.000000
     0.000000    -0.250246    -0.270966    -0.292806    -0.315730    -0.340590    -0.367473    -0.396361    -0.427150    -0.459563    -0.493164    -0.527438    -0.561876    -0.596060    -0.629710    -0.662716    -0.695120    -0.727072    -0.758762    -0.790396    -0.822143    -0.854123    -0.886406    -0.919014    -0.951946    -0.985189    -1.018729    -1.052553    -1.086653    -1.121012    -1.155602    -1.190406    -1.225422    -1.260657    -1.296118    -1.331802    -1.367690    -1.403747    -1.439925    -1.476164    -1.512398    -1.548556    -1.584567    -1.620361    -1.655869    -1.691025    -1.725765    -1.760029    -1.793759    -1.826900    -1.859401    -1.891215    -1.922299    -1.952614    -1.982127    -2.010810    -2.038642    -2.065605    -2.091692    -2.116897    -2.141224    -2.164680    -2.187279    -2.209040    -2.229984    -2.250137    -2.269528    -2.288189    -2.306152    -2.323450    -2.340119    -2.356191    -2.371700    -2.386678    -2.401155    -2.415162    -2.428724    -2.441866    -2.454611    -2.466980    -2.478991    -2.490660    -2.502001    -2.513027    -2.523761    -2.534006    -2.546916    -2.535614    -0.438761    -0.147232    -0.130347     0.000000     0.000000     0.000000    -3.015595    -3.024285    -3.024124    -3.024405    -3.024671    -3.024918    -3.025157    -3.025390    -3.025620    -3.025850    -3.026078    -3.026305    -3.026528    -3.026743    -3.026944    -3.027174    -3.025602    -0.600469    -0.120640    -0.021391    -0.000001    -0.000001    -0.000000    -0.000000    -0.000000    -0.093032    -0.052315    -0.021077    -0.000000    -0.000000    -0.000000    -0.000000    -0.000000    -0.000000    -0.000000    -0.000000    -0.000000    -0.000000    -0.000000    -0.000000    -0.000000    -0.000000    -0.000000    -0.000000    -0.000000     0.000000    -0.000000    -0.000000    -0.000000    -0.000000    -0.000000    -0.000000    -0.000000    -0.000000    -0.000000     0.000000     0.000000     0.000000     0.000000     0.000000     0.000000     0.000000     0.000000     0.000000     0.000000     0.000000     0.000000     0.000000
     0.000000    -0.253941    -0.269395    -0.286459    -0.305803    -0.328602    -0.354869    -0.384190    -0.416156    -0.450419    -0.486701    -0.524797    -0.564569    -0.605939    -0.648886    -0.693414    -0.739490    -0.786960    -0.835398    -0.884664    -0.934306    -0.983933    -1.033387    -1.082349    -1.130686    -1.178321    -1.225154    -1.271059    -1.315938    -1.359708    -1.402297    -1.443646    -1.483706    -1.522447    -1.559864    -1.595978    -1.630838    -1.664513    -1.697087    -1.728648    -1.759286    -1.789089    -1.818137    -1.846499    -1.874240    -1.901413    -1.928061    -1.954220    -1.979919    -2.005180    -2.030017    -2.054440    -2.078454    -2.102059    -2.125251    -2.148027    -2.170377    -2.192294    -2.213767    -2.234786    -2.255342    -2.275426    -2.295030    -2.314149    -2.332777    -2.350912    -2.368552    -2.385698    -2.402353    -2.418522    -2.434209    -2.449423    -2.464171    -2.478465    -2.492314    -2.505732    -2.518730    -2.531322    -2.543521    -2.555342    -2.566800    -2.577908    -2.588680    -2.599130    -2.609296    -2.618718    -2.636195    -2.390878    -0.250521    -0.182623    -0.203647     0.000000     0.000000     0.000000     0.000000    -3.053854    -3.055405    -3.055362    -3.055398    -3.055428    -3.055457    -3.055486    -3.055516    -3.055545    -3.055575    -3.055604    -3.055632    -3.055659    -3.055684    -3.055698    -3.055992    -1.134027    -0.154696    -0.000001    -0.000001    -0.000001    -0.000001    -0.000000    -0.000000    -0.008656    -0.009231    -0.001563    -0.000000    -0.000000    -0.000000    -0.000000    -0.000000    -0.000000    -0.000000    -0.000000    -0.000000    -0.000000    -0.000000    -0.000000    -0.000000    -0.000000    -0.000000    -0.000000    -0.000000    -0.000000    -0.000000    -0.000000    -0.000000    -0.000000    -0.000000    -0.000000    -0.000000    -0.000000    -0.000000     0.000000     0.000000     0.000000     0.000000     0.000000     0.000000     0.000000     0.000000     0.000000     0.000000     0.000000     0.000000     0.000000
     0.000000    -0.354284    -0.428492    -0.487976    -0.547480    -0.611564    -0.678744    -0.747677    -0.817100    -0.885940    -0.953417    -1.019006    -1.082365    -1.143270    -1.201550    -1.257065    -1.309742    -1.359414    -1.404078    -1.451889    -1.498793    -1.543287    -1.589110    -1.634461    -1.678752    -1.720341    -1.759805    -1.797310    -1.833015    -1.867073    -1.899627    -1.930803    -1.960712    -1.989445    -2.017076    -2.043662    -2.069249    -2.093875    -2.117576    -2.140390    -2.162357    -2.183519    -2.203925    -2.223624    -2.242667    -2.261106    -2.278989    -2.296366    -2.313280    -2.329772    -2.345879    -2.361633    -2.377061    -2.392189    -2.407035    -2.421615    -2.435942    -2.450027    -2.463874    -2.477489    -2.490875    -2.504031    -2.516957    -2.529652    -2.542113    -2.554338    -2.566323    -2.578067    -2.589567    -2.600820    -2.611826    -2.622582    -2.633088    -2.643345    -2.653353    -2.663113    -2.672627    -2.681898    -2.690927    -2.699719    -2.708278    -2.716606    -2.724709    -2.732590    -2.740284    -2.747192    -2.765292    -1.861770    -0.242782    -0.235398    -0.167016    -0.141763     0.000000     0.000000     0.000000     0.000000    -3.061006    -3.060989    -3.060994    -3.060999    -3.061004    -3.061008    -3.061013    -3.061018    -3.061023    -3.061028    -3.061032    -3.061036    -3.061040    -3.061037    -3.061096    -1.807418    -0.166203    -0.000001    -0.000001    -0.000001    -0.000000    -0.000000    -0.000000    -0.000000    -0.000000    -0.000000    -0.000000    -0.000000    -0.000000    -0.000000    -0.000000    -0.000000    -0.000000    -0.000000    -0.000000    -0.000000    -0.000000    -0.000000    -0.000000    -0.000000    -0.000000    -0.000000    -0.000000    -0.000000    -0.000000    -0.000000    -0.000000    -0.000000    -0.000000    -0.000000    -0.000000     0.000000     0.000000     0.000000     0.000000     0.000000     0.000000     0.000000     0.000000     0.000000     0.000000     0.000000     0.000000     0.000000     0.000000     0.000000
     0.000000    -0.531323    -1.066112    -1.140258    -1.245313    -1.341316    -1.428124    -1.506126    -1.576994    -1.641833    -1.701559    -1.756894    -1.808406    -1.856538    -1.901638    -1.943979    -1.983833    -2.020352    -2.069173    -2.267771    -2.286886    -2.323652    -2.474319    -2.482943    -2.498335    -2.512784    -2.526302    -2.539037    -2.551039    -2.562362    -2.573056    -2.583173    -2.592764    -2.601879    -2.610572    -2.618893    -2.626891    -2.634614    -2.642101    -2.649391    -2.656514    -2.663496    -2.670359    -2.677118    -2.683787    -2.690376    -2.696894    -2.703346    -2.709739    -2.716078    -2.722368    -2.728611    -2.734813    -2.740977    -2.747104    -2.753198    -2.759259    -2.765288    -2.771285    -2.777250    -2.783180    -2.789072    -2.794925    -2.800734    -2.806496    -2.812206    -2.817859    -2.823452    -2.828979    -2.834436    -2.839818    -2.845121    -2.850342    -2.855476    -2.860520    -2.865472    -2.870328    -2.875086    -2.879745    -2.884301    -2.888756    -2.893106    -2.897353    -2.901494    -2.905549    -2.909128    -2.919869    -1.555121    -0.290597    -0.209277    -0.160581    -0.123881     0.000000     0.000000     0.000000    -3.062251    -3.061974    -3.061974    -3.061975    -3.061976    -3.061977    -3.061978    -3.061979    -3.061980    -3.061981    -3.061982    -3.061983    -3.061984    -3.061984    -3.061986    -3.062006    -0.934586    -0.151202    -0.000001    -0.000001    -0.000000    -0.000000    -0.000000    -0.000000    -0.000000    -0.000000    -0.000000    -0.000000    -0.000000    -0.000000    -0.000000    -0.000000    -0.000000    -0.000000    -0.000000    -0.000000    -0.000000    -0.000000    -0.000000    -0.000000    -0.000000    -0.000000    -0.000000    -0.000000     0.000000     0.000000    -0.000000    -0.000000    -0.000000    -0.000000    -0.000000     0.000000     0.000000     0.000000     0.000000     0.000000     0.000000     0.000000     0.000000     0.000000     0.000000     0.000000     0.000000     0.000000     0.000000     0.000000     0.000000
     0.000000     0.000000    -2.652596    -2.667131    -2.748737    -2.753414    -2.761572    -2.769213    -2.776349    -2.783072    -2.789420    -2.795425    -2.801113    -2.806510    -2.811636    -2.816512    -2.821176    -2.825201    -2.838607    -2.117534     0.000000     0.000000    -2.934325    -2.958263    -2.958274    -2.959472    -2.960549    -2.961577    -2.962558    -2.963498    -2.964400    -2.965271    -2.966117    -2.966944    -2.967761    -2.968572    -2.969384    -2.970203    -2.971034    -2.971880    -2.972745    -2.973632    -2.974543    -2.975479    -2.976442    -2.977432    -2.978450    -2.979497    -2.980572    -2.981674    -2.982805    -2.983963    -2.985147    -2.986356    -2.987589    -2.988845    -2.990121    -2.991415    -2.992725    -2.994049    -2.995384    -2.996728    -2.998077    -2.999430    -3.000784    -3.002136    -3.003483    -3.004825    -3.006157    -3.007480    -3.008790    -3.010086    -3.011366    -3.012630    -3.013876    -3.015104    -3.016311    -3.017497    -3.018662    -3.019804    -3.020924    -3.022020    -3.023092    -3.024140    -3.025168    -3.026086    -3.028735    -1.550198    -0.309187    -0.206485    -0.145970     0.000000     0.000000     0.000000     0.000000    -3.062251    -3.062251    -3.062251    -3.062251    -3.062251    -3.062251    -3.062251    -3.062251    -3.062251    -3.062251    -3.062251    -3.062251    -3.062251    -3.062251    -3.062251    -2.490309    -0.348304    -0.120676    -0.034356    -0.000000    -0.000000    -0.000000    -0.000000    -0.000665    -0.002691    -0.001171    -0.000000    -0.000000    -0.000000    -0.000000    -0.000000    -0.000000    -0.000000    -0.000000    -0.000000    -0.000000    -0.000000    -0.000000    -0.000000    -0.000000    -0.000000    -0.000000    -0.000000    -0.000000    -0.000000     0.000000    -0.000000    -0.000000    -0.000000    -0.000000     0.000000     0.000000     0.000000     0.000000     0.000000     0.000000     0.000000     0.000000     0.000000     0.000000     0.000000     0.000000     0.000000     0.000000     0.000000     0.000000     0.000000
     0.000000     0.000000     0.000000     0.000000    -2.992843    -3.005745    -3.005499    -3.005931    -3.006363    -3.006784    -3.007201    -3.007615    -3.008028    -3.008440    -3.008850    -3.009257    -3.009665    -3.009974    -3.012443    -0.884351     0.000000     0.000000     0.000000    -3.046440    -3.046061    -3.046159    -3.046226    -3.046290    -3.046351    -3.046409    -3.046464    -3.046517    -3.046571    -3.046624    -3.046679    -3.046737    -3.046798    -3.046863    -3.046934    -3.047011    -3.047094    -3.047184    -3.047282    -3.047387    -3.047501    -3.047622    -3.047751    -3.047889    -3.048035    -3.048190    -3.048352    -3.048522    -3.048700    -3.048886    -3.049079    -3.049279    -3.049485    -3.049697    -3.049914    -3.050136    -3.050363    -3.050593    -3.050826    -3.051062    -3.051299    -3.051538    -3.051777    -3.052017    -3.052256    -3.052495    -3.052732    -3.052968    -3.053202    -3.053434    -3.053663    -3.053889    -3.054113    -3.054333    -3.054549    -3.054762    -3.054971    -3.055175    -3.055376    -3.055572    -3.055764    -3.055929    -3.056391    -1.603846    -0.317716    -0.213021    -0.131647     0.000000     0.000000     0.000000     0.000000    -3.062251    -3.062251    -3.062251    -3.062251    -3.062251    -3.062251    -3.062251    -3.062251    -3.062251    -3.062251    -3.062251    -3.062251    -3.062251    -3.062251    -2.179551    -0.391945    -0.152797    -0.083748    -0.076397    -0.071788    -0.056943    -0.041068    -0.028514    -0.019088    -0.011134    -0.003073    -0.000000    -0.000000    -0.000000    -0.000000    -0.000000    -0.000000    -0.000000    -0.000000    -0.000000    -0.000000    -0.000000    -0.000000    -0.000000    -0.000000    -0.000000    -0.000000    -0.000000    -0.000000    -0.000000     0.000000    -0.000000    -0.000000    -0.000000     0.000000     0.000000     0.000000     0.000000     0.000000     0.000000     0.000000     0.000000     0.000000     0.000000     0.000000     0.000000     0.000000     0.000000     0.000000     0.000000     0.000000     0.000000
     0.000000     0.000000     0.000000     0.000000     0.000000    -3.049751    -3.052078    -3.052013    -3.052055    -3.052093    -3.052141    -3.052196    -3.052247    -3.052299    -3.052352    -3.052404    -3.052458    -3.052501    -3.052727    -2.630883    -2.008564     0.000000     0.000000    -3.057541    -3.057408    -3.057428    -3.057443    -3.057457    -3.057470    -3.057482    -3.057494    -3.057506    -3.057517    -3.057530    -3.057543    -3.057556    -3.057572    -3.057589    -3.057608    -3.057628    -3.057651    -3.057677    -3.057705    -3.057735    -3.057768    -3.057804    -3.057842    -3.057883    -3.057927    -3.057974    -3.058023    -3.058075    -3.058129    -3.058186    -3.058245    -3.058306    -3.058369    -3.058435    -3.058501    -3.058570    -3.058640    -3.058710    -3.058782    -3.058855    -3.058928    -3.059001    -3.059075    -3.059149    -3.059223    -3.059296    -3.059369    -3.059442    -3.059514    -3.059585    -3.059656    -3.059726    -3.059794    -3.059862    -3.059929    -3.059994    -3.060058    -3.060121    -3.060183    -3.060243    -3.060302    -3.060353    -3.060490    -1.669711    -0.324867    -0.222454    -0.097602     0.000000     0.000000     0.000000     0.000000    -3.062251    -3.062251    -3.062251    -3.062251    -3.062251    -3.062251    -3.062251    -3.062251    -3.062251    -3.062251    -3.062251    -3.062251    -2.756655    -1.460870    -0.352665    -0.155853    -0.091050    -0.058092    -0.056389    -0.054222    -0.043637    -0.030456    -0.018552    -0.008297    -0.000000    -0.000000    -0.000000    -0.000000    -0.000000    -0.000000    -0.000000    -0.000000    -0.000000    -0.000000    -0.000000    -0.000000    -0.000000    -0.000000    -0.000000    -0.000000    -0.000000    -0.000000    -0.000000    -0.000000    -0.000000     0.000000     0.000000    -0.000000    -0.000000     0.000000     0.000000     0.000000     0.000000     0.000000     0.000000     0.000000     0.000000     0.000000     0.000000     0.000000     0.000000     0.000000     0.000000     0.000000     0.000000     0.000000     0.000000
     0.000000     0.000000     0.000000     0.000000     0.000000     0.000000    -3.059945    -3.059938    -3.059983    -3.060421    -3.060407    -3.060412    -3.060420    -3.060429    -3.060438    -3.060447    -3.060456    -3.060465    -3.060474    -3.060570    -0.928896     0.000000     0.000000    -3.060854    -3.060729    -3.060735    -3.060741    -3.060746    -3.060751    -3.060756    -3.060761    -3.060766    -3.060770    -3.060775    -3.060779    -3.060784    -3.060789    -3.060794    -3.060800    -3.060806    -3.060813    -3.060821    -3.060829    -3.060838    -3.060849    -3.060860    -3.060872    -3.060884    -3.060898    -3.060913    -3.060929    -3.060946    -3.060963    -3.060982    -3.061001    -3.061021    -3.061041    -3.061063    -3.061084    -3.061107    -3.061129    -3.061152    -3.061176    -3.061199    -3.061223    -3.061246    -3.061270    -3.061294    -3.061317    -3.061341    -3.061364    -3.061387    -3.061410    -3.061432    -3.061455    -3.061476    -3.061498    -3.061519    -3.061540    -3.061560    -3.061579    -3.061599    -3.061617    -3.061636    -3.061653    -3.061669    -3.061569    -1.784480    -0.338610    -0.203050     0.000000     0.000000     0.000000     0.000000    -3.062251    -3.062248    -3.062246    -3.062245    -3.062245    -3.062236    -3.062144    -3.061816    -3.060897    -3.060290    -3.059473    -2.954026    -2.019138    -0.530400    -0.265266    -0.137867    -0.078550    -0.041340    -0.034387    -0.039190    -0.037965    -0.030890    -0.020829    -0.009674    -0.000000    -0.000000    -0.000000    -0.000000    -0.000000    -0.000000    -0.000000    -0.000000    -0.000000    -0.000000    -0.000000    -0.000000    -0.000000    -0.000000    -0.000000    -0.000000    -0.000000    -0.000000    -0.000000    -0.000000    -0.000000    -0.000000     0.000000     0.000000    -0.000001    -0.000001     0.000000     0.000000     0.000000     0.000000     0.000000     0.000000     0.000000     0.000000     0.000000     0.000000     0.000000     0.000000     0.000000     0.000000     0.000000     0.000000     0.000000     0.000000
     0.000000     0.000000     0.000000     0.000000     0.000000     0.000000     0.000000     0.000000     0.000000    -3.061832    -3.061837    -3.061917    -3.061915    -3.061916    -3.061917    -3.061918    -3.061920    -3.061921    -3.061922    -3.061930    -2.643399    -1.061845     0.000000    -3.061760    -3.056074    -3.054441    -3.052710    -3.051094    -3.049583    -3.048177    -3.046875    -3.045677    -3.044581    -3.043587    -3.042693    -3.041897    -3.041198    -3.040591    -3.040076    -3.039648    -3.039304    -3.039042    -3.038856    -3.038744    -3.038701    -3.038722    -3.038803    -3.038941    -3.039129    -3.039363    -3.039640    -3.039954    -3.040302    -3.040678    -3.041080    -3.041503    -3.041943    -3.042397    -3.042862    -3.043334    -3.043811    -3.044290    -3.044769    -3.045244    -3.045716    -3.046180    -3.046636    -3.047083    -3.047518    -3.047940    -3.048348    -3.048742    -3.049119    -3.049480    -3.049823    -3.050147    -3.050452    -3.050736    -3.051000    -3.051242    -3.051462    -3.051659    -3.051833    -3.051982    -3.052105    -3.052241    -3.051736    -2.046352    -0.350267    -0.184787     0.000000     0.000000     0.000000    -3.062251    -3.062251    -3.061975    -3.061248    -3.056946    -3.045139    -3.021998    -2.985162    -2.933881    -2.869548    -2.812388    -2.167341    -0.669088    -0.345519    -0.213018    -0.122672    -0.061724    -0.023272    -0.011402    -0.015601    -0.021048    -0.021699    -0.017124    -0.007957    -0.000000    -0.000000    -0.000000    -0.000000    -0.000000    -0.000000     0.000000     0.000000     0.000000     0.000000    -0.000000    -0.000000    -0.000000    -0.000000    -0.000000    -0.000000    -0.000000    -0.000000    -0.000000    -0.000000    -0.000000    -0.000000     0.000000     0.000000     0.000000     0.000000     0.000000     0.000000     0.000000     0.000000     0.000000     0.000000     0.000000     0.000000     0.000000     0.000000     0.000000     0.000000     0.000000     0.000000     0.000000     0.000000     0.000000     0.000000     0.000000
     0.000000     0.000000     0.000000     0.000000     0.000000     0.000000     0.000000     0.000000     0.000000     0.000000     0.000000    -3.062175    -3.062174    -3.062176    -3.062190    -3.062190    -3.062190    -3.062190    -3.062191    -3.062191    -3.062193    -2.662095    -2.666681    -2.670581    -2.675809    -2.682362    -2.688813    -2.695278    -2.701748    -2.708220    -2.714691    -2.721159    -2.727623    -2.734078    -2.740523    -2.746955    -2.753371    -2.759766    -2.766138    -2.772483    -2.778795    -2.785071    -2.791305    -2.797492    -2.803626    -2.809703    -2.815716    -2.821660    -2.827529    -2.833317    -2.839020    -2.844632    -2.850148    -2.855564    -2.860875    -2.866077    -2.871166    -2.876140    -2.880995    -2.885729    -2.890340    -2.894825    -2.899184    -2.903415    -2.907516    -2.911488    -2.915329    -2.919040    -2.922620    -2.926070    -2.929388    -2.932576    -2.935634    -2.938562    -2.941360    -2.944029    -2.946569    -2.948980    -2.951262    -2.953418    -2.955445    -2.957347    -2.959122    -2.960773    -2.962308    -2.963554    -2.967959    -2.555844    -0.399086     0.000000     0.000000     0.000000     0.000000    -3.062251    -3.062251    -3.009833    -2.872960    -2.671878    -2.451576    -2.235634    -2.039420    -1.869621    -1.730826    -1.138749    -0.472530    -0.290518    -0.189728    -0.112356    -0.058773    -0.015099    -0.000000    -0.000000    -0.000000    -0.003329    -0.006174    -0.003276    -0.000000    -0.000000    -0.000000    -0.000000    -0.000000    -0.000000    -0.000000     0.000000     0.000000     0.000000     0.000000     0.000000    -0.000000    -0.000000    -0.000000    -0.000000    -0.000000    -0.000000    -0.000000    -0.000000    -0.000000    -0.000000    -0.000000     0.000000     0.000000     0.000000     0.000000     0.000000     0.000000     0.000000     0.000000     0.000000     0.000000     0.000000     0.000000     0.000000     0.000000     0.000000     0.000000     0.000000     0.000000     0.000000     0.000000     0.000000     0.000000     0.000000
     0.000000     0.000000     0.000000     0.000000     0.000000     0.000000     0.000000     0.000000     0.000000     0.000000     0.000000     0.000000     0.000000     0.000000    -3.062237    -3.062237    -3.062238    -3.062240    -3.062240    -3.062240    -3.062240    -3.062240    -3.062241    -3.062241    -3.062241    -3.062241    -3.062241    -3.062241    -3.062241    -3.062241    -3.062241    -3.062242    -3.062242    -3.062242    -3.062242    -3.062242    -3.062242    -3.062242    -3.062242    -3.062243    -3.062243    -3.062243    -3.062243    -3.062243    -3.062243    -3.062244    -3.062244    -3.062244    -3.062244    -3.062244    -3.062244    -3.062244    -3.062245    -3.062245    -3.062245    -3.062245    -3.062245    -3.062245    -3.062246    -3.062246    -3.062246    -3.062246    -3.062246    -3.062246    -3.062247    -3.062247    -3.062247    -3.062247    -3.062247    -3.062247    -3.062247    -3.062248    -3.062248    -3.062248    -3.062248    -3.062248    -3.062248    -3.062248    -3.062248    -3.062248    -3.062248    -3.062249    -3.062249    -3.062249    -3.062249    -3.062249    -3.062249    -2.966565    -0.446891     0.000000     0.000000     0.000000     0.000000     0.000000    -2.570869    -1.713952    -1.094551    -0.983742    -0.980539    -1.015619    -1.069605    -1.134484    -1.130599    -0.565132    -0.294304    -0.187915    -0.117601    -0.065709    -0.028126    -0.000000    -0.000000    -0.000000    -0.000000    -0.000000    -0.000000    -0.000000    -0.000000    -0.000000    -0.000000    -0.000000    -0.000000    -0.000000    -0.000000    -0.000000     0.000000     0.000000     0.000000     0.000000     0.000000     0.000000     0.000000     0.000000     0.000000    -0.000000    -0.000000    -0.000000    -0.000000    -0.000000    -0.000000     0.000000     0.000000     0.000000     0.000000     0.000000     0.000000     0.000000     0.000000     0.000000     0.000000     0.000000     0.000000     0.000000     0.000000     0.000000     0.000000     0.000000     0.000000     0.000000     0.000000     0.000000     0.000000     0.000000
     0.000000     0.000000     0.000000     0.000000     0.000000     0.000000     0.000000     0.000000     0.000000     0.000000     0.000000     0.000000     0.000000     0.000000     0.000000     0.000000     0.000000    -3.062249    -3.062249    -3.062249    -3.062249    -3.062249    -3.062249    -3.062249    -3.062249    -3.062249    -3.062249    -3.062249    -3.062249    -3.062249    -3.062249    -3.062249    -3.062249    -3.062249    -3.062249    -3.062249    -3.062249    -3.062249    -3.062249    -3.062249    -3.062249    -3.062249    -3.062249    -3.062250    -3.062250    -3.062250    -3.062250    -3.062250    -3.062250    -3.062250    -3.062250    -3.062250    -3.062250    -3.062250    -3.062250    -3.062250    -3.062250    -3.062250    -3.062250    -3.062250    -3.062250    -3.062250    -3.062250    -3.062250    -3.062250    -3.062250    -3.062250    -3.062250    -3.062250    -3.062250    -3.062250    -3.062250    -3.062250    -3.062250    -3.062250    -3.062251    -3.062251    -3.062251    -3.062251    -3.062251    -3.062251    -3.062251    -3.062251    -3.062251    -3.062251    -3.062251    -3.062251    -3.056880    -1.738019    -1.606828    -1.334228    -1.057534    -0.759800    -0.557124    -0.481717    -0.443361    -0.453991    -0.955649    -1.432152    -1.553573    -1.687360    -1.806485    -1.874051    -0.610771    -0.262522    -0.143137    -0.097284    -0.059500    -0.029577    -0.002016    -0.000000    -0.000000    -0.000000    -0.000000    -0.000000    -0.000000    -0.000000    -0.000000    -0.000000    -0.000000    -0.000000    -0.000000    -0.000000    -0.000000     0.000000     0.000000     0.000000     0.000000     0.000000     0.000000     0.000000     0.000000     0.000000     0.000000    -0.000000    -0.000000    -0.000000    -0.000000    -0.000000     0.000000     0.000000     0.000000     0.000000     0.000000     0.000000     0.000000     0.000000     0.000000     0.000000     0.000000     0.000000     0.000000     0.000000     0.000000     0.000000     0.000000     0.000000     0.000000     0.000000     0.000000     0.000000     0.000000
     0.000000     0.000000     0.000000     0.000000     0.000000     0.000000     0.000000     0.000000     0.000000     0.000000     0.000000     0.000000     0.000000     0.000000     0.000000     0.000000     0.000000     0.000000     0.000000    -3.062251    -3.062251    -3.062251    -3.062251    -3.062251    -3.062251    -3.062251    -3.062251    -3.062251    -3.062251    -3.062251    -3.062251    -3.062251    -3.062251    -3.062251    -3.062251    -3.062251    -3.062251    -3.062251    -3.062251    -3.062251    -3.062251    -3.062251    -3.062251    -3.062251    -3.062251    -3.062251    -3.062251    -3.062251    -3.062251    -3.062251    -3.062251    -3.062251    -3.062251    -3.062251    -3.062251    -3.062251    -3.062251    -3.062251    -3.062251    -3.062251    -3.062251    -3.062251    -3.062251    -3.062251    -3.062251    -3.062251    -3.062251    -3.062251    -3.062251    -3.062251    -3.062251    -3.062251    -3.062251    -3.062251    -3.062251    -3.062251    -3.062251    -3.062251    -3.062251    -3.062251    -3.062251    -3.062251    -3.062251    -3.062251    -3.062251    -3.062251    -3.062251    -3.062237    -2.808996    -1.870584    -0.986184    -1.290697    -1.401683    -1.179567    -0.430005    -0.266172    -0.190596     0.000000    -2.859408    -2.862486    -2.870887    -2.877744    -2.888845    -1.878426    -0.320227    -0.131346    -0.090661    -0.055380    -0.026929    -0.002486    -0.000000    -0.000000    -0.000000    -0.000000    -0.000000    -0.000000    -0.000000    -0.000000    -0.000000    -0.000000    -0.000000    -0.000000    -0.000000     0.000000     0.000000     0.000000     0.000000     0.000000     0.000000     0.000000     0.000000     0.000000     0.000000     0.000000     0.000000     0.000000    -0.000000    -0.000000    -0.000000     0.000000     0.000000     0.000000     0.000000     0.000000     0.000000     0.000000     0.000000     0.000000     0.000000     0.000000     0.000000     0.000000     0.000000     0.000000     0.000000     0.000000     0.000000     0.000000     0.000000     0.000000     0.000000     0.000000
     0.000000     0.000000     0.000000     0.000000     0.000000     0.000000     0.000000     0.000000     0.000000     0.000000     0.000000     0.000000     0.000000     0.000000     0.000000     0.000000     0.000000     0.000000     0.000000     0.000000     0.000000    -3.062251    -3.062251    -3.062251    -3.062251    -3.062251    -3.062251    -3.062251    -3.062251    -3.062251    -3.062251    -3.062251    -3.062251    -3.062251    -3.062251    -3.062251    -3.062251    -3.062251    -3.062251    -3.062251    -3.062251    -3.062251    -3.062251    -3.062251    -3.062251    -3.062251    -3.062251    -3.062251    -3.062251    -3.062251    -3.062251    -3.062251    -3.062251    -3.062251    -3.062251    -3.062251    -3.062251    -3.062251    -3.062251    -3.062251    -3.062251    -3.062251    -3.062251    -3.062251    -3.062251    -3.062251    -3.062251    -3.062251    -3.062251    -3.062251    -3.062251    -3.062251    -3.062251    -3.062251    -3.062251    -3.062251    -3.062251    -3.062251    -3.062251    -3.062251    -3.062251    -3.062251    -3.062251    -3.062251    -3.062251    -3.062251    -3.061383    -2.182147    -0.683829    -0.386172    -0.264249     0.000000     0.000000    -0.875872    -0.294315    -0.162067    -0.087947     0.000000    -3.002177    -3.000406    -3.000652    -3.000686    -3.003095    -2.650659    -0.310646    -0.121583    -0.077755    -0.039051    -0.010495    -0.000000    -0.000000    -0.000000    -0.000000    -0.000000    -0.000000    -0.000000    -0.000000    -0.000000    -0.000000    -0.000000    -0.000000    -0.000000     0.000000     0.000000     0.000000     0.000000     0.000000     0.000000     0.000000     0.000000     0.000000     0.000000     0.000000     0.000000     0.000000     0.000000     0.000000    -0.000000    -0.000000     0.000000     0.000000     0.000000     0.000000     0.000000     0.000000     0.000000     0.000000     0.000000     0.000000     0.000000     0.000000     0.000000     0.000000     0.000000     0.000000     0.000000     0.000000     0.000000     0.000000     0.000000     0.000000     0.000000
     0.000000     0.000000     0.000000     0.000000     0.000000     0.000000     0.000000     0.000000     0.000000     0.000000     0.000000     0.000000     0.000000     0.000000     0.000000     0.000000     0.000000     0.000000     0.000000     0.000000     0.000000    -3.062251    -3.062251    -3.062251    -3.062251    -3.062251    -3.062251    -3.062251    -3.062251    -3.062251    -3.062251    -3.062251    -3.062251    -3.062251    -3.062251    -3.062251    -3.062251    -3.062251    -3.062251    -3.062251    -3.062251    -3.062251    -3.062251    -3.062251    -3.062251    -3.062251    -3.062251    -3.062251    -3.062251    -3.062251    -3.062251    -3.062251    -3.062251    -3.062251    -3.062251    -3.062251    -3.062251    -3.062251    -3.062251    -3.062251    -3.062251    -3.062251    -3.062251    -3.062251    -3.062251    -3.062251    -3.062251    -3.062251    -3.062251    -3.062251    -3.062251    -3.062251    -3.062251    -3.062251    -3.062251    -3.062251    -3.062251    -3.062251    -3.062251    -3.062251    -3.062251    -3.062251    -3.062251    -3.062251    -3.062251    -3.026021    -1.532991    -0.474215    -0.295372    -0.216846     0.000000     0.000000     0.000000     0.000000    -0.269413    -0.126408    -0.000001     0.000000    -3.036173    -3.035945    -3.035957    -3.035924    -3.036601    -2.753721    -0.261890    -0.107733    -0.038175    -0.000000    -0.000000    -0.000000    -0.000000    -0.000000    -0.000000    -0.000000    -0.000000    -0.000000    -0.000000    -0.000000    -0.000000    -0.000000    -0.000000    -0.000000    -0.000000     0.000000     0.000000     0.000000     0.000000     0.000000     0.000000     0.000000     0.000000     0.000000     0.000000     0.000000     0.000000     0.000000     0.000000    -0.013165    -0.000000     0.000000     0.000000     0.000000     0.000000     0.000000     0.000000     0.000000     0.000000     0.000000     0.000000     0.000000     0.000000     0.000000     0.000000     0.000000     0.000000     0.000000     0.000000     0.000000     0.000000     0.000000     0.000000     0.000000
     0.000000     0.000000     0.000000     0.000000     0.000000     0.000000     0.000000     0.000000     0.000000     0.000000     0.000000     0.000000     0.000000     0.000000     0.000000     0.000000     0.000000     0.000000     0.000000     0.000000     0.000000     0.000000    -3.062251    -3.062251    -3.062251    -3.062251    -3.062251    -3.062251    -3.062251    -3.062251    -3.062251    -3.062251    -3.062251    -3.062251    -3.062251    -3.062251    -3.062251    -3.062251    -3.062251    -3.062251    -3.062251    -3.062251    -3.062251    -3.062251    -3.062251    -3.062251    -3.062251    -3.062251    -3.062251    -3.062251    -3.062251    -3.062251    -3.062251    -3.062251    -3.062251    -3.062251    -3.062251    -3.062251    -3.062251    -3.062251    -3.062251    -3.062251    -3.062251    -3.062251    -3.062251    -3.062251    -3.062251    -3.062251    -3.062251    -3.062251    -3.062251    -3.062251    -3.062251    -3.062251    -3.062251    -3.062251    -3.062251    -3.062251    -3.062251    -3.062251    -3.062251    -3.062251    -3.062251    -3.062250    -2.787531    -0.841307    -0.355931    -0.248680    -0.209729    -0.196006     0.000000     0.000000     0.000000     0.000000     0.000000     0.000000     0.000000     0.000000     0.000000     0.000000     0.000000     0.000000     0.000000     0.000000     0.000000     0.000000     0.000000     0.000000     0.000000     0.000000    -0.099672    -0.044767    -0.000000    -0.000000    -0.000000     0.000000    -0.000000    -0.000000     0.000000    -0.000000    -0.000000    -0.000000    -0.000000     0.000000     0.000000     0.000000     0.000000     0.000000     0.000000     0.000000     0.000000     0.000000     0.000000     0.000000     0.000000     0.000000     0.000000    -0.019992    -0.000000     0.000000     0.000000     0.000000     0.000000     0.000000     0.000000     0.000000     0.000000     0.000000     0.000000     0.000000     0.000000     0.000000     0.000000     0.000000     0.000000     0.000000     0.000000     0.000000     0.000000     0.000000     0.000000     0.000000
     0.000000     0.000000     0.000000     0.000000     0.000000     0.000000     0.000000     0.000000     0.000000     0.000000     0.000000     0.000000     0.000000     0.000000     0.000000     0.000000     0.000000     0.000000     0.000000     0.000000     0.000000     0.000000     0.000000     0.000000    -3.062251    -3.062251    -3.062251    -3.062251    -3.062251    -3.062251    -3.062251    -3.062251    -3.062251    -3.062251    -3.062251    -3.062251    -3.062251    -3.062251    -3.062251    -3.062251    -3.062251    -3.062251    -3.062251    -3.062251    -3.062251    -3.062251    -3.062251    -3.062251    -3.062251    -3.062251    -3.062251    -3.062251    -3.062251    -3.062251    -3.062251    -3.062251    -3.062251    -3.062251    -3.062251    -3.062251    -3.062251    -3.062251    -3.062251    -3.062251    -3.062251    -3.062251    -3.062251    -3.062251    -3.062251    -3.062251    -3.062251    -3.062251    -3.062251    -3.062251    -3.062251    -3.062251    -3.062251    -3.062251    -3.062251    -3.062251    -3.062251    -3.062251    -3.062243    -2.480354    -0.598171    -0.299289    -0.227961    -0.222305    -0.119365    -0.041295     0.000000     0.000000     0.000000     0.000000     0.000000     0.000000     0.000000     0.000000     0.000000     0.000000     0.000000     0.000000     0.000000     0.000000     0.000000     0.000000     0.000000     0.000000     0.000000     0.000000    -0.142445    -0.015703    -0.000000    -0.000000     0.000000     0.000000     0.000000     0.000000     0.000000     0.000000     0.000000    -0.000000    -0.000000     0.000000     0.000000     0.000000     0.000000     0.000000     0.000000     0.000000     0.000000     0.000000     0.000000     0.000000     0.000000     0.000000     0.000000    -0.000001    -0.000001     0.000000     0.000000     0.000000     0.000000     0.000000     0.000000     0.000000     0.000000     0.000000     0.000000     0.000000     0.000000     0.000000     0.000000     0.000000     0.000000     0.000000     0.000000     0.000000     0.000000     0.000000     0.000000     0.000000
     0.000000     0.000000     0.000000     0.000000     0.000000     0.000000     0.000000     0.000000     0.000000     0.000000     0.000000     0.000000     0.000000     0.000000     0.000000     0.000000     0.000000     0.000000     0.000000     0.000000     0.000000     0.000000     0.000000     0.000000     0.000000    -3.062251    -3.062251    -3.062251    -3.062251    -3.062251    -3.062251    -3.062251    -3.062251    -3.062251    -3.062251    -3.062251    -3.062251    -3.062251    -3.062251    -3.062251    -3.062251    -3.062251    -3.062251    -3.062251    -3.062251    -3.062251    -3.062251    -3.062251    -3.062251    -3.062251    -3.062251    -3.062251    -3.062251    -3.062251    -3.062251    -3.062251    -3.062251    -3.062251    -3.062251    -3.062251    -3.062251    -3.062251    -3.062251    -3.062251    -3.062251    -3.062251    -3.062251    -3.062251    -3.062251    -3.062251    -3.062251    -3.062251    -3.062251    -3.062251    -3.062251    -3.062251    -3.062251    -3.062251    -3.062251    -3.062251    -3.062251    -3.062226    -2.169072    -0.477521    -0.255484    -0.217549    -0.233021     0.000000     0.000000     0.000000     0.000000     0.000000     0.000000     0.000000     0.000000     0.000000     0.000000     0.000000     0.000000     0.000000     0.000000     0.000000     0.000000     0.000000     0.000000     0.000000     0.000000     0.000000     0.000000     0.000000    -0.031709    -0.000001     0.000000     0.000000     0.000000     0.000000     0.000000     0.000000     0.000000     0.000000     0.000000     0.000000     0.000000     0.000000     0.000000     0.000000     0.000000     0.000000     0.000000     0.000000     0.000000     0.000000     0.000000     0.000000     0.000000     0.000000     0.000000     0.000000     0.000000     0.000000     0.000000     0.000000     0.000000     0.000000     0.000000     0.000000     0.000000     0.000000     0.000000     0.000000     0.000000     0.000000     0.000000     0.000000     0.000000     0.000000     0.000000     0.000000     0.000000     0.000000     0.000000     0.000000
     0.000000     0.000000     0.000000     0.000000     0.000000     0.000000     0.000000     0.000000     0.000000     0.000000     0.000000     0.000000     0.000000     0.000000     0.000000     0.000000     0.000000     0.000000     0.000000     0.000000     0.000000     0.000000     0.000000     0.000000     0.000000    -3.062251    -3.062251    -3.062251    -3.062251    -3.062251    -3.062251    -3.062251    -3.062251    -3.062251    -3.062251    -3.062251    -3.062251    -3.062251    -3.062251    -3.062251    -3.062251    -3.062251    -3.062251    -3.062251    -3.062251    -3.062251    -3.062251    -3.062251    -3.062251    -3.062251    -3.062251    -3.062251    -3.062251     0.000000     0.000000     0.000000     0.000000     0.000000     0.000000     0.000000     0.000000     0.000000     0.000000     0.000000    -3.062251    -3.062251    -3.062251    -3.062251    -3.062251    -3.062251    -3.062251    -3.062251    -3.062251    -3.062251    -3.062251    -3.062251    -3.062251    -3.062251    -3.062251    -3.062251    -3.062217    -1.880781    -0.395381    -0.219485    -0.219329    -0.154813     0.000000     0.000000     0.000000     0.000000     0.000000     0.000000     0.000000     0.000000     0.000000     0.000000     0.000000     0.000000     0.000000     0.000000     0.000000     0.000000     0.000000     0.000000     0.000000     0.000000     0.000000     0.000000     0.000000     0.000000     0.000000     0.000000     0.000000     0.000000     0.000000     0.000000     0.000000     0.000000     0.000000     0.000000     0.000000     0.000000     0.000000     0.000000     0.000000     0.000000     0.000000     0.000000     0.000000     0.000000     0.000000     0.000000     0.000000     0.000000     0.000000     0.000000     0.000000     0.000000     0.000000     0.000000     0.000000     0.000000     0.000000     0.000000     0.000000     0.000000     0.000000     0.000000     0.000000     0.000000     0.000000     0.000000     0.000000     0.000000     0.000000     0.000000     0.000000     0.000000     0.000000     0.000000     0.000000     0.000000
     0.000000     0.000000     0.000000     0.000000     0.000000     0.000000     0.000000     0.000000     0.000000     0.000000     0.000000     0.000000     0.000000     0.000000     0.000000     0.000000     0.000000     0.000000     0.000000     0.000000     0.000000     0.000000     0.000000     0.000000     0.000000     0.000000    -3.062251    -3.062251    -3.062251    -3.062251    -3.062251    -3.062251    -3.062251    -3.062251    -3.062251    -3.062251    -3.062251    -3.062251    -3.062251    -3.062251    -3.062251    -3.062251    -3.062251    -3.062251    -3.062251    -3.062251    -3.062251    -3.062251    -3.062251    -3.062251    -3.062251    -3.062251    -3.062251    -0.369292     0.000000    -0.281947    -0.101224    -0.047752     0.000000     0.000000     0.000000     0.000000     0.000000     0.000000     0.000000    -3.062251    -3.062251    -3.062251    -3.062251    -3.062251    -3.062251    -3.062251    -3.062251    -3.062251    -3.062251    -3.062251    -3.062251    -3.062251    -3.062251    -3.062225    -1.622463    -0.329735    -0.196018    -0.208796    -0.121302     0.000000     0.000000     0.000000     0.000000     0.000000     0.000000     0.000000     0.000000     0.000000     0.000000     0.000000     0.000000     0.000000     0.000000     0.000000     0.000000     0.000000     0.000000     0.000000     0.000000     0.000000     0.000000     0.000000     0.000000     0.000000     0.000000     0.000000     0.000000     0.000000     0.000000     0.000000     0.000000     0.000000     0.000000     0.000000     0.000000     0.000000     0.000000     0.000000     0.000000     0.000000     0.000000     0.000000     0.000000     0.000000     0.000000     0.000000     0.000000     0.000000     0.000000     0.000000     0.000000     0.000000     0.000000     0.000000     0.000000     0.000000     0.000000     0.000000     0.000000     0.000000     0.000000     0.000000     0.000000     0.000000     0.000000     0.000000     0.000000     0.000000     0.000000     0.000000     0.000000     0.000000     0.000000     0.000000     0.000000     0.000000
     0.000000     0.000000     0.000000     0.000000     0.000000     0.000000     0.000000     0.000000     0.000000     0.000000     0.000000     0.000000     0.000000     0.000000     0.000000     0.000000     0.000000     0.000000     0.000000     0.000000     0.000000     0.000000     0.000000     0.000000     0.000000     0.000000     0.000000    -3.062251    -3.062251    -3.062251    -3.062251    -3.062251    -3.062251    -3.062251    -3.062251    -3.062251    -3.062251    -3.062251    -3.062251    -3.062251    -3.062251    -3.062251    -3.062251    -3.062251    -3.062251    -3.062251    -3.062251    -3.062251    -3.062251    -3.062251    -3.062251    -3.062251    -0.476032    -0.091167    -0.095024    -0.111786    -0.073277    -0.030235     0.000000     0.000000     0.000000     0.000000     0.000000     0.000000     0.000000    -3.062251    -3.062251    -3.062251    -3.062251    -3.062251    -3.062251    -3.062251    -3.062251    -3.062251    -3.062251    -3.062251    -3.062251    -3.062251    -3.062238    -1.397115    -0.272200    -0.180606    -0.174971    -0.088688    -0.062124     0.000000     0.000000     0.000000     0.000000     0.000000     0.000000     0.000000     0.000000     0.000000     0.000000     0.000000     0.000000     0.000000     0.000000     0.000000     0.000000     0.000000     0.000000     0.000000     0.000000     0.000000     0.000000     0.000000     0.000000     0.000000     0.000000     0.000000     0.000000     0.000000     0.000000     0.000000     0.000000     0.000000     0.000000     0.000000     0.000000     0.000000     0.000000     0.000000     0.000000     0.000000     0.000000     0.000000     0.000000     0.000000     0.000000     0.000000     0.000000     0.000000     0.000000     0.000000     0.000000     0.000000     0.000000     0.000000     0.000000     0.000000     0.000000     0.000000     0.000000     0.000000     0.000000     0.000000     0.000000     0.000000     0.000000     0.000000     0.000000     0.000000     0.000000     0.000000     0.000000     0.000000     0.000000     0.000000     0.000000     0.000000
     0.000000     0.000000     0.000000     0.000000     0.000000     0.000000     0.000000     0.000000     0.000000     0.000000     0.000000     0.000000     0.000000     0.000000     0.000000     0.000000     0.000000     0.000000     0.000000     0.000000     0.000000     0.000000     0.000000     0.000000     0.000000     0.000000     0.000000    -3.062251    -3.062251    -3.062251    -3.062251    -3.062251    -3.062251    -3.062251    -3.062251    -3.062251    -3.062251    -3.062251    -3.062251    -3.062251    -3.062251    -3.062251    -3.062251    -3.062251    -3.062251    -3.062251    -3.062251    -3.062251    -3.062251    -3.062251    -3.062251    -3.062251    -0.209940    -0.054279    -0.059244    -0.050061    -0.032096    -0.008064    -0.001833     0.000000     0.000000     0.000000     0.000000     0.000000     0.000000    -3.062251    -3.062251    -3.062251    -3.062251    -3.062251    -3.062251    -3.062251    -3.062251    -3.062251    -3.062251    -3.062251    -3.062251    -3.062246    -1.189576    -0.216422    -0.159027    -0.119670    -0.062266    -0.047402    -0.046970     0.000000     0.000000     0.000000     0.000000     0.000000     0.000000     0.000000     0.000000     0.000000     0.000000     0.000000     0.000000     0.000000     0.000000     0.000000     0.000000     0.000000     0.000000     0.000000     0.000000     0.000000     0.000000     0.000000     0.000000     0.000000     0.000000     0.000000     0.000000     0.000000     0.000000     0.000000     0.000000     0.000000     0.000000     0.000000     0.000000     0.000000     0.000000     0.000000     0.000000     0.000000     0.000000     0.000000     0.000000     0.000000     0.000000     0.000000     0.000000     0.000000     0.000000     0.000000     0.000000     0.000000     0.000000     0.000000     0.000000     0.000000     0.000000     0.000000     0.000000     0.000000     0.000000     0.000000     0.000000     0.000000     0.000000     0.000000     0.000000     0.000000     0.000000     0.000000     0.000000     0.000000     0.000000     0.000000     0.000000     0.000000
     0.000000     0.000000     0.000000     0.000000     0.000000     0.000000     0.000000     0.000000     0.000000     0.000000     0.000000     0.000000     0.000000     0.000000     0.000000     0.000000     0.000000     0.000000     0.000000     0.000000     0.000000     0.000000     0.000000     0.000000     0.000000     0.000000     0.000000    -3.062251    -3.062251    -3.062251    -3.062251    -3.062251    -3.062251    -3.062251    -3.062251    -3.062251    -3.062251    -3.062251    -3.062251    -3.062251    -3.062251    -3.062251    -3.062251    -3.062251    -3.062251    -3.062251    -3.062251    -3.062251    -3.062251    -3.062251    -3.062251    -1.077214    -0.020618    -0.027892    -0.036449    -0.028999    -0.020938    -0.012169    -0.004673    -0.005189    -0.000000     0.000000     0.000000     0.000000    -3.062251    -3.062251    -3.062251    -3.062251    -3.062251    -3.062251    -3.062251    -3.062251    -3.062251    -3.062251    -3.062251    -3.062251    -3.062249    -0.997304    -0.157387    -0.126003    -0.077134    -0.050394    -0.041903    -0.032820    -0.032721     0.000000     0.000000     0.000000     0.000000     0.000000     0.000000     0.000000     0.000000     0.000000     0.000000     0.000000     0.000000     0.000000     0.000000     0.000000     0.000000     0.000000     0.000000     0.000000     0.000000     0.000000     0.000000     0.000000     0.000000     0.000000     0.000000     0.000000     0.000000     0.000000     0.000000     0.000000     0.000000     0.000000     0.000000     0.000000     0.000000     0.000000     0.000000     0.000000     0.000000     0.000000     0.000000     0.000000     0.000000     0.000000     0.000000     0.000000     0.000000     0.000000     0.000000     0.000000     0.000000     0.000000     0.000000     0.000000     0.000000     0.000000     0.000000     0.000000     0.000000     0.000000     0.000000     0.000000     0.000000     0.000000     0.000000     0.000000     0.000000     0.000000     0.000000     0.000000     0.000000     0.000000     0.000000     0.000000     0.000000     0.000000
     0.000000     0.000000     0.000000     0.000000     0.000000     0.000000     0.000000     0.000000     0.000000     0.000000     0.000000     0.000000     0.000000     0.000000     0.000000     0.000000     0.000000     0.000000     0.000000     0.000000     0.000000     0.000000     0.000000     0.000000     0.000000     0.000000     0.000000     0.000000    -3.062251    -3.062251    -3.062251    -3.062251    -3.062251    -3.062251    -3.062251    -3.062251    -3.062251    -3.062251    -3.062251    -3.062251    -3.062251    -3.062251    -3.062251    -3.062251    -3.062251    -3.062251    -3.062251    -3.062251    -3.062251    -3.062251    -3.062251    -0.244436    -0.024948    -0.033733    -0.025989    -0.018376    -0.012634    -0.008997    -0.004690    -0.000000    -0.000000     0.000000    -3.062251    -3.062251    -3.062251    -3.062251    -3.062251    -3.062251    -3.062251    -3.062251    -3.062251    -3.062251    -3.062251    -3.062251    -3.062251    -3.062250    -0.891212    -0.101859    -0.081924    -0.053109    -0.042484    -0.037550    -0.031578    -0.026747    -0.026815    -0.021172     0.000000     0.000000     0.000000     0.000000     0.000000     0.000000     0.000000     0.000000     0.000000     0.000000     0.000000     0.000000     0.000000     0.000000     0.000000     0.000000     0.000000     0.000000     0.000000     0.000000     0.000000     0.000000     0.000000     0.000000     0.000000     0.000000     0.000000     0.000000     0.000000     0.000000     0.000000     0.000000     0.000000     0.000000     0.000000     0.000000     0.000000     0.000000     0.000000     0.000000     0.000000     0.000000     0.000000     0.000000     0.000000     0.000000     0.000000     0.000000     0.000000     0.000000     0.000000     0.000000     0.000000     0.000000     0.000000     0.000000     0.000000     0.000000     0.000000     0.000000     0.000000     0.000000     0.000000     0.000000     0.000000     0.000000     0.000000     0.000000     0.000000     0.000000     0.000000     0.000000     0.000000     0.000000     0.000000     0.000000
     0.000000     0.000000     0.000000     0.000000     0.000000     0.000000     0.000000     0.000000     0.000000     0.000000     0.000000     0.000000     0.000000     0.000000     0.000000     0.000000     0.000000     0.000000     0.000000     0.000000     0.000000     0.000000     0.000000     0.000000     0.000000     0.000000     0.000000     0.000000     0.000000    -3.062251    -3.062251    -3.062251    -3.062251    -3.062251    -3.062251    -3.062251    -3.062251    -3.062251    -3.062251    -3.062251    -3.062251    -3.062251    -3.062251    -3.062251    -3.062251    -3.062251    -3.062251    -3.062251    -3.062251    -3.062251    -1.685691    -0.064566    -0.011367    -0.032437    -0.023373    -0.016599    -0.008030    -0.000000    -0.000093    -0.000000     0.000000    -3.062251    -3.062251    -3.062251    -3.062251    -3.062251    -3.062251    -3.062251    -3.062251    -3.062251    -3.062251    -3.062251    -3.062251    -3.062251    -3.062251    -2.371965    -0.183815    -0.036778    -0.033103    -0.031078    -0.029466    -0.027478    -0.023260    -0.017328    -0.010553    -0.005485     0.000000     0.000000     0.000000     0.000000     0.000000     0.000000     0.000000     0.000000     0.000000     0.000000     0.000000     0.000000     0.000000     0.000000     0.000000     0.000000     0.000000     0.000000     0.000000     0.000000     0.000000     0.000000     0.000000     0.000000     0.000000     0.000000     0.000000     0.000000     0.000000     0.000000     0.000000     0.000000     0.000000     0.000000     0.000000     0.000000     0.000000     0.000000     0.000000     0.000000     0.000000     0.000000     0.000000     0.000000     0.000000     0.000000     0.000000     0.000000     0.000000     0.000000     0.000000     0.000000     0.000000     0.000000     0.000000     0.000000     0.000000     0.000000     0.000000     0.000000     0.000000     0.000000     0.000000     0.000000     0.000000     0.000000     0.000000     0.000000     0.000000     0.000000     0.000000     0.000000     0.000000     0.000000     0.000000     0.000000
     0.000000     0.000000     0.000000     0.000000     0.000000     0.000000     0.000000     0.000000     0.000000     0.000000     0.000000     0.000000     0.000000     0.000000     0.000000     0.000000     0.000000     0.000000     0.000000     0.000000     0.000000     0.000000     0.000000     0.000000     0.000000     0.000000     0.000000     0.000000     0.000000     0.000000     0.000000    -3.062251    -3.062251    -3.062251    -3.062251    -3.062251    -3.062251    -3.062251    -3.062251    -3.062251    -3.062251    -3.062251    -3.062251    -3.062251    -3.062251    -3.062251    -3.062251    -3.062251    -3.062251    -3.062251    -0.300796    -0.068242    -0.059338    -0.040820    -0.026674    -0.013965    -0.012890     0.000000     0.000000     0.000000    -3.062251    -3.062251    -3.062251    -3.062251    -3.062251    -3.062251    -3.062251    -3.062251    -3.062251    -3.062251    -3.062251    -3.062251    -3.062251    -3.062251    -2.960894    -0.300668    -0.006527    -0.007948    -0.015665    -0.017085    -0.017910    -0.018907    -0.017274    -0.011690    -0.003468    -0.000000     0.000000     0.000000     0.000000     0.000000     0.000000     0.000000     0.000000     0.000000     0.000000     0.000000     0.000000     0.000000     0.000000     0.000000     0.000000     0.000000     0.000000     0.000000     0.000000     0.000000     0.000000     0.000000     0.000000     0.000000     0.000000     0.000000     0.000000     0.000000     0.000000     0.000000     0.000000     0.000000     0.000000     0.000000     0.000000     0.000000     0.000000     0.000000     0.000000     0.000000     0.000000     0.000000     0.000000     0.000000     0.000000     0.000000     0.000000     0.000000     0.000000     0.000000     0.000000     0.000000     0.000000     0.000000     0.000000     0.000000     0.000000     0.000000     0.000000     0.000000     0.000000     0.000000     0.000000     0.000000     0.000000     0.000000     0.000000     0.000000     0.000000     0.000000     0.000000     0.000000     0.000000     0.000000     0.000000     0.000000
     0.000000     0.000000     0.000000     0.000000     0.000000     0.000000     0.000000     0.000000     0.000000     0.000000     0.000000     0.000000     0.000000     0.000000     0.000000     0.000000     0.000000     0.000000     0.000000     0.000000     0.000000     0.000000     0.000000     0.000000     0.000000     0.000000     0.000000     0.000000     0.000000     0.000000     0.000000     0.000000    -3.062251    -3.062251    -3.062251     0.000000     0.000000     0.000000     0.000000     0.000000    -3.062251    -3.062251    -3.062251    -3.062251    -3.062251    -3.062251    -3.062251    -3.062251    -3.062251    -2.897662    -0.159152    -0.081746    -0.071428    -0.051092    -0.031541    -0.023012     0.000000     0.000000     0.000000     0.000000    -3.062251    -3.062251    -3.062251    -3.062251    -3.062251    -3.062251    -3.062251    -3.062251    -3.062251    -3.062251    -3.062251    -3.062251    -3.062251    -3.062251    -0.400771    -0.027233    -0.000001    -0.004930    -0.009084    -0.008967    -0.008894    -0.011346    -0.014195    -0.011714    -0.004546    -0.000000     0.000000     0.000000     0.000000     0.000000     0.000000     0.000000     0.000000     0.000000     0.000000     0.000000     0.000000     0.000000     0.000000     0.000000     0.000000     0.000000     0.000000     0.000000     0.000000     0.000000     0.000000     0.000000     0.000000     0.000000     0.000000     0.000000     0.000000     0.000000     0.000000     0.000000     0.000000     0.000000     0.000000     0.000000     0.000000     0.000000     0.000000     0.000000     0.000000     0.000000     0.000000     0.000000     0.000000     0.000000     0.000000     0.000000     0.000000     0.000000     0.000000     0.000000     0.000000     0.000000     0.000000     0.000000     0.000000     0.000000     0.000000     0.000000     0.000000     0.000000     0.000000     0.000000     0.000000     0.000000     0.000000     0.000000     0.000000     0.000000     0.000000     0.000000     0.000000     0.000000     0.000000     0.000000     0.000000     0.000000
     0.000000     0.000000     0.000000     0.000000     0.000000     0.000000     0.000000     0.000000     0.000000     0.000000     0.000000     0.000000     0.000000     0.000000     0.000000     0.000000     0.000000     0.000000     0.000000     0.000000     0.000000     0.000000     0.000000     0.000000     0.000000     0.000000     0.000000     0.000000     0.000000     0.000000     0.000000     0.000000    -3.062251    -3.062251    -3.062249     0.000000     0.000000     0.000000     0.000000     0.000000     0.000000    -3.062251    -3.062251    -3.062251    -3.062251    -3.062251    -3.062251    -3.062251    -0.640653     0.000000     0.000000    -0.167759    -0.079252    -0.049580    -0.034440     0.000000     0.000000    -3.062251    -3.062251    -3.062251    -3.062251    -3.062251    -3.062251    -3.062251    -3.062251    -3.062251    -3.062251    -3.062251    -3.062251    -3.062251    -3.062251    -3.062251    -3.062251    -2.419285    -0.192917    -0.036205    -0.039043    -0.024270    -0.014166    -0.007500    -0.004378    -0.005288    -0.012979    -0.013321    -0.012945    -0.017307    -0.012073     0.000000     0.000000     0.000000     0.000000     0.000000     0.000000     0.000000     0.000000     0.000000     0.000000     0.000000     0.000000     0.000000     0.000000     0.000000     0.000000     0.000000     0.000000     0.000000     0.000000     0.000000     0.000000     0.000000     0.000000     0.000000     0.000000     0.000000     0.000000     0.000000     0.000000     0.000000     0.000000     0.000000     0.000000     0.000000     0.000000     0.000000     0.000000     0.000000     0.000000     0.000000     0.000000     0.000000     0.000000     0.000000     0.000000     0.000000     0.000000     0.000000     0.000000     0.000000     0.000000     0.000000     0.000000     0.000000     0.000000     0.000000     0.000000     0.000000     0.000000     0.000000     0.000000     0.000000     0.000000     0.000000     0.000000     0.000000     0.000000     0.000000     0.000000     0.000000     0.000000     0.000000     0.000000     0.000000
     0.000000     0.000000     0.000000     0.000000     0.000000     0.000000     0.000000     0.000000     0.000000     0.000000     0.000000     0.000000     0.000000     0.000000     0.000000     0.000000     0.000000     0.000000     0.000000     0.000000     0.000000     0.000000     0.000000     0.000000     0.000000     0.000000     0.000000     0.000000     0.000000     0.000000     0.000000     0.000000     0.000000     0.000000     0.000000     0.000000     0.000000     0.000000     0.000000     0.000000     0.000000     0.000000    -3.062251    -3.062251    -3.062251    -3.062251    -3.062251    -1.075010     0.000000     0.000000     0.000000     0.000000     0.000000     0.000000     0.000000     0.000000     0.000000    -3.062251    -3.062251    -3.062251    -3.062251    -3.062251    -3.062251    -3.062251    -3.062251    -3.062251    -3.062251    -3.062251    -3.062251    -3.062251    -3.062251    -3.062251    -3.060671    -0.360572    -0.153486     0.000000    -0.122534    -0.068578    -0.031547    -0.015100    -0.006719    -0.006003    -0.011156    -0.008621    -0.006866    -0.007952    -0.002038     0.000000     0.000000     0.000000     0.000000     0.000000     0.000000     0.000000     0.000000     0.000000     0.000000     0.000000     0.000000     0.000000     0.000000     0.000000     0.000000     0.000000     0.000000     0.000000     0.000000     0.000000     0.000000     0.000000     0.000000     0.000000     0.000000     0.000000     0.000000     0.000000     0.000000     0.000000     0.000000     0.000000     0.000000     0.000000     0.000000     0.000000     0.000000     0.000000     0.000000     0.000000     0.000000     0.000000     0.000000     0.000000     0.000000     0.000000     0.000000     0.000000     0.000000     0.000000     0.000000     0.000000     0.000000     0.000000     0.000000     0.000000     0.000000     0.000000     0.000000     0.000000     0.000000     0.000000     0.000000     0.000000     0.000000     0.000000     0.000000     0.000000     0.000000     0.000000     0.000000     0.000000     0.000000     0.000000
     0.000000     0.000000     0.000000     0.000000     0.000000     0.000000     0.000000     0.000000     0.000000     0.000000     0.000000     0.000000     0.000000     0.000000     0.000000     0.000000     0.000000     0.000000     0.000000     0.000000     0.000000     0.000000     0.000000     0.000000     0.000000     0.000000     0.000000     0.000000     0.000000     0.000000     0.000000     0.000000     0.000000     0.000000     0.000000     0.000000     0.000000     0.000000     0.000000     0.000000     0.000000     0.000000     0.000000    -3.062251    -3.062243     0.000000     0.000000     0.000000     0.000000     0.000000     0.000000     0.000000     0.000000     0.000000     0.000000     0.000000     0.000000     0.000000    -3.062251    -3.062251    -3.062251    -3.062251    -3.062251    -3.062251    -3.062251    -3.062251    -3.062251    -3.062251    -3.062251    -3.062251    -3.062251    -3.062251    -0.371594     0.000000     0.000000     0.000000     0.000000    -0.116982    -0.049801    -0.023377    -0.015664     0.000000     0.000000     0.000000     0.000000     0.000000     0.000000     0.000000     0.000000     0.000000     0.000000     0.000000     0.000000     0.000000     0.000000     0.000000     0.000000     0.000000     0.000000     0.000000     0.000000     0.000000     0.000000     0.000000     0.000000     0.000000     0.000000     0.000000     0.000000     0.000000     0.000000     0.000000     0.000000     0.000000     0.000000     0.000000     0.000000     0.000000     0.000000     0.000000     0.000000     0.000000     0.000000     0.000000     0.000000     0.000000     0.000000     0.000000     0.000000     0.000000     0.000000     0.000000     0.000000     0.000000     0.000000     0.000000     0.000000     0.000000     0.000000     0.000000     0.000000     0.000000     0.000000     0.000000     0.000000     0.000000     0.000000     0.000000     0.000000     0.000000     0.000000     0.000000     0.000000     0.000000     0.000000     0.000000     0.000000     0.000000     0.000000     0.000000     0.000000     0.000000
     0.000000     0.000000     0.000000     0.000000     0.000000     0.000000     0.000000     0.000000     0.000000     0.000000     0.000000     0.000000     0.000000     0.000000     0.000000     0.000000     0.000000     0.000000     0.000000     0.000000     0.000000     0.000000     0.000000     0.000000     0.000000     0.000000     0.000000     0.000000     0.000000     0.000000     0.000000     0.000000     0.000000     0.000000     0.000000     0.000000     0.000000     0.000000     0.000000     0.000000     0.000000     0.000000     0.000000     0.000000     0.000000     0.000000     0.000000     0.000000     0.000000     0.000000     0.000000     0.000000     0.000000     0.000000     0.000000     0.000000     0.000000     0.000000     0.000000     0.000000    -3.062251    -3.062251    -3.062251    -3.062251    -3.062251    -3.062251    -3.062251    -3.062251    -3.062251    -3.062251    -0.818227     0.000000     0.000000     0.000000     0.000000     0.000000     0.000000    -0.098319    -0.051970    -0.026823    -0.015232     0.000000     0.000000     0.000000     0.000000     0.000000     0.000000     0.000000     0.000000     0.000000     0.000000     0.000000     0.000000     0.000000     0.000000     0.000000     0.000000     0.000000     0.000000     0.000000     0.000000     0.000000     0.000000     0.000000     0.000000     0.000000     0.000000     0.000000     0.000000     0.000000     0.000000     0.000000     0.000000     0.000000     0.000000     0.000000     0.000000     0.000000     0.000000     0.000000     0.000000     0.000000     0.000000     0.000000     0.000000     0.000000     0.000000     0.000000     0.000000     0.000000     0.000000     0.000000     0.000000     0.000000     0.000000     0.000000     0.000000     0.000000     0.000000     0.000000     0.000000     0.000000     0.000000     0.000000     0.000000     0.000000     0.000000     0.000000     0.000000     0.000000     0.000000     0.000000     0.000000     0.000000     0.000000     0.000000     0.000000     0.000000     0.000000     0.000000     0.000000     0.000000
     0.000000     0.000000     0.000000     0.000000     0.000000     0.000000     0.000000     0.000000     0.000000     0.000000     0.000000     0.000000     0.000000     0.000000     0.000000     0.000000     0.000000     0.000000     0.000000     0.000000     0.000000     0.000000     0.000000     0.000000     0.000000     0.000000     0.000000     0.000000     0.000000     0.000000     0.000000     0.000000     0.000000     0.000000     0.000000     0.000000     0.000000     0.000000     0.000000     0.000000     0.000000     0.000000     0.000000     0.000000     0.000000     0.000000     0.000000     0.000000     0.000000     0.000000     0.000000     0.000000     0.000000     0.000000     0.000000     0.000000     0.000000     0.000000     0.000000     0.000000    -3.062251    -3.062251    -3.062251    -3.062251    -3.062251    -3.062251    -3.062251    -3.062251    -3.062251    -3.062251     0.000000     0.000000     0.000000     0.000000     0.000000     0.000000     0.000000     0.000000    -0.043490    -0.016311     0.000000     0.000000     0.000000     0.000000     0.000000     0.000000     0.000000     0.000000     0.000000     0.000000     0.000000     0.000000     0.000000     0.000000     0.000000     0.000000     0.000000     0.000000     0.000000     0.000000     0.000000     0.000000     0.000000     0.000000     0.000000     0.000000     0.000000     0.000000     0.000000     0.000000     0.000000     0.000000     0.000000     0.000000     0.000000     0.000000     0.000000     0.000000     0.000000     0.000000     0.000000     0.000000     0.000000     0.000000     0.000000     0.000000     0.000000     0.000000     0.000000     0.000000     0.000000     0.000000     0.000000     0.000000     0.000000     0.000000     0.000000     0.000000     0.000000     0.000000     0.000000     0.000000     0.000000     0.000000     0.000000     0.000000     0.000000     0.000000     0.000000     0.000000     0.000000     0.000000     0.000000     0.000000     0.000000     0.000000     0.000000     0.000000     0.000000     0.000000     0.000000     0.000000
     0.000000     0.000000     0.000000     0.000000     0.000000     0.000000     0.000000     0.000000     0.000000     0.000000     0.000000     0.000000     0.000000     0.000000     0.000000     0.000000     0.000000     0.000000     0.000000     0.000000     0.000000     0.000000     0.000000     0.000000     0.000000     0.000000     0.000000     0.000000     0.000000     0.000000     0.000000     0.000000     0.000000     0.000000     0.000000     0.000000     0.000000     0.000000     0.000000     0.000000     0.000000     0.000000     0.000000     0.000000     0.000000     0.000000     0.000000     0.000000     0.000000     0.000000     0.000000     0.000000     0.000000     0.000000     0.000000     0.000000     0.000000     0.000000     0.000000     0.000000    -3.062251    -3.062251    -3.062251    -3.062251    -3.062251    -3.062251    -3.062251    -3.062251    -3.062251    -3.062251     0.000000     0.000000     0.000000     0.000000     0.000000     0.000000     0.000000     0.000000     0.000000     0.000000     0.000000     0.000000     0.000000     0.000000     0.000000     0.000000     0.000000     0.000000     0.000000     0.000000     0.000000     0.000000     0.000000     0.000000     0.000000     0.000000     0.000000     0.000000     0.000000     0.000000     0.000000     0.000000     0.000000     0.000000     0.000000     0.000000     0.000000     0.000000     0.000000     0.000000     0.000000     0.000000     0.000000     0.000000     0.000000     0.000000     0.000000     0.000000     0.000000     0.000000     0.000000     0.000000     0.000000     0.000000     0.000000     0.000000     0.000000     0.000000     0.000000     0.000000     0.000000     0.000000     0.000000     0.000000     0.000000     0.000000     0.000000     0.000000     0.000000     0.000000     0.000000     0.000000     0.000000     0.000000     0.000000     0.000000     0.000000     0.000000     0.000000     0.000000     0.000000     0.000000     0.000000     0.000000     0.000000     0.000000     0.000000     0.000000     0.000000     0.000000     0.000000     0.000000
     0.000000     0.000000     0.000000     0.000000     0.000000     0.000000     0.000000     0.000000     0.000000     0.000000     0.000000     0.000000     0.000000     0.000000     0.000000     0.000000     0.000000     0.000000     0.000000     0.000000     0.000000     0.000000     0.000000     0.000000     0.000000     0.000000     0.000000     0.000000     0.000000     0.000000     0.000000     0.000000     0.000000     0.000000     0.000000     0.000000     0.000000     0.000000     0.000000     0.000000     0.000000     0.000000     0.000000     0.000000     0.000000     0.000000     0.000000     0.000000     0.000000     0.000000     0.000000     0.000000     0.000000     0.000000     0.000000     0.000000     0.000000     0.000000     0.000000     0.000000    -3.062251    -3.062251    -3.062251    -3.062251    -3.062251    -3.062251    -3.062251    -3.062251    -3.062251    -3.058029     0.000000     0.000000     0.000000     0.000000     0.000000     0.000000     0.000000     0.000000     0.000000     0.000000     0.000000     0.000000     0.000000     0.000000     0.000000     0.000000     0.000000     0.000000     0.000000     0.000000     0.000000     0.000000     0.000000     0.000000     0.000000     0.000000     0.000000     0.000000     0.000000     0.000000     0.000000     0.000000     0.000000     0.000000     0.000000     0.000000     0.000000     0.000000     0.000000     0.000000     0.000000     0.000000     0.000000     0.000000     0.000000     0.000000     0.000000     0.000000     0.000000     0.000000     0.000000     0.000000     0.000000     0.000000     0.000000     0.000000     0.000000     0.000000     0.000000     0.000000     0.000000     0.000000     0.000000     0.000000     0.000000     0.000000     0.000000     0.000000     0.000000     0.000000     0.000000     0.000000     0.000000     0.000000     0.000000     0.000000     0.000000     0.000000     0.000000     0.000000     0.000000     0.000000     0.000000     0.000000     0.000000     0.000000     0.000000     0.000000     0.000000     0.000000     0.000000     0.000000
     0.000000     0.000000     0.000000     0.000000     0.000000     0.000000     0.000000     0.000000     0.000000     0.000000     0.000000     0.000000     0.000000     0.000000     0.000000     0.000000     0.000000     0.000000     0.000000     0.000000     0.000000     0.000000     0.000000     0.000000     0.000000     0.000000     0.000000     0.000000     0.000000     0.000000     0.000000     0.000000     0.000000     0.000000     0.000000     0.000000     0.000000     0.000000     0.000000     0.000000     0.000000     0.000000     0.000000     0.000000     0.000000     0.000000     0.000000     0.000000     0.000000     0.000000     0.000000     0.000000     0.000000     0.000000     0.000000     0.000000     0.000000     0.000000     0.000000     0.000000     0.000000     0.000000     0.000000    -3.062251    -3.062251    -3.062251    -3.062251    -3.062251    -3.062251    -0.419582     0.000000     0.000000     0.000000     0.000000     0.000000     0.000000     0.000000     0.000000     0.000000     0.000000     0.000000     0.000000     0.000000     0.000000     0.000000     0.000000     0.000000     0.000000     0.000000     0.000000     0.000000     0.000000     0.000000     0.000000     0.000000     0.000000     0.000000     0.000000     0.000000     0.000000     0.000000     0.000000     0.000000     0.000000     0.000000     0.000000     0.000000     0.000000     0.000000     0.000000     0.000000     0.000000     0.000000     0.000000     0.000000     0.000000     0.000000     0.000000     0.000000     0.000000     0.000000     0.000000     0.000000     0.000000     0.000000     0.000000     0.000000     0.000000     0.000000     0.000000     0.000000     0.000000     0.000000     0.000000     0.000000     0.000000     0.000000     0.000000     0.000000     0.000000     0.000000     0.000000     0.000000     0.000000     0.000000     0.000000     0.000000     0.000000     0.000000     0.000000     0.000000     0.000000     0.000000     0.000000     0.000000     0.000000     0.000000     0.000000     0.000000     0.000000     0.000000     0.000000
     0.000000     0.000000     0.000000     0.000000     0.000000     0.000000     0.000000     0.000000     0.000000     0.000000     0.000000     0.000000     0.000000     0.000000     0.000000     0.000000     0.000000     0.000000     0.000000     0.000000     0.000000     0.000000     0.000000     0.000000     0.000000     0.000000     0.000000     0.000000     0.000000     0.000000     0.000000     0.000000     0.000000     0.000000     0.000000     0.000000     0.000000     0.000000     0.000000     0.000000     0.000000     0.000000     0.000000     0.000000     0.000000     0.000000     0.000000     0.000000     0.000000     0.000000     0.000000     0.000000     0.000000     0.000000     0.000000     0.000000     0.000000     0.000000     0.000000     0.000000     0.000000     0.000000     0.000000     0.000000     0.000000     0.000000     0.000000    -3.062251    -3.062251    -0.142241     0.000000     0.000000     0.000000     0.000000     0.000000     0.000000     0.000000     0.000000     0.000000     0.000000     0.000000     0.000000     0.000000     0.000000     0.000000     0.000000     0.000000     0.000000     0.000000     0.000000     0.000000     0.000000     0.000000     0.000000     0.000000     0.000000     0.000000     0.000000     0.000000     0.000000     0.000000     0.000000     0.000000     0.000000     0.000000     0.000000     0.000000     0.000000     0.000000     0.000000     0.000000     0.000000     0.000000     0.000000     0.000000     0.000000     0.000000     0.000000     0.000000     0.000000     0.000000     0.000000     0.000000     0.000000     0.000000     0.000000     0.000000     0.000000     0.000000     0.000000     0.000000     0.000000     0.000000     0.000000     0.000000     0.000000     0.000000     0.000000     0.000000     0.000000     0.000000     0.000000     0.000000     0.000000     0.000000     0.000000     0.000000     0.000000     0.000000     0.000000     0.000000     0.000000     0.000000     0.000000     0.000000     0.000000     0.000000     0.000000     0.000000     0.000000     0.000000     0.000000
     0.000000     0.000000     0.000000     0.000000     0.000000     0.000000     0.000000     0.000000     0.000000     0.000000     0.000000     0.000000     0.000000     0.000000     0.000000     0.000000     0.000000     0.000000     0.000000     0.000000     0.000000     0.000000     0.000000     0.000000     0.000000     0.000000     0.000000     0.000000     0.000000     0.000000     0.000000     0.000000     0.000000     0.000000     0.000000     0.000000     0.000000     0.000000     0.000000     0.000000     0.000000     0.000000     0.000000     0.000000     0.000000     0.000000     0.000000     0.000000     0.000000     0.000000     0.000000     0.000000     0.000000     0.000000     0.000000     0.000000     0.000000     0.000000     0.000000     0.000000     0.000000     0.000000     0.000000     0.000000     0.000000     0.000000     0.000000    -3.062251    -2.090260    -0.000002     0.000000     0.000000     0.000000     0.000000     0.000000     0.000000     0.000000     0.000000     0.000000     0.000000     0.000000     0.000000     0.000000     0.000000     0.000000     0.000000     0.000000     0.000000     0.000000     0.000000     0.000000     0.000000     0.000000     0.000000     0.000000     0.000000     0.000000     0.000000     0.000000     0.000000     0.000000     0.000000     0.000000     0.000000     0.000000     0.000000     0.000000     0.000000     0.000000     0.000000     0.000000     0.000000     0.000000     0.000000     0.000000     0.000000     0.000000     0.000000     0.000000     0.000000     0.000000     0.000000     0.000000     0.000000     0.000000     0.000000     0.000000     0.000000     0.000000     0.000000     0.000000     0.000000     0.000000     0.000000     0.000000     0.000000     0.000000     0.000000     0.000000     0.000000     0.000000     0.000000     0.000000     0.000000     0.000000     0.000000     0.000000     0.000000     0.000000     0.000000     0.000000     0.000000     0.000000     0.000000     0.000000     0.000000     0.000000     0.000000     0.000000     0.000000     0.000000     0.000000
     0.000000     0.000000     0.000000     0.000000     0.000000     0.000000     0.000000     0.000000     0.000000     0.000000     0.000000     0.000000     0.000000     0.000000     0.000000     0.000000     0.000000     0.000000     0.000000     0.000000     0.000000     0.000000     0.000000     0.000000     0.000000     0.000000     0.000000     0.000000     0.000000     0.000000     0.000000     0.000000     0.000000     0.000000     0.000000     0.000000     0.000000     0.000000     0.000000     0.000000     0.000000     0.000000     0.000000     0.000000     0.000000     0.000000     0.000000     0.000000     0.000000     0.000000     0.000000     0.000000     0.000000     0.000000     0.000000     0.000000     0.000000     0.000000     0.000000     0.000000     0.000000     0.000000     0.000000     0.000000     0.000000     0.000000     0.000000     0.000000     0.000000     0.000000     0.000000     0.000000     0.000000     0.000000     0.000000     0.000000     0.000000     0.000000     0.000000     0.000000     0.000000     0.000000     0.000000     0.000000     0.000000     0.000000     0.000000     0.000000     0.000000     0.000000     0.000000     0.000000     0.000000     0.000000     0.000000     0.000000     0.000000     0.000000     0.000000     0.000000     0.000000     0.000000     0.000000     0.000000     0.000000     0.000000     0.000000     0.000000     0.000000     0.000000     0.000000     0.000000     0.000000     0.000000     0.000000     0.000000     0.000000     0.000000     0.000000     0.000000     0.000000     0.000000     0.000000     0.000000     0.000000     0.000000     0.000000     0.000000     0.000000     0.000000     0.000000     0.000000     0.000000     0.000000     0.000000     0.000000     0.000000     0.000000     0.000000     0.000000     0.000000     0.000000     0.000000     0.000000     0.000000     0.000000     0.000000     0.000000     0.000000     0.000000     0.000000     0.000000     0.000000     0.000000     0.000000     0.000000     0.000000     0.000000     0.000000     0.000000     0.000000     0.000000
     0.000000     0.000000     0.000000     0.000000     0.000000     0.000000     0.000000     0.000000     0.000000     0.000000     0.000000     0.000000     0.000000     0.000000     0.000000     0.000000     0.000000     0.000000     0.000000     0.000000     0.000000     0.000000     0.000000     0.000000     0.000000     0.000000     0.000000     0.000000     0.000000     0.000000     0.000000     0.000000     0.000000     0.000000     0.000000     0.000000     0.000000     0.000000     0.000000     0.000000     0.000000     0.000000     0.000000     0.000000     0.000000     0.000000     0.000000     0.000000     0.000000     0.000000     0.000000     0.000000     0.000000     0.000000     0.000000     0.000000     0.000000     0.000000     0.000000     0.000000     0.000000     0.000000     0.000000     0.000000     0.000000     0.000000     0.000000     0.000000     0.000000     0.000000     0.000000     0.000000     0.000000     0.000000     0.000000     0.000000     0.000000     0.000000     0.000000     0.000000     0.000000     0.000000     0.000000     0.000000     0.000000     0.000000     0.000000     0.000000     0.000000     0.000000     0.000000     0.000000     0.000000     0.000000     0.000000     0.000000     0.000000     0.000000     0.000000     0.000000     0.000000     0.000000     0.000000     0.000000     0.000000     0.000000     0.000000     0.000000     0.000000     0.000000     0.000000     0.000000     0.000000     0.000000     0.000000     0.000000     0.000000     0.000000     0.000000     0.000000     0.000000     0.000000     0.000000     0.000000     0.000000     0.000000     0.000000     0.000000     0.000000     0.000000     0.000000     0.000000     0.000000     0.000000     0.000000     0.000000     0.000000     0.000000     0.000000     0.000000     0.000000     0.000000     0.000000     0.000000     0.000000     0.000000     0.000000     0.000000     0.000000     0.000000     0.000000     0.000000     0.000000     0.000000     0.000000     0.000000     0.000000     0.000000     0.000000     0.000000     0.000000     0.000000
