     0.000000     0.000000     0.000000     0.000000     0.000000     0.000000     0.000000     0.000000     0.000000     0.000000     0.000000     0.000000     0.000000     0.000000     0.000000     0.000000     0.000000     0.000000     0.000000     0.000000     0.000000     0.000000     0.000000     0.000000     0.000000     0.000000     0.000000     0.000000     0.000000     0.000000     0.000000     0.000000     0.000000     0.000000     0.000000     0.000000     0.000000     0.000000     0.000000     0.000000     0.000000     0.000000     0.000000     0.000000     0.000000     0.000000     0.000000     0.000000     0.000000     0.000000     0.000000     0.000000     0.000000     0.000000     0.000000     0.000000     0.000000     0.000000     0.000000     0.000000     0.000000     0.000000     0.000000     0.000000     0.000000     0.000000     0.000000     0.000000     0.000000     0.000000     0.000000     0.000000     0.000000     0.000000     0.000000     0.000000     0.000000     0.000000     0.000000     0.000000     0.000000     0.000000     0.000000     0.000000     0.000000     0.000000     0.000000     0.000000     0.000000     0.000000     0.000000     0.000000     0.000000     0.000000     0.000000     0.000000     0.000000     0.000000     0.000000     0.000000     0.000000     0.000000     0.000000     0.000000     0.000000     0.000000     0.000000     0.000000     0.000000     0.000000     0.000000     0.000000     0.000000   271.350000   271.350000   271.350000   271.350000   271.350000   271.350000   271.350000   271.350000   271.350000   271.350000   271.350000   271.380040     0.000000     0.000000     0.000000     0.000000     0.000000     0.000000     0.000000     0.000000     0.000000     0.000000     0.000000     0.000000     0.000000   271.350000   271.350000   271.350000   271.350000   271.350000   271.350000   271.350000   271.350000   271.350000   271.350000   271.350000   271.350000   271.350000   271.350000   271.350000   271.350000   271.350000   271.350000   271.350000   271.350000   271.350000   271.350000
     0.000000     0.000000     0.000000     0.000000     0.000000     0.000000     0.000000     0.000000     0.000000     0.000000     0.000000     0.000000     0.000000     0.000000     0.000000     0.000000     0.000000     0.000000     0.000000     0.000000     0.000000     0.000000     0.000000     0.000000     0.000000     0.000000     0.000000     0.000000     0.000000     0.000000     0.000000     0.000000     0.000000     0.000000     0.000000     0.000000     0.000000     0.000000     0.000000     0.000000     0.000000     0.000000     0.000000     0.000000     0.000000     0.000000     0.000000     0.000000     0.000000     0.000000     0.000000     0.000000     0.000000     0.000000     0.000000     0.000000     0.000000     0.000000     0.000000     0.000000     0.000000     0.000000     0.000000     0.000000     0.000000     0.000000     0.000000     0.000000     0.000000     0.000000     0.000000     0.000000     0.000000     0.000000     0.000000     0.000000     0.000000     0.000000     0.000000     0.000000     0.000000     0.000000     0.000000     0.000000     0.000000     0.000000     0.000000     0.000000     0.000000     0.000000     0.000000     0.000000     0.000000     0.000000     0.000000     0.000000     0.000000     0.000000     0.000000     0.000000     0.000000     0.000000     0.000000     0.000000     0.000000     0.000000     0.000000     0.000000     0.000000     0.000000     0.000000     0.000000     0.000000   271.350000   271.350000   271.350000   271.350000   271.350000   271.350000   271.350000   271.350000   271.350000   271.350000   271.350000   271.379892   271.380000   271.380129   271.380251   271.380552     0.000000     0.000000     0.000000     0.000000     0.000000     0.000000     0.000000     0.000000     0.000000   271.350000   271.350000   271.350000   271.350000   271.350000   271.350000   271.350000   271.350000   271.350000   271.350000   271.350000   271.350000   271.350000   271.350000   271.350000   271.350000   271.350000   271.350000   271.350000   271.350000   271.350000   271.350000
     0.000000     0.000000     0.000000     0.000000     0.000000     0.000000     0.000000     0.000000     0.000000     0.000000     0.000000     0.000000     0.000000     0.000000     0.000000     0.000000     0.000000     0.000000     0.000000     0.000000     0.000000     0.000000     0.000000     0.000000     0.000000     0.000000     0.000000     0.000000     0.000000     0.000000     0.000000     0.000000     0.000000     0.000000     0.000000     0.000000     0.000000     0.000000     0.000000     0.000000     0.000000     0.000000     0.000000     0.000000     0.000000     0.000000     0.000000     0.000000     0.000000     0.000000     0.000000     0.000000     0.000000     0.000000     0.000000     0.000000     0.000000     0.000000     0.000000     0.000000     0.000000     0.000000     0.000000     0.000000     0.000000     0.000000     0.000000     0.000000     0.000000     0.000000     0.000000     0.000000     0.000000     0.000000     0.000000     0.000000     0.000000     0.000000     0.000000     0.000000     0.000000     0.000000     0.000000     0.000000     0.000000     0.000000     0.000000     0.000000     0.000000     0.000000     0.000000     0.000000     0.000000     0.000000     0.000000     0.000000     0.000000     0.000000     0.000000     0.000000     0.000000     0.000000     0.000000     0.000000     0.000000     0.000000     0.000000     0.000000     0.000000     0.000000     0.000000     0.000000     0.000000   271.350000   271.350000   271.350000   271.350000   271.350000   271.350000   271.350000   271.350000   271.350000   271.350000   271.350000   271.350000   271.350000   271.373731   271.374069   271.380210   271.380436     0.000000     0.000000     0.000000     0.000000     0.000000     0.000000     0.000000     0.000000     0.000000   271.350000   271.350004   271.350004   271.350005   271.350006   271.350007   271.350008   271.350010   271.350011   271.350013   271.350015   271.350017   271.350020   271.350022   271.350025   271.350028   271.350032   271.350035   271.350039   271.350043   271.350047
     0.000000     0.000000     0.000000     0.000000     0.000000     0.000000     0.000000     0.000000     0.000000     0.000000     0.000000     0.000000     0.000000     0.000000     0.000000     0.000000     0.000000     0.000000     0.000000     0.000000     0.000000     0.000000     0.000000     0.000000     0.000000     0.000000     0.000000     0.000000     0.000000     0.000000     0.000000     0.000000     0.000000     0.000000     0.000000     0.000000     0.000000     0.000000     0.000000     0.000000     0.000000     0.000000     0.000000     0.000000     0.000000     0.000000     0.000000     0.000000     0.000000     0.000000     0.000000     0.000000     0.000000     0.000000     0.000000     0.000000     0.000000     0.000000     0.000000     0.000000     0.000000     0.000000     0.000000     0.000000     0.000000     0.000000     0.000000     0.000000     0.000000     0.000000     0.000000     0.000000     0.000000     0.000000     0.000000     0.000000     0.000000     0.000000     0.000000     0.000000     0.000000     0.000000     0.000000     0.000000     0.000000     0.000000     0.000000     0.000000     0.000000     0.000000     0.000000     0.000000     0.000000     0.000000     0.000000     0.000000     0.000000     0.000000     0.000000     0.000000     0.000000     0.000000     0.000000     0.000000     0.000000     0.000000     0.000000     0.000000     0.000000     0.000000     0.000000     0.000000     0.000000     0.000000     0.000000   271.350000   271.350000   271.350000   271.350000   271.350000   271.350000   271.350000   271.350000   271.350000   271.350000   271.350000   271.350013   271.350013   271.350014   271.380175     0.000000     0.000000     0.000000     0.000000     0.000000     0.000000     0.000000     0.000000     0.000000   271.350000   271.350201   271.350236   271.350277   271.350325   271.350381   271.350446   271.350521   271.350606   271.350704   271.350814   271.350937   271.351074   271.351224   271.351389   271.351568   271.351760   271.351965   271.352182   271.352409   271.352646
     0.000000     0.000000     0.000000     0.000000     0.000000     0.000000     0.000000     0.000000     0.000000     0.000000     0.000000     0.000000     0.000000     0.000000     0.000000     0.000000     0.000000     0.000000     0.000000     0.000000     0.000000     0.000000     0.000000     0.000000     0.000000     0.000000     0.000000     0.000000     0.000000     0.000000     0.000000     0.000000     0.000000     0.000000     0.000000     0.000000     0.000000     0.000000     0.000000     0.000000     0.000000     0.000000     0.000000     0.000000     0.000000     0.000000     0.000000     0.000000     0.000000     0.000000     0.000000     0.000000     0.000000     0.000000     0.000000     0.000000     0.000000     0.000000     0.000000     0.000000     0.000000     0.000000     0.000000     0.000000     0.000000     0.000000     0.000000     0.000000     0.000000     0.000000     0.000000     0.000000     0.000000     0.000000     0.000000     0.000000     0.000000     0.000000     0.000000     0.000000     0.000000     0.000000     0.000000     0.000000     0.000000     0.000000     0.000000     0.000000     0.000000     0.000000     0.000000     0.000000     0.000000     0.000000     0.000000     0.000000     0.000000     0.000000     0.000000     0.000000     0.000000     0.000000     0.000000     0.000000     0.000000     0.000000     0.000000     0.000000     0.000000     0.000000     0.000000     0.000000     0.000000     0.000000     0.000000     0.000000   271.350000   271.350000   271.350000   271.350000   271.350000   271.350000   271.350000   271.350000   271.350000   271.350000   271.350000   271.350000   271.350000   271.380010   271.380144     0.000000     0.000000     0.000000     0.000000     0.000000     0.000000     0.000000     0.000000   271.350000   271.357958   271.359191   271.360625   271.362212   271.363984   271.365994   271.368256   271.370780   271.373570   271.376630   271.379957   271.383548   271.387394   271.391484   271.395806   271.400344   271.405080   271.409996   271.415073   271.420290
     0.000000     0.000000     0.000000     0.000000     0.000000     0.000000     0.000000     0.000000     0.000000     0.000000     0.000000     0.000000     0.000000     0.000000     0.000000     0.000000     0.000000     0.000000     0.000000     0.000000     0.000000     0.000000     0.000000     0.000000     0.000000     0.000000     0.000000     0.000000     0.000000     0.000000     0.000000     0.000000     0.000000     0.000000     0.000000     0.000000     0.000000     0.000000     0.000000     0.000000     0.000000     0.000000     0.000000     0.000000     0.000000     0.000000     0.000000     0.000000     0.000000     0.000000     0.000000     0.000000     0.000000     0.000000     0.000000     0.000000     0.000000     0.000000     0.000000     0.000000     0.000000     0.000000     0.000000     0.000000     0.000000     0.000000     0.000000     0.000000     0.000000     0.000000     0.000000     0.000000     0.000000     0.000000     0.000000     0.000000     0.000000     0.000000     0.000000     0.000000     0.000000     0.000000     0.000000     0.000000     0.000000     0.000000     0.000000     0.000000     0.000000     0.000000     0.000000     0.000000     0.000000     0.000000     0.000000     0.000000     0.000000     0.000000     0.000000     0.000000     0.000000     0.000000     0.000000     0.000000     0.000000     0.000000     0.000000     0.000000     0.000000     0.000000     0.000000     0.000000     0.000000     0.000000     0.000000     0.000000   271.350000   271.350000   271.350000   271.350000   271.350000   271.350000   271.350000   271.350000   271.350000   271.350000   271.350000   271.350000   271.350000   271.350000   271.379977   271.380119     0.000000     0.000000     0.000000     0.000000     0.000000     0.000000     0.000000   271.350000   271.388733   271.391347   271.394165   271.397154   271.400232   271.403442   271.407015   271.410956   271.415243   271.419861   271.424792   271.430020   271.435529   271.441305   271.447334   271.453601   271.460061   271.466638   271.473419   271.480394
     0.000000     0.000000     0.000000     0.000000     0.000000     0.000000     0.000000     0.000000     0.000000     0.000000     0.000000     0.000000     0.000000     0.000000     0.000000     0.000000     0.000000     0.000000     0.000000     0.000000     0.000000     0.000000     0.000000     0.000000     0.000000     0.000000     0.000000     0.000000     0.000000     0.000000     0.000000     0.000000     0.000000     0.000000     0.000000     0.000000     0.000000     0.000000     0.000000     0.000000     0.000000     0.000000     0.000000     0.000000     0.000000     0.000000     0.000000     0.000000     0.000000     0.000000     0.000000     0.000000     0.000000     0.000000     0.000000     0.000000     0.000000     0.000000     0.000000     0.000000     0.000000     0.000000     0.000000     0.000000     0.000000     0.000000     0.000000     0.000000     0.000000     0.000000     0.000000     0.000000     0.000000     0.000000     0.000000     0.000000     0.000000     0.000000     0.000000     0.000000     0.000000     0.000000     0.000000     0.000000     0.000000     0.000000     0.000000     0.000000     0.000000     0.000000     0.000000     0.000000     0.000000     0.000000     0.000000     0.000000     0.000000     0.000000     0.000000     0.000000     0.000000     0.000000     0.000000     0.000000     0.000000     0.000000     0.000000     0.000000     0.000000     0.000000     0.000000     0.000000     0.000000     0.000000     0.000000     0.000000     0.000000   271.350000   271.350000   271.350000   271.350000   271.350000   271.350000   271.350000   271.350000   271.350000   271.350000   271.350000   271.350000   271.350000   271.350000   271.379952     0.000000     0.000000     0.000000     0.000000     0.000000     0.000000   271.350000   271.386751   271.388780   271.391040   271.393519   271.396206   271.399077   271.402032   271.405143   271.408645   271.412529   271.416771   271.421351   271.426248   271.431445   271.436925   271.442672   271.448671   271.454910   271.461374   271.468053   271.474935
     0.000000     0.000000     0.000000     0.000000     0.000000     0.000000     0.000000     0.000000     0.000000     0.000000     0.000000     0.000000     0.000000     0.000000     0.000000     0.000000     0.000000     0.000000     0.000000     0.000000     0.000000     0.000000     0.000000     0.000000     0.000000     0.000000     0.000000     0.000000     0.000000     0.000000     0.000000     0.000000     0.000000     0.000000     0.000000     0.000000     0.000000     0.000000     0.000000     0.000000     0.000000     0.000000     0.000000     0.000000     0.000000     0.000000     0.000000     0.000000     0.000000     0.000000     0.000000     0.000000     0.000000     0.000000     0.000000     0.000000     0.000000     0.000000     0.000000     0.000000     0.000000     0.000000     0.000000     0.000000     0.000000     0.000000     0.000000     0.000000     0.000000     0.000000     0.000000     0.000000     0.000000     0.000000     0.000000     0.000000     0.000000     0.000000     0.000000     0.000000     0.000000     0.000000     0.000000     0.000000     0.000000     0.000000     0.000000     0.000000     0.000000     0.000000     0.000000     0.000000     0.000000     0.000000     0.000000     0.000000     0.000000     0.000000     0.000000     0.000000     0.000000     0.000000     0.000000     0.000000     0.000000     0.000000     0.000000     0.000000     0.000000     0.000000     0.000000     0.000000     0.000000     0.000000     0.000000     0.000000     0.000000   271.350000   271.350000   271.350000   271.350000   271.350000   271.350000   271.350000   271.350000   271.350000   271.350000   271.350000   271.350000   271.350000   271.350000   271.379864     0.000000   271.350000   271.380217   271.380528   271.381177   271.382143   271.383406   271.384949   271.386757   271.388815   271.391106   271.393619   271.396341   271.399243   271.402221   271.405383   271.408947   271.412890   271.417189   271.421822   271.426767   271.432006   271.437520   271.443292   271.449308   271.455554   271.462015   271.468679
     0.000000     0.000000     0.000000     0.000000     0.000000     0.000000     0.000000     0.000000     0.000000     0.000000     0.000000     0.000000     0.000000     0.000000     0.000000     0.000000     0.000000     0.000000     0.000000     0.000000     0.000000     0.000000     0.000000     0.000000     0.000000     0.000000     0.000000     0.000000     0.000000     0.000000     0.000000     0.000000     0.000000     0.000000     0.000000     0.000000     0.000000     0.000000     0.000000     0.000000     0.000000     0.000000     0.000000     0.000000     0.000000     0.000000     0.000000     0.000000     0.000000     0.000000     0.000000     0.000000     0.000000     0.000000     0.000000     0.000000     0.000000     0.000000     0.000000     0.000000     0.000000     0.000000     0.000000     0.000000     0.000000     0.000000     0.000000     0.000000     0.000000     0.000000     0.000000     0.000000     0.000000     0.000000     0.000000     0.000000     0.000000     0.000000     0.000000     0.000000     0.000000     0.000000     0.000000     0.000000     0.000000     0.000000     0.000000     0.000000     0.000000     0.000000     0.000000     0.000000     0.000000     0.000000     0.000000     0.000000     0.000000     0.000000     0.000000     0.000000     0.000000     0.000000     0.000000     0.000000     0.000000     0.000000     0.000000     0.000000     0.000000     0.000000     0.000000     0.000000     0.000000     0.000000     0.000000     0.000000     0.000000   271.350000   271.350000   271.350000   271.350000   271.350000   271.350000   271.350000   271.350000   271.350000   271.350000   271.350000   271.350000   271.350000   271.350000   271.379923   271.379861   271.379920   271.380068   271.380205   271.380500   271.381137   271.382094   271.383348   271.384880   271.386672   271.388707   271.390969   271.393444   271.396118   271.398952   271.401848   271.404957   271.408455   271.412313   271.416508   271.421015   271.425814   271.430885   271.436212   271.441779   271.447570   271.453573   271.459776
     0.000000     0.000000     0.000000     0.000000     0.000000     0.000000     0.000000     0.000000     0.000000     0.000000     0.000000     0.000000     0.000000     0.000000     0.000000     0.000000     0.000000     0.000000     0.000000     0.000000     0.000000     0.000000     0.000000     0.000000     0.000000     0.000000     0.000000     0.000000     0.000000     0.000000     0.000000     0.000000     0.000000     0.000000     0.000000     0.000000     0.000000     0.000000     0.000000     0.000000     0.000000     0.000000     0.000000     0.000000     0.000000     0.000000     0.000000     0.000000     0.000000     0.000000     0.000000     0.000000     0.000000     0.000000     0.000000     0.000000     0.000000     0.000000     0.000000     0.000000     0.000000     0.000000     0.000000     0.000000     0.000000     0.000000     0.000000     0.000000     0.000000     0.000000     0.000000     0.000000     0.000000     0.000000     0.000000     0.000000     0.000000     0.000000     0.000000     0.000000     0.000000     0.000000     0.000000     0.000000     0.000000     0.000000     0.000000     0.000000     0.000000     0.000000     0.000000     0.000000     0.000000     0.000000     0.000000     0.000000     0.000000     0.000000     0.000000     0.000000     0.000000     0.000000     0.000000     0.000000     0.000000     0.000000     0.000000     0.000000     0.000000     0.000000     0.000000     0.000000     0.000000     0.000000     0.000000     0.000000     0.000000   271.350000   271.350000   271.350000   271.350000   271.350000   271.350000   271.350000   271.350000   271.350000   271.350000   271.350000   271.350000   271.350000   271.350000   271.350000   271.350000   271.350000   271.350000   271.379052   271.376608   271.369882   271.381178   271.382108   271.382578   271.381738   271.376990   271.366461   271.356280   271.351687   271.350375   271.350074   271.350013   271.350002   271.350000   271.350000   271.350000   271.350000   271.350000   271.350000   271.350000   271.350000   271.350000   271.350000
     0.000000     0.000000     0.000000     0.000000     0.000000     0.000000     0.000000     0.000000     0.000000     0.000000     0.000000     0.000000     0.000000     0.000000     0.000000     0.000000     0.000000     0.000000     0.000000     0.000000     0.000000     0.000000     0.000000     0.000000     0.000000     0.000000     0.000000     0.000000     0.000000     0.000000     0.000000     0.000000     0.000000     0.000000     0.000000     0.000000     0.000000     0.000000     0.000000     0.000000     0.000000     0.000000     0.000000     0.000000     0.000000     0.000000     0.000000     0.000000     0.000000     0.000000     0.000000     0.000000     0.000000     0.000000     0.000000     0.000000     0.000000     0.000000     0.000000     0.000000     0.000000     0.000000     0.000000     0.000000     0.000000     0.000000     0.000000     0.000000     0.000000     0.000000     0.000000     0.000000     0.000000     0.000000     0.000000     0.000000     0.000000     0.000000     0.000000     0.000000     0.000000     0.000000     0.000000     0.000000     0.000000     0.000000     0.000000     0.000000     0.000000     0.000000     0.000000     0.000000     0.000000     0.000000     0.000000     0.000000     0.000000     0.000000     0.000000     0.000000     0.000000     0.000000     0.000000     0.000000     0.000000     0.000000     0.000000     0.000000     0.000000     0.000000     0.000000     0.000000     0.000000     0.000000     0.000000     0.000000     0.000000     0.000000   271.350000   271.350000   271.350000   271.350000   271.350000   271.350000   271.350000   271.350000   271.350000   271.350000   271.350000   271.350000   271.350000   271.350000   271.350000   271.350000   271.350000   271.350006   271.350002   271.350000   271.350000   271.350002   271.350003   271.350002   271.350001   271.350000   271.350000   271.350000   271.350000   271.350000   271.350000   271.350000   271.350000   271.350000   271.350000   271.350000   271.350000   271.350000   271.350000   271.350000   271.350000   271.350000
     0.000000     0.000000     0.000000     0.000000     0.000000     0.000000     0.000000     0.000000     0.000000     0.000000     0.000000     0.000000     0.000000     0.000000     0.000000     0.000000     0.000000     0.000000     0.000000     0.000000     0.000000     0.000000     0.000000     0.000000     0.000000     0.000000     0.000000     0.000000     0.000000     0.000000     0.000000     0.000000     0.000000     0.000000     0.000000     0.000000     0.000000     0.000000     0.000000     0.000000     0.000000     0.000000     0.000000     0.000000     0.000000     0.000000     0.000000     0.000000     0.000000     0.000000     0.000000     0.000000     0.000000     0.000000     0.000000     0.000000     0.000000     0.000000     0.000000     0.000000     0.000000     0.000000     0.000000     0.000000     0.000000     0.000000     0.000000     0.000000     0.000000     0.000000     0.000000     0.000000     0.000000     0.000000     0.000000     0.000000     0.000000     0.000000     0.000000     0.000000     0.000000     0.000000     0.000000     0.000000     0.000000     0.000000     0.000000     0.000000     0.000000     0.000000     0.000000     0.000000     0.000000     0.000000     0.000000     0.000000     0.000000     0.000000     0.000000     0.000000     0.000000     0.000000     0.000000     0.000000     0.000000     0.000000     0.000000     0.000000     0.000000     0.000000     0.000000     0.000000     0.000000     0.000000     0.000000     0.000000     0.000000     0.000000   271.350000   271.350000   271.350000   271.350000   271.350000   271.350000   271.350000   271.350000   271.350000   271.350000   271.350000   271.350000   271.350000   271.350000   271.350000   271.350000   271.350000   271.350000   271.350000   271.350000   271.350000   271.350000   271.350000   271.350000   271.350000   271.350000   271.350000   271.350000   271.350000   271.350000   271.350000   271.350000   271.350000   271.350000   271.350000   271.350000   271.350000   271.350000   271.350000   271.350000   271.350000   271.350000
     0.000000     0.000000     0.000000     0.000000     0.000000     0.000000     0.000000     0.000000     0.000000     0.000000     0.000000     0.000000     0.000000     0.000000     0.000000     0.000000     0.000000     0.000000     0.000000     0.000000     0.000000     0.000000     0.000000     0.000000     0.000000     0.000000     0.000000     0.000000     0.000000     0.000000     0.000000     0.000000     0.000000     0.000000     0.000000     0.000000     0.000000     0.000000     0.000000     0.000000     0.000000     0.000000     0.000000     0.000000     0.000000     0.000000     0.000000     0.000000     0.000000     0.000000     0.000000     0.000000     0.000000     0.000000     0.000000     0.000000     0.000000     0.000000     0.000000     0.000000     0.000000     0.000000     0.000000     0.000000     0.000000     0.000000     0.000000     0.000000     0.000000     0.000000     0.000000     0.000000     0.000000     0.000000     0.000000     0.000000     0.000000     0.000000     0.000000     0.000000     0.000000     0.000000     0.000000     0.000000     0.000000     0.000000     0.000000     0.000000     0.000000     0.000000     0.000000     0.000000     0.000000     0.000000     0.000000     0.000000     0.000000     0.000000     0.000000     0.000000     0.000000     0.000000     0.000000     0.000000     0.000000     0.000000     0.000000     0.000000     0.000000     0.000000     0.000000     0.000000     0.000000     0.000000     0.000000     0.000000     0.000000   271.350000   271.350000   271.350000   271.350000   271.350000   271.350000   271.350000   271.350000   271.350000   271.350000   271.350000   271.350000   271.350000   271.350000   271.350000   271.350000   271.350000   271.350000   271.350000   271.350000   271.350000   271.350000   271.350000   271.350000   271.350000   271.350000   271.350000   271.350000   271.350000   271.350000   271.350000   271.350000   271.350000   271.350000   271.350000   271.350000   271.350000   271.350000   271.350000   271.350000   271.350000   271.350000   271.350000
     0.000000     0.000000     0.000000     0.000000     0.000000     0.000000     0.000000     0.000000     0.000000     0.000000     0.000000     0.000000     0.000000     0.000000     0.000000     0.000000     0.000000     0.000000     0.000000     0.000000     0.000000     0.000000     0.000000     0.000000     0.000000     0.000000     0.000000     0.000000     0.000000     0.000000     0.000000     0.000000     0.000000     0.000000     0.000000     0.000000     0.000000     0.000000     0.000000     0.000000     0.000000     0.000000     0.000000     0.000000     0.000000     0.000000     0.000000     0.000000     0.000000     0.000000     0.000000     0.000000     0.000000     0.000000     0.000000     0.000000     0.000000     0.000000     0.000000     0.000000     0.000000     0.000000     0.000000     0.000000     0.000000     0.000000     0.000000     0.000000     0.000000     0.000000     0.000000     0.000000     0.000000     0.000000     0.000000     0.000000     0.000000     0.000000     0.000000     0.000000     0.000000     0.000000     0.000000     0.000000     0.000000     0.000000     0.000000     0.000000     0.000000     0.000000     0.000000     0.000000     0.000000     0.000000     0.000000     0.000000     0.000000     0.000000     0.000000     0.000000     0.000000     0.000000     0.000000     0.000000     0.000000     0.000000     0.000000     0.000000     0.000000     0.000000     0.000000     0.000000     0.000000     0.000000     0.000000     0.000000     0.000000   271.350000   271.350000   271.350000   271.350000   271.350000   271.350000   271.350000   271.350000   271.350000   271.350000   271.350000   271.350000   271.350000   271.350000   271.350000   271.350000   271.350000   271.350000   271.350000   271.350000   271.350000   271.350000   271.350000   271.350000   271.350000   271.350000   271.350000   271.350000   271.350000   271.350000   271.350000   271.350000   271.350000   271.350000   271.350000   271.350000   271.350000   271.350000   271.350000   271.350000   271.350000   271.350000   271.350000
     0.000000     0.000000     0.000000     0.000000     0.000000     0.000000     0.000000     0.000000     0.000000     0.000000     0.000000     0.000000     0.000000     0.000000     0.000000     0.000000     0.000000     0.000000     0.000000     0.000000     0.000000     0.000000     0.000000     0.000000     0.000000     0.000000     0.000000     0.000000     0.000000     0.000000     0.000000     0.000000     0.000000     0.000000     0.000000     0.000000     0.000000     0.000000     0.000000     0.000000     0.000000     0.000000     0.000000     0.000000     0.000000     0.000000     0.000000     0.000000     0.000000     0.000000     0.000000     0.000000     0.000000     0.000000     0.000000     0.000000     0.000000     0.000000     0.000000     0.000000     0.000000     0.000000     0.000000     0.000000     0.000000     0.000000     0.000000     0.000000     0.000000     0.000000     0.000000     0.000000     0.000000     0.000000     0.000000     0.000000     0.000000     0.000000     0.000000     0.000000     0.000000     0.000000     0.000000     0.000000     0.000000     0.000000     0.000000     0.000000     0.000000     0.000000     0.000000     0.000000     0.000000     0.000000     0.000000     0.000000     0.000000     0.000000     0.000000     0.000000     0.000000     0.000000     0.000000     0.000000     0.000000     0.000000     0.000000     0.000000     0.000000     0.000000     0.000000     0.000000     0.000000     0.000000     0.000000     0.000000     0.000000   271.350000   271.350000   271.350000   271.350000   271.350000   271.350000   271.350000   271.350000   271.350000   271.350000   271.350000   271.350000   271.350000   271.350000   271.350000   271.350000   271.350000   271.350000   271.350000   271.350000   271.350000   271.350000   271.350000   271.350000   271.350000   271.350000   271.350000   271.350000   271.350000   271.350000   271.350000   271.350000   271.350000   271.350000   271.350000   271.350000   271.350000   271.350000   271.350000   271.350000   271.350000   271.350000   271.350000
     0.000000     0.000000     0.000000     0.000000     0.000000     0.000000     0.000000     0.000000     0.000000     0.000000     0.000000     0.000000     0.000000     0.000000     0.000000     0.000000     0.000000     0.000000     0.000000     0.000000     0.000000     0.000000     0.000000     0.000000     0.000000     0.000000     0.000000     0.000000     0.000000     0.000000     0.000000     0.000000     0.000000     0.000000     0.000000     0.000000     0.000000     0.000000     0.000000     0.000000     0.000000     0.000000     0.000000     0.000000     0.000000     0.000000     0.000000     0.000000     0.000000     0.000000     0.000000     0.000000     0.000000     0.000000     0.000000     0.000000     0.000000     0.000000     0.000000     0.000000     0.000000     0.000000     0.000000     0.000000     0.000000     0.000000     0.000000     0.000000     0.000000     0.000000     0.000000     0.000000     0.000000     0.000000     0.000000     0.000000     0.000000     0.000000     0.000000     0.000000     0.000000     0.000000     0.000000     0.000000     0.000000     0.000000     0.000000     0.000000     0.000000     0.000000     0.000000     0.000000     0.000000     0.000000     0.000000     0.000000     0.000000     0.000000     0.000000     0.000000     0.000000     0.000000     0.000000     0.000000     0.000000     0.000000     0.000000     0.000000     0.000000     0.000000     0.000000     0.000000     0.000000     0.000000     0.000000     0.000000   271.350000   271.350000   271.350000   271.350000   271.350000   271.350000   271.350000   271.350000   271.350000   271.350000   271.350000   271.350000   271.350000   271.350000   271.350000   271.350000   271.350000   271.350000   271.350000   271.350000   271.350000   271.350000   271.350000   271.350000   271.350000   271.350000   271.350000   271.350000   271.350000   271.350000   271.350000   271.350000   271.350000   271.350000   271.350000   271.350000   271.350000   271.350000   271.350000   271.350000   271.350000   271.350000   271.350000   271.350000
     0.000000     0.000000     0.000000     0.000000     0.000000     0.000000     0.000000     0.000000     0.000000     0.000000     0.000000     0.000000     0.000000     0.000000     0.000000     0.000000     0.000000     0.000000     0.000000     0.000000     0.000000     0.000000     0.000000     0.000000     0.000000     0.000000     0.000000     0.000000     0.000000     0.000000     0.000000     0.000000     0.000000     0.000000     0.000000     0.000000     0.000000     0.000000     0.000000     0.000000     0.000000     0.000000     0.000000     0.000000     0.000000     0.000000     0.000000     0.000000     0.000000     0.000000     0.000000     0.000000     0.000000     0.000000     0.000000     0.000000     0.000000     0.000000     0.000000     0.000000     0.000000     0.000000     0.000000     0.000000     0.000000     0.000000     0.000000     0.000000     0.000000     0.000000     0.000000     0.000000     0.000000     0.000000     0.000000     0.000000     0.000000     0.000000     0.000000     0.000000     0.000000     0.000000     0.000000     0.000000     0.000000     0.000000     0.000000     0.000000     0.000000     0.000000     0.000000     0.000000     0.000000     0.000000     0.000000     0.000000     0.000000     0.000000     0.000000     0.000000     0.000000     0.000000     0.000000     0.000000     0.000000     0.000000     0.000000     0.000000     0.000000     0.000000     0.000000     0.000000     0.000000     0.000000     0.000000     0.000000   271.350000   271.350000   271.350000   271.350000   271.350000   271.350000   271.350000   271.350000   271.350000   271.350000   271.350000   271.350000   271.350000   271.350000   271.350000   271.350000   271.350000   271.350000   271.350000   271.350000   271.350000   271.350000   271.350000   271.350000   271.350000   271.350000   271.350000   271.350000   271.350000   271.350000   271.350000   271.350000   271.350000   271.350000   271.350000   271.350000   271.350000   271.350000   271.350000   271.350000   271.350000   271.350000   271.350000   271.350000
     0.000000     0.000000     0.000000     0.000000     0.000000     0.000000     0.000000     0.000000     0.000000     0.000000     0.000000     0.000000     0.000000     0.000000     0.000000     0.000000     0.000000     0.000000     0.000000     0.000000     0.000000     0.000000     0.000000     0.000000     0.000000     0.000000     0.000000     0.000000     0.000000     0.000000     0.000000     0.000000     0.000000     0.000000     0.000000     0.000000     0.000000     0.000000     0.000000     0.000000     0.000000     0.000000     0.000000     0.000000     0.000000     0.000000     0.000000     0.000000     0.000000     0.000000     0.000000     0.000000     0.000000     0.000000     0.000000     0.000000     0.000000     0.000000     0.000000     0.000000     0.000000     0.000000     0.000000     0.000000     0.000000     0.000000     0.000000     0.000000     0.000000     0.000000     0.000000     0.000000     0.000000     0.000000     0.000000     0.000000     0.000000     0.000000     0.000000     0.000000     0.000000     0.000000     0.000000     0.000000     0.000000     0.000000     0.000000     0.000000     0.000000     0.000000     0.000000     0.000000     0.000000     0.000000     0.000000     0.000000     0.000000     0.000000     0.000000     0.000000     0.000000     0.000000     0.000000     0.000000     0.000000     0.000000     0.000000     0.000000     0.000000     0.000000     0.000000     0.000000     0.000000   271.350000   271.350000   271.350000   271.350000   271.350000   271.350000   271.350000   271.350000   271.350000   271.350000   271.350000   271.350000   271.350000   271.350000   271.350000   271.350000   271.350000   271.350000   271.350000   271.350000   271.350000   271.350000   271.350000   271.350000   271.350000   271.350000   271.350000   271.350000   271.350000   271.350000   271.350000   271.350000   271.350000   271.350000   271.350000   271.350000   271.350000   271.350000   271.350000   271.350000   271.350000   271.350000   271.350000   271.350000   271.350000   271.350000   271.350000
     0.000000     0.000000     0.000000     0.000000     0.000000     0.000000     0.000000     0.000000     0.000000     0.000000     0.000000     0.000000     0.000000     0.000000     0.000000     0.000000     0.000000     0.000000     0.000000     0.000000     0.000000     0.000000     0.000000     0.000000     0.000000     0.000000     0.000000     0.000000     0.000000     0.000000     0.000000     0.000000     0.000000     0.000000     0.000000     0.000000     0.000000     0.000000     0.000000     0.000000     0.000000     0.000000     0.000000     0.000000     0.000000     0.000000     0.000000     0.000000     0.000000     0.000000     0.000000     0.000000     0.000000     0.000000     0.000000     0.000000     0.000000     0.000000     0.000000     0.000000     0.000000     0.000000     0.000000     0.000000     0.000000     0.000000     0.000000     0.000000     0.000000     0.000000     0.000000     0.000000     0.000000     0.000000     0.000000     0.000000     0.000000     0.000000     0.000000     0.000000     0.000000     0.000000     0.000000     0.000000     0.000000     0.000000     0.000000     0.000000     0.000000     0.000000     0.000000     0.000000     0.000000     0.000000     0.000000     0.000000     0.000000     0.000000     0.000000     0.000000     0.000000     0.000000     0.000000     0.000000     0.000000     0.000000     0.000000     0.000000     0.000000     0.000000     0.000000     0.000000     0.000000   271.350000   271.350000   271.350000   271.350000   271.350000   271.350000   271.350000   271.350000   271.350000   271.350000   271.350000   271.350000   271.350000   271.350000   271.350000   271.350000   271.350000   271.350000   271.350000   271.350000   271.350000   271.350000   271.350000   271.350000   271.350000   271.350000   271.350000   271.350000   271.350000   271.350000   271.350000   271.350000   271.350000   271.350000   271.350000   271.350000   271.350000   271.350000   271.350000   271.350000   271.350000   271.350000   271.350000   271.350000   271.350000   271.350000   271.350000
     0.000000     0.000000     0.000000     0.000000     0.000000     0.000000     0.000000     0.000000     0.000000     0.000000     0.000000     0.000000     0.000000     0.000000     0.000000     0.000000     0.000000     0.000000     0.000000     0.000000     0.000000     0.000000     0.000000     0.000000     0.000000     0.000000     0.000000     0.000000     0.000000     0.000000     0.000000     0.000000     0.000000     0.000000     0.000000     0.000000     0.000000     0.000000     0.000000     0.000000     0.000000     0.000000     0.000000     0.000000     0.000000     0.000000     0.000000     0.000000     0.000000     0.000000     0.000000     0.000000     0.000000     0.000000     0.000000     0.000000     0.000000     0.000000     0.000000     0.000000     0.000000     0.000000     0.000000     0.000000     0.000000     0.000000     0.000000     0.000000     0.000000     0.000000     0.000000     0.000000     0.000000     0.000000     0.000000     0.000000     0.000000     0.000000     0.000000     0.000000     0.000000     0.000000     0.000000     0.000000     0.000000     0.000000     0.000000     0.000000     0.000000     0.000000     0.000000     0.000000     0.000000     0.000000     0.000000     0.000000     0.000000     0.000000     0.000000     0.000000     0.000000     0.000000     0.000000     0.000000     0.000000     0.000000     0.000000     0.000000     0.000000     0.000000     0.000000     0.000000   271.350000   271.350000   271.350000   271.350000   271.350000   271.350000   271.350000   271.350000   271.350000   271.350000   271.350000   271.350000   271.350000   271.350000   271.350000   271.350000   271.350000   271.350000   271.350000   271.350000   271.350000   271.350000   271.350000   271.350000   271.350000   271.350000   271.350000   271.350000   271.350000   271.350000   271.350000   271.350000   271.350000   271.350000   271.350000   271.350000   271.350000   271.350000   271.350000   271.350000   271.350000   271.350000   271.350000   271.350000   271.350000   271.350000   271.350000   271.350000
     0.000000     0.000000     0.000000     0.000000     0.000000     0.000000     0.000000     0.000000     0.000000     0.000000     0.000000     0.000000     0.000000     0.000000     0.000000     0.000000     0.000000     0.000000     0.000000     0.000000     0.000000     0.000000     0.000000     0.000000     0.000000     0.000000     0.000000     0.000000     0.000000     0.000000     0.000000     0.000000     0.000000     0.000000     0.000000     0.000000     0.000000     0.000000     0.000000     0.000000     0.000000     0.000000     0.000000     0.000000     0.000000     0.000000     0.000000     0.000000     0.000000     0.000000     0.000000     0.000000     0.000000     0.000000     0.000000     0.000000     0.000000     0.000000     0.000000     0.000000     0.000000     0.000000     0.000000     0.000000     0.000000     0.000000     0.000000     0.000000     0.000000     0.000000     0.000000     0.000000     0.000000     0.000000     0.000000     0.000000     0.000000     0.000000     0.000000     0.000000     0.000000     0.000000     0.000000     0.000000     0.000000     0.000000     0.000000     0.000000     0.000000     0.000000     0.000000     0.000000     0.000000     0.000000     0.000000     0.000000     0.000000     0.000000     0.000000     0.000000     0.000000     0.000000     0.000000     0.000000     0.000000     0.000000     0.000000     0.000000     0.000000     0.000000     0.000000     0.000000   271.350000   271.350000   271.350000   271.350000   271.350000   271.350000   271.350000   271.350000   271.350000   271.350000   271.350000   271.350000   271.350000   271.350000   271.350000   271.350000   271.350000   271.350000   271.350000   271.350000   271.350000   271.350000   271.350000   271.350000   271.350000   271.350000   271.350000   271.350000   271.350000   271.350000   271.350000   271.350000   271.350000   271.350000   271.350000   271.350000   271.350000   271.350000   271.350000   271.350000   271.350000   271.350000   271.350000   271.350000   271.350000   271.350000   271.350000   271.350000
     0.000000     0.000000     0.000000     0.000000     0.000000     0.000000     0.000000     0.000000     0.000000     0.000000     0.000000     0.000000     0.000000     0.000000     0.000000     0.000000     0.000000     0.000000     0.000000     0.000000     0.000000     0.000000     0.000000     0.000000     0.000000     0.000000     0.000000     0.000000     0.000000     0.000000     0.000000     0.000000     0.000000     0.000000     0.000000     0.000000     0.000000     0.000000     0.000000     0.000000     0.000000     0.000000     0.000000     0.000000     0.000000     0.000000     0.000000     0.000000     0.000000     0.000000     0.000000     0.000000     0.000000     0.000000     0.000000     0.000000     0.000000     0.000000     0.000000     0.000000     0.000000     0.000000     0.000000     0.000000     0.000000     0.000000     0.000000     0.000000     0.000000     0.000000     0.000000     0.000000     0.000000     0.000000     0.000000     0.000000     0.000000     0.000000     0.000000     0.000000     0.000000     0.000000     0.000000     0.000000     0.000000     0.000000     0.000000     0.000000     0.000000     0.000000     0.000000     0.000000     0.000000     0.000000     0.000000     0.000000     0.000000     0.000000     0.000000     0.000000     0.000000     0.000000     0.000000     0.000000     0.000000     0.000000     0.000000     0.000000     0.000000     0.000000     0.000000   271.350000   271.350000   271.350000   271.350000   271.350000   271.350000   271.350000   271.350000   271.350000   271.350000   271.350000   271.350000   271.350000   271.350000   271.350000   271.350000   271.350000   271.350000   271.350000   271.350000   271.350000   271.350000   271.350000   271.350000   271.350000   271.350000   271.350000   271.350000   271.350000   271.350000   271.350000   271.350000   271.350000   271.350000   271.350000   271.350000   271.350000   271.350000   271.350000   271.350000   271.350000   271.350000   271.350000   271.350000   271.350000   271.350000   271.350000   271.350000   271.350000
     0.000000     0.000000     0.000000     0.000000     0.000000     0.000000     0.000000     0.000000     0.000000     0.000000     0.000000     0.000000     0.000000     0.000000     0.000000     0.000000     0.000000     0.000000     0.000000     0.000000     0.000000     0.000000     0.000000     0.000000     0.000000     0.000000     0.000000     0.000000     0.000000     0.000000     0.000000     0.000000     0.000000     0.000000     0.000000     0.000000     0.000000     0.000000     0.000000     0.000000     0.000000     0.000000     0.000000     0.000000     0.000000     0.000000     0.000000     0.000000     0.000000     0.000000     0.000000     0.000000     0.000000     0.000000     0.000000     0.000000     0.000000     0.000000     0.000000     0.000000     0.000000     0.000000     0.000000     0.000000     0.000000     0.000000     0.000000     0.000000     0.000000     0.000000     0.000000     0.000000     0.000000     0.000000     0.000000     0.000000     0.000000     0.000000     0.000000     0.000000     0.000000     0.000000     0.000000     0.000000     0.000000     0.000000     0.000000     0.000000     0.000000     0.000000     0.000000     0.000000     0.000000     0.000000     0.000000     0.000000     0.000000     0.000000     0.000000     0.000000     0.000000     0.000000     0.000000     0.000000     0.000000     0.000000     0.000000     0.000000     0.000000     0.000000     0.000000   271.350000   271.350000   271.350000   271.350000   271.350000   271.350000   271.350000   271.350000   271.350000   271.350000   271.350000   271.350000   271.350000   271.350000   271.350000   271.350000   271.350000   271.350000   271.350000   271.350000   271.350000   271.350000   271.350000   271.350000   271.350000   271.350000   271.350000   271.350000   271.350000   271.350000   271.350000   271.350000   271.350000   271.350000   271.350000   271.350000   271.350000   271.350000   271.350000   271.350000   271.350000   271.350000   271.350000   271.350000   271.350000   271.350000   271.350000   271.350000   271.350000
     0.000000     0.000000     0.000000     0.000000     0.000000     0.000000     0.000000     0.000000     0.000000     0.000000     0.000000     0.000000     0.000000     0.000000     0.000000     0.000000     0.000000     0.000000     0.000000     0.000000     0.000000     0.000000     0.000000     0.000000     0.000000     0.000000     0.000000     0.000000     0.000000     0.000000     0.000000     0.000000     0.000000     0.000000     0.000000     0.000000     0.000000     0.000000     0.000000     0.000000     0.000000     0.000000     0.000000     0.000000     0.000000     0.000000     0.000000     0.000000     0.000000     0.000000     0.000000     0.000000     0.000000     0.000000     0.000000     0.000000     0.000000     0.000000     0.000000     0.000000     0.000000     0.000000     0.000000     0.000000     0.000000     0.000000     0.000000     0.000000     0.000000     0.000000     0.000000     0.000000     0.000000     0.000000     0.000000     0.000000     0.000000     0.000000     0.000000     0.000000     0.000000     0.000000     0.000000     0.000000     0.000000     0.000000     0.000000     0.000000     0.000000     0.000000     0.000000     0.000000     0.000000     0.000000     0.000000     0.000000     0.000000     0.000000     0.000000     0.000000     0.000000     0.000000     0.000000     0.000000     0.000000     0.000000     0.000000     0.000000     0.000000     0.000000     0.000000     0.000000   271.350000   271.350000   271.350000   271.350000   271.350000   271.350000   271.350000   271.350000   271.350000   271.350000   271.350000   271.350000   271.350000   271.350000   271.350000   271.350000   271.350000   271.350000   271.350000   271.350000   271.350000   271.350000   271.350000   271.350000   271.350000   271.350000   271.350000   271.350000   271.350000   271.350000   271.350000   271.350000   271.350000   271.350000   271.350000   271.350000   271.350000   271.350000   271.350000   271.350000   271.350000   271.350000   271.350000   271.350000   271.350000   271.350000   271.350000   271.350000
     0.000000     0.000000     0.000000     0.000000     0.000000     0.000000     0.000000     0.000000     0.000000     0.000000     0.000000     0.000000     0.000000     0.000000     0.000000     0.000000     0.000000     0.000000     0.000000     0.000000     0.000000     0.000000     0.000000     0.000000     0.000000     0.000000     0.000000     0.000000     0.000000     0.000000     0.000000     0.000000     0.000000     0.000000     0.000000     0.000000     0.000000     0.000000     0.000000     0.000000     0.000000     0.000000   271.350000   271.350000   271.350000   271.350000   271.350000     0.000000     0.000000     0.000000     0.000000     0.000000     0.000000     0.000000     0.000000     0.000000     0.000000     0.000000     0.000000     0.000000     0.000000     0.000000     0.000000     0.000000     0.000000     0.000000     0.000000     0.000000     0.000000     0.000000     0.000000     0.000000     0.000000     0.000000     0.000000     0.000000     0.000000     0.000000     0.000000     0.000000     0.000000     0.000000     0.000000     0.000000     0.000000     0.000000     0.000000     0.000000     0.000000     0.000000     0.000000     0.000000     0.000000     0.000000     0.000000     0.000000     0.000000     0.000000     0.000000     0.000000     0.000000     0.000000     0.000000     0.000000     0.000000     0.000000     0.000000     0.000000     0.000000     0.000000   271.350000   271.350000   271.350000   271.350000   271.350000   271.350000   271.350000   271.350000   271.350000   271.350000   271.350000   271.350000   271.350000   271.350000   271.350000   271.350000   271.350000   271.350000   271.350000   271.350000   271.350000   271.350000   271.350000   271.350000   271.350000   271.350000   271.350000   271.350000   271.350000   271.350000   271.350000   271.350000   271.350000   271.350000   271.350000   271.350000   271.350000   271.350000   271.350000   271.350000   271.350000   271.350000   271.350000   271.350000   271.350000   271.350000   271.350000   271.350000   271.350000   271.350000
     0.000000     0.000000     0.000000     0.000000     0.000000     0.000000     0.000000     0.000000     0.000000     0.000000     0.000000     0.000000     0.000000     0.000000     0.000000     0.000000     0.000000     0.000000     0.000000     0.000000     0.000000     0.000000     0.000000     0.000000     0.000000     0.000000     0.000000     0.000000     0.000000     0.000000     0.000000     0.000000     0.000000     0.000000     0.000000     0.000000     0.000000     0.000000     0.000000     0.000000     0.000000   271.350000   271.350000   271.350000   271.350000   271.350000   271.350000     0.000000     0.000000     0.000000     0.000000     0.000000     0.000000     0.000000     0.000000     0.000000     0.000000     0.000000     0.000000     0.000000     0.000000     0.000000     0.000000     0.000000     0.000000     0.000000     0.000000     0.000000     0.000000     0.000000     0.000000     0.000000     0.000000     0.000000     0.000000     0.000000     0.000000     0.000000     0.000000     0.000000     0.000000     0.000000     0.000000     0.000000     0.000000     0.000000     0.000000     0.000000     0.000000     0.000000     0.000000     0.000000     0.000000     0.000000     0.000000     0.000000     0.000000     0.000000     0.000000     0.000000     0.000000     0.000000     0.000000     0.000000     0.000000     0.000000     0.000000     0.000000     0.000000     0.000000   271.350000   271.350000   271.350000   271.350000   271.350000   271.350000   271.350000   271.350000   271.350000   271.350000   271.350000   271.350000   271.350000   271.350000   271.350000   271.350000   271.350000   271.350000   271.350000   271.350000   271.350000   271.350000   271.350000   271.350000   271.350000   271.350000   271.350000   271.350000   271.350000   271.350000   271.350000   271.350000   271.350000   271.350000   271.350000   271.350000   271.350000   271.350000   271.350000   271.350000   271.350000   271.350000   271.350000   271.350000   271.350000   271.350000   271.350000   271.350000   271.350000   271.350000
     0.000000     0.000000     0.000000     0.000000     0.000000     0.000000     0.000000     0.000000     0.000000     0.000000     0.000000     0.000000     0.000000     0.000000     0.000000     0.000000     0.000000     0.000000     0.000000     0.000000     0.000000     0.000000     0.000000     0.000000     0.000000     0.000000     0.000000     0.000000     0.000000     0.000000     0.000000     0.000000     0.000000     0.000000     0.000000     0.000000     0.000000     0.000000     0.000000     0.000000     0.000000   271.350000   271.350000   271.350000   271.350000     0.000000     0.000000     0.000000     0.000000     0.000000     0.000000     0.000000     0.000000     0.000000     0.000000     0.000000     0.000000     0.000000     0.000000     0.000000     0.000000     0.000000     0.000000     0.000000     0.000000     0.000000     0.000000     0.000000     0.000000     0.000000     0.000000     0.000000     0.000000     0.000000     0.000000     0.000000     0.000000     0.000000     0.000000     0.000000     0.000000     0.000000     0.000000     0.000000     0.000000     0.000000     0.000000     0.000000     0.000000     0.000000     0.000000     0.000000     0.000000     0.000000     0.000000     0.000000     0.000000     0.000000     0.000000     0.000000     0.000000     0.000000     0.000000     0.000000     0.000000     0.000000     0.000000     0.000000     0.000000     0.000000     0.000000   271.350000   271.350000   271.350000   271.350000   271.350000   271.350000   271.350000   271.350000   271.350000   271.350000   271.350000   271.350000   271.350000   271.350000   271.350000   271.350000   271.350000   271.350000   271.350000   271.350000   271.350000   271.350000   271.350000   271.350000   271.350000   271.350000   271.350000   271.350000   271.350000   271.350000   271.350000   271.350000   271.350000   271.350000   271.350000   271.350000   271.350000   271.350000   271.350000   271.350000   271.350000   271.350000   271.350000   271.350000   271.350000   271.350000   271.350000   271.350000   271.350000
     0.000000     0.000000     0.000000     0.000000     0.000000     0.000000     0.000000     0.000000     0.000000     0.000000     0.000000     0.000000     0.000000     0.000000     0.000000     0.000000     0.000000     0.000000     0.000000     0.000000     0.000000     0.000000     0.000000     0.000000     0.000000     0.000000     0.000000     0.000000     0.000000     0.000000     0.000000     0.000000     0.000000     0.000000     0.000000   271.350000   271.350000   271.350039     0.000000   271.350000   271.350000   271.350001   271.350002   271.350008     0.000000     0.000000     0.000000     0.000000     0.000000     0.000000     0.000000     0.000000     0.000000     0.000000     0.000000     0.000000     0.000000     0.000000     0.000000     0.000000     0.000000     0.000000     0.000000     0.000000     0.000000     0.000000     0.000000     0.000000     0.000000     0.000000     0.000000     0.000000     0.000000     0.000000     0.000000     0.000000     0.000000     0.000000     0.000000     0.000000     0.000000     0.000000     0.000000     0.000000     0.000000     0.000000     0.000000     0.000000     0.000000     0.000000     0.000000     0.000000     0.000000     0.000000     0.000000     0.000000     0.000000     0.000000     0.000000     0.000000     0.000000     0.000000     0.000000     0.000000     0.000000     0.000000     0.000000     0.000000   271.350000   271.350000   271.350000   271.350000   271.350000   271.350000   271.350000   271.350000   271.350000   271.350000   271.350000   271.350000   271.350000   271.350000   271.350000   271.350000   271.350000   271.350000   271.350000   271.350000   271.350000   271.350000   271.350000   271.350000   271.350000   271.350000   271.350000   271.350000   271.350000   271.350000   271.350000   271.350000   271.350000   271.350000   271.350000   271.350000   271.350000   271.350000   271.350000   271.350000   271.350000   271.350000   271.350000   271.350000   271.350000   271.350000   271.350000   271.350000   271.350000   271.350000   271.350000   271.350000
     0.000000     0.000000     0.000000     0.000000     0.000000     0.000000     0.000000     0.000000     0.000000     0.000000     0.000000     0.000000     0.000000     0.000000     0.000000     0.000000     0.000000     0.000000     0.000000     0.000000     0.000000     0.000000     0.000000     0.000000     0.000000     0.000000     0.000000     0.000000     0.000000     0.000000     0.000000     0.000000     0.000000     0.000000     0.000000   271.350000   271.350000   271.350012   271.350015   271.350020   271.350026   271.350033   271.350032   271.350000     0.000000     0.000000     0.000000     0.000000     0.000000     0.000000     0.000000     0.000000     0.000000     0.000000     0.000000     0.000000     0.000000     0.000000     0.000000     0.000000     0.000000     0.000000     0.000000     0.000000     0.000000     0.000000     0.000000     0.000000     0.000000     0.000000     0.000000     0.000000     0.000000     0.000000     0.000000     0.000000     0.000000     0.000000     0.000000     0.000000     0.000000     0.000000     0.000000     0.000000     0.000000     0.000000     0.000000     0.000000     0.000000     0.000000     0.000000     0.000000     0.000000     0.000000     0.000000     0.000000     0.000000     0.000000     0.000000     0.000000     0.000000     0.000000     0.000000     0.000000     0.000000     0.000000     0.000000     0.000000   271.350000   271.350000   271.350000   271.350000   271.350000   271.350000   271.350000   271.350000   271.350000   271.350000   271.350000   271.350000   271.350000   271.350000   271.350000   271.350000   271.350000   271.350000   271.350000   271.350000   271.350000   271.350000   271.350000   271.350000   271.350000   271.350000   271.350000   271.350000   271.350000   271.350000   271.350000   271.350000   271.350000   271.350000   271.350000   271.350000   271.350000   271.350000   271.350000   271.350000   271.350000   271.350000   271.350000   271.350000   271.350000   271.350000   271.350000   271.350000   271.350000   271.350000   271.350000   271.350000
     0.000000     0.000000     0.000000     0.000000     0.000000     0.000000     0.000000     0.000000     0.000000     0.000000     0.000000     0.000000     0.000000     0.000000     0.000000     0.000000     0.000000     0.000000     0.000000     0.000000     0.000000     0.000000     0.000000     0.000000     0.000000     0.000000     0.000000     0.000000     0.000000     0.000000     0.000000     0.000000     0.000000     0.000000     0.000000   271.350000   271.350000   271.350000   271.350000   271.350000   271.350000   271.350000   271.350000     0.000000     0.000000     0.000000     0.000000     0.000000     0.000000     0.000000     0.000000     0.000000     0.000000     0.000000     0.000000     0.000000     0.000000     0.000000     0.000000     0.000000     0.000000     0.000000     0.000000     0.000000     0.000000     0.000000     0.000000     0.000000     0.000000     0.000000     0.000000     0.000000     0.000000     0.000000     0.000000     0.000000     0.000000     0.000000     0.000000     0.000000     0.000000     0.000000     0.000000     0.000000     0.000000     0.000000     0.000000     0.000000     0.000000     0.000000     0.000000     0.000000     0.000000     0.000000     0.000000     0.000000     0.000000     0.000000     0.000000     0.000000     0.000000     0.000000     0.000000     0.000000     0.000000     0.000000     0.000000     0.000000     0.000000     0.000000   271.350000   271.350000   271.350000   271.350000   271.350000   271.350000   271.350000   271.350000   271.350000   271.350000   271.350000   271.350000   271.350000   271.350000   271.350000   271.350000   271.350000   271.350000   271.350000   271.350000   271.350000   271.350000   271.350000   271.350000   271.350000   271.350000   271.350000   271.350000   271.350000   271.350000   271.350000   271.350000   271.350000   271.350000   271.350000   271.350000   271.350000   271.350000   271.350000   271.350000   271.350000   271.350000   271.350000   271.350000   271.350000   271.350000   271.350000   271.350000   271.350000   271.350000
     0.000000     0.000000     0.000000     0.000000     0.000000     0.000000     0.000000     0.000000     0.000000     0.000000     0.000000     0.000000     0.000000     0.000000     0.000000     0.000000     0.000000     0.000000     0.000000     0.000000     0.000000     0.000000     0.000000     0.000000     0.000000     0.000000     0.000000     0.000000     0.000000     0.000000     0.000000     0.000000     0.000000     0.000000     0.000000   271.350000   271.350000   271.350000   271.350000   271.350000   271.350000   271.350000     0.000000     0.000000     0.000000     0.000000     0.000000     0.000000     0.000000     0.000000     0.000000     0.000000     0.000000     0.000000     0.000000     0.000000     0.000000     0.000000     0.000000     0.000000     0.000000     0.000000     0.000000     0.000000     0.000000     0.000000     0.000000     0.000000     0.000000     0.000000     0.000000     0.000000     0.000000     0.000000     0.000000     0.000000     0.000000     0.000000     0.000000     0.000000     0.000000     0.000000     0.000000     0.000000     0.000000     0.000000     0.000000     0.000000     0.000000     0.000000     0.000000     0.000000     0.000000     0.000000     0.000000     0.000000     0.000000     0.000000     0.000000     0.000000     0.000000     0.000000     0.000000     0.000000     0.000000     0.000000     0.000000   271.350000   271.350000   271.350000   271.350000   271.350000   271.350000   271.350000   271.350000   271.350000   271.350000   271.350000   271.350000   271.350000   271.350000   271.350000   271.350000   271.350000   271.350000   271.350000   271.350000   271.350000   271.350000   271.350000   271.350000   271.350000   271.350000   271.350000   271.350000   271.350000   271.350000   271.350000   271.350000   271.350000   271.350000   271.350000   271.350000   271.350000   271.350000   271.350000   271.350000   271.350000   271.350000   271.350000   271.350000   271.350000   271.350000   271.350000   271.350000   271.350000   271.350000   271.350000   271.350000   271.350000
     0.000000     0.000000     0.000000     0.000000     0.000000     0.000000     0.000000     0.000000     0.000000     0.000000     0.000000     0.000000     0.000000   271.350000   271.350000   271.350000     0.000000     0.000000     0.000000     0.000000     0.000000     0.000000     0.000000     0.000000     0.000000     0.000000     0.000000     0.000000     0.000000     0.000000   271.350000   271.350000   271.350000   271.350000   271.350000   271.350000   271.350000   271.350000   271.350000   271.350000   271.350000   271.350006     0.000000     0.000000     0.000000     0.000000     0.000000     0.000000     0.000000     0.000000     0.000000     0.000000     0.000000     0.000000     0.000000     0.000000     0.000000     0.000000     0.000000     0.000000     0.000000     0.000000     0.000000     0.000000     0.000000     0.000000     0.000000     0.000000     0.000000     0.000000     0.000000     0.000000     0.000000     0.000000     0.000000     0.000000     0.000000     0.000000     0.000000     0.000000     0.000000     0.000000     0.000000     0.000000     0.000000     0.000000     0.000000     0.000000     0.000000     0.000000     0.000000     0.000000     0.000000     0.000000     0.000000     0.000000     0.000000     0.000000     0.000000     0.000000     0.000000     0.000000     0.000000     0.000000     0.000000     0.000000     0.000000   271.350000   271.350000   271.350000   271.350000   271.350000   271.350000   271.350000   271.350000   271.350000   271.350000   271.350000   271.350000   271.350000   271.350000   271.350000   271.350000   271.350000   271.350000   271.350000   271.350000   271.350000   271.350000   271.350000   271.350000   271.350000   271.350000   271.350000   271.350000   271.350000   271.350000   271.350000   271.350000   271.350000   271.350000   271.350000   271.350000   271.350000   271.350000   271.350000   271.350000   271.350000   271.350000   271.350000   271.350000   271.350000   271.350000   271.350000   271.350000   271.350000   271.350000   271.350013   271.350010   271.350014
     0.000000     0.000000     0.000000     0.000000     0.000000     0.000000     0.000000     0.000000     0.000000     0.000000     0.000000     0.000000     0.000000   271.350000   271.350000   271.350000     0.000000     0.000000     0.000000     0.000000     0.000000     0.000000     0.000000     0.000000     0.000000     0.000000     0.000000     0.000000     0.000000     0.000000   271.350000   271.350000   271.350000   271.350000   271.350000   271.350000   271.350000   271.350000   271.350000   271.350000   271.350000   271.351387     0.000000     0.000000     0.000000     0.000000     0.000000     0.000000     0.000000     0.000000     0.000000     0.000000     0.000000     0.000000     0.000000     0.000000     0.000000     0.000000     0.000000     0.000000     0.000000     0.000000     0.000000     0.000000     0.000000     0.000000     0.000000     0.000000     0.000000     0.000000     0.000000     0.000000     0.000000     0.000000     0.000000     0.000000     0.000000     0.000000     0.000000     0.000000     0.000000     0.000000     0.000000     0.000000     0.000000     0.000000     0.000000     0.000000     0.000000     0.000000     0.000000     0.000000     0.000000     0.000000     0.000000     0.000000     0.000000     0.000000     0.000000     0.000000     0.000000     0.000000     0.000000     0.000000     0.000000     0.000000     0.000000   271.350000   271.350000   271.350000   271.350000   271.350000   271.350000   271.350000   271.350000   271.350000   271.350000   271.350000   271.350000   271.350000   271.350000   271.350000   271.350000   271.350000   271.350000   271.350000   271.350000   271.350000   271.350000   271.350000   271.350000   271.350000   271.350000   271.350000   271.350000   271.350000   271.350000   271.350000   271.350000   271.350000   271.350000   271.350000   271.350000   271.350000   271.350000   271.350000   271.350000   271.350000   271.350000   271.350000   271.350000   271.350000   271.350000   271.350000   271.350000   271.350000   271.350364   271.385472   271.387996   271.390820
     0.000000     0.000000     0.000000     0.000000     0.000000     0.000000     0.000000     0.000000     0.000000     0.000000     0.000000     0.000000     0.000000   271.350000   271.350000   271.350000   271.350000   271.350000     0.000000     0.000000     0.000000     0.000000     0.000000     0.000000     0.000000     0.000000     0.000000     0.000000     0.000000   271.350000   271.350000   271.350000   271.350000   271.350000   271.350000   271.350000   271.350000   271.350000   271.355230     0.000000   271.350000   271.362379     0.000000     0.000000     0.000000     0.000000     0.000000   271.350000   271.350156     0.000000     0.000000     0.000000     0.000000     0.000000     0.000000     0.000000     0.000000     0.000000     0.000000     0.000000     0.000000     0.000000     0.000000     0.000000     0.000000     0.000000     0.000000     0.000000     0.000000     0.000000     0.000000     0.000000     0.000000     0.000000     0.000000     0.000000     0.000000     0.000000     0.000000     0.000000     0.000000     0.000000     0.000000     0.000000     0.000000     0.000000     0.000000     0.000000     0.000000     0.000000     0.000000     0.000000     0.000000     0.000000     0.000000     0.000000     0.000000     0.000000     0.000000     0.000000     0.000000     0.000000     0.000000     0.000000     0.000000     0.000000   271.350000   271.350000   271.350000   271.350000   271.350000   271.350000   271.350000   271.350000   271.350000   271.350000   271.350000   271.350000   271.350000   271.350000   271.350000   271.350000   271.350000   271.350000   271.350000   271.350000   271.350000   271.350000   271.350000   271.350000   271.350000   271.350000   271.350000   271.350000   271.350000   271.350000   271.350000   271.350000   271.350000   271.350000   271.350000   271.350000   271.350000   271.350000   271.350000   271.350000   271.350000   271.350000   271.350000   271.350000   271.350000   271.350000   271.350002   271.350005   271.352132   271.380811   271.382336   271.384199   271.386256   271.388477
     0.000000     0.000000     0.000000     0.000000     0.000000     0.000000     0.000000     0.000000     0.000000     0.000000     0.000000     0.000000     0.000000   271.350000   271.350000   271.350000   271.350000   271.350000     0.000000     0.000000     0.000000     0.000000     0.000000     0.000000     0.000000     0.000000     0.000000     0.000000   271.350000   271.350000   271.350000   271.350000   271.350000   271.350000   271.350000   271.350000   271.352590     0.000000     0.000000     0.000000   271.350000   271.371160     0.000000   271.350000   271.350000     0.000000   271.350000   271.350000   271.350043   271.350203     0.000000     0.000000     0.000000     0.000000     0.000000     0.000000     0.000000     0.000000     0.000000     0.000000     0.000000     0.000000     0.000000     0.000000     0.000000     0.000000     0.000000     0.000000     0.000000     0.000000     0.000000     0.000000     0.000000     0.000000     0.000000     0.000000     0.000000     0.000000     0.000000     0.000000     0.000000     0.000000     0.000000     0.000000     0.000000     0.000000     0.000000     0.000000     0.000000     0.000000     0.000000     0.000000     0.000000     0.000000     0.000000     0.000000     0.000000     0.000000     0.000000     0.000000     0.000000     0.000000     0.000000     0.000000     0.000000     0.000000   271.350000   271.350000   271.350000   271.350000   271.350000   271.350000   271.350000   271.350000   271.350000   271.350000   271.350000   271.350000   271.350000   271.350000   271.350000   271.350000   271.350000   271.350000   271.350000   271.350000   271.350000   271.350000   271.350000   271.350000   271.350000   271.350000   271.350000   271.350000   271.350000   271.350000   271.350000   271.350000   271.350000   271.350000   271.350000   271.350000   271.350000   271.350000   271.350000   271.350000   271.350000   271.350000   271.350000   271.350000   271.350001   271.354017   271.359314   271.379002   271.379293   271.380109   271.381236   271.382559   271.384099   271.385898
     0.000000     0.000000     0.000000     0.000000     0.000000     0.000000     0.000000     0.000000     0.000000     0.000000     0.000000     0.000000     0.000000   271.350000   271.350000   271.350000   271.350000   271.350000   271.350000     0.000000     0.000000     0.000000     0.000000     0.000000     0.000000     0.000000     0.000000     0.000000   271.350000   271.350000   271.350000   271.350000   271.350000   271.350000   271.350000   271.354469     0.000000     0.000000     0.000000     0.000000     0.000000     0.000000     0.000000   271.350000   271.350000   271.350000   271.350000   271.350000   271.350000   271.350407     0.000000     0.000000     0.000000     0.000000     0.000000     0.000000     0.000000     0.000000     0.000000     0.000000     0.000000     0.000000     0.000000     0.000000     0.000000     0.000000     0.000000     0.000000     0.000000     0.000000     0.000000     0.000000     0.000000     0.000000     0.000000     0.000000     0.000000     0.000000     0.000000     0.000000     0.000000     0.000000     0.000000     0.000000     0.000000     0.000000     0.000000     0.000000     0.000000     0.000000     0.000000     0.000000     0.000000     0.000000     0.000000     0.000000     0.000000     0.000000     0.000000     0.000000     0.000000     0.000000     0.000000     0.000000     0.000000   271.350000   271.350000   271.350000   271.350000   271.350000   271.350000   271.350000   271.350000   271.350000   271.350000   271.350000   271.350000   271.350000   271.350000   271.350000   271.350000   271.350000   271.350000   271.350000   271.350000   271.350000   271.350000   271.350000   271.350000   271.350000   271.350000   271.350000   271.350000   271.350000   271.350000   271.350000   271.350000   271.350000   271.350000   271.350000   271.350000   271.350000   271.350000   271.350000   271.350000   271.350000   271.350000   271.350000   271.350000   271.350082   271.364223   271.378691   271.378635   271.378839   271.379018   271.379496   271.380302   271.381433   271.382864   271.384513
     0.000000     0.000000     0.000000     0.000000     0.000000     0.000000     0.000000     0.000000     0.000000     0.000000     0.000000     0.000000     0.000000   271.350000   271.350000   271.350000   271.350000   271.350000   271.350000   271.350000     0.000000     0.000000     0.000000     0.000000     0.000000     0.000000     0.000000     0.000000   271.350000   271.350000   271.350000   271.350000   271.350000   271.350000   271.359245     0.000000     0.000000     0.000000     0.000000     0.000000     0.000000   271.350000   271.350000   271.350000   271.350000   271.350000   271.350000   271.350000   271.350000   271.353182     0.000000     0.000000     0.000000     0.000000     0.000000     0.000000     0.000000     0.000000     0.000000     0.000000     0.000000     0.000000     0.000000     0.000000     0.000000     0.000000     0.000000     0.000000     0.000000     0.000000     0.000000     0.000000     0.000000     0.000000     0.000000     0.000000     0.000000     0.000000     0.000000     0.000000     0.000000     0.000000     0.000000     0.000000     0.000000     0.000000     0.000000     0.000000     0.000000     0.000000     0.000000     0.000000     0.000000     0.000000     0.000000     0.000000     0.000000     0.000000     0.000000     0.000000     0.000000     0.000000     0.000000     0.000000     0.000000   271.350000   271.350000   271.350000   271.350000   271.350000   271.350000   271.350000   271.350000   271.350000   271.350000   271.350000   271.350000   271.350000   271.350000   271.350000   271.350000   271.350000   271.350000   271.350000   271.350000   271.350000   271.350000   271.350000   271.350000   271.350000   271.350000   271.350000   271.350000   271.350000   271.350000   271.350000   271.350000   271.350000   271.350000   271.350000   271.350000   271.350000   271.350000   271.350000   271.350000   271.350000   271.350000   271.350000   271.350701   271.370701   271.378662   271.378647   271.378600   271.378730   271.378891   271.379191   271.379873   271.380908   271.382245   271.383822
     0.000000     0.000000     0.000000     0.000000     0.000000     0.000000     0.000000     0.000000     0.000000     0.000000     0.000000     0.000000     0.000000   271.350000   271.350000   271.350000   271.350000   271.350000   271.350000   271.350000   271.350000     0.000000     0.000000     0.000000     0.000000     0.000000     0.000000     0.000000   271.350000   271.350000   271.350000   271.350000   271.368653     0.000000     0.000000     0.000000     0.000000     0.000000     0.000000     0.000000   271.350000   271.350000   271.350000   271.350000   271.350000   271.350000   271.350000   271.350000   271.363956     0.000000     0.000000     0.000000   271.350000   271.350000     0.000000     0.000000     0.000000     0.000000     0.000000     0.000000     0.000000     0.000000     0.000000     0.000000     0.000000     0.000000     0.000000     0.000000     0.000000     0.000000     0.000000     0.000000     0.000000     0.000000     0.000000     0.000000     0.000000     0.000000     0.000000     0.000000     0.000000     0.000000     0.000000     0.000000     0.000000     0.000000     0.000000     0.000000     0.000000     0.000000     0.000000     0.000000     0.000000     0.000000     0.000000     0.000000     0.000000     0.000000     0.000000     0.000000     0.000000     0.000000     0.000000   271.350000   271.350000   271.350000   271.350000   271.350000   271.350000   271.350000   271.350000   271.350000   271.350000   271.350000   271.350000   271.350000   271.350000   271.350000   271.350000   271.350000   271.350000   271.350000   271.350000   271.350000   271.350000   271.350000   271.350000   271.350000   271.350000   271.350000   271.350000   271.350000   271.350000   271.350000   271.350000   271.350000   271.350000   271.350000   271.350000   271.350000   271.350000   271.350000   271.350000   271.350000   271.350000   271.350000   271.350008   271.350047   271.378840   271.378690   271.378625   271.378641   271.378596   271.378657   271.378832   271.379047   271.379606   271.380527   271.381771   271.383240
     0.000000     0.000000     0.000000     0.000000     0.000000     0.000000     0.000000     0.000000     0.000000     0.000000     0.000000     0.000000     0.000000   271.350000   271.350000   271.350000   271.350000   271.350000   271.350000   271.350000   271.350000     0.000000     0.000000     0.000000     0.000000     0.000000     0.000000     0.000000     0.000000   271.350000   271.350000   271.350035     0.000000     0.000000     0.000000     0.000000     0.000000     0.000000     0.000000     0.000000   271.350000   271.350000   271.350000   271.350000   271.350000   271.350000   271.350000     0.000000     0.000000     0.000000     0.000000     0.000000   271.350000   271.350000   271.350000     0.000000     0.000000     0.000000     0.000000     0.000000     0.000000     0.000000     0.000000     0.000000     0.000000     0.000000     0.000000     0.000000     0.000000     0.000000     0.000000     0.000000     0.000000     0.000000     0.000000     0.000000     0.000000     0.000000     0.000000     0.000000     0.000000     0.000000     0.000000     0.000000     0.000000     0.000000     0.000000     0.000000     0.000000     0.000000     0.000000     0.000000     0.000000     0.000000     0.000000     0.000000     0.000000     0.000000     0.000000     0.000000     0.000000     0.000000   271.350000   271.350000   271.350000   271.350000   271.350000   271.350000   271.350000   271.350000   271.350000   271.350000   271.350000   271.350000   271.350000   271.350000   271.350000   271.350000   271.350000   271.350000   271.350000   271.350000   271.350000   271.350000   271.350000   271.350000   271.350000   271.350000   271.350000   271.350000   271.350000   271.350000   271.350000   271.350000   271.350000   271.350000   271.350000   271.350000   271.350000   271.350000   271.350000   271.350000   271.350000   271.350000   271.350001   271.352115   271.355986   271.378718   271.378547   271.378569   271.378597   271.378627   271.378619   271.378637   271.378807   271.379006   271.379428   271.380210   271.381365     0.000000
     0.000000     0.000000     0.000000     0.000000     0.000000     0.000000     0.000000     0.000000     0.000000     0.000000     0.000000     0.000000   271.350000   271.350000   271.350000   271.350000   271.350000   271.350000   271.369899     0.000000     0.000000     0.000000     0.000000     0.000000     0.000000     0.000000     0.000000     0.000000     0.000000   271.350000   271.350000   271.350010   271.350047     0.000000     0.000000     0.000000     0.000000     0.000000     0.000000     0.000000     0.000000   271.350000   271.350000   271.350000   271.350000   271.350000   271.350000   271.350000     0.000000     0.000000     0.000000   271.350000   271.350000   271.350000   271.350000     0.000000     0.000000     0.000000     0.000000     0.000000     0.000000     0.000000     0.000000     0.000000     0.000000     0.000000     0.000000     0.000000     0.000000     0.000000     0.000000     0.000000     0.000000     0.000000     0.000000     0.000000     0.000000     0.000000     0.000000     0.000000     0.000000     0.000000     0.000000     0.000000     0.000000     0.000000     0.000000     0.000000     0.000000     0.000000     0.000000     0.000000     0.000000     0.000000     0.000000     0.000000     0.000000     0.000000     0.000000     0.000000     0.000000   271.350000   271.350000   271.350000   271.350000   271.350000   271.350000   271.350000   271.350000   271.350000   271.350000   271.350000   271.350000   271.350000   271.350000   271.350000   271.350000   271.350000   271.350000   271.350000   271.350000   271.350000   271.350000   271.350000   271.350000   271.350000   271.350000   271.350000   271.350000   271.350000   271.350000   271.350000   271.350000   271.350000   271.350000   271.350000   271.350000   271.350000   271.350000   271.350000   271.350000   271.350000   271.350000   271.350021   271.370382   271.378757   271.378561   271.378460   271.378500   271.378533   271.378575   271.378626   271.378667   271.378672   271.378813   271.379035   271.379335     0.000000     0.000000     0.000000
     0.000000     0.000000     0.000000     0.000000     0.000000     0.000000     0.000000     0.000000     0.000000     0.000000     0.000000     0.000000   271.350000   271.350000   271.350000   271.350000   271.350000   271.372028     0.000000     0.000000     0.000000     0.000000     0.000000     0.000000     0.000000     0.000000     0.000000     0.000000     0.000000   271.350000   271.350000   271.350000   271.350097     0.000000     0.000000     0.000000     0.000000     0.000000     0.000000   271.350000   271.350000   271.350000   271.350000   271.350000   271.350000   271.350000   271.350000   271.350000     0.000000     0.000000     0.000000   271.350000   271.350000   271.350000   271.350000     0.000000     0.000000     0.000000     0.000000     0.000000     0.000000     0.000000     0.000000     0.000000     0.000000     0.000000     0.000000     0.000000     0.000000     0.000000     0.000000     0.000000     0.000000     0.000000     0.000000     0.000000     0.000000     0.000000     0.000000     0.000000     0.000000     0.000000     0.000000     0.000000     0.000000     0.000000     0.000000     0.000000     0.000000     0.000000     0.000000     0.000000     0.000000     0.000000     0.000000     0.000000     0.000000     0.000000     0.000000     0.000000   271.350000   271.350000   271.350000   271.350000   271.350000   271.350000   271.350000   271.350000   271.350000   271.350000   271.350000   271.350000   271.350000   271.350000   271.350000   271.350000   271.350000   271.350000   271.350000   271.350000   271.350000   271.350000   271.350000   271.350000   271.350000   271.350000   271.350000   271.350000   271.350000   271.350000   271.350000   271.350000   271.350000   271.350000   271.350000   271.350000   271.350000   271.350000   271.350000   271.350000   271.350000   271.350002   271.351720   271.358977   271.378591   271.378386   271.378379   271.378419   271.378463   271.378518   271.378582   271.378654   271.378732   271.378762   271.378863   271.379089   271.379436     0.000000     0.000000     0.000000
     0.000000     0.000000     0.000000     0.000000     0.000000     0.000000     0.000000     0.000000     0.000000     0.000000     0.000000     0.000000     0.000000   271.350000   271.350000   271.350000   271.350206     0.000000     0.000000     0.000000     0.000000     0.000000     0.000000     0.000000     0.000000     0.000000     0.000000     0.000000     0.000000   271.350000   271.350000   271.350000   271.350000     0.000000     0.000000     0.000000     0.000000     0.000000   271.350000   271.350000   271.350000   271.350000   271.350000   271.350000   271.350000   271.350000   271.350000   271.350000   271.350000     0.000000     0.000000   271.350000   271.350000   271.350000   271.350000     0.000000     0.000000     0.000000     0.000000     0.000000     0.000000     0.000000     0.000000     0.000000     0.000000     0.000000     0.000000     0.000000     0.000000     0.000000     0.000000     0.000000     0.000000     0.000000     0.000000     0.000000     0.000000     0.000000     0.000000     0.000000     0.000000     0.000000     0.000000     0.000000     0.000000     0.000000     0.000000     0.000000     0.000000     0.000000     0.000000     0.000000     0.000000     0.000000     0.000000     0.000000     0.000000     0.000000     0.000000     0.000000   271.350000   271.350000   271.350000   271.350000   271.350000   271.350000   271.350000   271.350000   271.350000   271.350000   271.350000   271.350000   271.350000   271.350000   271.350000   271.350000   271.350000   271.350000   271.350000   271.350000   271.350000   271.350000   271.350000   271.350000   271.350000   271.350000   271.350000   271.350000   271.350000   271.350000   271.350000   271.350000   271.350000   271.350000   271.350000   271.350000   271.350000   271.350000   271.350000   271.350001   271.350013   271.366430   271.378642   271.378410   271.378233   271.378283   271.378326   271.378385   271.378455   271.378532   271.378615   271.378709   271.378815   271.378900   271.378969   271.379283     0.000000     0.000000     0.000000     0.000000
     0.000000     0.000000     0.000000     0.000000     0.000000     0.000000     0.000000     0.000000     0.000000     0.000000     0.000000   271.350000   271.350000   271.350000   271.350000   271.350000   271.350058   271.350272     0.000000     0.000000     0.000000     0.000000     0.000000     0.000000     0.000000     0.000000     0.000000     0.000000     0.000000   271.350000   271.350000   271.353326     0.000000     0.000000     0.000000     0.000000     0.000000     0.000000   271.350000   271.350000   271.350000   271.367619     0.000000   271.350000   271.350000   271.350000   271.350000   271.350000   271.350000     0.000000     0.000000   271.350000   271.350000   271.350000   271.350000   271.350001   271.350109     0.000000     0.000000     0.000000     0.000000     0.000000     0.000000     0.000000     0.000000     0.000000     0.000000     0.000000     0.000000     0.000000     0.000000     0.000000     0.000000     0.000000     0.000000     0.000000   271.350000   271.350002   271.350004   271.366104     0.000000     0.000000     0.000000     0.000000     0.000000     0.000000     0.000000     0.000000     0.000000     0.000000     0.000000     0.000000     0.000000     0.000000     0.000000     0.000000     0.000000     0.000000     0.000000     0.000000   271.350000   271.350000   271.350000   271.350000   271.350000   271.350000   271.350000   271.350000   271.350000   271.350000   271.350000   271.350000   271.350000   271.350000   271.350000   271.350000   271.350000   271.350000   271.350000   271.350000   271.350000   271.350000   271.350000   271.350001   271.350001   271.350001   271.350001   271.350002   271.350002   271.350003   271.350003   271.350004   271.350005   271.350007   271.350008   271.350011   271.350014   271.350018   271.350026   271.350326   271.377030   271.378478   271.378234   271.378119   271.378173   271.378227   271.378300   271.378387   271.378480   271.378575   271.378677   271.378797   271.378929   271.379085   271.379238     0.000000     0.000000     0.000000     0.000000     0.000000
     0.000000     0.000000     0.000000     0.000000     0.000000     0.000000     0.000000     0.000000     0.000000     0.000000     0.000000   271.350000   271.350000   271.350000   271.350000   271.350000   271.350000   271.359910     0.000000     0.000000     0.000000     0.000000     0.000000     0.000000     0.000000     0.000000     0.000000     0.000000     0.000000   271.350000   271.350001   271.351019   271.354302     0.000000     0.000000     0.000000     0.000000     0.000000     0.000000   271.350000   271.350000     0.000000     0.000000     0.000000   271.350000   271.350000   271.350000   271.350000   271.350878     0.000000   271.350000   271.350008   271.350013   271.350017   271.350022   271.350034   271.350108   271.358484     0.000000     0.000000     0.000000     0.000000     0.000000     0.000000     0.000000     0.000000     0.000000     0.000000     0.000000     0.000000     0.000000     0.000000     0.000000     0.000000     0.000000   271.350000   271.350161   271.350238   271.350327   271.357972   271.369068     0.000000     0.000000     0.000000     0.000000     0.000000     0.000000     0.000000     0.000000     0.000000     0.000000     0.000000     0.000000     0.000000     0.000000     0.000000     0.000000     0.000000     0.000000     0.000000   271.350000   271.350000   271.350001   271.350001   271.350001   271.350001   271.350001   271.350001   271.350001   271.350001   271.350001   271.350002   271.350002   271.350002   271.350003   271.350004   271.350005   271.350006   271.350007   271.350009   271.350012   271.350016   271.350020   271.350027   271.350035   271.350045   271.350058   271.350075   271.350097   271.350125   271.350160   271.350205   271.350262   271.350335   271.350436   271.350599   271.350971   271.352305   271.361319   271.378221   271.378300   271.378057   271.378002   271.378054   271.378119   271.378207   271.378311   271.378429   271.378541   271.378648   271.378769   271.378929   271.379119   271.379381     0.000000     0.000000     0.000000     0.000000     0.000000     0.000000
     0.000000     0.000000     0.000000     0.000000     0.000000     0.000000     0.000000     0.000000     0.000000     0.000000     0.000000     0.000000   271.350000   271.350000   271.350000   271.350000   271.350000   271.353614   271.365174     0.000000     0.000000     0.000000     0.000000     0.000000     0.000000     0.000000     0.000000     0.000000     0.000000   271.350000   271.350053   271.350182   271.367785     0.000000     0.000000     0.000000     0.000000     0.000000     0.000000   271.350000   271.360822     0.000000     0.000000     0.000000     0.000000     0.000000   271.350000   271.350005   271.350270   271.350352   271.350458   271.350595   271.350771   271.351007   271.351319   271.351725   271.352199   271.355321   271.355536   271.360501     0.000000     0.000000     0.000000     0.000000     0.000000     0.000000     0.000000     0.000000     0.000000     0.000000     0.000000     0.000000     0.000000   271.350000   271.353802   271.356766   271.358888   271.360179   271.361574   271.365658   271.374816     0.000000     0.000000     0.000000     0.000000     0.000000     0.000000     0.000000     0.000000     0.000000     0.000000     0.000000     0.000000     0.000000     0.000000     0.000000     0.000000     0.000000     0.000000   271.350000   271.350038   271.350047   271.350052   271.350058   271.350065   271.350073   271.350082   271.350092   271.350104   271.350118   271.350135   271.350156   271.350183   271.350216   271.350259   271.350314   271.350387   271.350481   271.350606   271.350769   271.350981   271.351257   271.351611   271.352063   271.352632   271.353339   271.354205   271.355247   271.356478   271.357904   271.359533   271.361411   271.363715   271.366911   271.371441   271.376145   271.378614   271.378553   271.378517   271.378125   271.377874   271.377871   271.377923   271.377999   271.378102   271.378229   271.378374   271.378530   271.378643   271.378753   271.378910   271.379133   271.379408     0.000000     0.000000     0.000000     0.000000     0.000000     0.000000     0.000000
     0.000000     0.000000     0.000000     0.000000     0.000000     0.000000     0.000000     0.000000     0.000000     0.000000     0.000000     0.000000     0.000000   271.350000   271.350000   271.350000   271.350000   271.350000   271.365203   271.365232   271.365260   271.365916     0.000000     0.000000     0.000000     0.000000     0.000000     0.000000   271.350000   271.353083   271.354231   271.358174   271.367529   271.372042     0.000000     0.000000     0.000000     0.000000     0.000000     0.000000     0.000000     0.000000   271.350000   271.350000     0.000000   271.350000   271.350314   271.350436   271.350497   271.350565   271.350641   271.350727   271.350825   271.350934   271.351054   271.351185   271.351325   271.351472   271.351912   271.360781   271.360975   271.361157   271.361337   271.361516   271.361705   271.364006     0.000000     0.000000     0.000000     0.000000     0.000000     0.000000   271.350000   271.365142   271.365215   271.365287   271.365363   271.365441   271.365523   271.365616   271.368054   271.371659     0.000000     0.000000     0.000000     0.000000     0.000000     0.000000     0.000000     0.000000     0.000000     0.000000     0.000000     0.000000     0.000000     0.000000     0.000000     0.000000     0.000000   271.350000   271.351742   271.351921   271.352129   271.352356   271.352606   271.352882   271.353189   271.353533   271.353922   271.354364   271.354873   271.355463   271.356154   271.356967   271.357926   271.359052   271.360362   271.361857   271.363523   271.365319   271.367186   271.369050   271.370838   271.372489   271.373959   271.375233   271.376314   271.376869   271.377044   271.377277   271.377590   271.377920   271.378151   271.378257   271.378287   271.378282   271.378233   271.378238   271.378014   271.377678   271.377721   271.377778   271.377865   271.377982   271.378134   271.378314   271.378513   271.378717   271.378769   271.378867   271.379072   271.379344   271.379289     0.000000     0.000000     0.000000     0.000000     0.000000     0.000000     0.000000
     0.000000     0.000000     0.000000     0.000000     0.000000     0.000000     0.000000     0.000000     0.000000     0.000000     0.000000     0.000000   271.350000   271.350000   271.350000   271.350000   271.350000   271.350000   271.350000   271.350000   271.350000   271.365938   271.365960   271.365983   271.366008   271.366467     0.000000   271.350000   271.366589   271.366607   271.366624   271.366656   271.366680   271.377271     0.000000     0.000000     0.000000     0.000000     0.000000     0.000000   271.350000   271.352535   271.355120   271.357968   271.360206   271.362468   271.364102   271.365205   271.366318   271.367407   271.367667   271.367695   271.367722   271.367747   271.367772   271.367796   271.367819   271.367841   271.367862   271.367881   271.367900   271.367916   271.367931   271.367942   271.367965   271.364355   271.364455   271.364541   271.364628   271.364715   271.364802   271.364893   271.364988   271.365075   271.365159   271.365243   271.365329   271.365414   271.365501   271.365587   271.365673   271.366843   271.366963   271.367344     0.000000     0.000000     0.000000     0.000000     0.000000     0.000000     0.000000     0.000000     0.000000     0.000000   271.350000   271.350103     0.000000     0.000000     0.000000   271.350000   271.371545   271.371701   271.371856   271.372012   271.372169   271.372327   271.372488   271.372652   271.372821   271.372997   271.373180   271.373373   271.373577   271.373793   271.374021   271.374259   271.374505   271.374756   271.375006   271.375251   271.375486   271.375709   271.375923   271.376132   271.376352   271.376603   271.376899   271.377213   271.377476   271.377641   271.377720   271.377751   271.377762   271.377766   271.377770   271.377768   271.377796   271.377808   271.377490   271.377552   271.377618   271.377714   271.377847   271.378024   271.378246   271.378488   271.378747   271.379009     0.000000     0.000000     0.000000     0.000000     0.000000     0.000000     0.000000     0.000000     0.000000     0.000000     0.000000     0.000000
     0.000000     0.000000     0.000000     0.000000     0.000000     0.000000     0.000000     0.000000     0.000000     0.000000     0.000000   271.350000   271.350000   271.350000   271.350000   271.350000   271.350000   271.350000   271.350000   271.350000   271.350000   271.350000   271.350000   271.350321   271.350388   271.366494   271.366521   271.366548   271.366575   271.366602   271.366629   271.366656   271.366744     0.000000     0.000000     0.000000     0.000000     0.000000   271.350000   271.367383   271.367408   271.367433   271.367456   271.367480   271.367505   271.367530   271.367557   271.367585   271.367613   271.367643   271.367674   271.367706   271.367739   271.367773   271.367808   271.367844   271.367880   271.367916   271.367952   271.367986   271.368017   271.368045   271.368071   271.368094   271.368115   271.368134   271.368152   271.368167   271.368180   271.368191   271.368200   271.368206   271.368209   271.368210   271.368206   271.368200   271.368191   271.368178   271.368163   271.368141   271.368121   271.368099   271.368123   271.369309     0.000000     0.000000     0.000000     0.000000     0.000000     0.000000     0.000000     0.000000     0.000000   271.350000   271.370391   271.370548   271.371912     0.000000     0.000000   271.350000   271.371391   271.371551   271.371709   271.371867   271.372025   271.372183   271.372343   271.372505   271.372670   271.372840   271.373017   271.373201   271.373394   271.373598   271.373814   271.374043   271.374286   271.374543   271.374816   271.375109   271.375423   271.375753   271.376076   271.376362   271.376585   271.376745   271.376857   271.376939   271.377003   271.377057   271.377105   271.377151   271.377195   271.377238   271.377280   271.377322   271.377382   271.377297   271.377359   271.377436   271.377543   271.377692   271.377905   271.378170   271.378473   271.378776   271.379091   271.379497     0.000000     0.000000     0.000000     0.000000     0.000000     0.000000     0.000000     0.000000     0.000000     0.000000     0.000000     0.000000
     0.000000     0.000000     0.000000     0.000000     0.000000     0.000000     0.000000     0.000000     0.000000     0.000000   271.350000   271.350000   271.350000   271.350000   271.350000   271.350000   271.350000   271.350000   271.350000   271.350000   271.350000   271.350000   271.350000   271.350000   271.350000   271.350000   271.350000   271.350000   271.350000   271.354122   271.363007   271.364067   271.367099     0.000000   271.350000   271.367237   271.367265   271.367298   271.367330   271.367362   271.367393   271.367424   271.367456   271.367488   271.367520   271.367553   271.367585   271.367618   271.367650   271.367683   271.367715   271.367747   271.367779   271.367810   271.367840   271.367870   271.367900   271.367928   271.367956   271.367983   271.368008   271.368033   271.368057   271.368080   271.368101   271.368122   271.368141   271.368158   271.368174   271.368188   271.368201   271.368211   271.368220   271.368226   271.368229   271.368230   271.368229   271.368224   271.368218   271.368209   271.368199   271.368187   271.368181   271.368574   271.369676     0.000000     0.000000     0.000000     0.000000     0.000000     0.000000     0.000000     0.000000   271.350000   271.370238   271.370393   271.370611   271.370768   271.370923   271.371076   271.371233   271.371394   271.371553   271.371712   271.371870   271.372027   271.372186   271.372346   271.372509   271.372676   271.372848   271.373028   271.373217   271.373418   271.373634   271.373865   271.374111   271.374367   271.374627   271.374882   271.375122   271.375343   271.375543   271.375720   271.375877   271.376018   271.376144   271.376259   271.376364   271.376460   271.376550   271.376634   271.376713   271.376788   271.376858   271.376935   271.377032   271.377119   271.377221   271.377348   271.377519   271.377770   271.378105   271.378467   271.378815   271.379152   271.379550     0.000000     0.000000     0.000000     0.000000     0.000000     0.000000     0.000000     0.000000     0.000000     0.000000     0.000000     0.000000     0.000000
     0.000000     0.000000     0.000000     0.000000     0.000000     0.000000     0.000000     0.000000     0.000000   271.350000   271.350000   271.350000   271.350000   271.350000   271.350000   271.350000   271.350000   271.350000   271.350000   271.350000   271.350000   271.350000   271.350000   271.350000   271.350000   271.350000   271.350000   271.350000   271.350000   271.350000   271.350012   271.350015   271.367126   271.367154   271.367183   271.367212   271.367241   271.367271   271.367301   271.367332   271.367363   271.367394   271.367425   271.367457   271.367489   271.367521   271.367554   271.367586   271.367619   271.367651   271.367684   271.367716   271.367748   271.367779   271.367810   271.367841   271.367871   271.367900   271.367928   271.367956   271.367983   271.368008   271.368034   271.368058   271.368081   271.368103   271.368124   271.368144   271.368163   271.368181   271.368198   271.368213   271.368226   271.368237   271.368247   271.368255   271.368260   271.368264   271.368265   271.368264   271.368261   271.368256   271.368250   271.368243   271.368420   271.368446   271.368476   271.368968     0.000000   271.350000   271.369515   271.369651   271.369790   271.369934   271.370085   271.370241   271.370400   271.370561   271.370723   271.370885   271.371046   271.371207   271.371365   271.371522   271.371677   271.371831   271.371984   271.372137   271.372290   271.372444   271.372599   271.372758   271.372920   271.373087   271.373259   271.373436   271.373619   271.373808   271.374002   271.374198   271.374395   271.374591   271.374783   271.374969   271.375148   271.375318   271.375479   271.375630   271.375772   271.375904   271.376029   271.376146   271.376255   271.376359   271.376454   271.376566   271.376795   271.376971   271.377137   271.377332   271.377627   271.378044   271.378468   271.378855   271.379195   271.379459   271.379650     0.000000     0.000000     0.000000     0.000000     0.000000     0.000000     0.000000     0.000000     0.000000     0.000000     0.000000     0.000000     0.000000
     0.000000     0.000000     0.000000     0.000000     0.000000     0.000000     0.000000     0.000000   271.350000   271.350000   271.350000   271.350000   271.350000   271.350000   271.350000   271.350000   271.350000   271.350000   271.350000   271.350000   271.350000   271.350000   271.350000   271.350000   271.350000   271.350000   271.350000   271.350000   271.350000   271.350000   271.350000   271.350000   271.350000   271.350000   271.350000   271.350000   271.367261   271.367285   271.367313   271.367338   271.367362   271.367386   271.367411   271.367438   271.367466   271.367495   271.367526   271.367559   271.367594   271.367629   271.367666   271.367704   271.367742   271.367780   271.367816   271.367849   271.367880   271.367909   271.367936   271.367962   271.367987   271.368010   271.368032   271.368053   271.368073   271.368091   271.368109   271.368125   271.368141   271.368155   271.368168   271.368181   271.368192   271.368202   271.368211   271.368220   271.368227   271.368232   271.368237   271.368240   271.368240   271.368238   271.368240   271.368232   271.368224   271.368214   271.368204   271.369060   271.369160   271.369269   271.369387   271.369514   271.369647   271.369786   271.369930   271.370080   271.370232   271.370387   271.370543   271.370699   271.370855   271.371011   271.371165   271.371317   271.371468   271.371617   271.371764   271.371911   271.372056   271.372201   271.372346   271.372492   271.372638   271.372786   271.372936   271.373088   271.373243   271.373400   271.373561   271.373725   271.373892   271.374061   271.374231   271.374403   271.374573   271.374743   271.374910   271.375074   271.375235   271.375391   271.375542   271.375689   271.375831   271.375967   271.376097   271.376354   271.376731   271.376952   271.377149   271.377484   271.377980   271.378469   271.378883   271.379203   271.379393   271.379521   271.379610     0.000000     0.000000     0.000000     0.000000     0.000000     0.000000     0.000000     0.000000     0.000000     0.000000     0.000000     0.000000     0.000000
     0.000000     0.000000     0.000000     0.000000     0.000000     0.000000     0.000000     0.000000   271.350000   271.350000   271.350000   271.350000   271.350000   271.350000   271.350000   271.350000   271.350000   271.350000   271.350000   271.350000   271.350000   271.350000   271.350000   271.350000   271.350000   271.350000   271.350000   271.350000   271.350000   271.350000   271.350000   271.350000   271.350000   271.350000   271.350000   271.350000   271.350002   271.350002   271.350003   271.350003   271.350004   271.350005   271.350006   271.350007   271.350008   271.350009   271.350011   271.350014   271.350017   271.350020   271.350025   271.350031   271.350039   271.350049   271.350061   271.350077   271.350096   271.350120   271.350149   271.350185   271.350227   271.350276   271.350334   271.350399   271.350473   271.350553   271.350639   271.350730   271.350823   271.350916   271.351006   271.351090   271.351165   271.351228   271.351276   271.351308   271.351323   271.351318   271.351294   271.351253   271.351193   271.351098   271.351352   271.352726   271.354425   271.356199   271.355819   271.355616   271.355813   271.356699   271.358568   271.361493   271.362364   271.363073   271.363776   271.364433   271.365030   271.365568   271.366051   271.366485   271.366878   271.367236   271.367566   271.367876   271.368174   271.368471   271.368787   271.369149   271.369592   271.370156   271.370865   271.371710   271.372633   271.373538   271.374342   271.374998   271.375505   271.375883   271.376162   271.376366   271.376518   271.376632   271.376720   271.376789   271.376844   271.376888   271.376926   271.376958   271.376985   271.377009   271.377031   271.377051   271.377068   271.377085   271.377099   271.376905   271.376925   271.376991   271.377304   271.377893   271.378451   271.378880   271.379170   271.379325   271.379442   271.379536   271.379499     0.000000     0.000000     0.000000     0.000000     0.000000     0.000000     0.000000     0.000000     0.000000     0.000000     0.000000     0.000000     0.000000
     0.000000     0.000000     0.000000     0.000000     0.000000     0.000000     0.000000   271.350000   271.350000   271.350000   271.350000   271.350000   271.350000   271.350000   271.350000   271.350000   271.350000   271.350000   271.350000   271.350000   271.350000   271.350000   271.350000   271.350000   271.350000   271.350000   271.350000   271.350000   271.350000   271.350000   271.350000   271.350000   271.350000   271.350000   271.350000   271.350000   271.350000   271.350000   271.350000   271.350000   271.350000   271.350000   271.350000   271.350000   271.350000   271.350000   271.350000   271.350000   271.350000   271.350000   271.350000   271.350000   271.350000   271.350000   271.350000   271.350000   271.350000   271.350000   271.350000   271.350000   271.350000   271.350000   271.350000   271.350000   271.350000   271.350000   271.350000   271.350000   271.350000   271.350000   271.350000   271.350000   271.350000   271.350000   271.350000   271.350000   271.350000   271.350000   271.350000   271.350000   271.350000   271.350000   271.350000   271.350000   271.350000   271.350000   271.350001   271.350003   271.350006   271.350011   271.350020   271.350034   271.350056   271.350093   271.350154   271.350250   271.350399   271.350626   271.350967   271.351471   271.352210   271.353282   271.354824   271.356999   271.359944   271.361633   271.362250   271.363080   271.364101   271.365270   271.366527   271.367808   271.369053   271.370215   271.371264   271.372187   271.372984   271.373660   271.374228   271.374700   271.375090   271.375412   271.375678   271.375897   271.376077   271.376227   271.376351   271.376453   271.376539   271.376610   271.376669   271.376718   271.376757   271.376788   271.376867   271.376547   271.376587   271.376965   271.377730   271.378391   271.378835   271.379099   271.379236   271.379371   271.379506   271.379557     0.000000     0.000000     0.000000     0.000000     0.000000     0.000000     0.000000     0.000000     0.000000     0.000000     0.000000     0.000000     0.000000     0.000000
     0.000000     0.000000     0.000000     0.000000     0.000000     0.000000     0.000000   271.350000   271.350000   271.350000   271.350000   271.350000   271.350000   271.350000   271.350000   271.350000   271.350000   271.350000   271.350000   271.350000   271.350000   271.350000   271.350000   271.350000   271.350000   271.350000   271.350000   271.350000   271.350000   271.350000   271.350000   271.350000   271.350000   271.350000   271.350000   271.350000   271.350000   271.350000   271.350000   271.350000   271.350000   271.350000   271.350000   271.350000   271.350000   271.350000   271.350000   271.350000   271.350000   271.350000   271.350000   271.350000   271.350000   271.350000   271.350000   271.350000   271.350000   271.350000   271.350000   271.350000   271.350000   271.350000   271.350000   271.350000   271.350000   271.350000   271.350000   271.350000   271.350000   271.350000   271.350000   271.350000   271.350000   271.350000   271.350000   271.350000   271.350000   271.350000   271.350000   271.350000   271.350000   271.350000   271.350000   271.350000   271.350000   271.350000   271.350000   271.350000   271.350000   271.350000   271.350000   271.350000   271.350000   271.350000   271.350000   271.350000   271.350000   271.350000   271.350000   271.350000   271.350000   271.350000   271.350000   271.350000   271.350000   271.350000   271.350000   271.350000   271.350370   271.351660   271.353791   271.356447   271.359222   271.361804   271.364042   271.365915   271.367457   271.368724   271.369777   271.370668   271.371426   271.372074   271.372628   271.373106   271.373518   271.373875   271.374183   271.374449   271.374679   271.374877   271.375049   271.375198   271.375321   271.375456   271.375444   271.375718   271.376397   271.377458   271.378266   271.378744   271.378997   271.379131   271.379271   271.379430   271.379597     0.000000     0.000000     0.000000     0.000000     0.000000     0.000000     0.000000     0.000000     0.000000     0.000000     0.000000     0.000000     0.000000     0.000000     0.000000
     0.000000     0.000000     0.000000     0.000000   271.350000   271.350000   271.350000   271.350000   271.350000   271.350000   271.350000   271.350000   271.350000   271.350000   271.350000   271.350000   271.350000   271.350000   271.350000   271.350000   271.350000   271.350000   271.350000   271.350000   271.350000   271.350000   271.350000   271.350000   271.350000   271.350000   271.350000   271.350000   271.350000   271.350000   271.350000   271.350000   271.350000   271.350000   271.350000   271.350000   271.350000   271.350000   271.350000   271.350000   271.350000   271.350000   271.350000   271.350000   271.350000   271.350000   271.350000   271.350000   271.350000   271.350000   271.350000   271.350000   271.350000   271.350000   271.350000   271.350000   271.350000   271.350000   271.350000   271.350000   271.350000   271.350000   271.350000   271.350000   271.350000   271.350000   271.350000   271.350000   271.350000   271.350000   271.350000   271.350000   271.350000   271.350000   271.350000   271.350000   271.350000   271.350000   271.350000   271.350000   271.350000   271.350000   271.350000   271.350000   271.350000   271.350000   271.350000   271.350000   271.350000   271.350000   271.350000   271.350000   271.350000   271.350000   271.350000   271.350000   271.350000   271.350000   271.350000   271.350000   271.350000   271.350000   271.350000   271.350000   271.350000   271.350000   271.350000   271.350404   271.351727   271.353874   271.356471   271.359054   271.361235   271.363165   271.364801   271.366037   271.366781   271.367715   271.368538   271.369257   271.369898   271.370474   271.370988   271.371439   271.371828   271.372160   271.372440   271.372676   271.372866   271.374510   271.374618   271.375598   271.377104   271.378111   271.378622   271.378875   271.379020   271.379163   271.379330   271.379474   271.379590     0.000000     0.000000     0.000000     0.000000     0.000000     0.000000     0.000000     0.000000     0.000000     0.000000     0.000000     0.000000     0.000000     0.000000     0.000000
     0.000000     0.000000     0.000000     0.000000   271.350000   271.350000   271.350000   271.350000   271.350000   271.350000   271.350000   271.350000   271.350000   271.350000   271.350000   271.350000   271.350000   271.350000   271.350000   271.350000   271.350000   271.350000   271.350000   271.350000   271.350000   271.350000   271.350000   271.350000   271.350000   271.350000   271.350000   271.350000   271.350000   271.350000   271.350000   271.350000   271.350000   271.350000   271.350000   271.350000   271.350000   271.350000   271.350000   271.350000   271.350000   271.350000   271.350000   271.350000   271.350000   271.350000   271.350000   271.350000   271.350000   271.350000   271.350000   271.350000   271.350000   271.350000   271.350000   271.350000   271.350000   271.350000   271.350000   271.350000   271.350000   271.350000   271.350000   271.350000   271.350000   271.350000   271.350000   271.350000   271.350000   271.350000   271.350000   271.350000   271.350000   271.350000   271.350000   271.350000   271.350000   271.350000   271.350000   271.350000   271.350000   271.350000   271.350000   271.350000   271.350000   271.350000   271.350000   271.350000   271.350000   271.350000   271.350000   271.350000   271.350000   271.350000   271.350000   271.350000   271.350000   271.350000   271.350000   271.350000   271.350000   271.350000   271.350000   271.350000   271.350000   271.350000   271.350000   271.350000   271.350000   271.350169   271.351120   271.352804   271.356929   271.372788     0.000000     0.000000   271.367689   271.368470   271.368982   271.369654   271.370258   271.370800   271.371279   271.371694   271.372049   271.372349   271.372602   271.372812   271.373001   271.374437   271.375309   271.376821   271.377820   271.378377   271.378696   271.378894   271.379049   271.379227   271.379382   271.379492   271.379573     0.000000     0.000000     0.000000     0.000000     0.000000     0.000000     0.000000     0.000000     0.000000     0.000000     0.000000     0.000000     0.000000     0.000000     0.000000
     0.000000     0.000000     0.000000     0.000000     0.000000   271.350000   271.350000   271.350000   271.350000   271.350000   271.350000   271.350000   271.350000   271.350000   271.350000   271.350000   271.350000   271.350000   271.350000   271.350000   271.350000   271.350000   271.350000   271.350000   271.350000   271.350000   271.350000   271.350000   271.350000   271.350000   271.350000   271.350000   271.350000   271.350000   271.350000   271.350000   271.350000   271.350000   271.350000   271.350000   271.350000   271.350000   271.350000   271.350000   271.350000   271.350000   271.350000   271.350000   271.350000   271.350000   271.350000   271.350000   271.350000   271.350000   271.350000   271.350000   271.350000   271.350000   271.350000   271.350000   271.350000   271.350000   271.350000   271.350000   271.350000   271.350000   271.350000   271.350000   271.350000   271.350000   271.350000   271.350000   271.350000   271.350000   271.350000   271.350000   271.350000   271.350000   271.350000   271.350000   271.350000   271.350000   271.350000   271.350000   271.350000   271.350000   271.350000   271.350000   271.350000   271.350000   271.350000   271.350000   271.350000   271.350000   271.350000   271.350000   271.350000   271.350000   271.350000   271.350000   271.350000   271.350000   271.350000   271.350000   271.350000   271.350000   271.350000   271.350000   271.350000   271.367742     0.000000     0.000000     0.000000     0.000000     0.000000     0.000000     0.000000     0.000000     0.000000     0.000000     0.000000     0.000000   271.369454   271.370080   271.370644   271.371144   271.371580   271.371953   271.372270   271.372536   271.372760   271.372941   271.374235   271.374935   271.376352   271.377453   271.378084   271.378466   271.378732   271.378931   271.379116   271.379300   271.379431   271.379504   271.379561     0.000000     0.000000     0.000000     0.000000     0.000000     0.000000     0.000000     0.000000     0.000000     0.000000     0.000000     0.000000     0.000000     0.000000     0.000000
     0.000000     0.000000     0.000000     0.000000     0.000000     0.000000   271.350000   271.350000   271.350000   271.350000   271.350000   271.350000   271.350000   271.350000   271.350000   271.350000   271.350000   271.350000   271.350000   271.350000   271.350000   271.350000   271.350000   271.350000   271.350000   271.350000   271.350000   271.350000   271.350000   271.350000   271.350000   271.350000   271.350000   271.350000   271.350000   271.350000   271.350000   271.350000   271.350000   271.350000   271.350000   271.350000   271.350000   271.350000   271.350000   271.350000   271.350000   271.350000   271.350000   271.350000   271.350000   271.350000   271.350000   271.350000   271.350000   271.350000   271.350000   271.350000   271.350000   271.350000   271.350000   271.350000   271.350000   271.350000   271.350000   271.350000   271.350000   271.350000   271.350000   271.350000   271.350000   271.350000   271.350000   271.350000   271.350000   271.350000   271.350000   271.350000   271.350000   271.350000   271.350000   271.350000   271.350000   271.350000   271.350000   271.350000   271.350000   271.350000   271.350000   271.350000   271.350000   271.350000   271.350000   271.350000   271.350000   271.350000   271.350000   271.350000   271.350000   271.350000   271.350000   271.350000   271.350000   271.350000   271.350000   271.350000   271.350000   271.350000   271.350000   271.367748   271.379587     0.000000     0.000000     0.000000     0.000000     0.000000     0.000000     0.000000     0.000000     0.000000     0.000000   271.350000   271.370066   271.370625   271.371129   271.371568   271.371944   271.372262   271.372530   271.372755   271.372943   271.373097   271.374363   271.375835   271.377119   271.377825   271.378221   271.378517   271.378777   271.378993   271.379196   271.379371   271.379486   271.379552   271.379534     0.000000     0.000000     0.000000     0.000000     0.000000     0.000000     0.000000     0.000000     0.000000     0.000000     0.000000     0.000000     0.000000     0.000000     0.000000
     0.000000     0.000000     0.000000     0.000000     0.000000     0.000000   271.350000   271.350000   271.350000   271.350000   271.350000   271.350000   271.350000   271.350000   271.350000   271.350000   271.350000   271.350000   271.350000   271.350000   271.350000   271.350000   271.350000   271.350000   271.350000   271.350000   271.350000   271.350000   271.350000   271.350000   271.350000   271.350000   271.350000   271.350000   271.350000   271.350000   271.350000   271.350000   271.350000   271.350000   271.350000   271.350000   271.350000   271.350000   271.350000   271.350000   271.350000   271.350000   271.350000   271.350000   271.350000   271.350000   271.350000   271.350000   271.350000   271.350000   271.350000   271.350000   271.350000   271.350000   271.350000   271.350000   271.350000   271.350000   271.350000   271.350000   271.350000   271.350000   271.350000   271.350000   271.350000   271.350000   271.350000   271.350000   271.350000   271.350000   271.350000   271.350000   271.350000   271.350000   271.350000   271.350000   271.350000   271.350000   271.350000   271.350000   271.350000   271.350000   271.350000   271.350000   271.350000   271.350000   271.350000   271.350000   271.350000   271.350000   271.350000   271.350000   271.350000   271.350000   271.350000   271.350000   271.350000   271.350000   271.350000   271.350000   271.350000   271.350000   271.350000   271.378755   271.379542     0.000000     0.000000     0.000000     0.000000     0.000000     0.000000     0.000000     0.000000   271.350000   271.350000   271.350000   271.350000   271.350000   271.350670   271.351144   271.351900   271.353043   271.354659   271.362807   271.366463   271.373357   271.374752   271.376658   271.377656   271.378070   271.378312   271.378568   271.378833   271.379064   271.379273   271.379440   271.379552   271.379634     0.000000     0.000000     0.000000     0.000000     0.000000     0.000000     0.000000     0.000000     0.000000     0.000000     0.000000     0.000000     0.000000     0.000000     0.000000     0.000000
     0.000000     0.000000     0.000000     0.000000     0.000000     0.000000   271.350000   271.350000   271.350000   271.350000   271.350000   271.350000   271.350000   271.350000   271.350000   271.350000   271.350000   271.350000   271.350000   271.350000   271.350000   271.350000   271.350000   271.350000   271.350000   271.350000   271.350000   271.350000   271.350000   271.350000   271.350000   271.350000   271.350000   271.350000   271.350000   271.350000   271.350000   271.350000   271.350000   271.350000   271.350000   271.350000   271.350000   271.350000   271.350000   271.350000   271.350000   271.350000   271.350000   271.350000   271.350000   271.350000   271.350000   271.350000   271.350000   271.350000   271.350000   271.350000   271.350000   271.350000   271.350000   271.350000   271.350000   271.350000   271.350000   271.350000   271.350000   271.350000   271.350000   271.350000   271.350000   271.350000   271.350000   271.350000   271.350000   271.350000   271.350000   271.350000   271.350000   271.350000   271.350000   271.350000   271.350000   271.350000   271.350000   271.350000   271.350000   271.350000   271.350000   271.350000   271.350000   271.350000   271.350000   271.350000   271.350000   271.350000   271.350000   271.350000   271.350000   271.350000   271.350000   271.350000   271.350000   271.350000   271.350000   271.350000   271.350000   271.350000   271.350000   271.378803     0.000000     0.000000     0.000000     0.000000     0.000000     0.000000     0.000000     0.000000   271.350000   271.350000   271.350000   271.350000   271.350000   271.350000   271.350000   271.350000   271.350000   271.350000   271.350001   271.350017   271.350031   271.375845   271.375685   271.377395   271.378057   271.378266   271.378408   271.378639   271.378904   271.379141   271.379342   271.379500   271.379619   271.379655     0.000000     0.000000     0.000000     0.000000     0.000000     0.000000     0.000000     0.000000     0.000000     0.000000     0.000000     0.000000     0.000000     0.000000     0.000000     0.000000
     0.000000     0.000000     0.000000     0.000000     0.000000     0.000000   271.350000   271.350000   271.350000   271.350000   271.350000   271.350000   271.350000   271.350000   271.350000   271.350000   271.350000   271.350000   271.350000   271.350000   271.350000   271.350000   271.350000   271.350000   271.350000   271.350000   271.350000   271.350000   271.350000   271.350000   271.350000   271.350000   271.350000   271.350000   271.350000   271.350000   271.350000   271.350000   271.350000   271.350000   271.350000   271.350000   271.350000   271.350000   271.350000   271.350000   271.350000   271.350000   271.350000   271.350000   271.350000   271.350000   271.350000   271.350000   271.350000   271.350000   271.350000   271.350000   271.350000   271.350000   271.350000   271.350000   271.350000   271.350000   271.350000   271.350000   271.350000   271.350000   271.350000   271.350000   271.350000   271.350000   271.350000   271.350000   271.350000   271.350000   271.350000   271.350000   271.350000   271.350000   271.350000   271.350000   271.350000   271.350000   271.350000   271.350000   271.350000   271.350000   271.350000   271.350000   271.350000   271.350000   271.350000   271.350000   271.350000   271.350000   271.350000   271.350000   271.350000   271.350000   271.350000   271.350000   271.350000   271.350000   271.350000   271.350000   271.350000   271.350000   271.350000   271.378698     0.000000     0.000000     0.000000     0.000000     0.000000     0.000000     0.000000     0.000000   271.350000   271.350000   271.350000   271.350074   271.350083   271.350093   271.350105   271.350119   271.350135   271.350155   271.350185   271.350255   271.350272   271.377301   271.377017   271.378017   271.378376   271.378451   271.378530   271.378734   271.378989   271.379225   271.379415   271.379558   271.379723     0.000000     0.000000     0.000000     0.000000     0.000000     0.000000     0.000000     0.000000     0.000000     0.000000     0.000000     0.000000     0.000000     0.000000     0.000000     0.000000     0.000000
     0.000000     0.000000     0.000000     0.000000     0.000000     0.000000   271.350000   271.350000   271.350000   271.350000   271.350000   271.350000   271.350000   271.350000   271.350000   271.350000   271.350000   271.350000   271.350000   271.350000   271.350000   271.350000   271.350000   271.350000   271.350000   271.350000   271.350000   271.350000   271.350000   271.350000   271.350000   271.350000   271.350000   271.350000   271.350000   271.350000   271.350000   271.350000   271.350000   271.350000   271.350000   271.350000   271.350000   271.350000   271.350000   271.350000   271.350000   271.350000   271.350000   271.350000   271.350000   271.350000   271.350000   271.350000   271.350000   271.350000   271.350000   271.350000   271.350000   271.350000   271.350000   271.350000   271.350000   271.350000   271.350000   271.350000   271.350000   271.350000   271.350000   271.350000   271.350000   271.350000   271.350000   271.350000   271.350000   271.350000   271.350000   271.350000   271.350000   271.350000   271.350000   271.350000   271.350000   271.350000   271.350000   271.350000   271.350000   271.350000   271.350000   271.350000   271.350000   271.350000   271.350000   271.350000   271.350000   271.350000   271.350000   271.350000   271.350000   271.350000   271.350000   271.350000   271.350000   271.350000   271.350000   271.350000   271.350000   271.350000   271.350000   271.378528     0.000000     0.000000     0.000000     0.000000     0.000000     0.000000     0.000000     0.000000     0.000000     0.000000   271.350000   271.355537   271.356061   271.356652   271.357284   271.357975   271.358731   271.359596   271.361430   271.362117   271.377073   271.378661   271.378305   271.378508   271.378628   271.378626   271.378668   271.378841   271.379081   271.379307   271.379483   271.379604   271.379703   271.379650     0.000000     0.000000     0.000000     0.000000     0.000000     0.000000     0.000000     0.000000     0.000000     0.000000     0.000000     0.000000     0.000000     0.000000     0.000000     0.000000
     0.000000     0.000000     0.000000     0.000000     0.000000     0.000000     0.000000   271.350000   271.350000   271.350000   271.350000   271.350000   271.350000   271.350000   271.350000   271.350000   271.350000   271.350000   271.350000   271.350000   271.350000   271.350000   271.350000   271.350000   271.350000   271.350000   271.350000   271.350000   271.350000   271.350000   271.350000   271.350000   271.350000   271.350000   271.350000   271.350000   271.350000   271.350000   271.350000   271.350000   271.350000   271.350000   271.350000   271.350000   271.350000   271.350000   271.350000   271.350000   271.350000   271.350000   271.350000   271.350000   271.350000   271.350000   271.350000   271.350000   271.350000   271.350000   271.350000   271.350000   271.350000   271.350000   271.350000   271.350000   271.350000   271.350000   271.350000   271.350000   271.350000   271.350000   271.350000   271.350000   271.350000   271.350000   271.350000   271.350000   271.350000   271.350000   271.350000   271.350000   271.350000   271.350000   271.350000   271.350000   271.350000   271.350000   271.350000   271.350000   271.350000   271.350000   271.350000   271.350000   271.350000   271.350000   271.350000   271.350000   271.350000   271.350000   271.350000   271.350000   271.350000   271.350000   271.350000   271.350000   271.350000   271.350000   271.350000   271.350000   271.350000   271.378319     0.000000     0.000000     0.000000     0.000000   271.350000   271.377080   271.377274     0.000000     0.000000     0.000000   271.350000   271.377252   271.377285   271.377321   271.377358   271.377396   271.377433   271.377471   271.377504   271.377537   271.377073   271.377465   271.378469   271.378735   271.378796   271.378773   271.378798   271.378950   271.379172   271.379377   271.379536   271.379655   271.379747   271.379789     0.000000     0.000000     0.000000     0.000000     0.000000     0.000000     0.000000     0.000000     0.000000     0.000000     0.000000     0.000000     0.000000     0.000000     0.000000     0.000000
     0.000000     0.000000     0.000000     0.000000     0.000000     0.000000     0.000000   271.350000   271.350000   271.350000   271.350000   271.350000   271.350000   271.350000   271.350000   271.350000   271.350000   271.350000   271.350000   271.350000   271.350000   271.350000   271.350000   271.350000   271.350000   271.350000   271.350000   271.350000   271.350000   271.350000   271.350000   271.350000   271.350000   271.350000   271.350000   271.350000   271.350000   271.350000   271.350000   271.350000   271.350000   271.350000   271.350000   271.350000   271.350000   271.350000   271.350000   271.350000   271.350000   271.350000   271.350000   271.350000   271.350000   271.350000   271.350000   271.350000   271.350000   271.350000   271.350000   271.350000   271.350000   271.350000   271.350000   271.350000   271.350000   271.350000   271.350000   271.350000   271.350000   271.350000   271.350000   271.350000   271.350000   271.350000   271.350000   271.350000   271.350000   271.350000   271.350000   271.350000   271.350000   271.350000   271.350000   271.350000   271.350000   271.350000   271.350000   271.350000   271.350000   271.350000   271.350000   271.350000   271.350000   271.350000   271.350000   271.350000   271.350000   271.350000   271.350000   271.350000   271.350000   271.350000   271.350000   271.350000   271.350000   271.350000   271.350000   271.350000   271.350000   271.378080     0.000000     0.000000     0.000000     0.000000   271.350000   271.377139   271.377144   271.377150   271.377161   271.377177   271.377197   271.377222   271.377253   271.377286   271.377322   271.377359   271.377397   271.377437   271.377472   271.377272   271.377086   271.377798   271.378598   271.378848   271.378899   271.378880   271.378904   271.379051   271.379254   271.379433   271.379573   271.379699   271.379824   271.379897     0.000000     0.000000     0.000000     0.000000     0.000000     0.000000     0.000000     0.000000     0.000000     0.000000     0.000000     0.000000     0.000000     0.000000     0.000000     0.000000
     0.000000     0.000000     0.000000     0.000000     0.000000     0.000000     0.000000   271.350000   271.350000   271.350000   271.350000   271.350000   271.350000   271.350000   271.350000   271.350000   271.350000   271.350000   271.350000   271.350000   271.350000   271.350000   271.350000   271.350000   271.350000   271.350000   271.350000   271.350000   271.350000   271.350000   271.350000   271.350000   271.350000   271.350000   271.350000   271.350000   271.350000   271.350000   271.350000   271.350000   271.350000   271.350000   271.350000   271.350000   271.350000   271.350000   271.350000   271.350000   271.350000   271.350000   271.350000   271.350000   271.350000   271.350000   271.350000   271.350000   271.350000   271.350000   271.350000   271.350000   271.350000   271.350000   271.350000   271.350000   271.350000   271.350000   271.350000   271.350000   271.350000   271.350000   271.350000   271.350000   271.350000   271.350000   271.350000   271.350000   271.350000   271.350000   271.350000   271.350000   271.350000   271.350000   271.350000   271.350000   271.350000   271.350000   271.350000   271.350000   271.350000   271.350000   271.350000   271.350000   271.350000   271.350000   271.350000   271.350000   271.350000   271.350000   271.350000   271.350000   271.350000   271.350000   271.350000   271.350000   271.350000   271.350000   271.350000   271.350000   271.350000   271.377461     0.000000     0.000000     0.000000     0.000000   271.350000   271.377142   271.377139   271.377140   271.377146   271.377157   271.377173   271.377194   271.377222   271.377255   271.377292   271.377332   271.377364   271.377403   271.377530   271.377447   271.377168   271.378006   271.378657   271.378892   271.378950   271.378948   271.378990   271.379142   271.379323   271.379477   271.379599   271.379707   271.379881     0.000000     0.000000     0.000000     0.000000     0.000000     0.000000     0.000000     0.000000     0.000000     0.000000     0.000000     0.000000     0.000000     0.000000     0.000000     0.000000     0.000000
     0.000000     0.000000     0.000000     0.000000     0.000000     0.000000     0.000000   271.350000   271.350000   271.350000   271.350000   271.350000   271.350000   271.350000   271.350000   271.350000   271.350000   271.350000   271.350000   271.350000   271.350000   271.350000   271.350000   271.350000   271.350000   271.350000   271.350000   271.350000   271.350000   271.350000   271.350000   271.350000   271.350000   271.350000   271.350000   271.350000   271.350000   271.350000   271.350000   271.350000   271.350000   271.350000   271.350000   271.350000   271.350000   271.350000   271.350000   271.350000   271.350000   271.350000   271.350000   271.350000   271.350000   271.350000   271.350000   271.350000   271.350000   271.350000   271.350000   271.350000   271.350000   271.350000   271.350000   271.350000   271.350000   271.350000   271.350000   271.350000   271.350000   271.350000   271.350000   271.350000   271.350000   271.350000   271.350000   271.350000   271.350000   271.350000   271.350000   271.350000   271.350000   271.350000   271.350000   271.350000   271.350000   271.350000   271.350000   271.350000   271.350000   271.350000   271.350000   271.350000   271.350000   271.350000   271.350000   271.350000   271.350000   271.350000   271.350000   271.350000   271.350000   271.350000   271.350000   271.350000   271.350000   271.350000   271.350000   271.350000   271.350000   271.377431   271.377250     0.000000     0.000000   271.350000   271.377158   271.377148   271.377142   271.377139   271.377140   271.377146   271.377157   271.377173   271.377194   271.377219   271.377248   271.377280   271.377313   271.377353   271.377541   271.377259   271.377303   271.378102   271.378659   271.378889   271.378962   271.378990   271.379066   271.379219   271.379377   271.379511   271.379620   271.379711   271.379812   271.379895     0.000000     0.000000     0.000000     0.000000     0.000000     0.000000     0.000000     0.000000     0.000000     0.000000     0.000000     0.000000     0.000000     0.000000     0.000000     0.000000
     0.000000     0.000000     0.000000     0.000000     0.000000     0.000000     0.000000   271.350000   271.350000   271.350000   271.350000   271.350000   271.350000   271.350000   271.350000   271.350000   271.350000   271.350000   271.350000   271.350000   271.350000   271.350000   271.350000   271.350000   271.350000   271.350000   271.350000   271.350000   271.350000   271.350000   271.350000   271.350000   271.350000   271.350000   271.350000   271.350000   271.350000   271.350000   271.350000   271.350000   271.350000   271.350000   271.350000   271.350000   271.350000   271.350000   271.350000   271.350000   271.350000   271.350000   271.350000   271.350000   271.350000   271.350000   271.350000   271.350000   271.350000   271.350000   271.350000   271.350000   271.350000   271.350000   271.350000   271.350000   271.350000   271.350000   271.350000   271.350000   271.350000   271.350000   271.350000   271.350000   271.350000   271.350000   271.350000   271.350000   271.350000   271.350000   271.350000   271.350000   271.350000   271.350000   271.350000   271.350000   271.350000   271.350000   271.350000   271.350000   271.350000   271.350000   271.350000   271.350000   271.350000   271.350000   271.350000   271.350000   271.350000   271.350000   271.350000   271.350000   271.350000   271.350000   271.350000   271.350000   271.350000   271.350000   271.350000   271.350000   271.350000   271.350000   271.377232   271.377214   271.377198   271.377183   271.377169   271.377158   271.377148   271.377142   271.377139   271.377139   271.377144   271.377153   271.377167   271.377185   271.377208   271.377234   271.377263   271.377377   271.377417   271.377141   271.377398   271.378117   271.378617   271.378850   271.378954   271.379025   271.379134   271.379279   271.379418   271.379534   271.379630   271.379706   271.379780   271.379852   271.379919     0.000000     0.000000     0.000000     0.000000     0.000000     0.000000     0.000000     0.000000     0.000000     0.000000     0.000000     0.000000     0.000000     0.000000     0.000000
     0.000000     0.000000     0.000000     0.000000     0.000000     0.000000     0.000000   271.350000   271.350000   271.350000   271.350000   271.350000   271.350000   271.350000   271.350000   271.350000   271.350000   271.350000   271.350000   271.350000   271.350000   271.350000   271.350000   271.350000   271.350000   271.350000   271.350000   271.350000   271.350000   271.350000   271.350000   271.350000   271.350000   271.350000   271.350000   271.350000   271.350000   271.350000   271.350000   271.350000   271.350000   271.350000   271.350000   271.350000   271.350000   271.350000   271.350000   271.350000   271.350000   271.350000   271.350000   271.350000   271.350000   271.350000   271.350000   271.350000   271.350000   271.350000   271.350000   271.350000   271.350000   271.350000   271.350000   271.350000   271.350000   271.350000   271.350000   271.350000   271.350000   271.350000   271.350000   271.350000   271.350000   271.350000   271.350000   271.350000   271.350000   271.350000   271.350000   271.350000   271.350000   271.350000   271.350000   271.350000   271.350000   271.350000   271.350000   271.350000   271.350000   271.350000   271.350000   271.350000   271.350000   271.350000   271.350000   271.350000   271.350000   271.350000   271.350000   271.350000   271.350000   271.350000   271.350000   271.350000   271.350000   271.350000   271.350000   271.350000   271.350000   271.350000   271.350000   271.350000   271.350000   271.350000   271.350000   271.350000   271.350000   271.350000   271.350000   271.350000   271.350116   271.351029   271.352886   271.355566   271.358742   271.361991   271.377406   271.377485   271.377316   271.377097   271.377463   271.378108   271.378562   271.378808   271.378945   271.379058   271.379188   271.379323   271.379446   271.379550   271.379634   271.379704   271.379770   271.379831   271.379870   271.379894   271.379805   271.379562     0.000000     0.000000     0.000000     0.000000     0.000000     0.000000     0.000000     0.000000     0.000000     0.000000     0.000000     0.000000
     0.000000     0.000000     0.000000     0.000000     0.000000     0.000000     0.000000     0.000000   271.350000   271.350000   271.350000   271.350000   271.350000   271.350000   271.350000   271.350000   271.350000   271.350000   271.350000   271.350000   271.350000   271.350000   271.350000   271.350000   271.350000   271.350000   271.350000   271.350000   271.350000   271.350000   271.350000   271.350000   271.350000   271.350000   271.350000   271.350000   271.350000   271.350000   271.350000   271.350000   271.350000   271.350000   271.350000   271.350000   271.350000   271.350000   271.350000   271.350000   271.350000   271.350000   271.350000   271.350000   271.350000   271.350000   271.350000   271.350000   271.350000   271.350000   271.350000   271.350000   271.350000   271.350000   271.350000   271.350000   271.350000   271.350000   271.350000   271.350000   271.350000   271.350000   271.350000   271.350000   271.350000   271.350000   271.350000   271.350000   271.350000   271.350000   271.350000   271.350000   271.350000   271.350000   271.350000   271.350000   271.350000   271.350000   271.350000   271.350000   271.350000   271.350000   271.350000   271.350000   271.350000   271.350000   271.350000   271.350000   271.350000   271.350000   271.350000   271.350000   271.350000   271.350000   271.350000   271.350000   271.350000   271.350000   271.350000   271.350000   271.350000   271.350000   271.350000   271.350000   271.350000   271.350000   271.350000   271.350000   271.350000   271.350000   271.350000   271.350000   271.350000   271.350467   271.351587   271.353129   271.354807   271.356381   271.377241   271.377541   271.377229   271.377086   271.377505   271.378086   271.378507   271.378765   271.378939   271.379089   271.379228   271.379355   271.379467   271.379561   271.379640   271.379708   271.379768   271.379819   271.379860   271.379901   271.379910   271.379899     0.000000     0.000000     0.000000     0.000000     0.000000     0.000000     0.000000     0.000000     0.000000     0.000000     0.000000     0.000000
     0.000000     0.000000     0.000000     0.000000     0.000000     0.000000     0.000000     0.000000   271.350000   271.350000   271.350000   271.350000   271.350000   271.350000   271.350000   271.350000   271.350000   271.350000   271.350000   271.350000   271.350000   271.350000   271.350000   271.350000   271.350000   271.350000   271.350000   271.350000   271.350000   271.350000   271.350000   271.350000   271.350000   271.350000   271.350000   271.350000   271.350000   271.350000   271.350000   271.350000   271.350000   271.350000   271.350000   271.350000   271.350000   271.350000   271.350000   271.350000   271.350000   271.350000   271.350000   271.350000   271.350000   271.350000   271.350000   271.350000   271.350000   271.350000   271.350000   271.350000   271.350000   271.350000   271.350000   271.350000   271.350000   271.350000   271.350000   271.350000   271.350000   271.350000   271.350000   271.350000   271.350000   271.350000   271.350000   271.350000   271.350000   271.350000   271.350000   271.350000   271.350000   271.350000   271.350000   271.350000   271.350000   271.350000   271.350000   271.350000   271.350000   271.350000   271.350000   271.350000   271.350000   271.350000   271.350000   271.350000   271.350000   271.350000   271.350000   271.350000   271.350000   271.350000   271.350000   271.350000   271.350000   271.350000   271.350000   271.350000   271.350000   271.350000   271.350000   271.350000   271.350000   271.350000   271.350000   271.350000   271.350000   271.350000   271.350000   271.350000   271.350000   271.350121   271.350883   271.352183   271.353744   271.355263   271.377145   271.377538   271.377157   271.377086   271.377526   271.378067   271.378467   271.378739   271.378944   271.379113   271.379257   271.379379   271.379483   271.379572   271.379647   271.379713   271.379770   271.379821   271.379868   271.379912   271.379947   271.379988     0.000000     0.000000     0.000000     0.000000     0.000000     0.000000     0.000000     0.000000     0.000000     0.000000     0.000000     0.000000
     0.000000     0.000000     0.000000     0.000000     0.000000     0.000000     0.000000     0.000000     0.000000   271.350000   271.350000   271.350000   271.350000   271.350000   271.350000   271.350000   271.350000   271.350000   271.350000   271.350000   271.350000   271.350000   271.350000   271.350000   271.350000   271.350000   271.350000   271.350000   271.350000   271.350000   271.350000   271.350000   271.350000   271.350000   271.350000   271.350000   271.350000   271.350000   271.350000   271.350000   271.350000   271.350000   271.350000   271.350000   271.350000   271.350000   271.350000   271.350000   271.350000   271.350000   271.350000   271.350000   271.350000   271.350000   271.350000   271.350000   271.350000   271.350000   271.350000   271.350000   271.350000   271.350000   271.350000   271.350000   271.350000   271.350000   271.350000   271.350000   271.350000   271.350000   271.350000   271.350000   271.350000   271.350000   271.350000   271.350000   271.350000   271.350000   271.350000   271.350000   271.350000   271.350000   271.350000   271.350000   271.350000   271.350000   271.350000   271.350000   271.350000   271.350000   271.350000   271.350000   271.350000   271.350000   271.350000   271.350000   271.350000   271.350000   271.350000   271.350000   271.350000   271.350000   271.350000   271.350000   271.350000   271.350000   271.350000   271.350000   271.350000   271.350000   271.350000   271.350000   271.350000   271.350000   271.350000   271.350000   271.350000   271.350000   271.350000   271.350000   271.350000   271.350000   271.350487   271.351586   271.353060   271.354555   271.377337   271.377465   271.377081   271.377082   271.377541   271.378068   271.378460   271.378741   271.378959   271.379135   271.379278   271.379397   271.379498   271.379583   271.379657   271.379721   271.379778   271.379830   271.379880   271.379925   271.379963   271.379978   271.379956     0.000000     0.000000     0.000000     0.000000     0.000000     0.000000     0.000000     0.000000     0.000000     0.000000     0.000000
     0.000000     0.000000     0.000000     0.000000     0.000000     0.000000     0.000000     0.000000     0.000000   271.350000   271.350000   271.350000   271.350000   271.350000   271.350000   271.350000   271.350000   271.350000   271.350000   271.350000   271.350000   271.350000   271.350000   271.350000   271.350000   271.350000   271.350000   271.350000   271.350000   271.350000   271.350000   271.350000   271.350000   271.350000   271.350000   271.350000   271.350000   271.350000   271.350000   271.350000   271.350000   271.350000   271.350000   271.350000   271.350000   271.350000   271.350000   271.350000   271.350000   271.350000   271.350000   271.350000   271.350000   271.350000   271.350000   271.350000   271.350000   271.350000   271.350000   271.350000   271.350000   271.350000   271.350000   271.350000   271.350000   271.350000   271.350000   271.350000   271.350000   271.350000   271.350000   271.350000   271.350000   271.350000   271.350000   271.350000   271.350000   271.350000   271.350000   271.350000   271.350000   271.350000   271.350000   271.350000   271.350000   271.350000   271.350000   271.350000   271.350000   271.350000   271.350000   271.350000   271.350000   271.350000   271.350000   271.350000   271.350000   271.350000   271.350000   271.350000   271.350000   271.350000   271.350000   271.350000   271.350000   271.350000   271.350000   271.350000   271.350000   271.350000   271.350000   271.350000   271.350000   271.350000   271.350000   271.350000   271.350000   271.350000   271.350000   271.350000   271.350000   271.350000   271.350115   271.350864   271.352143   271.353588   271.377335   271.377298   271.376975   271.377066   271.377576   271.378108   271.378492   271.378770   271.378986   271.379159   271.379299   271.379415   271.379513   271.379597   271.379669   271.379732   271.379789   271.379841   271.379890   271.379934   271.379968   271.379994   271.380042     0.000000     0.000000     0.000000     0.000000     0.000000     0.000000     0.000000     0.000000     0.000000     0.000000     0.000000
     0.000000     0.000000     0.000000     0.000000     0.000000     0.000000     0.000000     0.000000     0.000000   271.350000   271.350000   271.350000   271.350000   271.350000   271.350000   271.350000   271.350000   271.350000   271.350000   271.350000   271.350000   271.350000   271.350000   271.350000   271.350000   271.350000   271.350000   271.350000   271.350000   271.350000   271.350000   271.350000   271.350000   271.350000   271.350000   271.350000   271.350000   271.350000   271.350000   271.350000   271.350000   271.350000   271.350000   271.350000   271.350000   271.350000   271.350000   271.350000   271.350000   271.350000   271.350000   271.350000   271.350000   271.350000   271.350000   271.350000   271.350000   271.350000   271.350000   271.350000   271.350000   271.350000   271.350000   271.350000   271.350000   271.350000   271.350000   271.350000   271.350000   271.350000   271.350000   271.350000   271.350000   271.350000   271.350000   271.350000   271.350000   271.350000   271.350000   271.350000   271.350000   271.350000   271.350000   271.350000   271.350000   271.350000   271.350000   271.350000   271.350000   271.350000   271.350000   271.350000   271.350000   271.350000   271.350000   271.350000   271.350000   271.350000   271.350000   271.350000   271.350000   271.350000   271.350000   271.350000   271.350000   271.350000   271.350000   271.350000   271.350000   271.350000   271.350000   271.350000   271.350000   271.350000   271.350000   271.350000   271.350000   271.350000   271.350000   271.350000   271.350000   271.350000   271.350000   271.350332   271.351318   271.353818   271.377281   271.376990   271.376826   271.377055   271.377662   271.378189   271.378556   271.378822   271.379026   271.379190   271.379324   271.379436   271.379531   271.379613   271.379684   271.379746   271.379802   271.379852   271.379898   271.379939   271.379976   271.380009   271.380028   271.379994     0.000000     0.000000     0.000000     0.000000     0.000000     0.000000     0.000000     0.000000     0.000000     0.000000
     0.000000     0.000000     0.000000     0.000000     0.000000     0.000000     0.000000     0.000000     0.000000   271.350000   271.350000   271.350000   271.350000   271.350000   271.350000   271.350000   271.350000   271.350000   271.350000   271.350000   271.350000   271.350000   271.350000   271.350000   271.350000   271.350000   271.350000   271.350000   271.350000   271.350000   271.350000   271.350000   271.350000   271.350000   271.350000   271.350000   271.350000   271.350000   271.350000   271.350000   271.350000   271.350000   271.350000   271.350000   271.350000   271.350000   271.350000   271.350000   271.350000   271.350000   271.350000   271.350000   271.350000   271.350000   271.350000   271.350000   271.350000   271.350000   271.350000   271.350000   271.350000   271.350000   271.350000   271.350000   271.350000   271.350000   271.350000   271.350000   271.350000   271.350000   271.350000   271.350000   271.350000   271.350000   271.350000   271.350000   271.350000   271.350000   271.350000   271.350000   271.350000   271.350000   271.350000   271.350000   271.350000   271.350000   271.350000   271.350000   271.350000   271.350000   271.350000   271.350000   271.350000   271.350000   271.350000   271.350000   271.350000   271.350000   271.350000   271.350000   271.350000   271.350000   271.350000   271.350000   271.350000   271.350000   271.350000   271.350000   271.350000   271.350000   271.350000   271.350000   271.350000   271.350000   271.350000   271.350000   271.350000   271.350000   271.350000   271.350000   271.350000   271.350000   271.350000   271.350039   271.374189   271.373224   271.376570   271.376396   271.376499   271.377102   271.377796   271.378296   271.378639   271.378888   271.379078   271.379231   271.379356   271.379462   271.379553   271.379631   271.379700   271.379761   271.379815   271.379862   271.379905   271.379944   271.379981   271.380014   271.380047   271.380084     0.000000     0.000000     0.000000     0.000000     0.000000     0.000000     0.000000     0.000000     0.000000     0.000000
     0.000000     0.000000     0.000000     0.000000     0.000000     0.000000     0.000000     0.000000     0.000000   271.350000   271.350000   271.350000   271.350000   271.350000   271.350000   271.350000   271.350000   271.350000   271.350000   271.350000   271.350000   271.350000   271.350000   271.350000   271.350000   271.350000   271.350000   271.350000   271.350000   271.350000   271.350000   271.350000   271.350000   271.350000   271.350000   271.350000   271.350000   271.350000   271.350000   271.350000   271.350000   271.350000   271.350000   271.350000   271.350000   271.350000   271.350000   271.350000   271.350000   271.350000   271.350000   271.350000   271.350000   271.350000   271.350000   271.350000   271.350000   271.350000   271.350000   271.350000   271.350000   271.350000   271.350000   271.350000   271.350000   271.350000   271.350000   271.350000   271.350000   271.350000   271.350000   271.350000   271.350000   271.350000   271.350000   271.350000   271.350000   271.350000   271.350000   271.350000   271.350000   271.350000   271.350000   271.350000   271.350000   271.350000   271.350000   271.350000   271.350000   271.350000   271.350000   271.350000   271.350000   271.350000   271.350000   271.350000   271.350000   271.350000   271.350000   271.350000   271.350000   271.350000   271.350000   271.350000   271.350000   271.350000   271.350000   271.350000   271.350000   271.350000   271.350000   271.350000   271.350000   271.378906   271.379086   271.379117   271.379121   271.379116   271.379106   271.379092   271.379076   271.379057   271.379033   271.379019   271.379016   271.378982   271.375510   271.375503   271.376526   271.377343   271.377978   271.378422   271.378733   271.378961   271.379136   271.379276   271.379392   271.379491   271.379577   271.379652   271.379718   271.379776   271.379827   271.379872   271.379913   271.379949   271.379983   271.380017   271.380055   271.380118     0.000000     0.000000     0.000000     0.000000     0.000000     0.000000     0.000000     0.000000     0.000000     0.000000
     0.000000     0.000000     0.000000     0.000000     0.000000     0.000000     0.000000     0.000000     0.000000   271.350000   271.350000   271.350000   271.350000   271.350000   271.350000   271.350000   271.350000   271.350000   271.350000   271.350000   271.350000   271.350000   271.350000   271.350000   271.350000   271.350000   271.350000   271.350000   271.350000   271.350000   271.350000   271.350000   271.350000   271.350000   271.350000   271.350000   271.350000   271.350000   271.350000   271.350000   271.350000   271.350000   271.350000   271.350000   271.350000   271.350000   271.350000   271.350000   271.350000   271.350000   271.350000   271.350000   271.350000   271.350000   271.350000   271.350000   271.350000   271.350000   271.350000   271.350000   271.350000   271.350000   271.350000   271.350000   271.350000   271.350000   271.350000   271.350000   271.350000   271.350000   271.350000   271.350000   271.350000   271.350000   271.350000   271.350000   271.350000   271.350000   271.350000   271.350000   271.350000   271.350000   271.350000   271.350000   271.350000   271.350000   271.350000   271.350000   271.350000   271.350000   271.350000   271.350000   271.350000   271.350000   271.350000   271.350000   271.350000   271.350000   271.350000   271.350000   271.350000   271.350000   271.350000   271.350000   271.350000   271.350000   271.350000   271.379247   271.379242   271.379236   271.379230   271.379224   271.379217   271.379209   271.379201   271.379193   271.379183   271.379173   271.379161   271.379148   271.379133   271.379117   271.379098   271.379078   271.379055   271.378509   271.377756   271.376869   271.377067   271.377669   271.378182   271.378556   271.378830   271.379036   271.379195   271.379323   271.379430   271.379522   271.379602   271.379673   271.379736   271.379792   271.379840   271.379883   271.379921   271.379955   271.379986   271.380019   271.380053   271.380086   271.380097     0.000000     0.000000     0.000000     0.000000     0.000000     0.000000     0.000000     0.000000     0.000000
     0.000000     0.000000     0.000000     0.000000     0.000000     0.000000     0.000000     0.000000     0.000000     0.000000   271.350000   271.350000   271.350000   271.350000   271.350000   271.350000   271.350000   271.350000   271.350000   271.350000   271.350000   271.350000   271.350000   271.350000   271.350000   271.350000   271.350000   271.350000   271.350000   271.350000   271.350000   271.350000   271.350000   271.350000   271.350000   271.350000   271.350000   271.350000   271.350000   271.350000   271.350000   271.350000   271.350000   271.350000   271.350000   271.350000   271.350000   271.350000   271.350000   271.350000   271.350000   271.350000   271.350000   271.350000   271.350000   271.350000   271.350000   271.350000   271.350000   271.350000   271.350000   271.350000   271.350000   271.350000   271.350000   271.350000   271.350000   271.350000   271.350000   271.350000   271.350000   271.350000   271.350000   271.350000   271.350000   271.350000   271.350000   271.350000   271.350000   271.350000   271.350000   271.350000   271.350000   271.350000   271.350000   271.350000   271.350000   271.350000   271.350000   271.350000   271.350000   271.350000   271.350000   271.350000   271.350000   271.350000   271.350000   271.350000   271.350000   271.350000   271.350000   271.350000   271.350000   271.350000   271.350000   271.350000   271.350000   271.379252   271.379247   271.379243   271.379237   271.379231   271.379224   271.379217   271.379209   271.379201   271.379192   271.379182   271.379171   271.379160   271.379147   271.379133   271.379117   271.379100   271.379080   271.378453   271.378024   271.377562   271.377558   271.377971   271.378377   271.378689   271.378925   271.379108   271.379252   271.379369   271.379468   271.379553   271.379629   271.379696   271.379755   271.379808   271.379854   271.379895   271.379930   271.379962   271.379990   271.380017   271.380043   271.380073   271.380140     0.000000     0.000000     0.000000     0.000000     0.000000     0.000000     0.000000     0.000000     0.000000
     0.000000     0.000000     0.000000     0.000000     0.000000     0.000000     0.000000     0.000000     0.000000     0.000000     0.000000   271.350000   271.350000   271.350000   271.350000   271.350000   271.350000   271.350000   271.350000   271.350000   271.350000   271.350000   271.350000   271.350000   271.350000   271.350000   271.350000   271.350000   271.350000   271.350000   271.350000   271.350000   271.350000   271.350000   271.350000   271.350000   271.350000   271.350000   271.350000   271.350000   271.350000   271.350000   271.350000   271.350000   271.350000   271.350000   271.350000   271.350000   271.350000   271.350000   271.350000   271.350000   271.350000   271.350000   271.350000   271.350000   271.350000   271.350000   271.350000   271.350000   271.350000   271.350000   271.350000   271.350000   271.350000   271.350000   271.350000   271.350000   271.350000   271.350000   271.350000   271.350000   271.350000   271.350000   271.350000   271.350000   271.350000   271.350000   271.350000   271.350000   271.350000   271.350000   271.350000   271.350000   271.350000   271.350000   271.350000   271.350000   271.350000   271.350000   271.350000   271.350000   271.350000   271.350000   271.350000   271.350000   271.350000   271.350000   271.350000   271.350000   271.350000   271.350000   271.350000   271.350000   271.350000   271.350000   271.379326   271.379256     0.000000   271.379238   271.379233   271.379226   271.379219   271.379211   271.379203   271.379194   271.379184   271.379174   271.379163   271.379150   271.379137   271.379121   271.379105   271.379087   271.377872   271.377632   271.377487   271.377517   271.377768   271.378189   271.378547   271.378815   271.379020   271.379181   271.379311   271.379418   271.379508   271.379587   271.379656   271.379719   271.379775   271.379825   271.379868   271.379907   271.379940   271.379969   271.379994   271.380016   271.380037   271.380063   271.380084   271.380095   271.379944     0.000000     0.000000     0.000000     0.000000     0.000000     0.000000     0.000000
     0.000000     0.000000     0.000000     0.000000     0.000000     0.000000     0.000000     0.000000     0.000000     0.000000     0.000000     0.000000   271.350000   271.350000   271.350000   271.350000   271.350000   271.350000   271.350000   271.350000   271.350000   271.350000   271.350000   271.350000   271.350000   271.350000   271.350000   271.350000   271.350000   271.350000   271.350000   271.350000   271.350000   271.350000   271.350000   271.350000   271.350000   271.350000   271.350000   271.350000   271.350000   271.350000   271.350000   271.350000   271.350000   271.350000   271.350000   271.350000   271.350000   271.350000   271.350000   271.350000   271.350000   271.350000   271.350000   271.350000   271.350000   271.350000   271.350000   271.350000   271.350000   271.350000   271.350000   271.350000   271.350000   271.350000   271.350000   271.350000   271.350000   271.350000   271.350000   271.350000   271.350000   271.350000   271.350000   271.350000   271.350000   271.350000   271.350000   271.350000   271.350000   271.350000   271.350000   271.350000   271.350000   271.350000   271.350000   271.350000   271.350000   271.350000   271.350000   271.350000   271.350000   271.350000   271.350000   271.350000   271.350000   271.350000   271.350000   271.350000   271.350000   271.350000   271.350000   271.350000   271.350000   271.350010   271.379329   271.379301     0.000000     0.000000   271.379228   271.379221   271.379214   271.379205   271.379197   271.379187   271.379177   271.379166   271.379154   271.379141   271.379126   271.379110   271.379092   271.377576   271.377087   271.377008   271.377411   271.377730   271.378067   271.378423   271.378717   271.378942   271.379117   271.379259   271.379374   271.379470   271.379551   271.379622   271.379685   271.379743   271.379795   271.379841   271.379883   271.379919   271.379950   271.379976   271.379999   271.380017   271.380033   271.380048   271.380061   271.380097   271.380126     0.000000     0.000000     0.000000     0.000000     0.000000     0.000000     0.000000
     0.000000     0.000000     0.000000     0.000000     0.000000     0.000000     0.000000     0.000000     0.000000     0.000000     0.000000     0.000000   271.350000   271.350000   271.350000   271.350000   271.350000   271.350000   271.350000   271.350000   271.350000   271.350000   271.350000   271.350000   271.350000   271.350000   271.350000   271.350000   271.350000   271.350000   271.350000   271.350000   271.350000   271.350000   271.350000   271.350000   271.350000   271.350000   271.350000   271.350000   271.350000   271.350000   271.350000   271.350000   271.350000   271.350000   271.350000   271.350000   271.350000   271.350000   271.350000   271.350000   271.350000   271.350000   271.350000   271.350000   271.350000   271.350000   271.350000   271.350000   271.350000   271.350000   271.350000   271.350000   271.350000   271.350000   271.350000   271.350000   271.350000   271.350000   271.350000   271.350000   271.350000   271.350000   271.350000   271.350000   271.350000   271.350000   271.350000   271.350000   271.350000   271.350000   271.350000   271.350000   271.350000   271.350000   271.350000   271.350000   271.350000   271.350000   271.350000   271.350000   271.350000   271.350000   271.350000   271.350000   271.350000   271.350000   271.350000   271.350000   271.350000   271.350000   271.350000   271.350000   271.350000   271.379440   271.379370     0.000000     0.000000     0.000000   271.379223   271.379215   271.379207   271.379199   271.379189   271.379179   271.379169   271.379157   271.379144   271.379129   271.379113   271.379096   271.377830   271.377502   271.377286   271.377341   271.377691   271.378028   271.378353   271.378641   271.378874   271.379058   271.379206   271.379328   271.379431   271.379516   271.379590   271.379653   271.379711   271.379764   271.379812   271.379856   271.379896   271.379930   271.379959   271.379984   271.380004   271.380021   271.380033   271.380041   271.380054   271.380089   271.380121   271.380117     0.000000     0.000000     0.000000     0.000000     0.000000     0.000000
     0.000000     0.000000     0.000000     0.000000     0.000000     0.000000     0.000000     0.000000     0.000000     0.000000     0.000000   271.350000   271.350000   271.350000   271.350000   271.350000   271.350000   271.350000   271.350000   271.350000   271.350000   271.350000   271.350000   271.350000   271.350000   271.350000   271.350000   271.350000   271.350000   271.350000   271.350000   271.350000   271.350000   271.350000   271.350000   271.350000   271.350000   271.350000   271.350000   271.350000   271.350000   271.350000   271.350000   271.350000   271.350000   271.350000   271.350000   271.350000   271.350000   271.350000   271.350000   271.350000   271.350000   271.350000   271.350000   271.350000   271.350000   271.350000   271.350000   271.350000   271.350000   271.350000   271.350000   271.350000   271.350000   271.350000   271.350000   271.350000   271.350000   271.350000   271.350000   271.350000   271.350000   271.350000   271.350000   271.350000   271.350000   271.350000   271.350000   271.350000   271.350000   271.350000   271.350000   271.350000   271.350000   271.350000   271.350000   271.350000   271.350000   271.350000   271.350000   271.350000   271.350000   271.350000   271.350000   271.350000   271.350000   271.350000   271.350000   271.350000   271.350000   271.350000   271.350000   271.350000   271.350443   271.379460   271.379691     0.000000     0.000000   271.350000   271.379215   271.379207   271.379199   271.379190   271.379179   271.379169   271.379157   271.379144   271.379129   271.379114   271.379096   271.377952   271.377827   271.377708   271.377569   271.377712   271.378001   271.378306   271.378580   271.378808   271.378993   271.379144   271.379271   271.379379   271.379472   271.379551   271.379619   271.379678   271.379731   271.379780   271.379826   271.379868   271.379906   271.379939   271.379968   271.379991   271.380010   271.380026   271.380038   271.380044   271.380048   271.380069   271.380115   271.380175     0.000000     0.000000     0.000000     0.000000     0.000000     0.000000
     0.000000     0.000000     0.000000     0.000000     0.000000     0.000000     0.000000     0.000000     0.000000     0.000000     0.000000   271.350000   271.350000   271.350000   271.350000   271.350000   271.350000   271.350000   271.350000   271.350000   271.350000   271.350000   271.350000   271.350000   271.350000   271.350000   271.350000   271.350000   271.350000   271.350000   271.350000   271.350000   271.350000   271.350000   271.350000   271.350000   271.350000   271.350000   271.350000   271.350000   271.350000   271.350000   271.350000   271.350000   271.350000   271.350000   271.350000   271.350000   271.350000   271.350000   271.350000   271.350000   271.350000   271.350000   271.350000   271.350000   271.350000   271.350000   271.350000   271.350000   271.350000   271.350000   271.350000   271.350000   271.350000   271.350000   271.350000   271.350000   271.350000   271.350000   271.350000   271.350000   271.350000   271.350000   271.350000   271.350000   271.350000   271.350000   271.350000   271.350000   271.350000   271.350000   271.350000   271.350000   271.350000   271.350000   271.350000   271.350000   271.350000   271.350000   271.350000   271.350000   271.350000   271.350000   271.350000   271.350000   271.350000   271.350000   271.350000   271.350000   271.350000   271.350000   271.350071   271.350138   271.379344   271.379540     0.000000     0.000000     0.000000   271.350000   271.359220   271.360778   271.379170   271.379154   271.379136   271.379115   271.379093   271.379062   271.379033   271.379086   271.378011   271.377960   271.377897   271.377813   271.377858   271.378048   271.378296   271.378543   271.378760   271.378940   271.379089   271.379214   271.379323   271.379419   271.379504   271.379577   271.379640   271.379695   271.379744   271.379790   271.379834   271.379876   271.379913   271.379947   271.379975   271.379998   271.380017   271.380033   271.380046   271.380052   271.380049   271.380045   271.380065   271.380118   271.380161     0.000000     0.000000     0.000000     0.000000     0.000000
     0.000000     0.000000     0.000000     0.000000     0.000000     0.000000     0.000000     0.000000     0.000000     0.000000     0.000000   271.350000   271.350000   271.350000   271.350000   271.350000   271.350000   271.350000   271.350000   271.350000   271.350000   271.350000   271.350000   271.350000   271.350000   271.350000   271.350000   271.350000   271.350000   271.350000   271.350000   271.350000   271.350000   271.350000   271.350000   271.350000   271.350000   271.350000   271.350000   271.350000   271.350000   271.350000   271.350000   271.350000   271.350000   271.350000   271.350000   271.350000   271.350000   271.350000   271.350000   271.350000   271.350000   271.350000   271.350000   271.350000   271.350000   271.350000   271.350000   271.350000   271.350000   271.350000   271.350000   271.350000   271.350000   271.350000   271.350000   271.350000   271.350000   271.350000   271.350000   271.350000   271.350000   271.350000   271.350000   271.350000   271.350000   271.350000   271.350000   271.350000   271.350000   271.350000   271.350000   271.350000   271.350000   271.350000   271.350000   271.350000   271.350000   271.350000   271.350000   271.350000   271.350000   271.350000   271.350000   271.350000   271.350000   271.350000   271.350000   271.350000   271.350000   271.350000   271.361425   271.367018   271.379495     0.000000     0.000000     0.000000   271.350000   271.378338   271.378297   271.378262   271.378233   271.378209   271.378189   271.378173   271.378159   271.378149   271.378140   271.378041   271.378018   271.377979   271.377924   271.377951   271.378115   271.378323   271.378534   271.378731   271.378905   271.379052   271.379175   271.379280   271.379373   271.379457   271.379532   271.379599   271.379657   271.379707   271.379753   271.379796   271.379838   271.379879   271.379917   271.379951   271.379981   271.380006   271.380025   271.380042   271.380057   271.380067   271.380067   271.380049   271.380031   271.380024   271.380024   271.379955   271.379845   271.379511     0.000000     0.000000
     0.000000     0.000000     0.000000     0.000000     0.000000     0.000000     0.000000     0.000000     0.000000     0.000000   271.350000   271.350000   271.350000   271.350000   271.350000   271.350000   271.350000   271.350000   271.350000   271.350000   271.350000   271.350000   271.350000   271.350000   271.350000   271.350000   271.350000   271.350000   271.350000   271.350000   271.350000   271.350000   271.350000   271.350000   271.350000   271.350000   271.350000   271.350000   271.350000   271.350000   271.350000   271.350000   271.350000   271.350000   271.350000   271.350000   271.350000   271.350000   271.350000   271.350000   271.350000   271.350000   271.350000   271.350000   271.350000   271.350000   271.350000   271.350000   271.350000   271.350000   271.350000   271.350000   271.350000   271.350000   271.350000   271.350000   271.350000   271.350000   271.350000   271.350000   271.350000   271.350000   271.350000   271.350000   271.350000   271.350000   271.350000   271.350000   271.350000   271.350000   271.350000   271.350000   271.350000   271.350000   271.350000   271.350000   271.350000   271.350000   271.350000   271.350000   271.350000   271.350000   271.350002   271.350006   271.350020   271.350064   271.350192   271.350555   271.351525   271.353873   271.358749   271.365651   271.377958   271.378299   271.379632     0.000000     0.000000     0.000000   271.350000   271.378386   271.378338   271.378297   271.378262   271.378233   271.378207   271.378187   271.378171   271.378065   271.378053   271.378043   271.378016   271.377976   271.377988   271.378141   271.378340   271.378541   271.378721   271.378881   271.379022   271.379143   271.379247   271.379339   271.379419   271.379492   271.379559   271.379619   271.379672   271.379718   271.379759   271.379798   271.379838   271.379878   271.379918   271.379955   271.379987   271.380015   271.380036   271.380053   271.380072   271.380093   271.380109   271.380094   271.380062   271.380022   271.379977   271.379911   271.379813   271.379575   271.379388     0.000000
     0.000000     0.000000     0.000000     0.000000     0.000000     0.000000     0.000000     0.000000     0.000000     0.000000   271.350000   271.350000   271.350000   271.350000   271.350000   271.350000   271.350000   271.350000   271.350000   271.350000   271.350000   271.350000   271.350000   271.350000   271.350000   271.350000   271.350000   271.350000   271.350000   271.350000   271.350000   271.350000   271.350000   271.350000   271.350000   271.350000   271.350000   271.350000   271.350000   271.350000   271.350000   271.350000   271.350000   271.350000   271.350000   271.350000   271.350000   271.350000   271.350000   271.350000   271.350000   271.350000   271.350000   271.350000   271.350000   271.350000   271.350000   271.350000   271.350000   271.350000   271.350000   271.350000   271.350000   271.350000   271.350000   271.350000   271.350000   271.350000   271.350000   271.350000   271.350000   271.350000   271.350000   271.350000   271.350000   271.350000   271.350000   271.350000   271.350000   271.350000   271.350000   271.350000   271.350000   271.350000   271.350001   271.350005   271.350014   271.350041   271.350119   271.350331   271.350888   271.352260   271.355267   271.360595   271.367406   271.373340   271.377069   271.377996   271.378003   271.378008   271.378013   271.378018   271.377952   271.379804   271.379809     0.000000     0.000000   271.350000   271.378507   271.378442   271.378384   271.378334   271.378289   271.378250   271.378220   271.378196   271.378068   271.378060   271.378053   271.378030   271.377993   271.377992   271.378130   271.378328   271.378536   271.378719   271.378871   271.379001   271.379115   271.379217   271.379308   271.379388   271.379460   271.379526   271.379586   271.379640   271.379688   271.379730   271.379766   271.379799   271.379835   271.379876   271.379917   271.379957   271.379993   271.380024   271.380047   271.380066   271.380092   271.380130   271.380185   271.380213   271.380204   271.380175   271.380130   271.380065   271.379929   271.379651   271.379496     0.000000
     0.000000     0.000000     0.000000     0.000000     0.000000     0.000000     0.000000     0.000000     0.000000     0.000000   271.350000   271.350000   271.350000   271.350000   271.350000   271.350000   271.350000   271.350000   271.350000   271.350000   271.350000   271.350000   271.350000   271.350000   271.350000   271.350000   271.350000   271.350000   271.350000   271.350000   271.350000   271.350000   271.350000   271.350000   271.350000   271.350000   271.350000   271.350000   271.350000   271.350000   271.350000   271.350000   271.350000   271.350000   271.350000   271.350000   271.350000   271.350000   271.350000   271.350000   271.350000   271.350000   271.350000   271.350000   271.350000   271.350000   271.350000   271.350000   271.350000   271.350000   271.350000   271.350000   271.350000   271.350000   271.350000   271.350000   271.350000   271.350000   271.350000   271.350000   271.350000   271.350000   271.350000   271.350000   271.350000   271.350000   271.350000   271.350001   271.350002   271.350006   271.350017   271.350049   271.350137   271.350375   271.350987   271.352463   271.355614   271.361034   271.367767   271.373528   271.377133   271.377932   271.377939   271.377945   271.377950   271.377954   271.377958   271.377961   271.377963   271.377964   271.377964   271.377964   271.377911   271.379413     0.000000   271.350000   271.378763   271.378667   271.378580   271.378502   271.378434   271.378375   271.378325   271.378284   271.378251   271.378085   271.378063   271.378049   271.378021   271.377984   271.377966   271.378078   271.378286   271.378504   271.378700   271.378863   271.378992   271.379098   271.379192   271.379279   271.379359   271.379432   271.379498   271.379558   271.379613   271.379663   271.379706   271.379743   271.379773   271.379800   271.379832   271.379872   271.379915   271.379958   271.379998   271.380033   271.380057   271.380073   271.380114   271.380202   271.380261     0.000000     0.000000     0.000000     0.000000     0.000000   271.379674   271.379392   271.379297     0.000000
     0.000000     0.000000     0.000000     0.000000     0.000000     0.000000     0.000000     0.000000     0.000000   271.350000   271.350002   271.350003   271.350003   271.350003   271.350003   271.350003   271.350003   271.350003   271.350003   271.350003   271.350003   271.350003   271.350003   271.350003   271.350003   271.350003   271.350003   271.350003   271.350003   271.350003   271.350003   271.350003   271.350003   271.350003   271.350003   271.350003   271.350003   271.350003   271.350003   271.350003   271.350003   271.350003   271.350003   271.350003   271.350003   271.350003   271.350003   271.350003   271.350003   271.350003   271.350003   271.350003   271.350003   271.350003   271.350003   271.350003   271.350003   271.350003   271.350003   271.350003   271.350002   271.350002   271.350002   271.350002   271.350002   271.350002   271.350001   271.350001   271.350001   271.350001   271.350001   271.350001   271.350002   271.350005   271.350014   271.350041   271.350115   271.350318   271.350848   271.352149   271.355006   271.360138   271.366870   271.372921   271.376827   271.377784   271.377792   271.377799   271.377805   271.377809   271.377813   271.377816   271.377818   271.377819   271.377820   271.377820   271.377820   271.377820   271.377820   271.377821   271.377822   271.377824   271.377823   271.379226   271.379104   271.378979   271.378861   271.378753   271.378651   271.378559   271.378478   271.378407   271.378347   271.378306   271.378111   271.378050   271.378014   271.377977   271.377937   271.377914   271.377988   271.378212   271.378458   271.378667   271.378840   271.378983   271.379092   271.379180   271.379259   271.379334   271.379407   271.379476   271.379539   271.379595   271.379646   271.379691   271.379730   271.379760   271.379783   271.379802   271.379829   271.379866   271.379911   271.379956   271.379999   271.380036   271.380059   271.380061   271.380097   271.380219     0.000000     0.000000     0.000000     0.000000     0.000000     0.000000   271.378790   271.378934   271.378924     0.000000
     0.000000     0.000000     0.000000     0.000000     0.000000     0.000000     0.000000     0.000000   271.350000   271.350162   271.350197   271.350198   271.350199   271.350200   271.350201   271.350203   271.350204   271.350205   271.350207   271.350209   271.350210   271.350212   271.350214   271.350216   271.350218   271.350220   271.350222   271.350224   271.350226   271.350228   271.350231   271.350233   271.350235   271.350238   271.350240   271.350243   271.350245   271.350247   271.350250   271.350252   271.350254   271.350256   271.350258   271.350260   271.350261   271.350262   271.350263   271.350264   271.350264   271.350264   271.350263   271.350262   271.350260   271.350257   271.350254   271.350249   271.350244   271.350237   271.350230   271.350221   271.350211   271.350200   271.350187   271.350174   271.350159   271.350145   271.350131   271.350123   271.350129   271.350174   271.350324   271.350738   271.351788   271.354226   271.358968   271.365742   271.372248   271.376564   271.377655   271.377671   271.377684   271.377695   271.377705   271.377714   271.377723   271.377731   271.377739   271.377745   271.377749   271.377753   271.377756   271.377758   271.377760   271.377762   271.377763   271.377764   271.377766   271.377767   271.377769   271.377771   271.377773   271.377775   271.377777   271.377780   271.377783   271.377786   271.377789   271.377793   271.377797   271.377801   271.377806   271.377811   271.377817   271.377826   271.377833   271.377841   271.377842   271.377830   271.377822   271.377893   271.378117   271.378393   271.378636   271.378822   271.378967   271.379086   271.379178   271.379255   271.379325   271.379393   271.379460   271.379528   271.379591   271.379645   271.379693   271.379735   271.379767   271.379786   271.379797   271.379805   271.379823   271.379858   271.379903   271.379949   271.379994   271.380036   271.380068   271.380058   271.380061   271.380136   271.380143     0.000000     0.000000   271.378533   271.377581     0.000000     0.000000     0.000000     0.000000     0.000000
     0.000000     0.000000     0.000000     0.000000     0.000000     0.000000     0.000000   271.350000   271.359015   271.360339   271.360348   271.360382   271.360422   271.360462   271.360505   271.360550   271.360597   271.360646   271.360698   271.360751   271.360807   271.360865   271.360925   271.360988   271.361052   271.361118   271.361187   271.361258   271.361330   271.361404   271.361481   271.361559   271.361638   271.361719   271.361802   271.361885   271.361970   271.362056   271.362143   271.362230   271.362318   271.362407   271.362497   271.362588   271.362679   271.362772   271.362867   271.362963   271.363063   271.363166   271.363274   271.363389   271.363510   271.363641   271.363783   271.363936   271.364103   271.364286   271.364485   271.364702   271.364939   271.365200   271.365494   271.365856   271.366379   271.367302   271.369106   271.372239   271.375979   271.377586   271.377691   271.377737   271.377756   271.377763   271.377767   271.377770   271.377773   271.377776   271.377778   271.377780   271.377782   271.377783   271.377784   271.377785   271.377785   271.377785   271.377785   271.377785   271.377784   271.377783   271.377782   271.377781   271.377780   271.377779   271.377779   271.377778   271.377777   271.377777   271.377776   271.377776   271.377776   271.377776   271.377777   271.377777   271.377778   271.377780   271.377781   271.377783   271.377785   271.377788   271.377791   271.377794   271.377798   271.377807   271.377813   271.377807   271.377787   271.377769   271.377831   271.378053   271.378347   271.378604   271.378809   271.378984   271.379101   271.379184   271.379258   271.379329   271.379400   271.379463   271.379524   271.379589   271.379656   271.379705   271.379753   271.379799   271.379832   271.379834   271.379815   271.379806   271.379814   271.379844   271.379890   271.379940   271.379992   271.380048   271.380124   271.380115   271.380080   271.380085   271.380085   271.380086     0.000000   271.379601   271.379188   271.377757     0.000000     0.000000     0.000000     0.000000
     0.000000     0.000000     0.000000     0.000000     0.000000     0.000000   271.350000   271.377514   271.377516   271.377517   271.377518   271.377519   271.377520   271.377521   271.377522   271.377523   271.377524   271.377525   271.377526   271.377527   271.377528   271.377529   271.377530   271.377531   271.377532   271.377534   271.377535   271.377536   271.377537   271.377538   271.377539   271.377540   271.377542   271.377543   271.377544   271.377545   271.377546   271.377547   271.377548   271.377549   271.377550   271.377551   271.377552   271.377553   271.377554   271.377555   271.377556   271.377557   271.377558   271.377559   271.377560   271.377561   271.377562   271.377564   271.377570   271.377589   271.377619   271.377634   271.377641   271.377647   271.377654   271.377661   271.377669   271.377676   271.377684   271.377691   271.377698   271.377706   271.377713   271.377720   271.377727   271.377733   271.377740   271.377746   271.377752   271.377757   271.377763   271.377768   271.377772   271.377777   271.377781   271.377784   271.377787   271.377790   271.377792   271.377794   271.377795   271.377796   271.377797   271.377797   271.377797   271.377797   271.377797   271.377796   271.377796   271.377795   271.377794   271.377794   271.377793   271.377792   271.377792   271.377791   271.377791   271.377791   271.377791   271.377791   271.377791   271.377792   271.377793   271.377794   271.377796   271.377797   271.377801   271.377802   271.377791   271.377764   271.377734   271.377784   271.378008   271.378321   271.378604   271.378830   271.379007   271.379184   271.379264   271.379272   271.379335   271.379429   271.379583   271.379653   271.379667   271.379715   271.379833   271.379882   271.379884   271.379921   271.380001   271.380021   271.379910   271.379848   271.379818   271.379833   271.379878   271.379934   271.379996   271.380081   271.380216   271.380225   271.380200   271.380135   271.380088   271.380049   271.379965   271.379831   271.379539   271.378733     0.000000     0.000000     0.000000     0.000000
     0.000000     0.000000     0.000000     0.000000     0.000000     0.000000   271.350000   271.377513   271.377515   271.377516   271.377517   271.377518   271.377519   271.377520   271.377521   271.377523   271.377524   271.377525   271.377526   271.377527   271.377528   271.377529   271.377530   271.377532   271.377533   271.377534   271.377535   271.377536   271.377538   271.377539   271.377540   271.377540   271.377540   271.377540   271.377541   271.377542   271.377543   271.377544   271.377545   271.377547   271.377549   271.377550   271.377552   271.377554   271.377556   271.377559   271.377561   271.377564   271.377567   271.377571   271.377574   271.377578   271.377582   271.377587   271.377592   271.377597   271.377603   271.377609   271.377615   271.377622   271.377629   271.377636   271.377643   271.377651   271.377658   271.377666   271.377674   271.377682   271.377689   271.377697   271.377705   271.377712   271.377719   271.377727   271.377733   271.377740   271.377747   271.377753   271.377759   271.377765   271.377770   271.377775   271.377779   271.377784   271.377788   271.377791   271.377794   271.377797   271.377800   271.377802   271.377804   271.377805   271.377806   271.377807   271.377808   271.377808   271.377808   271.377808   271.377808   271.377808   271.377807   271.377807   271.377807   271.377806   271.377806   271.377806   271.377805   271.377805   271.377805   271.377805   271.377806   271.377806   271.377803   271.377788   271.377757   271.377712   271.377736   271.377964   271.378301   271.378613   271.378883   271.379146   271.379305     0.000000     0.000000   271.379029   271.379242   271.379495     0.000000     0.000000   271.379377   271.379719     0.000000     0.000000   271.379662   271.379954     0.000000     0.000000   271.379880   271.379838   271.379798   271.379810   271.379859   271.379921   271.379990   271.380122     0.000000     0.000000     0.000000   271.380072   271.380022   271.379967   271.379881   271.379783   271.379477     0.000000     0.000000     0.000000     0.000000     0.000000
   271.377530   271.377534     0.000000     0.000000     0.000000     0.000000   271.350000   271.377512   271.377513   271.377515   271.377516   271.377517   271.377518   271.377518   271.377519   271.377520   271.377520   271.377521   271.377522   271.377522   271.377523   271.377524   271.377525   271.377526   271.377526   271.377527   271.377528   271.377529   271.377530   271.377531   271.377532   271.377533   271.377534   271.377535   271.377537   271.377538   271.377539   271.377541   271.377542   271.377543   271.377545   271.377547   271.377548   271.377550   271.377552   271.377554   271.377556   271.377559   271.377561   271.377564   271.377567   271.377570   271.377574   271.377578   271.377582   271.377586   271.377591   271.377596   271.377601   271.377607   271.377612   271.377619   271.377625   271.377632   271.377639   271.377646   271.377653   271.377660   271.377668   271.377675   271.377683   271.377690   271.377698   271.377705   271.377713   271.377720   271.377727   271.377734   271.377741   271.377747   271.377754   271.377760   271.377766   271.377771   271.377777   271.377781   271.377786   271.377790   271.377794   271.377798   271.377801   271.377804   271.377806   271.377808   271.377810   271.377811   271.377812   271.377813   271.377813   271.377814   271.377814   271.377813   271.377813   271.377813   271.377812   271.377812   271.377811   271.377810   271.377810   271.377809   271.377808   271.377805   271.377792   271.377759   271.377704   271.377685   271.377899   271.378262   271.378623   271.378935   271.379168     0.000000     0.000000     0.000000     0.000000     0.000000     0.000000     0.000000     0.000000     0.000000     0.000000     0.000000     0.000000     0.000000     0.000000     0.000000     0.000000     0.000000   271.379769   271.379865   271.379781   271.379777   271.379827   271.379893   271.379964   271.380121     0.000000     0.000000     0.000000   271.379708   271.379780   271.379742     0.000000     0.000000     0.000000     0.000000     0.000000     0.000000     0.000000     0.000000
   271.377529   271.377529   271.377529   271.377534     0.000000     0.000000   271.350000   271.377511   271.377512   271.377512   271.377513   271.377514   271.377515   271.377515   271.377516   271.377517   271.377517   271.377518   271.377519   271.377519   271.377520   271.377521   271.377521   271.377522   271.377523   271.377524   271.377524   271.377525   271.377526   271.377527   271.377528   271.377529   271.377530   271.377531   271.377532   271.377533   271.377534   271.377535   271.377537   271.377538   271.377539   271.377541   271.377542   271.377544   271.377545   271.377547   271.377549   271.377551   271.377553   271.377555   271.377558   271.377561   271.377563   271.377567   271.377570   271.377574   271.377577   271.377581   271.377586   271.377591   271.377595   271.377601   271.377606   271.377612   271.377618   271.377624   271.377631   271.377637   271.377644   271.377651   271.377658   271.377665   271.377673   271.377680   271.377687   271.377695   271.377702   271.377710   271.377717   271.377724   271.377731   271.377737   271.377744   271.377750   271.377756   271.377761   271.377767   271.377771   271.377776   271.377780   271.377784   271.377787   271.377790   271.377792   271.377795   271.377796   271.377798   271.377799   271.377800   271.377801   271.377801   271.377802   271.377802   271.377802   271.377802   271.377801   271.377801   271.377801   271.377800   271.377800   271.377799   271.377792   271.377771   271.377718   271.377655   271.377821   271.378182   271.378573   271.378916   271.379178     0.000000     0.000000     0.000000     0.000000     0.000000     0.000000     0.000000     0.000000     0.000000     0.000000     0.000000     0.000000     0.000000     0.000000     0.000000     0.000000     0.000000     0.000000     0.000000   271.379918   271.379785   271.379746   271.379789   271.379858   271.379932   271.380071   271.379943   271.379499     0.000000   271.378937   271.379382     0.000000     0.000000     0.000000     0.000000     0.000000     0.000000     0.000000     0.000000     0.000000
   271.377494   271.377494   271.377494   271.377510   271.377510   271.377510   271.377510   271.377509   271.377510   271.377510   271.377510   271.377510   271.377510   271.377510   271.377510   271.377511   271.377511   271.377511   271.377511   271.377511   271.377512   271.377512   271.377512   271.377513   271.377513   271.377513   271.377514   271.377514   271.377515   271.377515   271.377516   271.377516   271.377517   271.377517   271.377518   271.377519   271.377519   271.377520   271.377521   271.377522   271.377523   271.377524   271.377525   271.377526   271.377527   271.377528   271.377530   271.377531   271.377533   271.377535   271.377536   271.377538   271.377541   271.377543   271.377546   271.377548   271.377551   271.377555   271.377558   271.377562   271.377566   271.377570   271.377575   271.377580   271.377585   271.377590   271.377596   271.377602   271.377608   271.377614   271.377620   271.377627   271.377634   271.377640   271.377647   271.377654   271.377661   271.377668   271.377674   271.377681   271.377688   271.377694   271.377700   271.377706   271.377711   271.377717   271.377722   271.377727   271.377731   271.377735   271.377739   271.377743   271.377747   271.377750   271.377754   271.377757   271.377760   271.377763   271.377766   271.377769   271.377772   271.377774   271.377777   271.377780   271.377783   271.377785   271.377788   271.377790   271.377793   271.377795   271.377796   271.377788   271.377754   271.377667   271.377731   271.378080   271.378540   271.378942     0.000000     0.000000     0.000000     0.000000     0.000000     0.000000     0.000000     0.000000     0.000000     0.000000     0.000000     0.000000     0.000000     0.000000     0.000000     0.000000     0.000000     0.000000     0.000000     0.000000     0.000000     0.000000   271.379723   271.379709   271.379753   271.379824   271.379900   271.380033   271.379935   271.379694     0.000000     0.000000     0.000000     0.000000     0.000000     0.000000     0.000000     0.000000     0.000000     0.000000     0.000000     0.000000
   271.377422   271.377424   271.377424   271.377424   271.377424   271.377424   271.377424   271.377423   271.377423   271.377423   271.377423   271.377422   271.377422   271.377422   271.377422   271.377422   271.377422   271.377422   271.377422   271.377422   271.377422   271.377422   271.377422   271.377422   271.377423   271.377423   271.377423   271.377424   271.377424   271.377425   271.377425   271.377426   271.377427   271.377427   271.377428   271.377429   271.377430   271.377431   271.377432   271.377433   271.377434   271.377435   271.377437   271.377438   271.377439   271.377441   271.377443   271.377444   271.377446   271.377448   271.377450   271.377452   271.377455   271.377458   271.377461   271.377464   271.377467   271.377471   271.377475   271.377479   271.377484   271.377489   271.377494   271.377499   271.377505   271.377511   271.377517   271.377523   271.377530   271.377536   271.377543   271.377550   271.377557   271.377565   271.377572   271.377579   271.377586   271.377593   271.377600   271.377607   271.377614   271.377620   271.377627   271.377633   271.377639   271.377645   271.377651   271.377656   271.377662   271.377672   271.377685   271.377698   271.377710   271.377720   271.377730   271.377739   271.377748   271.377757   271.377765   271.377774   271.377782   271.377789   271.377797   271.377804   271.377811   271.377817   271.377824   271.377830   271.377835   271.377839   271.377840   271.377833   271.377780   271.377646   271.377965   271.378433   271.379011     0.000000     0.000000     0.000000     0.000000     0.000000   271.378648   271.378654   271.378821   271.378986   271.379124   271.379231   271.379308   271.379361   271.379394   271.379408   271.379399   271.379369   271.379266     0.000000     0.000000     0.000000     0.000000     0.000000   271.379649   271.379653   271.379712   271.379791   271.379870   271.379999   271.379962   271.379793     0.000000     0.000000     0.000000     0.000000     0.000000     0.000000     0.000000     0.000000     0.000000     0.000000     0.000000     0.000000
   271.377349   271.377364   271.377364   271.377364   271.377363   271.377363   271.377363   271.377363   271.377363   271.377363   271.377363   271.377362   271.377362   271.377363   271.377363   271.377363   271.377363   271.377363   271.377363   271.377364   271.377364   271.377364   271.377365   271.377365   271.377366   271.377366   271.377367   271.377368   271.377369   271.377369   271.377370   271.377371   271.377372   271.377373   271.377374   271.377376   271.377377   271.377378   271.377380   271.377381   271.377383   271.377384   271.377386   271.377388   271.377390   271.377392   271.377394   271.377396   271.377398   271.377401   271.377403   271.377406   271.377409   271.377412   271.377416   271.377420   271.377424   271.377428   271.377432   271.377437   271.377442   271.377447   271.377453   271.377459   271.377465   271.377471   271.377477   271.377484   271.377491   271.377497   271.377504   271.377511   271.377518   271.377525   271.377532   271.377539   271.377546   271.377552   271.377559   271.377565   271.377572   271.377578   271.377584   271.377590   271.377595   271.377600   271.377606   271.377611   271.377649   271.377769   271.377776   271.377783   271.377790   271.377798   271.377805   271.377813   271.377821   271.377828   271.377836   271.377843   271.377850   271.377858   271.377865   271.377872   271.377878   271.377885   271.377891   271.377897   271.377903   271.377908   271.377891   271.377864   271.377749   271.377759     0.000000     0.000000     0.000000     0.000000     0.000000     0.000000   271.378724   271.378717   271.378719   271.378834   271.378930   271.379026   271.379115   271.379194   271.379262   271.379318   271.379365   271.379404   271.379435   271.379465   271.379524   271.379598   271.379434     0.000000     0.000000     0.000000   271.379554   271.379583   271.379659   271.379746   271.379835   271.379984   271.379954     0.000000     0.000000     0.000000     0.000000     0.000000     0.000000     0.000000     0.000000     0.000000     0.000000     0.000000     0.000000     0.000000
   271.377299   271.377339   271.377338   271.377338   271.377338   271.377338   271.377338   271.377338   271.377338   271.377338   271.377338   271.377339   271.377339   271.377339   271.377339   271.377339   271.377339   271.377339   271.377339   271.377339   271.377340   271.377340   271.377340   271.377340   271.377341   271.377341   271.377341   271.377342   271.377342   271.377343   271.377343   271.377344   271.377345   271.377345   271.377346   271.377347   271.377348   271.377349   271.377350   271.377351   271.377352   271.377354   271.377355   271.377356   271.377358   271.377359   271.377361   271.377363   271.377365   271.377367   271.377370   271.377372   271.377375   271.377378   271.377381   271.377385   271.377389   271.377393   271.377397   271.377402   271.377407   271.377412   271.377417   271.377423   271.377429   271.377436   271.377442   271.377449   271.377456   271.377463   271.377470   271.377477   271.377484   271.377491   271.377498   271.377506   271.377513   271.377520   271.377527   271.377533   271.377540   271.377546   271.377552   271.377558   271.377564   271.377569   271.377574   271.377584   271.377691   271.377872     0.000000   271.377790   271.377798   271.377804   271.377811   271.377819   271.377826   271.377834   271.377841   271.377849   271.377856   271.377863   271.377870   271.377877   271.377884   271.377890   271.377896   271.377902   271.377908   271.377913   271.377903   271.377867   271.377717   271.377901     0.000000     0.000000     0.000000     0.000000   271.378595   271.378669   271.378713   271.378740   271.378817   271.378903   271.378990   271.379080   271.379164   271.379238   271.379304   271.379363   271.379415   271.379459   271.379500   271.379548   271.379608   271.379678   271.379764     0.000000     0.000000   271.378375   271.379429   271.379498   271.379587   271.379679   271.379777   271.379998     0.000000     0.000000     0.000000     0.000000     0.000000     0.000000     0.000000     0.000000     0.000000     0.000000     0.000000     0.000000     0.000000     0.000000
   271.377257   271.377328   271.377332   271.377332   271.377332   271.377332   271.377332   271.377332   271.377332   271.377332   271.377332   271.377332   271.377332   271.377332   271.377332   271.377332   271.377332   271.377332   271.377332   271.377332   271.377333   271.377333   271.377333   271.377333   271.377333   271.377334   271.377334   271.377334   271.377334   271.377335   271.377335   271.377336   271.377336   271.377337   271.377337   271.377338   271.377339   271.377340   271.377340   271.377341   271.377342   271.377343   271.377344   271.377345   271.377347   271.377348   271.377349   271.377351   271.377353   271.377354   271.377356   271.377359   271.377361   271.377364   271.377367   271.377370   271.377373   271.377377   271.377381   271.377385   271.377390   271.377394   271.377400   271.377405   271.377411   271.377417   271.377423   271.377429   271.377435   271.377442   271.377449   271.377455   271.377462   271.377469   271.377476   271.377483   271.377490   271.377496   271.377503   271.377509   271.377515   271.377521   271.377526   271.377532   271.377537   271.377542   271.377547   271.377584   271.377826   271.378964     0.000000     0.000000     0.000000   271.377811   271.377817   271.377825   271.377833   271.377840   271.377848   271.377855   271.377862   271.377869   271.377876   271.377883   271.377890   271.377896   271.377902   271.377908   271.377913   271.377918   271.377910   271.377873   271.377750   271.377762   271.377844   271.378154   271.378362   271.378413   271.378501   271.378628   271.378722   271.378792   271.378861   271.378939   271.379030   271.379124   271.379208   271.379280   271.379344   271.379402   271.379456   271.379505   271.379549   271.379592   271.379634   271.379689   271.379785   271.379874     0.000000   271.378735   271.379254   271.379385   271.379494   271.379598   271.379705   271.379880   271.379570   271.379080     0.000000     0.000000     0.000000     0.000000     0.000000     0.000000     0.000000     0.000000     0.000000     0.000000     0.000000     0.000000
   271.377237   271.377309   271.377330   271.377330   271.377330   271.377330   271.377330   271.377330   271.377330   271.377330   271.377330   271.377330   271.377330   271.377330   271.377330   271.377330   271.377330   271.377330   271.377330   271.377331   271.377331   271.377331   271.377331   271.377331   271.377331   271.377331   271.377332   271.377332   271.377332   271.377333   271.377333   271.377333   271.377334   271.377334   271.377335   271.377335   271.377336   271.377337   271.377337   271.377338   271.377339   271.377340   271.377341   271.377342   271.377343   271.377344   271.377346   271.377347   271.377349   271.377350   271.377352   271.377354   271.377356   271.377359   271.377362   271.377364   271.377368   271.377371   271.377375   271.377379   271.377383   271.377387   271.377392   271.377397   271.377402   271.377408   271.377414   271.377419   271.377426   271.377432   271.377438   271.377444   271.377451   271.377457   271.377463   271.377469   271.377476   271.377482   271.377487   271.377493   271.377498   271.377504   271.377508   271.377513   271.377517   271.377521   271.377529   271.377590   271.379184   271.379869     0.000000     0.000000     0.000000     0.000000   271.377825   271.377831   271.377839   271.377846   271.377854   271.377861   271.377868   271.377875   271.377882   271.377888   271.377895   271.377901   271.377906   271.377912   271.377917   271.377922   271.377915   271.377873   271.377776   271.377806   271.377843   271.377986   271.378201   271.378434   271.378631   271.378775   271.378865   271.378920   271.378954   271.378996   271.379071   271.379165   271.379248   271.379319   271.379381   271.379439   271.379493   271.379544   271.379591   271.379629   271.379654   271.379664   271.379658   271.379658   271.379630   271.379495   271.379350   271.379288   271.379374   271.379531   271.379690   271.379798   271.379722   271.379349     0.000000     0.000000     0.000000     0.000000     0.000000     0.000000     0.000000     0.000000     0.000000     0.000000     0.000000     0.000000
   271.377248   271.377277   271.377329   271.377330   271.377330   271.377330   271.377330   271.377330   271.377330   271.377330   271.377330   271.377330   271.377330   271.377330   271.377330   271.377330   271.377330   271.377330   271.377330   271.377330   271.377330   271.377330   271.377330   271.377330   271.377331   271.377331   271.377331   271.377331   271.377332   271.377332   271.377332   271.377333   271.377333   271.377333   271.377334   271.377334   271.377335   271.377336   271.377336   271.377337   271.377338   271.377339   271.377340   271.377341   271.377342   271.377343   271.377344   271.377346   271.377347   271.377349   271.377351   271.377353   271.377355   271.377357   271.377360   271.377362   271.377365   271.377369   271.377372   271.377376   271.377380   271.377384   271.377389   271.377394   271.377399   271.377404   271.377409   271.377415   271.377421   271.377426   271.377432   271.377438   271.377444   271.377450   271.377455   271.377461   271.377466   271.377472   271.377477   271.377482   271.377486   271.377490   271.377494   271.377497   271.377500   271.377503   271.377517   271.379238   271.379764   271.379815   271.379758     0.000000     0.000000     0.000000     0.000000   271.377837   271.377845   271.377852   271.377859   271.377866   271.377874   271.377880   271.377887   271.377893   271.377899   271.377905   271.377911   271.377916   271.377921   271.377925   271.377917   271.377854   271.377805   271.377894   271.377995   271.378173   271.378422   271.378674   271.378871   271.379001   271.379075   271.379106   271.379109   271.379109   271.379152   271.379230   271.379305   271.379369   271.379427   271.379480   271.379531   271.379580   271.379626   271.379662   271.379685   271.379689   271.379679   271.379702   271.379723   271.379621   271.379414   271.379201   271.379276   271.379535   271.379744   271.379769     0.000000     0.000000     0.000000     0.000000     0.000000     0.000000     0.000000     0.000000     0.000000     0.000000     0.000000     0.000000     0.000000     0.000000
   271.377289   271.377242   271.377318   271.377330   271.377330   271.377330   271.377330   271.377330   271.377330   271.377330   271.377330   271.377330   271.377330   271.377330   271.377330   271.377330   271.377330   271.377330   271.377330   271.377330   271.377330   271.377330   271.377330   271.377330   271.377330   271.377330   271.377331   271.377331   271.377331   271.377331   271.377332   271.377332   271.377332   271.377333   271.377333   271.377334   271.377334   271.377335   271.377335   271.377336   271.377337   271.377338   271.377339   271.377339   271.377341   271.377342   271.377343   271.377344   271.377345   271.377347   271.377349   271.377351   271.377353   271.377355   271.377357   271.377360   271.377363   271.377366   271.377369   271.377372   271.377376   271.377380   271.377384   271.377389   271.377393   271.377398   271.377403   271.377407   271.377412   271.377417   271.377422   271.377427   271.377432   271.377436   271.377441   271.377445   271.377449   271.377452   271.377456   271.377458   271.377461   271.377463   271.377464   271.377465   271.377465   271.377465   271.377508   271.379567   271.379772   271.379786   271.379724     0.000000     0.000000     0.000000   271.350000   271.377845   271.377852   271.377859   271.377866   271.377873   271.377880   271.377887   271.377893   271.377899   271.377905   271.377911   271.377916   271.377921   271.377925   271.377929   271.378019   271.377823   271.377776   271.377931   271.378130   271.378418   271.378727   271.378980   271.379152   271.379253   271.379302   271.379313   271.379298   271.379275   271.379291   271.379338   271.379389   271.379438   271.379484   271.379527   271.379569   271.379611   271.379653   271.379693   271.379732   271.379782   271.379864   271.379982     0.000000     0.000000   271.379214   271.379030   271.379202   271.379587   271.379711     0.000000     0.000000     0.000000     0.000000     0.000000     0.000000     0.000000     0.000000     0.000000     0.000000     0.000000     0.000000     0.000000     0.000000     0.000000
     0.000000   271.377237   271.377290   271.377330   271.377330   271.377330   271.377330   271.377330   271.377330   271.377330   271.377330   271.377330   271.377330   271.377330   271.377330   271.377330   271.377330   271.377330   271.377330     0.000000     0.000000   271.377330   271.377330   271.377330   271.377330   271.377330   271.377331   271.377331   271.377331   271.377331   271.377332   271.377332   271.377333   271.377333   271.377334   271.377334   271.377335   271.377335   271.377336   271.377337   271.377338   271.377338   271.377339   271.377340   271.377341   271.377343   271.377344   271.377345   271.377347   271.377348   271.377350   271.377352   271.377354   271.377357   271.377359   271.377362   271.377365   271.377368   271.377371   271.377375   271.377379   271.377383   271.377387   271.377391   271.377396   271.377400   271.377405   271.377409   271.377414   271.377418   271.377422   271.377426   271.377430   271.377434   271.377437   271.377440   271.377442   271.377444   271.377445   271.377445   271.377445   271.377444   271.377443   271.377440   271.377437   271.377433   271.377525   271.379586   271.379771   271.379822     0.000000     0.000000     0.000000     0.000000   271.350000   271.350365   271.350373   271.377868   271.377875   271.377881   271.377888   271.377894   271.377900   271.377906   271.377911   271.377916   271.377921   271.377925   271.377928   271.378497   271.378417   271.378183   271.378109   271.378267   271.378576   271.378894   271.379146   271.379315   271.379417   271.379467   271.379483   271.379476   271.379456   271.379442   271.379451   271.379469   271.379495   271.379521   271.379549   271.379578   271.379607   271.379639   271.379677   271.379722   271.379774   271.379829   271.379877   271.379899   271.379829     0.000000   271.378947   271.378838   271.379159   271.379590     0.000000     0.000000     0.000000     0.000000     0.000000     0.000000     0.000000     0.000000     0.000000     0.000000     0.000000     0.000000     0.000000     0.000000     0.000000     0.000000
     0.000000     0.000000     0.000000   271.377322   271.377330   271.377330   271.377330   271.377330   271.377330   271.377330   271.377330   271.377330   271.377330   271.377330   271.377330   271.377330   271.377330   271.377330   271.377331     0.000000     0.000000     0.000000   271.377330   271.377330   271.377330   271.377331   271.377331   271.377331   271.377331   271.377332   271.377332   271.377333   271.377333   271.377333   271.377334   271.377335   271.377335   271.377336   271.377337   271.377337   271.377338   271.377339   271.377340   271.377341   271.377342   271.377344   271.377345   271.377346   271.377348   271.377350   271.377352   271.377354   271.377356   271.377358   271.377361   271.377364   271.377367   271.377370   271.377373   271.377377   271.377381   271.377385   271.377389   271.377393   271.377398   271.377402   271.377406   271.377411   271.377415   271.377419   271.377423   271.377426   271.377429   271.377432   271.377434   271.377436   271.377436   271.377437   271.377436   271.377435   271.377433   271.377430   271.377426   271.377422   271.377416   271.377410   271.377592   271.379548   271.379775   271.379807     0.000000     0.000000     0.000000     0.000000   271.350000   271.362168   271.362450   271.362664   271.362752   271.362732   271.362609   271.362387   271.362077   271.361927   271.363332   271.362947   271.362235   271.361811   271.378651   271.378524   271.378439   271.378579   271.378808   271.379032   271.379218   271.379359   271.379459   271.379522   271.379555   271.379566   271.379565   271.379557   271.379555   271.379569   271.379581   271.379583   271.379589   271.379598   271.379610   271.379626   271.379644   271.379666   271.379697   271.379741   271.379791   271.379836   271.379866   271.379887   271.379902     0.000000   271.378312   271.378570   271.379038     0.000000     0.000000     0.000000     0.000000     0.000000     0.000000     0.000000     0.000000     0.000000     0.000000     0.000000     0.000000     0.000000     0.000000     0.000000     0.000000     0.000000
     0.000000     0.000000     0.000000     0.000000   271.377330   271.377330   271.377330   271.377330   271.377330   271.377330   271.377330   271.377330   271.377330   271.377330   271.377330   271.377330   271.377330   271.377330   271.377331   271.377331     0.000000     0.000000   271.377330   271.377330   271.377331   271.377331   271.377331   271.377331   271.377332   271.377332   271.377332   271.377333   271.377333   271.377334   271.377334   271.377335   271.377336   271.377336   271.377337   271.377338   271.377339   271.377340   271.377341   271.377342   271.377343   271.377344   271.377346   271.377347   271.377349   271.377351   271.377353   271.377355   271.377357   271.377360   271.377362   271.377365   271.377368   271.377372   271.377375   271.377379   271.377383   271.377387   271.377391   271.377395   271.377400   271.377404   271.377408   271.377412   271.377416   271.377420   271.377423   271.377426   271.377429   271.377431   271.377432   271.377433   271.377433   271.377432   271.377431   271.377428   271.377425   271.377421   271.377415   271.377409   271.377402   271.377394   271.377736   271.379509   271.379800   271.379771     0.000000     0.000000     0.000000     0.000000   271.350000   271.379256   271.379254   271.379250   271.379244   271.379235   271.379224   271.379211   271.379194   271.379118   271.379091   271.379077   271.378909   271.378808   271.378692   271.378529   271.378451   271.378564   271.378784   271.379015   271.379209   271.379354   271.379454   271.379515   271.379548   271.379568   271.379585   271.379606   271.379639   271.379668   271.379677   271.379667   271.379658   271.379656   271.379659   271.379667   271.379675   271.379686   271.379705   271.379741   271.379786   271.379829   271.379866   271.379899   271.379918     0.000000     0.000000   271.378198   271.378758     0.000000     0.000000     0.000000     0.000000     0.000000     0.000000     0.000000     0.000000     0.000000     0.000000     0.000000     0.000000     0.000000     0.000000     0.000000     0.000000     0.000000
     0.000000     0.000000     0.000000     0.000000     0.000000   271.377330   271.377330   271.377330   271.377330   271.377330   271.377330   271.377330   271.377330   271.377330   271.377330   271.377330   271.377330   271.377330   271.377330   271.377333     0.000000     0.000000   271.377330   271.377331   271.377331   271.377332   271.377332   271.377332   271.377333   271.377333   271.377333   271.377334   271.377334   271.377335   271.377336   271.377336   271.377337   271.377338   271.377339   271.377340   271.377341   271.377342   271.377343   271.377344   271.377345   271.377346   271.377348   271.377349   271.377351   271.377353   271.377355   271.377357   271.377359   271.377362   271.377364   271.377367   271.377370   271.377373   271.377377   271.377380   271.377384   271.377387   271.377391   271.377395   271.377399   271.377403   271.377406   271.377410   271.377413   271.377416   271.377418   271.377420   271.377422   271.377423   271.377423   271.377423   271.377421   271.377419   271.377416   271.377413   271.377408   271.377402   271.377395   271.377387   271.377379   271.377335   271.377958   271.379463   271.379866     0.000000     0.000000     0.000000     0.000000   271.350000   271.379264   271.379257   271.379256   271.379254   271.379232   271.379213   271.379201   271.379188   271.379173   271.379145   271.379095   271.379021   271.378934   271.378839   271.378658   271.378485   271.378467   271.378613   271.378837   271.379059   271.379241   271.379375   271.379463   271.379514   271.379551   271.379595   271.379654   271.379729   271.379757   271.379762   271.379773   271.379794   271.379746   271.379730   271.379717   271.379713   271.379709   271.379704   271.379708   271.379729   271.379767   271.379814   271.379866   271.379921   271.379919     0.000000     0.000000   271.377107   271.377986     0.000000     0.000000     0.000000     0.000000     0.000000     0.000000     0.000000     0.000000     0.000000     0.000000     0.000000     0.000000     0.000000     0.000000     0.000000     0.000000     0.000000
     0.000000     0.000000     0.000000     0.000000     0.000000     0.000000     0.000000     0.000000   271.377330   271.377330   271.377330   271.377330   271.377330   271.377330   271.377330   271.377330   271.377330   271.377330   271.377330   271.377334   271.377336     0.000000   271.377330   271.377339   271.377340   271.377341   271.377342   271.377343   271.377344   271.377345   271.377346   271.377347   271.377348   271.377349   271.377350   271.377352   271.377353   271.377354   271.377355   271.377356   271.377358   271.377359   271.377360   271.377361   271.377363   271.377364   271.377365   271.377366   271.377367   271.377367   271.377368   271.377368   271.377369   271.377369   271.377369   271.377368   271.377368   271.377367   271.377366   271.377364   271.377362   271.377360   271.377357   271.377354   271.377350   271.377346   271.377342   271.377337   271.377332   271.377326   271.377320   271.377313   271.377306   271.377298   271.377291   271.377283   271.377274   271.377266   271.377258   271.377249   271.377241   271.377233   271.377225   271.377217   271.377210   271.377204   271.378219   271.379401   271.379906     0.000000     0.000000     0.000000   271.350000   271.350000   271.379264   271.379249   271.379236   271.379230   271.379224   271.379217   271.379209   271.379198   271.379185   271.379156   271.379105   271.379047   271.378950   271.378775   271.378569   271.378458   271.378514   271.378698   271.378923   271.379129   271.379291   271.379404   271.379476   271.379527   271.379588   271.379682   271.379808   271.379916     0.000000     0.000000     0.000000     0.000000   271.379569   271.379619   271.379661   271.379692   271.379709   271.379705   271.379700   271.379704   271.379733   271.379782   271.379851   271.379961     0.000000     0.000000     0.000000     0.000000     0.000000     0.000000     0.000000     0.000000     0.000000     0.000000     0.000000     0.000000     0.000000     0.000000     0.000000     0.000000     0.000000     0.000000     0.000000     0.000000     0.000000     0.000000
     0.000000     0.000000     0.000000     0.000000     0.000000     0.000000     0.000000     0.000000     0.000000     0.000000   271.377330   271.377330   271.377330   271.377330   271.377330   271.377330   271.377330   271.377330   271.377330   271.377330   271.377337   271.377338   271.377338   271.377339   271.377340   271.377341   271.377342   271.377342   271.377343   271.377344   271.377345   271.377346   271.377347   271.377349   271.377350   271.377351   271.377352   271.377353   271.377354   271.377356   271.377357   271.377358   271.377359   271.377361   271.377362   271.377363   271.377364   271.377365   271.377366   271.377367   271.377368   271.377368   271.377369   271.377369   271.377369   271.377369   271.377368   271.377367   271.377366   271.377365   271.377363   271.377361   271.377358   271.377355   271.377351   271.377347   271.377343   271.377338   271.377333   271.377327   271.377321   271.377314   271.377307   271.377300   271.377293   271.377285   271.377277   271.377269   271.377261   271.377253   271.377246   271.377238   271.377231   271.377225   271.377219   271.377213   271.378190   271.379275     0.000000     0.000000     0.000000     0.000000   271.350000   271.350000   271.379264   271.379243   271.379234   271.379229   271.379224   271.379219   271.379212   271.379204   271.379191   271.379166   271.379117   271.379021   271.378861   271.378658   271.378495   271.378469   271.378590   271.378789   271.379006   271.379194   271.379335   271.379429   271.379489   271.379550   271.379642   271.379746   271.379836   271.379905     0.000000     0.000000     0.000000     0.000000     0.000000   271.379309   271.379557   271.379691   271.379779   271.379834   271.379735   271.379698   271.379696   271.379726   271.379797   271.379942     0.000000     0.000000     0.000000     0.000000     0.000000     0.000000     0.000000     0.000000     0.000000     0.000000     0.000000     0.000000     0.000000     0.000000     0.000000     0.000000     0.000000     0.000000     0.000000     0.000000     0.000000     0.000000
     0.000000     0.000000     0.000000     0.000000     0.000000     0.000000     0.000000     0.000000     0.000000     0.000000     0.000000     0.000000     0.000000   271.377330   271.377330   271.377330   271.377330   271.377330   271.377330   271.377330   271.377330   271.377330   271.377330   271.377330   271.377331   271.377331   271.377331   271.377331   271.377331   271.377331   271.377332   271.377332   271.377332   271.377332   271.377333   271.377333   271.377333   271.377333   271.377334   271.377334   271.377334   271.377334   271.377335   271.377335   271.377335   271.377335   271.377334   271.377334   271.377333   271.377333   271.377331   271.377330   271.377328   271.377326   271.377324   271.377321   271.377317   271.377313   271.377309   271.377304   271.377298   271.377292   271.377285   271.377278   271.377269   271.377261   271.377251   271.377241   271.377231   271.377219   271.377207   271.377194   271.377181   271.377166   271.377151   271.377135   271.377118   271.377100   271.377081   271.377061   271.377040   271.377018   271.376995   271.376971   271.376946   271.376920   271.378343   271.379294     0.000000     0.000000     0.000000     0.000000     0.000000   271.379298   271.379265   271.379236   271.379227   271.379221   271.379216   271.379211   271.379205   271.379199   271.379188   271.379161   271.379078   271.378928   271.378728   271.378545   271.378451   271.378516   271.378672   271.378876   271.379081   271.379251   271.379372   271.379446   271.379499   271.379577   271.379672   271.379748   271.379778   271.379766   271.379693     0.000000     0.000000     0.000000     0.000000     0.000000     0.000000     0.000000     0.000000     0.000000   271.379697   271.379685   271.379667   271.379659   271.379707   271.379896     0.000000     0.000000     0.000000     0.000000     0.000000     0.000000     0.000000     0.000000     0.000000     0.000000     0.000000     0.000000     0.000000     0.000000     0.000000     0.000000     0.000000     0.000000     0.000000     0.000000     0.000000     0.000000
     0.000000     0.000000     0.000000     0.000000     0.000000     0.000000     0.000000     0.000000     0.000000     0.000000     0.000000     0.000000     0.000000     0.000000     0.000000     0.000000   271.377330   271.377330   271.377330   271.377330   271.377330   271.377330   271.377330   271.377331   271.377331   271.377331   271.377331   271.377331   271.377331   271.377332   271.377332   271.377332   271.377332   271.377332   271.377333   271.377333   271.377333   271.377334   271.377334   271.377334   271.377334   271.377334   271.377334   271.377334   271.377334   271.377334   271.377334   271.377333   271.377332   271.377331   271.377330   271.377328   271.377326   271.377323   271.377320   271.377317   271.377313   271.377308   271.377303   271.377298   271.377292   271.377285   271.377277   271.377269   271.377260   271.377251   271.377240   271.377229   271.377217   271.377204   271.377191   271.377176   271.377160   271.377142   271.377123   271.377103   271.377081   271.377057   271.377031   271.377004   271.376973   271.376940   271.376905   271.376866   271.376825   271.376780   271.378452   271.379314   271.379330   271.379330   271.379328   271.379324   271.379328   271.379300   271.379247   271.379187   271.379181   271.379176   271.379171   271.379166   271.379161   271.379156   271.379150   271.379115   271.378990   271.378797   271.378607   271.378479   271.378454   271.378564   271.378747   271.378957   271.379156   271.379309   271.379401   271.379448   271.379504   271.379575   271.379648   271.379702   271.379724   271.379748   271.379712     0.000000     0.000000     0.000000     0.000000     0.000000     0.000000     0.000000     0.000000     0.000000     0.000000   271.379627   271.379758   271.379638   271.379615   271.379823     0.000000     0.000000     0.000000     0.000000     0.000000     0.000000     0.000000     0.000000     0.000000     0.000000     0.000000     0.000000     0.000000     0.000000     0.000000     0.000000     0.000000     0.000000     0.000000     0.000000     0.000000     0.000000
     0.000000     0.000000     0.000000     0.000000     0.000000     0.000000     0.000000     0.000000     0.000000     0.000000     0.000000     0.000000     0.000000     0.000000     0.000000     0.000000     0.000000     0.000000   271.377330   271.377330   271.377330   271.377330   271.377330   271.377330   271.377331   271.377331   271.377331   271.377331   271.377331   271.377331   271.377331   271.377332   271.377332   271.377332   271.377332   271.377332   271.377333   271.377333   271.377333   271.377333   271.377333   271.377333   271.377333   271.377332   271.377332   271.377331   271.377330   271.377329   271.377328   271.377326   271.377323   271.377320   271.377317   271.377313   271.377308   271.377303   271.377297   271.377290   271.377282   271.377273   271.377263   271.377252   271.377240   271.377227   271.377211   271.377195   271.377176   271.377155   271.377132   271.377106   271.377076   271.377043   271.377006   271.376964   271.376917   271.376863   271.376803   271.376734   271.376656   271.376568   271.376468   271.376354   271.376223   271.376073   271.375902   271.375748   271.379019   271.379221   271.379250   271.379240   271.379230   271.379218   271.379203   271.379156   271.379089   271.379035     0.000000   271.379172   271.379167   271.379162   271.379157   271.379150   271.379141   271.379080   271.378907   271.378701   271.378531   271.378447   271.378470   271.378619   271.378836   271.379058   271.379246   271.379364   271.379409   271.379434   271.379487   271.379533   271.379587   271.379654   271.379738   271.379782     0.000000     0.000000     0.000000     0.000000     0.000000     0.000000     0.000000     0.000000     0.000000     0.000000     0.000000     0.000000     0.000000   271.379700   271.379551   271.379721     0.000000     0.000000     0.000000     0.000000     0.000000     0.000000     0.000000     0.000000     0.000000     0.000000     0.000000     0.000000     0.000000     0.000000     0.000000     0.000000     0.000000     0.000000     0.000000     0.000000     0.000000     0.000000
     0.000000     0.000000     0.000000     0.000000     0.000000     0.000000     0.000000     0.000000     0.000000     0.000000     0.000000     0.000000     0.000000     0.000000     0.000000     0.000000     0.000000     0.000000     0.000000     0.000000   271.377330   271.377330   271.377330   271.377330   271.377330   271.377330   271.377330   271.377330   271.377331   271.377331   271.377331   271.377331   271.377331   271.377331   271.377331   271.377331   271.377331   271.377332   271.377332   271.377332   271.377332   271.377331   271.377331   271.377330   271.377330   271.377329   271.377327   271.377326   271.377324   271.377321   271.377318   271.377314   271.377310   271.377305   271.377298   271.377291   271.377283   271.377274   271.377263   271.377163   271.377053   271.376937   271.376815   271.376687   271.376553   271.376412   271.376264   271.376109   271.375946   271.375774   271.375594   271.375403   271.375203   271.374990   271.374765   271.374524   271.374267   271.373991   271.373692   271.373366   271.373010   271.372616   271.372179   271.371718   271.375431   271.379038   271.379174   271.379231   271.379270   271.379249     0.000000     0.000000   271.379132   271.379051   271.378880   271.378976     0.000000   271.379169   271.379163   271.379158   271.379152   271.379144   271.379132   271.379019   271.378819   271.378611   271.378472   271.378440   271.378518   271.378703   271.378943   271.379162   271.379312   271.379373   271.379383   271.379405   271.379445   271.379482   271.379519   271.379583   271.379752     0.000000     0.000000     0.000000     0.000000     0.000000     0.000000     0.000000     0.000000     0.000000     0.000000     0.000000     0.000000     0.000000     0.000000     0.000000   271.379411   271.379620     0.000000     0.000000     0.000000     0.000000     0.000000     0.000000     0.000000     0.000000     0.000000     0.000000     0.000000     0.000000     0.000000     0.000000     0.000000     0.000000     0.000000     0.000000     0.000000     0.000000     0.000000     0.000000
     0.000000     0.000000     0.000000     0.000000     0.000000     0.000000     0.000000     0.000000     0.000000     0.000000     0.000000     0.000000     0.000000     0.000000     0.000000     0.000000     0.000000     0.000000     0.000000     0.000000   271.376586   271.375832   271.375856   271.375836   271.375812   271.375782   271.375752   271.375720   271.375685   271.375648   271.375608   271.375565   271.375518   271.375468   271.375414   271.375357   271.375295   271.375229   271.375158   271.375082   271.375002   271.374916   271.374824   271.374727   271.374623   271.374513   271.374397   271.374273   271.374142   271.374003   271.373856   271.373700   271.373536   271.373363   271.373180   271.372987   271.372784   271.372570   271.372345   271.372108   271.371859   271.371597   271.371321   271.371030   271.370723   271.370400   271.370059   271.369697   271.369315   271.368909   271.368477   271.368018   271.367527   271.367002   271.366440   271.365836   271.365186   271.364488   271.363738   271.362935   271.362078   271.361168   271.360203   271.378544   271.378988   271.379098   271.379184   271.379295   271.379403     0.000000     0.000000     0.000000     0.000000   271.379188   271.379092   271.377922     0.000000   271.379164   271.379158   271.379152   271.379145   271.379135   271.379114   271.378927   271.378701   271.378508   271.378435   271.378560   271.378748   271.378851   271.379069   271.379234   271.379298   271.379343   271.379469   271.379421   271.379446   271.379600   271.379499   271.379489   271.379560   271.379460     0.000000     0.000000     0.000000     0.000000     0.000000     0.000000     0.000000     0.000000     0.000000     0.000000     0.000000     0.000000     0.000000     0.000000   271.379194   271.379448     0.000000     0.000000     0.000000     0.000000     0.000000     0.000000     0.000000     0.000000     0.000000     0.000000     0.000000     0.000000     0.000000     0.000000     0.000000     0.000000     0.000000     0.000000     0.000000     0.000000     0.000000     0.000000
     0.000000     0.000000     0.000000     0.000000     0.000000     0.000000     0.000000     0.000000     0.000000     0.000000     0.000000     0.000000     0.000000     0.000000     0.000000     0.000000     0.000000     0.000000     0.000000     0.000000     0.000000   271.366791   271.366685   271.365046   271.365083   271.365033   271.364970   271.364904   271.364834   271.364759   271.364679   271.364594   271.364503   271.364407   271.364304   271.364195   271.364079   271.363958   271.363829   271.363693   271.363550   271.363400   271.363243   271.363077   271.362904   271.362723   271.362533   271.362335   271.362129   271.361913   271.361689   271.361454   271.361212   271.360962   271.360702   271.360434   271.360157   271.359871   271.359576   271.359272   271.358959   271.358637   271.358305   271.357964   271.357614   271.357255   271.356886   271.356509   271.356122   271.355727   271.355325   271.354916   271.354504   271.354090   271.353679   271.353272   271.352875   271.352493   271.352128   271.351788   271.351473   271.351196   271.378571   271.378863   271.379004   271.379113   271.379339   271.379583   271.379927     0.000000     0.000000     0.000000     0.000000     0.000000     0.000000     0.000000     0.000000     0.000000     0.000000     0.000000     0.000000     0.000000     0.000000     0.000000     0.000000     0.000000     0.000000     0.000000     0.000000   271.379253   271.379256   271.379091   271.379133   271.379300     0.000000   271.379001   271.379413     0.000000   271.379388   271.379534   271.379450   271.379435     0.000000     0.000000     0.000000     0.000000     0.000000     0.000000     0.000000     0.000000     0.000000     0.000000     0.000000     0.000000     0.000000     0.000000   271.378743   271.379056     0.000000     0.000000     0.000000     0.000000     0.000000     0.000000     0.000000     0.000000     0.000000     0.000000     0.000000     0.000000     0.000000     0.000000     0.000000     0.000000     0.000000     0.000000     0.000000     0.000000     0.000000     0.000000
     0.000000     0.000000     0.000000     0.000000     0.000000     0.000000     0.000000     0.000000     0.000000     0.000000     0.000000     0.000000     0.000000     0.000000     0.000000     0.000000     0.000000     0.000000     0.000000     0.000000     0.000000     0.000000     0.000000   271.355444   271.354588   271.354599   271.354564   271.354528   271.354490   271.354449   271.354406   271.354361   271.354314   271.354264   271.354211   271.354156   271.354099   271.354038   271.353976   271.353911   271.353843   271.353773   271.353701   271.353626   271.353549   271.353469   271.353387   271.353303   271.353216   271.353128   271.353041   271.352952   271.352859   271.352762   271.352664   271.352564   271.352463   271.352361   271.352258   271.352154   271.352049   271.351944   271.351840   271.351736   271.351630   271.351523   271.351416   271.351309   271.351204   271.351099   271.350996   271.350895   271.350797   271.350702   271.350612   271.350526   271.350446   271.350373   271.350306   271.350247   271.350209   271.378392   271.378682   271.378871   271.379057   271.379365   271.379751   271.379945   271.379803     0.000000     0.000000     0.000000     0.000000     0.000000     0.000000     0.000000     0.000000     0.000000     0.000000     0.000000     0.000000     0.000000     0.000000     0.000000     0.000000     0.000000     0.000000     0.000000     0.000000   271.379075   271.378703   271.378493   271.378801     0.000000     0.000000     0.000000     0.000000     0.000000     0.000000     0.000000   271.379192   271.379252     0.000000     0.000000     0.000000     0.000000     0.000000     0.000000     0.000000     0.000000     0.000000     0.000000     0.000000     0.000000     0.000000     0.000000   271.377237   271.377716     0.000000     0.000000     0.000000     0.000000     0.000000     0.000000     0.000000     0.000000     0.000000     0.000000     0.000000     0.000000     0.000000     0.000000     0.000000     0.000000     0.000000     0.000000     0.000000     0.000000     0.000000     0.000000
     0.000000     0.000000     0.000000     0.000000     0.000000     0.000000     0.000000     0.000000     0.000000     0.000000     0.000000     0.000000     0.000000     0.000000     0.000000     0.000000     0.000000     0.000000     0.000000     0.000000     0.000000     0.000000     0.000000     0.000000   271.350800   271.350816   271.350811   271.350803   271.350795   271.350786   271.350777   271.350768   271.350758   271.350747   271.350736   271.350725   271.350713   271.350701   271.350688   271.350675   271.350662   271.350648   271.350633   271.350618   271.350603   271.350588   271.350572   271.350556   271.350539   271.350523   271.350500   271.350395   271.350385   271.350370   271.350356   271.350341   271.350326   271.350311   271.350296   271.350280   271.350265   271.350250   271.350232   271.350179   271.350169   271.350157   271.350145   271.350133   271.350122   271.350110   271.350099   271.350088   271.350078   271.350068   271.350059   271.350050   271.350042   271.350035   271.350028   271.350034   271.378111   271.378473   271.378686   271.379013   271.379454   271.379917     0.000000     0.000000     0.000000     0.000000     0.000000     0.000000     0.000000     0.000000     0.000000     0.000000     0.000000     0.000000     0.000000     0.000000     0.000000     0.000000     0.000000     0.000000     0.000000     0.000000     0.000000     0.000000     0.000000   271.377412   271.377107     0.000000     0.000000     0.000000     0.000000     0.000000     0.000000     0.000000     0.000000     0.000000     0.000000     0.000000     0.000000     0.000000     0.000000     0.000000     0.000000     0.000000     0.000000     0.000000     0.000000     0.000000     0.000000     0.000000     0.000000     0.000000     0.000000     0.000000     0.000000     0.000000     0.000000     0.000000     0.000000     0.000000     0.000000     0.000000     0.000000     0.000000     0.000000     0.000000     0.000000     0.000000     0.000000     0.000000     0.000000     0.000000     0.000000     0.000000     0.000000     0.000000
     0.000000     0.000000     0.000000     0.000000     0.000000     0.000000     0.000000     0.000000     0.000000     0.000000     0.000000     0.000000     0.000000     0.000000     0.000000     0.000000     0.000000     0.000000     0.000000     0.000000     0.000000     0.000000     0.000000     0.000000   271.350346   271.350284   271.350284   271.350281   271.350278   271.350275   271.350272   271.350268   271.350264   271.350261   271.350256   271.350252   271.350248   271.350243   271.350239   271.350234   271.350229   271.350224   271.350219   271.350213   271.350208   271.350202   271.350196   271.350190   271.350184   271.350179   271.350167   271.350766     0.000000     0.000000     0.000000     0.000000     0.000000     0.000000     0.000000     0.000000     0.000000     0.000000     0.000000   271.350038   271.350029   271.350027   271.350025   271.350023   271.350021   271.350019   271.350017   271.350015   271.350013   271.350011   271.350010   271.350008   271.350007   271.350005   271.350009   271.377728   271.378219   271.378474   271.378950   271.379595   271.379886     0.000000     0.000000     0.000000     0.000000     0.000000     0.000000     0.000000     0.000000     0.000000     0.000000     0.000000     0.000000     0.000000     0.000000     0.000000     0.000000     0.000000     0.000000     0.000000     0.000000     0.000000     0.000000     0.000000     0.000000     0.000000     0.000000     0.000000     0.000000     0.000000     0.000000     0.000000     0.000000     0.000000     0.000000     0.000000     0.000000     0.000000     0.000000     0.000000     0.000000     0.000000     0.000000     0.000000     0.000000     0.000000     0.000000     0.000000     0.000000     0.000000     0.000000     0.000000     0.000000     0.000000     0.000000     0.000000     0.000000     0.000000     0.000000     0.000000     0.000000     0.000000     0.000000     0.000000     0.000000     0.000000     0.000000     0.000000     0.000000     0.000000     0.000000     0.000000     0.000000     0.000000     0.000000     0.000000
     0.000000     0.000000     0.000000     0.000000     0.000000     0.000000     0.000000     0.000000     0.000000     0.000000     0.000000     0.000000     0.000000     0.000000     0.000000     0.000000     0.000000     0.000000     0.000000     0.000000     0.000000     0.000000     0.000000     0.000000     0.000000   271.350062   271.350051   271.350051   271.350050   271.350050   271.350049   271.350048   271.350048   271.350047   271.350046   271.350045   271.350045   271.350044   271.350043   271.350042   271.350041   271.350040   271.350039   271.350038   271.350037   271.350036   271.350035   271.350034   271.350033   271.350032   271.350029   271.350462   271.378883     0.000000   271.378520   271.378370   271.378247     0.000000     0.000000     0.000000     0.000000     0.000000     0.000000     0.000000   271.350004   271.350004   271.350004   271.350003   271.350003   271.350003   271.350002   271.350002   271.350002   271.350002   271.350001   271.350001   271.350001   271.350002   271.377243   271.377898   271.378211   271.378940   271.379625   271.379847     0.000000     0.000000     0.000000     0.000000     0.000000     0.000000     0.000000     0.000000     0.000000     0.000000     0.000000     0.000000     0.000000     0.000000     0.000000     0.000000     0.000000     0.000000     0.000000     0.000000     0.000000     0.000000     0.000000     0.000000     0.000000     0.000000     0.000000     0.000000     0.000000     0.000000     0.000000     0.000000     0.000000     0.000000     0.000000     0.000000     0.000000     0.000000     0.000000     0.000000     0.000000     0.000000     0.000000     0.000000     0.000000     0.000000     0.000000     0.000000     0.000000     0.000000     0.000000     0.000000     0.000000     0.000000     0.000000     0.000000     0.000000     0.000000     0.000000     0.000000     0.000000     0.000000     0.000000     0.000000     0.000000     0.000000     0.000000     0.000000     0.000000     0.000000     0.000000     0.000000     0.000000     0.000000     0.000000     0.000000
     0.000000     0.000000     0.000000     0.000000     0.000000     0.000000     0.000000     0.000000     0.000000     0.000000     0.000000     0.000000     0.000000     0.000000     0.000000     0.000000     0.000000     0.000000     0.000000     0.000000     0.000000     0.000000     0.000000     0.000000     0.000000     0.000000   271.350008   271.350008   271.350008   271.350008   271.350008   271.350007   271.350007   271.350007   271.350007   271.350007   271.350007   271.350007   271.350007   271.350006   271.350006   271.350006   271.350006   271.350006   271.350006   271.350005   271.350005   271.350005   271.350005   271.350005   271.350005   271.375954   271.377816   271.378481   271.378847   271.378957   271.378957     0.000000     0.000000     0.000000     0.000000     0.000000     0.000000     0.000000   271.350001   271.350001   271.350001   271.350001   271.350001   271.350001   271.350001   271.350001   271.350000   271.350000   271.350000   271.350000   271.350001   271.376709   271.377455   271.377852   271.378959   271.379524   271.379704   271.379811     0.000000     0.000000     0.000000     0.000000     0.000000     0.000000     0.000000     0.000000     0.000000     0.000000     0.000000     0.000000     0.000000     0.000000     0.000000     0.000000     0.000000     0.000000     0.000000     0.000000     0.000000     0.000000     0.000000     0.000000     0.000000     0.000000     0.000000     0.000000     0.000000     0.000000     0.000000     0.000000     0.000000     0.000000     0.000000     0.000000     0.000000     0.000000     0.000000     0.000000     0.000000     0.000000     0.000000     0.000000     0.000000     0.000000     0.000000     0.000000     0.000000     0.000000     0.000000     0.000000     0.000000     0.000000     0.000000     0.000000     0.000000     0.000000     0.000000     0.000000     0.000000     0.000000     0.000000     0.000000     0.000000     0.000000     0.000000     0.000000     0.000000     0.000000     0.000000     0.000000     0.000000     0.000000     0.000000     0.000000
     0.000000     0.000000     0.000000     0.000000     0.000000     0.000000     0.000000     0.000000     0.000000     0.000000     0.000000     0.000000     0.000000     0.000000     0.000000     0.000000     0.000000     0.000000     0.000000     0.000000     0.000000     0.000000     0.000000     0.000000     0.000000     0.000000   271.350002   271.350002   271.350002   271.350002   271.350002   271.350002   271.350002   271.350002   271.350002   271.350002   271.350002   271.350002   271.350002   271.350002   271.350002   271.350002   271.350002   271.350002   271.350002   271.350002   271.350002   271.350002   271.350001   271.350001   271.350002   271.375868   271.377263   271.378200   271.378639   271.378845   271.378963   271.379083     0.000000     0.000000     0.000000     0.000000     0.000000     0.000000   271.350000   271.350000   271.350000   271.350000   271.350000   271.350000   271.350000   271.350000   271.350000   271.350000   271.350000   271.350000   271.376030   271.376753   271.377310   271.378868   271.379350   271.379538   271.379666   271.379794     0.000000     0.000000     0.000000     0.000000     0.000000     0.000000     0.000000     0.000000     0.000000     0.000000     0.000000     0.000000     0.000000     0.000000     0.000000     0.000000     0.000000     0.000000     0.000000     0.000000     0.000000     0.000000     0.000000     0.000000     0.000000     0.000000     0.000000     0.000000     0.000000     0.000000     0.000000     0.000000     0.000000     0.000000     0.000000     0.000000     0.000000     0.000000     0.000000     0.000000     0.000000     0.000000     0.000000     0.000000     0.000000     0.000000     0.000000     0.000000     0.000000     0.000000     0.000000     0.000000     0.000000     0.000000     0.000000     0.000000     0.000000     0.000000     0.000000     0.000000     0.000000     0.000000     0.000000     0.000000     0.000000     0.000000     0.000000     0.000000     0.000000     0.000000     0.000000     0.000000     0.000000     0.000000     0.000000     0.000000
     0.000000     0.000000     0.000000     0.000000     0.000000     0.000000     0.000000     0.000000     0.000000     0.000000     0.000000     0.000000     0.000000     0.000000     0.000000     0.000000     0.000000     0.000000     0.000000     0.000000     0.000000     0.000000     0.000000     0.000000     0.000000     0.000000   271.350001   271.350001   271.350001   271.350001   271.350001   271.350001   271.350001   271.350001   271.350001   271.350001   271.350001   271.350001   271.350001   271.350001   271.350001   271.350001   271.350001   271.350001   271.350001   271.350001   271.350001   271.350001   271.350000   271.350000   271.375476   271.375724   271.377315   271.378186   271.378601   271.378816   271.378925   271.378989   271.378988   271.378659     0.000000     0.000000     0.000000   271.350000   271.350000   271.350000   271.350000   271.350000   271.350000   271.350000   271.350000   271.350000   271.350000   271.350000   271.350000   271.374973   271.375683   271.376452   271.378608   271.379109   271.379349   271.379507   271.379622   271.379777     0.000000     0.000000     0.000000     0.000000     0.000000     0.000000     0.000000     0.000000     0.000000     0.000000     0.000000     0.000000     0.000000     0.000000     0.000000     0.000000     0.000000     0.000000     0.000000     0.000000     0.000000     0.000000     0.000000     0.000000     0.000000     0.000000     0.000000     0.000000     0.000000     0.000000     0.000000     0.000000     0.000000     0.000000     0.000000     0.000000     0.000000     0.000000     0.000000     0.000000     0.000000     0.000000     0.000000     0.000000     0.000000     0.000000     0.000000     0.000000     0.000000     0.000000     0.000000     0.000000     0.000000     0.000000     0.000000     0.000000     0.000000     0.000000     0.000000     0.000000     0.000000     0.000000     0.000000     0.000000     0.000000     0.000000     0.000000     0.000000     0.000000     0.000000     0.000000     0.000000     0.000000     0.000000     0.000000     0.000000
     0.000000     0.000000     0.000000     0.000000     0.000000     0.000000     0.000000     0.000000     0.000000     0.000000     0.000000     0.000000     0.000000     0.000000     0.000000     0.000000     0.000000     0.000000     0.000000     0.000000     0.000000     0.000000     0.000000     0.000000     0.000000     0.000000     0.000000   271.350000   271.350000   271.350000   271.350000   271.350000   271.350000   271.350000   271.350000   271.350000   271.350000   271.350000   271.350000   271.350000   271.350000   271.350000   271.350000   271.350000   271.350000   271.350000   271.350000   271.350000   271.350000   271.350000   271.375881   271.376403   271.377621   271.378325   271.378693   271.378906   271.379004   271.379018   271.378992   271.378878     0.000000   271.350000   271.350000   271.350000   271.350000   271.350000   271.350000   271.350000   271.350000   271.350000   271.350000   271.350000   271.350000   271.350000   271.374410   271.374827   271.375331   271.378098   271.378774   271.379110   271.379328   271.379475   271.379581   271.379679   271.379625     0.000000     0.000000     0.000000     0.000000     0.000000     0.000000     0.000000     0.000000     0.000000     0.000000     0.000000     0.000000     0.000000     0.000000     0.000000     0.000000     0.000000     0.000000     0.000000     0.000000     0.000000     0.000000     0.000000     0.000000     0.000000     0.000000     0.000000     0.000000     0.000000     0.000000     0.000000     0.000000     0.000000     0.000000     0.000000     0.000000     0.000000     0.000000     0.000000     0.000000     0.000000     0.000000     0.000000     0.000000     0.000000     0.000000     0.000000     0.000000     0.000000     0.000000     0.000000     0.000000     0.000000     0.000000     0.000000     0.000000     0.000000     0.000000     0.000000     0.000000     0.000000     0.000000     0.000000     0.000000     0.000000     0.000000     0.000000     0.000000     0.000000     0.000000     0.000000     0.000000     0.000000     0.000000     0.000000
     0.000000     0.000000     0.000000     0.000000     0.000000     0.000000     0.000000     0.000000     0.000000     0.000000     0.000000     0.000000     0.000000     0.000000     0.000000     0.000000     0.000000     0.000000     0.000000     0.000000     0.000000     0.000000     0.000000     0.000000     0.000000     0.000000     0.000000     0.000000   271.350000   271.350000   271.350000   271.350000   271.350000   271.350000   271.350000   271.350000   271.350000   271.350000   271.350000   271.350000   271.350000   271.350000   271.350000   271.350000   271.350000   271.350000   271.350000   271.350000   271.350000   271.376599   271.376287   271.377157   271.378084   271.378592   271.378901   271.379105   271.379239   271.379223   271.379011     0.000000   271.350000   271.350000   271.350000   271.350000   271.350000   271.350000   271.350000   271.350000   271.350000   271.350000   271.350000   271.350000   271.350000   271.350000   271.375018   271.374873   271.377191   271.378277   271.378792   271.379104   271.379311   271.379450   271.379547   271.379623   271.379699     0.000000     0.000000     0.000000     0.000000     0.000000     0.000000     0.000000     0.000000     0.000000     0.000000     0.000000     0.000000     0.000000     0.000000     0.000000     0.000000     0.000000     0.000000     0.000000     0.000000     0.000000     0.000000     0.000000     0.000000     0.000000     0.000000     0.000000     0.000000     0.000000     0.000000     0.000000     0.000000     0.000000     0.000000     0.000000     0.000000     0.000000     0.000000     0.000000     0.000000     0.000000     0.000000     0.000000     0.000000     0.000000     0.000000     0.000000     0.000000     0.000000     0.000000     0.000000     0.000000     0.000000     0.000000     0.000000     0.000000     0.000000     0.000000     0.000000     0.000000     0.000000     0.000000     0.000000     0.000000     0.000000     0.000000     0.000000     0.000000     0.000000     0.000000     0.000000     0.000000     0.000000     0.000000     0.000000
     0.000000     0.000000     0.000000     0.000000     0.000000     0.000000     0.000000     0.000000     0.000000     0.000000     0.000000     0.000000     0.000000     0.000000     0.000000     0.000000     0.000000     0.000000     0.000000     0.000000     0.000000     0.000000     0.000000     0.000000     0.000000     0.000000     0.000000     0.000000     0.000000     0.000000   271.350000   271.350000   271.350000   271.350000   271.350000   271.350000   271.350000   271.350000   271.350000   271.350000   271.350000   271.350000   271.350000   271.350000   271.350000   271.350000   271.350000   271.350000   271.350000   271.377024   271.377193   271.378027   271.378556   271.378900   271.379181   271.379353     0.000000     0.000000     0.000000   271.350000   271.350000   271.350000   271.350000   271.350000   271.350000   271.350000   271.350000   271.350000   271.350000   271.350000   271.350000   271.350000   271.350000   271.376530   271.375437   271.375858   271.377487   271.378368   271.378825   271.379113   271.379310   271.379442   271.379530   271.379603   271.379714     0.000000     0.000000     0.000000     0.000000     0.000000     0.000000     0.000000     0.000000     0.000000     0.000000     0.000000     0.000000     0.000000     0.000000     0.000000     0.000000     0.000000     0.000000     0.000000     0.000000     0.000000     0.000000     0.000000     0.000000     0.000000     0.000000     0.000000     0.000000     0.000000     0.000000     0.000000     0.000000     0.000000     0.000000     0.000000     0.000000     0.000000     0.000000     0.000000     0.000000     0.000000     0.000000     0.000000     0.000000     0.000000     0.000000     0.000000     0.000000     0.000000     0.000000     0.000000     0.000000     0.000000     0.000000     0.000000     0.000000     0.000000     0.000000     0.000000     0.000000     0.000000     0.000000     0.000000     0.000000     0.000000     0.000000     0.000000     0.000000     0.000000     0.000000     0.000000     0.000000     0.000000     0.000000     0.000000
     0.000000     0.000000     0.000000     0.000000     0.000000     0.000000     0.000000     0.000000     0.000000     0.000000     0.000000     0.000000     0.000000     0.000000     0.000000     0.000000     0.000000     0.000000     0.000000     0.000000     0.000000     0.000000     0.000000     0.000000     0.000000     0.000000     0.000000     0.000000     0.000000     0.000000     0.000000   271.350000   271.350000   271.350000     0.000000     0.000000     0.000000     0.000000     0.000000   271.350000   271.350000   271.350000   271.350000   271.350000   271.350000   271.350000   271.350000   271.350000   271.376612   271.377184   271.378342   271.378710   271.378906   271.379102   271.379255     0.000000     0.000000     0.000000     0.000000   271.350000   271.350000   271.350000   271.350000   271.350000   271.350000   271.350000   271.350000   271.350000   271.350000   271.350000   271.350000   271.350000   271.366185   271.376597   271.375762   271.376777   271.377904   271.378519   271.378887   271.379149   271.379339   271.379460   271.379530   271.379581   271.379694     0.000000     0.000000     0.000000     0.000000     0.000000     0.000000     0.000000     0.000000     0.000000     0.000000     0.000000     0.000000     0.000000     0.000000     0.000000     0.000000     0.000000     0.000000     0.000000     0.000000     0.000000     0.000000     0.000000     0.000000     0.000000     0.000000     0.000000     0.000000     0.000000     0.000000     0.000000     0.000000     0.000000     0.000000     0.000000     0.000000     0.000000     0.000000     0.000000     0.000000     0.000000     0.000000     0.000000     0.000000     0.000000     0.000000     0.000000     0.000000     0.000000     0.000000     0.000000     0.000000     0.000000     0.000000     0.000000     0.000000     0.000000     0.000000     0.000000     0.000000     0.000000     0.000000     0.000000     0.000000     0.000000     0.000000     0.000000     0.000000     0.000000     0.000000     0.000000     0.000000     0.000000     0.000000     0.000000
     0.000000     0.000000     0.000000     0.000000     0.000000     0.000000     0.000000     0.000000     0.000000     0.000000     0.000000     0.000000     0.000000     0.000000     0.000000     0.000000     0.000000     0.000000     0.000000     0.000000     0.000000     0.000000     0.000000     0.000000     0.000000     0.000000     0.000000     0.000000     0.000000     0.000000     0.000000   271.350000   271.350000   271.350000     0.000000     0.000000     0.000000     0.000000     0.000000     0.000000   271.350000   271.350000   271.350000   271.350000   271.350000   271.350000   271.350000   271.376290     0.000000     0.000000   271.378563   271.378755   271.378936   271.379031     0.000000     0.000000   271.350000   271.350000   271.350000   271.350000   271.350000   271.350000   271.350000   271.350000   271.350000   271.350000   271.350000   271.350000   271.350000   271.350000   271.350000   271.350000   271.376942   271.377018   271.377753   271.378148   271.378459   271.378725   271.378981   271.379220   271.379419   271.379518   271.379553   271.379564   271.379583   271.379400     0.000000     0.000000     0.000000     0.000000     0.000000     0.000000     0.000000     0.000000     0.000000     0.000000     0.000000     0.000000     0.000000     0.000000     0.000000     0.000000     0.000000     0.000000     0.000000     0.000000     0.000000     0.000000     0.000000     0.000000     0.000000     0.000000     0.000000     0.000000     0.000000     0.000000     0.000000     0.000000     0.000000     0.000000     0.000000     0.000000     0.000000     0.000000     0.000000     0.000000     0.000000     0.000000     0.000000     0.000000     0.000000     0.000000     0.000000     0.000000     0.000000     0.000000     0.000000     0.000000     0.000000     0.000000     0.000000     0.000000     0.000000     0.000000     0.000000     0.000000     0.000000     0.000000     0.000000     0.000000     0.000000     0.000000     0.000000     0.000000     0.000000     0.000000     0.000000     0.000000     0.000000     0.000000
     0.000000     0.000000     0.000000     0.000000     0.000000     0.000000     0.000000     0.000000     0.000000     0.000000     0.000000     0.000000     0.000000     0.000000     0.000000     0.000000     0.000000     0.000000     0.000000     0.000000     0.000000     0.000000     0.000000     0.000000     0.000000     0.000000     0.000000     0.000000     0.000000     0.000000     0.000000     0.000000     0.000000     0.000000     0.000000     0.000000     0.000000     0.000000     0.000000     0.000000     0.000000   271.350000   271.350000   271.350000   271.350000   271.350000   271.374588     0.000000     0.000000     0.000000     0.000000     0.000000     0.000000     0.000000     0.000000     0.000000   271.350000   271.350000   271.350000   271.350000   271.350000   271.350000   271.350000   271.350000   271.350000   271.350000   271.350000   271.350000   271.350000   271.350000   271.350000   271.376990   271.377054   271.379012     0.000000   271.378676   271.378724   271.378855   271.379074   271.379340   271.379585   271.379633   271.379635   271.379617   271.379561   271.379397     0.000000     0.000000     0.000000     0.000000     0.000000     0.000000     0.000000     0.000000     0.000000     0.000000     0.000000     0.000000     0.000000     0.000000     0.000000     0.000000     0.000000     0.000000     0.000000     0.000000     0.000000     0.000000     0.000000     0.000000     0.000000     0.000000     0.000000     0.000000     0.000000     0.000000     0.000000     0.000000     0.000000     0.000000     0.000000     0.000000     0.000000     0.000000     0.000000     0.000000     0.000000     0.000000     0.000000     0.000000     0.000000     0.000000     0.000000     0.000000     0.000000     0.000000     0.000000     0.000000     0.000000     0.000000     0.000000     0.000000     0.000000     0.000000     0.000000     0.000000     0.000000     0.000000     0.000000     0.000000     0.000000     0.000000     0.000000     0.000000     0.000000     0.000000     0.000000     0.000000     0.000000     0.000000
     0.000000     0.000000     0.000000     0.000000     0.000000     0.000000     0.000000     0.000000     0.000000     0.000000     0.000000     0.000000     0.000000     0.000000     0.000000     0.000000     0.000000     0.000000     0.000000     0.000000     0.000000     0.000000     0.000000     0.000000     0.000000     0.000000     0.000000     0.000000     0.000000     0.000000     0.000000     0.000000     0.000000     0.000000     0.000000     0.000000     0.000000     0.000000     0.000000     0.000000     0.000000     0.000000   271.350000   271.350000     0.000000     0.000000     0.000000     0.000000     0.000000     0.000000     0.000000     0.000000     0.000000     0.000000     0.000000     0.000000     0.000000   271.350000   271.350000   271.350000   271.350000   271.350000   271.350000   271.350000   271.350000   271.350000   271.350000   271.350000   271.350000   271.350000   271.350000   271.376990     0.000000     0.000000     0.000000     0.000000   271.378753   271.378885   271.379126   271.379460     0.000000     0.000000     0.000000     0.000000     0.000000     0.000000     0.000000     0.000000     0.000000     0.000000     0.000000     0.000000     0.000000     0.000000     0.000000     0.000000     0.000000     0.000000     0.000000     0.000000     0.000000     0.000000     0.000000     0.000000     0.000000     0.000000     0.000000     0.000000     0.000000     0.000000     0.000000     0.000000     0.000000     0.000000     0.000000     0.000000     0.000000     0.000000     0.000000     0.000000     0.000000     0.000000     0.000000     0.000000     0.000000     0.000000     0.000000     0.000000     0.000000     0.000000     0.000000     0.000000     0.000000     0.000000     0.000000     0.000000     0.000000     0.000000     0.000000     0.000000     0.000000     0.000000     0.000000     0.000000     0.000000     0.000000     0.000000     0.000000     0.000000     0.000000     0.000000     0.000000     0.000000     0.000000     0.000000     0.000000     0.000000     0.000000     0.000000     0.000000
     0.000000     0.000000     0.000000     0.000000     0.000000     0.000000     0.000000     0.000000     0.000000     0.000000     0.000000     0.000000     0.000000     0.000000     0.000000     0.000000     0.000000     0.000000     0.000000     0.000000     0.000000     0.000000     0.000000     0.000000     0.000000     0.000000     0.000000     0.000000     0.000000     0.000000     0.000000     0.000000     0.000000     0.000000     0.000000     0.000000     0.000000     0.000000     0.000000     0.000000     0.000000     0.000000     0.000000     0.000000     0.000000     0.000000     0.000000     0.000000     0.000000     0.000000     0.000000     0.000000     0.000000     0.000000     0.000000     0.000000     0.000000     0.000000     0.000000   271.350000   271.350000   271.350000   271.350000   271.350000   271.350000   271.350000   271.350000   271.350000   271.350000   271.375565     0.000000     0.000000     0.000000     0.000000     0.000000     0.000000   271.378334   271.378771   271.379068   271.379237     0.000000     0.000000     0.000000     0.000000     0.000000     0.000000     0.000000     0.000000     0.000000     0.000000     0.000000     0.000000     0.000000     0.000000     0.000000     0.000000     0.000000     0.000000     0.000000     0.000000     0.000000     0.000000     0.000000     0.000000     0.000000     0.000000     0.000000     0.000000     0.000000     0.000000     0.000000     0.000000     0.000000     0.000000     0.000000     0.000000     0.000000     0.000000     0.000000     0.000000     0.000000     0.000000     0.000000     0.000000     0.000000     0.000000     0.000000     0.000000     0.000000     0.000000     0.000000     0.000000     0.000000     0.000000     0.000000     0.000000     0.000000     0.000000     0.000000     0.000000     0.000000     0.000000     0.000000     0.000000     0.000000     0.000000     0.000000     0.000000     0.000000     0.000000     0.000000     0.000000     0.000000     0.000000     0.000000     0.000000     0.000000     0.000000     0.000000     0.000000
     0.000000     0.000000     0.000000     0.000000     0.000000     0.000000     0.000000     0.000000     0.000000     0.000000     0.000000     0.000000     0.000000     0.000000     0.000000     0.000000     0.000000     0.000000     0.000000     0.000000     0.000000     0.000000     0.000000     0.000000     0.000000     0.000000     0.000000     0.000000     0.000000     0.000000     0.000000     0.000000     0.000000     0.000000     0.000000     0.000000     0.000000     0.000000     0.000000     0.000000     0.000000     0.000000     0.000000     0.000000     0.000000     0.000000     0.000000     0.000000     0.000000     0.000000     0.000000     0.000000     0.000000     0.000000     0.000000     0.000000     0.000000     0.000000     0.000000   271.350000   271.350000   271.350000   271.350000   271.350000   271.350000   271.350000   271.350000   271.350000   271.350005     0.000000     0.000000     0.000000     0.000000     0.000000     0.000000     0.000000     0.000000   271.378491   271.378864     0.000000     0.000000     0.000000     0.000000     0.000000     0.000000     0.000000     0.000000     0.000000     0.000000     0.000000     0.000000     0.000000     0.000000     0.000000     0.000000     0.000000     0.000000     0.000000     0.000000     0.000000     0.000000     0.000000     0.000000     0.000000     0.000000     0.000000     0.000000     0.000000     0.000000     0.000000     0.000000     0.000000     0.000000     0.000000     0.000000     0.000000     0.000000     0.000000     0.000000     0.000000     0.000000     0.000000     0.000000     0.000000     0.000000     0.000000     0.000000     0.000000     0.000000     0.000000     0.000000     0.000000     0.000000     0.000000     0.000000     0.000000     0.000000     0.000000     0.000000     0.000000     0.000000     0.000000     0.000000     0.000000     0.000000     0.000000     0.000000     0.000000     0.000000     0.000000     0.000000     0.000000     0.000000     0.000000     0.000000     0.000000     0.000000     0.000000     0.000000     0.000000
     0.000000     0.000000     0.000000     0.000000     0.000000     0.000000     0.000000     0.000000     0.000000     0.000000     0.000000     0.000000     0.000000     0.000000     0.000000     0.000000     0.000000     0.000000     0.000000     0.000000     0.000000     0.000000     0.000000     0.000000     0.000000     0.000000     0.000000     0.000000     0.000000     0.000000     0.000000     0.000000     0.000000     0.000000     0.000000     0.000000     0.000000     0.000000     0.000000     0.000000     0.000000     0.000000     0.000000     0.000000     0.000000     0.000000     0.000000     0.000000     0.000000     0.000000     0.000000     0.000000     0.000000     0.000000     0.000000     0.000000     0.000000     0.000000     0.000000   271.350000   271.350000   271.350000   271.350000   271.350000   271.350000   271.350000   271.350000   271.350000   271.350703     0.000000     0.000000     0.000000     0.000000     0.000000     0.000000     0.000000     0.000000     0.000000     0.000000     0.000000     0.000000     0.000000     0.000000     0.000000     0.000000     0.000000     0.000000     0.000000     0.000000     0.000000     0.000000     0.000000     0.000000     0.000000     0.000000     0.000000     0.000000     0.000000     0.000000     0.000000     0.000000     0.000000     0.000000     0.000000     0.000000     0.000000     0.000000     0.000000     0.000000     0.000000     0.000000     0.000000     0.000000     0.000000     0.000000     0.000000     0.000000     0.000000     0.000000     0.000000     0.000000     0.000000     0.000000     0.000000     0.000000     0.000000     0.000000     0.000000     0.000000     0.000000     0.000000     0.000000     0.000000     0.000000     0.000000     0.000000     0.000000     0.000000     0.000000     0.000000     0.000000     0.000000     0.000000     0.000000     0.000000     0.000000     0.000000     0.000000     0.000000     0.000000     0.000000     0.000000     0.000000     0.000000     0.000000     0.000000     0.000000     0.000000     0.000000     0.000000
     0.000000     0.000000     0.000000     0.000000     0.000000     0.000000     0.000000     0.000000     0.000000     0.000000     0.000000     0.000000     0.000000     0.000000     0.000000     0.000000     0.000000     0.000000     0.000000     0.000000     0.000000     0.000000     0.000000     0.000000     0.000000     0.000000     0.000000     0.000000     0.000000     0.000000     0.000000     0.000000     0.000000     0.000000     0.000000     0.000000     0.000000     0.000000     0.000000     0.000000     0.000000     0.000000     0.000000     0.000000     0.000000     0.000000     0.000000     0.000000     0.000000     0.000000     0.000000     0.000000     0.000000     0.000000     0.000000     0.000000     0.000000     0.000000     0.000000   271.350000   271.350000   271.350000   271.350000   271.350000   271.350000   271.350000   271.350000   271.350000   271.374368     0.000000     0.000000     0.000000     0.000000     0.000000     0.000000     0.000000     0.000000     0.000000     0.000000     0.000000     0.000000     0.000000     0.000000     0.000000     0.000000     0.000000     0.000000     0.000000     0.000000     0.000000     0.000000     0.000000     0.000000     0.000000     0.000000     0.000000     0.000000     0.000000     0.000000     0.000000     0.000000     0.000000     0.000000     0.000000     0.000000     0.000000     0.000000     0.000000     0.000000     0.000000     0.000000     0.000000     0.000000     0.000000     0.000000     0.000000     0.000000     0.000000     0.000000     0.000000     0.000000     0.000000     0.000000     0.000000     0.000000     0.000000     0.000000     0.000000     0.000000     0.000000     0.000000     0.000000     0.000000     0.000000     0.000000     0.000000     0.000000     0.000000     0.000000     0.000000     0.000000     0.000000     0.000000     0.000000     0.000000     0.000000     0.000000     0.000000     0.000000     0.000000     0.000000     0.000000     0.000000     0.000000     0.000000     0.000000     0.000000     0.000000     0.000000     0.000000
     0.000000     0.000000     0.000000     0.000000     0.000000     0.000000     0.000000     0.000000     0.000000     0.000000     0.000000     0.000000     0.000000     0.000000     0.000000     0.000000     0.000000     0.000000     0.000000     0.000000     0.000000     0.000000     0.000000     0.000000     0.000000     0.000000     0.000000     0.000000     0.000000     0.000000     0.000000     0.000000     0.000000     0.000000     0.000000     0.000000     0.000000     0.000000     0.000000     0.000000     0.000000     0.000000     0.000000     0.000000     0.000000     0.000000     0.000000     0.000000     0.000000     0.000000     0.000000     0.000000     0.000000     0.000000     0.000000     0.000000     0.000000     0.000000     0.000000     0.000000     0.000000     0.000000   271.350000   271.350000   271.350000   271.350000   271.350000   271.350000   271.374220     0.000000     0.000000     0.000000     0.000000     0.000000     0.000000     0.000000     0.000000     0.000000     0.000000     0.000000     0.000000     0.000000     0.000000     0.000000     0.000000     0.000000     0.000000     0.000000     0.000000     0.000000     0.000000     0.000000     0.000000     0.000000     0.000000     0.000000     0.000000     0.000000     0.000000     0.000000     0.000000     0.000000     0.000000     0.000000     0.000000     0.000000     0.000000     0.000000     0.000000     0.000000     0.000000     0.000000     0.000000     0.000000     0.000000     0.000000     0.000000     0.000000     0.000000     0.000000     0.000000     0.000000     0.000000     0.000000     0.000000     0.000000     0.000000     0.000000     0.000000     0.000000     0.000000     0.000000     0.000000     0.000000     0.000000     0.000000     0.000000     0.000000     0.000000     0.000000     0.000000     0.000000     0.000000     0.000000     0.000000     0.000000     0.000000     0.000000     0.000000     0.000000     0.000000     0.000000     0.000000     0.000000     0.000000     0.000000     0.000000     0.000000     0.000000     0.000000
     0.000000     0.000000     0.000000     0.000000     0.000000     0.000000     0.000000     0.000000     0.000000     0.000000     0.000000     0.000000     0.000000     0.000000     0.000000     0.000000     0.000000     0.000000     0.000000     0.000000     0.000000     0.000000     0.000000     0.000000     0.000000     0.000000     0.000000     0.000000     0.000000     0.000000     0.000000     0.000000     0.000000     0.000000     0.000000     0.000000     0.000000     0.000000     0.000000     0.000000     0.000000     0.000000     0.000000     0.000000     0.000000     0.000000     0.000000     0.000000     0.000000     0.000000     0.000000     0.000000     0.000000     0.000000     0.000000     0.000000     0.000000     0.000000     0.000000     0.000000     0.000000     0.000000     0.000000     0.000000     0.000000     0.000000   271.350000   271.350000   271.373814     0.000000     0.000000     0.000000     0.000000     0.000000     0.000000     0.000000     0.000000     0.000000     0.000000     0.000000     0.000000     0.000000     0.000000     0.000000     0.000000     0.000000     0.000000     0.000000     0.000000     0.000000     0.000000     0.000000     0.000000     0.000000     0.000000     0.000000     0.000000     0.000000     0.000000     0.000000     0.000000     0.000000     0.000000     0.000000     0.000000     0.000000     0.000000     0.000000     0.000000     0.000000     0.000000     0.000000     0.000000     0.000000     0.000000     0.000000     0.000000     0.000000     0.000000     0.000000     0.000000     0.000000     0.000000     0.000000     0.000000     0.000000     0.000000     0.000000     0.000000     0.000000     0.000000     0.000000     0.000000     0.000000     0.000000     0.000000     0.000000     0.000000     0.000000     0.000000     0.000000     0.000000     0.000000     0.000000     0.000000     0.000000     0.000000     0.000000     0.000000     0.000000     0.000000     0.000000     0.000000     0.000000     0.000000     0.000000     0.000000     0.000000     0.000000     0.000000
     0.000000     0.000000     0.000000     0.000000     0.000000     0.000000     0.000000     0.000000     0.000000     0.000000     0.000000     0.000000     0.000000     0.000000     0.000000     0.000000     0.000000     0.000000     0.000000     0.000000     0.000000     0.000000     0.000000     0.000000     0.000000     0.000000     0.000000     0.000000     0.000000     0.000000     0.000000     0.000000     0.000000     0.000000     0.000000     0.000000     0.000000     0.000000     0.000000     0.000000     0.000000     0.000000     0.000000     0.000000     0.000000     0.000000     0.000000     0.000000     0.000000     0.000000     0.000000     0.000000     0.000000     0.000000     0.000000     0.000000     0.000000     0.000000     0.000000     0.000000     0.000000     0.000000     0.000000     0.000000     0.000000     0.000000   271.350000   271.372653   271.375511     0.000000     0.000000     0.000000     0.000000     0.000000     0.000000     0.000000     0.000000     0.000000     0.000000     0.000000     0.000000     0.000000     0.000000     0.000000     0.000000     0.000000     0.000000     0.000000     0.000000     0.000000     0.000000     0.000000     0.000000     0.000000     0.000000     0.000000     0.000000     0.000000     0.000000     0.000000     0.000000     0.000000     0.000000     0.000000     0.000000     0.000000     0.000000     0.000000     0.000000     0.000000     0.000000     0.000000     0.000000     0.000000     0.000000     0.000000     0.000000     0.000000     0.000000     0.000000     0.000000     0.000000     0.000000     0.000000     0.000000     0.000000     0.000000     0.000000     0.000000     0.000000     0.000000     0.000000     0.000000     0.000000     0.000000     0.000000     0.000000     0.000000     0.000000     0.000000     0.000000     0.000000     0.000000     0.000000     0.000000     0.000000     0.000000     0.000000     0.000000     0.000000     0.000000     0.000000     0.000000     0.000000     0.000000     0.000000     0.000000     0.000000     0.000000     0.000000
     0.000000     0.000000     0.000000     0.000000     0.000000     0.000000     0.000000     0.000000     0.000000     0.000000     0.000000     0.000000     0.000000     0.000000     0.000000     0.000000     0.000000     0.000000     0.000000     0.000000     0.000000     0.000000     0.000000     0.000000     0.000000     0.000000     0.000000     0.000000     0.000000     0.000000     0.000000     0.000000     0.000000     0.000000     0.000000     0.000000     0.000000     0.000000     0.000000     0.000000     0.000000     0.000000     0.000000     0.000000     0.000000     0.000000     0.000000     0.000000     0.000000     0.000000     0.000000     0.000000     0.000000     0.000000     0.000000     0.000000     0.000000     0.000000     0.000000     0.000000     0.000000     0.000000     0.000000     0.000000     0.000000     0.000000     0.000000     0.000000     0.000000     0.000000     0.000000     0.000000     0.000000     0.000000     0.000000     0.000000     0.000000     0.000000     0.000000     0.000000     0.000000     0.000000     0.000000     0.000000     0.000000     0.000000     0.000000     0.000000     0.000000     0.000000     0.000000     0.000000     0.000000     0.000000     0.000000     0.000000     0.000000     0.000000     0.000000     0.000000     0.000000     0.000000     0.000000     0.000000     0.000000     0.000000     0.000000     0.000000     0.000000     0.000000     0.000000     0.000000     0.000000     0.000000     0.000000     0.000000     0.000000     0.000000     0.000000     0.000000     0.000000     0.000000     0.000000     0.000000     0.000000     0.000000     0.000000     0.000000     0.000000     0.000000     0.000000     0.000000     0.000000     0.000000     0.000000     0.000000     0.000000     0.000000     0.000000     0.000000     0.000000     0.000000     0.000000     0.000000     0.000000     0.000000     0.000000     0.000000     0.000000     0.000000     0.000000     0.000000     0.000000     0.000000     0.000000     0.000000     0.000000     0.000000     0.000000     0.000000
