     0.000000     0.000000     0.000000     0.000000     0.000000     0.000000     0.000000     0.000000     0.000000     0.000000     0.000000     0.000000     0.000000     0.000000     0.000000     0.000000     0.000000     0.000000     0.000000     0.000000     0.000000     0.000000     0.000000     0.000000     0.000000     0.000000     0.000000     0.000000     0.000000     0.000000     0.000000     0.000000     0.000000     0.000000     0.000000     0.000000     0.000000     0.000000     0.000000     0.000000     0.000000     0.000000     0.000000     0.000000     0.000000     0.000000     0.000000     0.000000     0.000000     0.000000     0.000000     0.000000     0.000000     0.000000     0.000000     0.000000     0.000000     0.000000     0.000000     0.000000     0.000000     0.000000     0.000000     0.000000     0.000000     0.000000     0.000000     0.000000     0.000000     0.000000     0.000000     0.000000     0.000000     0.000000     0.000000     0.000000     0.000000     0.000000     0.000000     0.000000     0.000000     0.000000     0.000000     0.000000     0.000000     0.000000     0.000000     0.000000     0.000000     0.000000     0.000000     0.000000     0.000000     0.000000     0.000000     0.000000     0.000000     0.000000     0.000000     0.000000     0.000000     0.000000     0.000000     0.000000     0.000000     0.000000     0.000000     0.000000     0.000000     0.000000     0.000000     0.000000     0.000000     0.000000   271.350000   271.350000   271.350000   271.350000   271.350000   271.350000   271.350000   271.350000   271.350000   271.350000   271.350000   271.350000     0.000000     0.000000     0.000000     0.000000     0.000000     0.000000     0.000000     0.000000     0.000000     0.000000     0.000000     0.000000     0.000000   271.350000   271.350000   271.350000   271.350000   271.350000   271.350000   271.350000   271.350000   271.350000   271.350000   271.350000   271.350000   271.350000   271.350000   271.350000   271.350000   271.350000   271.350000   271.350000   271.350000   271.350000   271.350000   271.350000
     0.000000     0.000000     0.000000     0.000000     0.000000     0.000000     0.000000     0.000000     0.000000     0.000000     0.000000     0.000000     0.000000     0.000000     0.000000     0.000000     0.000000     0.000000     0.000000     0.000000     0.000000     0.000000     0.000000     0.000000     0.000000     0.000000     0.000000     0.000000     0.000000     0.000000     0.000000     0.000000     0.000000     0.000000     0.000000     0.000000     0.000000     0.000000     0.000000     0.000000     0.000000     0.000000     0.000000     0.000000     0.000000     0.000000     0.000000     0.000000     0.000000     0.000000     0.000000     0.000000     0.000000     0.000000     0.000000     0.000000     0.000000     0.000000     0.000000     0.000000     0.000000     0.000000     0.000000     0.000000     0.000000     0.000000     0.000000     0.000000     0.000000     0.000000     0.000000     0.000000     0.000000     0.000000     0.000000     0.000000     0.000000     0.000000     0.000000     0.000000     0.000000     0.000000     0.000000     0.000000     0.000000     0.000000     0.000000     0.000000     0.000000     0.000000     0.000000     0.000000     0.000000     0.000000     0.000000     0.000000     0.000000     0.000000     0.000000     0.000000     0.000000     0.000000     0.000000     0.000000     0.000000     0.000000     0.000000     0.000000     0.000000     0.000000     0.000000     0.000000     0.000000     0.000000   271.350000   271.350000   271.350000   271.350000   271.350000   271.350000   271.350000   271.350000   271.350000   271.350000   271.350000   271.350000     0.000000     0.000000     0.000000     0.000000     0.000000     0.000000     0.000000     0.000000     0.000000     0.000000     0.000000     0.000000     0.000000   271.350000   271.350000   271.350000   271.350000   271.350000   271.350000   271.350000   271.350000   271.350000   271.350000   271.350000   271.350000   271.350000   271.350000   271.350000   271.350000   271.350000   271.350000   271.350000   271.350000   271.350000   271.350000   271.350000
     0.000000     0.000000     0.000000     0.000000     0.000000     0.000000     0.000000     0.000000     0.000000     0.000000     0.000000     0.000000     0.000000     0.000000     0.000000     0.000000     0.000000     0.000000     0.000000     0.000000     0.000000     0.000000     0.000000     0.000000     0.000000     0.000000     0.000000     0.000000     0.000000     0.000000     0.000000     0.000000     0.000000     0.000000     0.000000     0.000000     0.000000     0.000000     0.000000     0.000000     0.000000     0.000000     0.000000     0.000000     0.000000     0.000000     0.000000     0.000000     0.000000     0.000000     0.000000     0.000000     0.000000     0.000000     0.000000     0.000000     0.000000     0.000000     0.000000     0.000000     0.000000     0.000000     0.000000     0.000000     0.000000     0.000000     0.000000     0.000000     0.000000     0.000000     0.000000     0.000000     0.000000     0.000000     0.000000     0.000000     0.000000     0.000000     0.000000     0.000000     0.000000     0.000000     0.000000     0.000000     0.000000     0.000000     0.000000     0.000000     0.000000     0.000000     0.000000     0.000000     0.000000     0.000000     0.000000     0.000000     0.000000     0.000000     0.000000     0.000000     0.000000     0.000000     0.000000     0.000000     0.000000     0.000000     0.000000     0.000000     0.000000     0.000000     0.000000     0.000000     0.000000     0.000000   271.350000   271.350000   271.350000   271.350000   271.350000   271.350000   271.350000   271.350000   271.350000   271.350000   271.350000   271.350000   271.350000   271.350000   271.350000   271.350000     0.000000     0.000000     0.000000     0.000000     0.000000     0.000000     0.000000     0.000000     0.000000   271.350000   271.350000   271.350000   271.350000   271.350000   271.350000   271.350000   271.350000   271.350000   271.350000   271.350000   271.350000   271.350000   271.350000   271.350000   271.350000   271.350000   271.350000   271.350000   271.350000   271.350000   271.350000   271.350000
     0.000000     0.000000     0.000000     0.000000     0.000000     0.000000     0.000000     0.000000     0.000000     0.000000     0.000000     0.000000     0.000000     0.000000     0.000000     0.000000     0.000000     0.000000     0.000000     0.000000     0.000000     0.000000     0.000000     0.000000     0.000000     0.000000     0.000000     0.000000     0.000000     0.000000     0.000000     0.000000     0.000000     0.000000     0.000000     0.000000     0.000000     0.000000     0.000000     0.000000     0.000000     0.000000     0.000000     0.000000     0.000000     0.000000     0.000000     0.000000     0.000000     0.000000     0.000000     0.000000     0.000000     0.000000     0.000000     0.000000     0.000000     0.000000     0.000000     0.000000     0.000000     0.000000     0.000000     0.000000     0.000000     0.000000     0.000000     0.000000     0.000000     0.000000     0.000000     0.000000     0.000000     0.000000     0.000000     0.000000     0.000000     0.000000     0.000000     0.000000     0.000000     0.000000     0.000000     0.000000     0.000000     0.000000     0.000000     0.000000     0.000000     0.000000     0.000000     0.000000     0.000000     0.000000     0.000000     0.000000     0.000000     0.000000     0.000000     0.000000     0.000000     0.000000     0.000000     0.000000     0.000000     0.000000     0.000000     0.000000     0.000000     0.000000     0.000000     0.000000     0.000000     0.000000   271.350000   271.350000   271.350000   271.350000   271.350000   271.350000   271.350000   271.350000   271.350000   271.350000   271.350000   271.350000   271.350000   271.350000   271.350000   271.350000   271.350000     0.000000     0.000000     0.000000     0.000000     0.000000     0.000000     0.000000     0.000000     0.000000   271.350000   271.350000   271.350000   271.350000   271.350000   271.350000   271.350000   271.350000   271.350000   271.350000   271.350000   271.350000   271.350000   271.350000   271.350000   271.350000   271.350000   271.350000   271.350000   271.350000   271.350000   271.350000
     0.000000     0.000000     0.000000     0.000000     0.000000     0.000000     0.000000     0.000000     0.000000     0.000000     0.000000     0.000000     0.000000     0.000000     0.000000     0.000000     0.000000     0.000000     0.000000     0.000000     0.000000     0.000000     0.000000     0.000000     0.000000     0.000000     0.000000     0.000000     0.000000     0.000000     0.000000     0.000000     0.000000     0.000000     0.000000     0.000000     0.000000     0.000000     0.000000     0.000000     0.000000     0.000000     0.000000     0.000000     0.000000     0.000000     0.000000     0.000000     0.000000     0.000000     0.000000     0.000000     0.000000     0.000000     0.000000     0.000000     0.000000     0.000000     0.000000     0.000000     0.000000     0.000000     0.000000     0.000000     0.000000     0.000000     0.000000     0.000000     0.000000     0.000000     0.000000     0.000000     0.000000     0.000000     0.000000     0.000000     0.000000     0.000000     0.000000     0.000000     0.000000     0.000000     0.000000     0.000000     0.000000     0.000000     0.000000     0.000000     0.000000     0.000000     0.000000     0.000000     0.000000     0.000000     0.000000     0.000000     0.000000     0.000000     0.000000     0.000000     0.000000     0.000000     0.000000     0.000000     0.000000     0.000000     0.000000     0.000000     0.000000     0.000000     0.000000     0.000000     0.000000     0.000000     0.000000     0.000000   271.350000   271.350000   271.350000   271.350000   271.350000   271.350000   271.350000   271.350000   271.350000   271.350000   271.350000   271.350000   271.350000   271.350000   271.350000     0.000000     0.000000     0.000000     0.000000     0.000000     0.000000     0.000000     0.000000     0.000000   271.350000   271.350000   271.350000   271.350000   271.350000   271.350000   271.350000   271.350000   271.350000   271.350000   271.350000   271.350000   271.350000   271.350000   271.350000   271.350000   271.350000   271.350000   271.350000   271.350000   271.350000   271.350000
     0.000000     0.000000     0.000000     0.000000     0.000000     0.000000     0.000000     0.000000     0.000000     0.000000     0.000000     0.000000     0.000000     0.000000     0.000000     0.000000     0.000000     0.000000     0.000000     0.000000     0.000000     0.000000     0.000000     0.000000     0.000000     0.000000     0.000000     0.000000     0.000000     0.000000     0.000000     0.000000     0.000000     0.000000     0.000000     0.000000     0.000000     0.000000     0.000000     0.000000     0.000000     0.000000     0.000000     0.000000     0.000000     0.000000     0.000000     0.000000     0.000000     0.000000     0.000000     0.000000     0.000000     0.000000     0.000000     0.000000     0.000000     0.000000     0.000000     0.000000     0.000000     0.000000     0.000000     0.000000     0.000000     0.000000     0.000000     0.000000     0.000000     0.000000     0.000000     0.000000     0.000000     0.000000     0.000000     0.000000     0.000000     0.000000     0.000000     0.000000     0.000000     0.000000     0.000000     0.000000     0.000000     0.000000     0.000000     0.000000     0.000000     0.000000     0.000000     0.000000     0.000000     0.000000     0.000000     0.000000     0.000000     0.000000     0.000000     0.000000     0.000000     0.000000     0.000000     0.000000     0.000000     0.000000     0.000000     0.000000     0.000000     0.000000     0.000000     0.000000     0.000000     0.000000     0.000000     0.000000     0.000000   271.350000   271.350000   271.350000   271.350000   271.350000   271.350000   271.350000   271.350000   271.350000   271.350000   271.350000   271.350000   271.350000   271.350000   271.350000     0.000000     0.000000     0.000000     0.000000     0.000000     0.000000     0.000000     0.000000   271.350000   271.350000   271.350000   271.350000   271.350000   271.350000   271.350000   271.350000   271.350000   271.350000   271.350000   271.350000   271.350000   271.350000   271.350000   271.350000   271.350000   271.350000   271.350000   271.350000   271.350000   271.350000
     0.000000     0.000000     0.000000     0.000000     0.000000     0.000000     0.000000     0.000000     0.000000     0.000000     0.000000     0.000000     0.000000     0.000000     0.000000     0.000000     0.000000     0.000000     0.000000     0.000000     0.000000     0.000000     0.000000     0.000000     0.000000     0.000000     0.000000     0.000000     0.000000     0.000000     0.000000     0.000000     0.000000     0.000000     0.000000     0.000000     0.000000     0.000000     0.000000     0.000000     0.000000     0.000000     0.000000     0.000000     0.000000     0.000000     0.000000     0.000000     0.000000     0.000000     0.000000     0.000000     0.000000     0.000000     0.000000     0.000000     0.000000     0.000000     0.000000     0.000000     0.000000     0.000000     0.000000     0.000000     0.000000     0.000000     0.000000     0.000000     0.000000     0.000000     0.000000     0.000000     0.000000     0.000000     0.000000     0.000000     0.000000     0.000000     0.000000     0.000000     0.000000     0.000000     0.000000     0.000000     0.000000     0.000000     0.000000     0.000000     0.000000     0.000000     0.000000     0.000000     0.000000     0.000000     0.000000     0.000000     0.000000     0.000000     0.000000     0.000000     0.000000     0.000000     0.000000     0.000000     0.000000     0.000000     0.000000     0.000000     0.000000     0.000000     0.000000     0.000000     0.000000     0.000000     0.000000     0.000000     0.000000   271.350000   271.350000   271.350000   271.350000   271.350000   271.350000   271.350000   271.350000   271.350000   271.350000   271.350000   271.350000   271.350000   271.350000   271.350000   271.350000     0.000000     0.000000     0.000000     0.000000     0.000000     0.000000     0.000000   271.350000   271.350000   271.350000   271.350000   271.350000   271.350000   271.350000   271.350000   271.350000   271.350000   271.350000   271.350000   271.350000   271.350000   271.350000   271.350000   271.350000   271.350000   271.350000   271.350000   271.350000   271.350000
     0.000000     0.000000     0.000000     0.000000     0.000000     0.000000     0.000000     0.000000     0.000000     0.000000     0.000000     0.000000     0.000000     0.000000     0.000000     0.000000     0.000000     0.000000     0.000000     0.000000     0.000000     0.000000     0.000000     0.000000     0.000000     0.000000     0.000000     0.000000     0.000000     0.000000     0.000000     0.000000     0.000000     0.000000     0.000000     0.000000     0.000000     0.000000     0.000000     0.000000     0.000000     0.000000     0.000000     0.000000     0.000000     0.000000     0.000000     0.000000     0.000000     0.000000     0.000000     0.000000     0.000000     0.000000     0.000000     0.000000     0.000000     0.000000     0.000000     0.000000     0.000000     0.000000     0.000000     0.000000     0.000000     0.000000     0.000000     0.000000     0.000000     0.000000     0.000000     0.000000     0.000000     0.000000     0.000000     0.000000     0.000000     0.000000     0.000000     0.000000     0.000000     0.000000     0.000000     0.000000     0.000000     0.000000     0.000000     0.000000     0.000000     0.000000     0.000000     0.000000     0.000000     0.000000     0.000000     0.000000     0.000000     0.000000     0.000000     0.000000     0.000000     0.000000     0.000000     0.000000     0.000000     0.000000     0.000000     0.000000     0.000000     0.000000     0.000000     0.000000     0.000000     0.000000     0.000000     0.000000     0.000000     0.000000   271.350000   271.350000   271.350000   271.350000   271.350000   271.350000   271.350000   271.350000   271.350000   271.350000   271.350000   271.350000   271.350000   271.350000   271.350000     0.000000     0.000000     0.000000     0.000000     0.000000     0.000000   271.350000   271.350000   271.350000   271.350000   271.350000   271.350000   271.350000   271.350000   271.350000   271.350000   271.350000   271.350000   271.350000   271.350000   271.350000   271.350000   271.350000   271.350000   271.350000   271.350000   271.350000   271.350000   271.350000
     0.000000     0.000000     0.000000     0.000000     0.000000     0.000000     0.000000     0.000000     0.000000     0.000000     0.000000     0.000000     0.000000     0.000000     0.000000     0.000000     0.000000     0.000000     0.000000     0.000000     0.000000     0.000000     0.000000     0.000000     0.000000     0.000000     0.000000     0.000000     0.000000     0.000000     0.000000     0.000000     0.000000     0.000000     0.000000     0.000000     0.000000     0.000000     0.000000     0.000000     0.000000     0.000000     0.000000     0.000000     0.000000     0.000000     0.000000     0.000000     0.000000     0.000000     0.000000     0.000000     0.000000     0.000000     0.000000     0.000000     0.000000     0.000000     0.000000     0.000000     0.000000     0.000000     0.000000     0.000000     0.000000     0.000000     0.000000     0.000000     0.000000     0.000000     0.000000     0.000000     0.000000     0.000000     0.000000     0.000000     0.000000     0.000000     0.000000     0.000000     0.000000     0.000000     0.000000     0.000000     0.000000     0.000000     0.000000     0.000000     0.000000     0.000000     0.000000     0.000000     0.000000     0.000000     0.000000     0.000000     0.000000     0.000000     0.000000     0.000000     0.000000     0.000000     0.000000     0.000000     0.000000     0.000000     0.000000     0.000000     0.000000     0.000000     0.000000     0.000000     0.000000     0.000000     0.000000     0.000000     0.000000     0.000000   271.350000   271.350000   271.350000   271.350000   271.350000   271.350000   271.350000   271.350000   271.350000   271.350000   271.350000   271.350000   271.350000   271.350000   271.350000     0.000000   271.350000   271.350000   271.350000   271.350000   271.350000   271.350000   271.350000   271.350000   271.350000   271.350000   271.350000   271.350000   271.350000   271.350000   271.350000   271.350000   271.350000   271.350000   271.350000   271.350000   271.350000   271.350000   271.350000   271.350000   271.350000   271.350000   271.350000   271.350000
     0.000000     0.000000     0.000000     0.000000     0.000000     0.000000     0.000000     0.000000     0.000000     0.000000     0.000000     0.000000     0.000000     0.000000     0.000000     0.000000     0.000000     0.000000     0.000000     0.000000     0.000000     0.000000     0.000000     0.000000     0.000000     0.000000     0.000000     0.000000     0.000000     0.000000     0.000000     0.000000     0.000000     0.000000     0.000000     0.000000     0.000000     0.000000     0.000000     0.000000     0.000000     0.000000     0.000000     0.000000     0.000000     0.000000     0.000000     0.000000     0.000000     0.000000     0.000000     0.000000     0.000000     0.000000     0.000000     0.000000     0.000000     0.000000     0.000000     0.000000     0.000000     0.000000     0.000000     0.000000     0.000000     0.000000     0.000000     0.000000     0.000000     0.000000     0.000000     0.000000     0.000000     0.000000     0.000000     0.000000     0.000000     0.000000     0.000000     0.000000     0.000000     0.000000     0.000000     0.000000     0.000000     0.000000     0.000000     0.000000     0.000000     0.000000     0.000000     0.000000     0.000000     0.000000     0.000000     0.000000     0.000000     0.000000     0.000000     0.000000     0.000000     0.000000     0.000000     0.000000     0.000000     0.000000     0.000000     0.000000     0.000000     0.000000     0.000000     0.000000     0.000000     0.000000     0.000000     0.000000     0.000000     0.000000   271.350000   271.350000   271.350000   271.350000   271.350000   271.350000   271.350000   271.350000   271.350000   271.350000   271.350000   271.350000   271.350000   271.350000   271.350000   271.350000   271.350000   271.350000   271.350000   271.350000   271.350000   271.350000   271.350000   271.350000   271.350000   271.350000   271.350000   271.350000   271.350000   271.350000   271.350000   271.350000   271.350000   271.350000   271.350000   271.350000   271.350000   271.350000   271.350000   271.350000   271.350000   271.350000   271.350000   271.350000
     0.000000     0.000000     0.000000     0.000000     0.000000     0.000000     0.000000     0.000000     0.000000     0.000000     0.000000     0.000000     0.000000     0.000000     0.000000     0.000000     0.000000     0.000000     0.000000     0.000000     0.000000     0.000000     0.000000     0.000000     0.000000     0.000000     0.000000     0.000000     0.000000     0.000000     0.000000     0.000000     0.000000     0.000000     0.000000     0.000000     0.000000     0.000000     0.000000     0.000000     0.000000     0.000000     0.000000     0.000000     0.000000     0.000000     0.000000     0.000000     0.000000     0.000000     0.000000     0.000000     0.000000     0.000000     0.000000     0.000000     0.000000     0.000000     0.000000     0.000000     0.000000     0.000000     0.000000     0.000000     0.000000     0.000000     0.000000     0.000000     0.000000     0.000000     0.000000     0.000000     0.000000     0.000000     0.000000     0.000000     0.000000     0.000000     0.000000     0.000000     0.000000     0.000000     0.000000     0.000000     0.000000     0.000000     0.000000     0.000000     0.000000     0.000000     0.000000     0.000000     0.000000     0.000000     0.000000     0.000000     0.000000     0.000000     0.000000     0.000000     0.000000     0.000000     0.000000     0.000000     0.000000     0.000000     0.000000     0.000000     0.000000     0.000000     0.000000     0.000000     0.000000     0.000000     0.000000     0.000000     0.000000     0.000000   271.350000   271.350000   271.350000   271.350000   271.350000   271.350000   271.350000   271.350000   271.350000   271.350000   271.350000   271.350000   271.350000   271.350000   271.350000   271.350000   271.350000   271.350000   271.350000   271.350000   271.350000   271.350000   271.350000   271.350000   271.350000   271.350000   271.350000   271.350000   271.350000   271.350000   271.350000   271.350000   271.350000   271.350000   271.350000   271.350000   271.350000   271.350000   271.350000   271.350000   271.350000   271.350000   271.350000   271.350000
     0.000000     0.000000     0.000000     0.000000     0.000000     0.000000     0.000000     0.000000     0.000000     0.000000     0.000000     0.000000     0.000000     0.000000     0.000000     0.000000     0.000000     0.000000     0.000000     0.000000     0.000000     0.000000     0.000000     0.000000     0.000000     0.000000     0.000000     0.000000     0.000000     0.000000     0.000000     0.000000     0.000000     0.000000     0.000000     0.000000     0.000000     0.000000     0.000000     0.000000     0.000000     0.000000     0.000000     0.000000     0.000000     0.000000     0.000000     0.000000     0.000000     0.000000     0.000000     0.000000     0.000000     0.000000     0.000000     0.000000     0.000000     0.000000     0.000000     0.000000     0.000000     0.000000     0.000000     0.000000     0.000000     0.000000     0.000000     0.000000     0.000000     0.000000     0.000000     0.000000     0.000000     0.000000     0.000000     0.000000     0.000000     0.000000     0.000000     0.000000     0.000000     0.000000     0.000000     0.000000     0.000000     0.000000     0.000000     0.000000     0.000000     0.000000     0.000000     0.000000     0.000000     0.000000     0.000000     0.000000     0.000000     0.000000     0.000000     0.000000     0.000000     0.000000     0.000000     0.000000     0.000000     0.000000     0.000000     0.000000     0.000000     0.000000     0.000000     0.000000     0.000000     0.000000     0.000000     0.000000     0.000000     0.000000     0.000000   271.350000   271.350000   271.350000   271.350000   271.350000   271.350000   271.350000   271.350000   271.350000   271.350000   271.350000   271.350000   271.350000   271.350000   271.350000   271.350000   271.350000   271.350000   271.350000   271.350000   271.350000   271.350000   271.350000   271.350000   271.350000   271.350000   271.350000   271.350000   271.350000   271.350000   271.350000   271.350000   271.350000   271.350000   271.350000   271.350000   271.350000   271.350000   271.350000   271.350000   271.350000   271.350000   271.350000
     0.000000     0.000000     0.000000     0.000000     0.000000     0.000000     0.000000     0.000000     0.000000     0.000000     0.000000     0.000000     0.000000     0.000000     0.000000     0.000000     0.000000     0.000000     0.000000     0.000000     0.000000     0.000000     0.000000     0.000000     0.000000     0.000000     0.000000     0.000000     0.000000     0.000000     0.000000     0.000000     0.000000     0.000000     0.000000     0.000000     0.000000     0.000000     0.000000     0.000000     0.000000     0.000000     0.000000     0.000000     0.000000     0.000000     0.000000     0.000000     0.000000     0.000000     0.000000     0.000000     0.000000     0.000000     0.000000     0.000000     0.000000     0.000000     0.000000     0.000000     0.000000     0.000000     0.000000     0.000000     0.000000     0.000000     0.000000     0.000000     0.000000     0.000000     0.000000     0.000000     0.000000     0.000000     0.000000     0.000000     0.000000     0.000000     0.000000     0.000000     0.000000     0.000000     0.000000     0.000000     0.000000     0.000000     0.000000     0.000000     0.000000     0.000000     0.000000     0.000000     0.000000     0.000000     0.000000     0.000000     0.000000     0.000000     0.000000     0.000000     0.000000     0.000000     0.000000     0.000000     0.000000     0.000000     0.000000     0.000000     0.000000     0.000000     0.000000     0.000000     0.000000     0.000000     0.000000     0.000000     0.000000     0.000000     0.000000   271.350000   271.350000   271.350000   271.350000   271.350000   271.350000   271.350000   271.350000   271.350000   271.350000   271.350000   271.350000   271.350000   271.350000   271.350000   271.350000   271.350000   271.350000   271.350000   271.350000   271.350000   271.350000   271.350000   271.350000   271.350000   271.350000   271.350000   271.350000   271.350000   271.350000   271.350000   271.350000   271.350000   271.350000   271.350000   271.350000   271.350000   271.350000   271.350000   271.350000   271.350000   271.350000   271.350000
     0.000000     0.000000     0.000000     0.000000     0.000000     0.000000     0.000000     0.000000     0.000000     0.000000     0.000000     0.000000     0.000000     0.000000     0.000000     0.000000     0.000000     0.000000     0.000000     0.000000     0.000000     0.000000     0.000000     0.000000     0.000000     0.000000     0.000000     0.000000     0.000000     0.000000     0.000000     0.000000     0.000000     0.000000     0.000000     0.000000     0.000000     0.000000     0.000000     0.000000     0.000000     0.000000     0.000000     0.000000     0.000000     0.000000     0.000000     0.000000     0.000000     0.000000     0.000000     0.000000     0.000000     0.000000     0.000000     0.000000     0.000000     0.000000     0.000000     0.000000     0.000000     0.000000     0.000000     0.000000     0.000000     0.000000     0.000000     0.000000     0.000000     0.000000     0.000000     0.000000     0.000000     0.000000     0.000000     0.000000     0.000000     0.000000     0.000000     0.000000     0.000000     0.000000     0.000000     0.000000     0.000000     0.000000     0.000000     0.000000     0.000000     0.000000     0.000000     0.000000     0.000000     0.000000     0.000000     0.000000     0.000000     0.000000     0.000000     0.000000     0.000000     0.000000     0.000000     0.000000     0.000000     0.000000     0.000000     0.000000     0.000000     0.000000     0.000000     0.000000     0.000000     0.000000     0.000000     0.000000     0.000000     0.000000   271.350000   271.350000   271.350000   271.350000   271.350000   271.350000   271.350000   271.350000   271.350000   271.350000   271.350000   271.350000   271.350000   271.350000   271.350000   271.350000   271.350000   271.350000   271.350000   271.350000   271.350000   271.350000   271.350000   271.350000   271.350000   271.350000   271.350000   271.350000   271.350000   271.350000   271.350000   271.350000   271.350000   271.350000   271.350000   271.350000   271.350000   271.350000   271.350000   271.350000   271.350000   271.350000   271.350000   271.350000
     0.000000     0.000000     0.000000     0.000000     0.000000     0.000000     0.000000     0.000000     0.000000     0.000000     0.000000     0.000000     0.000000     0.000000     0.000000     0.000000     0.000000     0.000000     0.000000     0.000000     0.000000     0.000000     0.000000     0.000000     0.000000     0.000000     0.000000     0.000000     0.000000     0.000000     0.000000     0.000000     0.000000     0.000000     0.000000     0.000000     0.000000     0.000000     0.000000     0.000000     0.000000     0.000000     0.000000     0.000000     0.000000     0.000000     0.000000     0.000000     0.000000     0.000000     0.000000     0.000000     0.000000     0.000000     0.000000     0.000000     0.000000     0.000000     0.000000     0.000000     0.000000     0.000000     0.000000     0.000000     0.000000     0.000000     0.000000     0.000000     0.000000     0.000000     0.000000     0.000000     0.000000     0.000000     0.000000     0.000000     0.000000     0.000000     0.000000     0.000000     0.000000     0.000000     0.000000     0.000000     0.000000     0.000000     0.000000     0.000000     0.000000     0.000000     0.000000     0.000000     0.000000     0.000000     0.000000     0.000000     0.000000     0.000000     0.000000     0.000000     0.000000     0.000000     0.000000     0.000000     0.000000     0.000000     0.000000     0.000000     0.000000     0.000000     0.000000     0.000000     0.000000     0.000000     0.000000     0.000000     0.000000     0.000000   271.350000   271.350000   271.350000   271.350000   271.350000   271.350000   271.350000   271.350000   271.350000   271.350000   271.350000   271.350000   271.350000   271.350000   271.350000   271.350000   271.350000   271.350000   271.350000   271.350000   271.350000   271.350000   271.350000   271.350000   271.350000   271.350000   271.350000   271.350000   271.350000   271.350000   271.350000   271.350000   271.350000   271.350000   271.350000   271.350000   271.350000   271.350000   271.350000   271.350000   271.350000   271.350000   271.350000   271.350000
     0.000000     0.000000     0.000000     0.000000     0.000000     0.000000     0.000000     0.000000     0.000000     0.000000     0.000000     0.000000     0.000000     0.000000     0.000000     0.000000     0.000000     0.000000     0.000000     0.000000     0.000000     0.000000     0.000000     0.000000     0.000000     0.000000     0.000000     0.000000     0.000000     0.000000     0.000000     0.000000     0.000000     0.000000     0.000000     0.000000     0.000000     0.000000     0.000000     0.000000     0.000000     0.000000     0.000000     0.000000     0.000000     0.000000     0.000000     0.000000     0.000000     0.000000     0.000000     0.000000     0.000000     0.000000     0.000000     0.000000     0.000000     0.000000     0.000000     0.000000     0.000000     0.000000     0.000000     0.000000     0.000000     0.000000     0.000000     0.000000     0.000000     0.000000     0.000000     0.000000     0.000000     0.000000     0.000000     0.000000     0.000000     0.000000     0.000000     0.000000     0.000000     0.000000     0.000000     0.000000     0.000000     0.000000     0.000000     0.000000     0.000000     0.000000     0.000000     0.000000     0.000000     0.000000     0.000000     0.000000     0.000000     0.000000     0.000000     0.000000     0.000000     0.000000     0.000000     0.000000     0.000000     0.000000     0.000000     0.000000     0.000000     0.000000     0.000000     0.000000     0.000000     0.000000     0.000000     0.000000     0.000000     0.000000   271.350000   271.350000   271.350000   271.350000   271.350000   271.350000   271.350000   271.350000   271.350000   271.350000   271.350000   271.350000   271.350000   271.350000   271.350000   271.350000   271.350000   271.350000   271.350000   271.350000   271.350000   271.350000   271.350000   271.350000   271.350000   271.350000   271.350000   271.350000   271.350000   271.350000   271.350000   271.350000   271.350000   271.350000   271.350000   271.350000   271.350000   271.350000   271.350000   271.350000   271.350000   271.350000   271.350000   271.350000
     0.000000     0.000000     0.000000     0.000000     0.000000     0.000000     0.000000     0.000000     0.000000     0.000000     0.000000     0.000000     0.000000     0.000000     0.000000     0.000000     0.000000     0.000000     0.000000     0.000000     0.000000     0.000000     0.000000     0.000000     0.000000     0.000000     0.000000     0.000000     0.000000     0.000000     0.000000     0.000000     0.000000     0.000000     0.000000     0.000000     0.000000     0.000000     0.000000     0.000000     0.000000     0.000000     0.000000     0.000000     0.000000     0.000000     0.000000     0.000000     0.000000     0.000000     0.000000     0.000000     0.000000     0.000000     0.000000     0.000000     0.000000     0.000000     0.000000     0.000000     0.000000     0.000000     0.000000     0.000000     0.000000     0.000000     0.000000     0.000000     0.000000     0.000000     0.000000     0.000000     0.000000     0.000000     0.000000     0.000000     0.000000     0.000000     0.000000     0.000000     0.000000     0.000000     0.000000     0.000000     0.000000     0.000000     0.000000     0.000000     0.000000     0.000000     0.000000     0.000000     0.000000     0.000000     0.000000     0.000000     0.000000     0.000000     0.000000     0.000000     0.000000     0.000000     0.000000     0.000000     0.000000     0.000000     0.000000     0.000000     0.000000     0.000000     0.000000     0.000000     0.000000     0.000000     0.000000     0.000000     0.000000   271.350000   271.350000   271.350000   271.350000   271.350000   271.350000   271.350000   271.350000   271.350000   271.350000   271.350000   271.350000   271.350000   271.350000   271.350000   271.350000   271.350000   271.350000   271.350000   271.350000   271.350000   271.350000   271.350000   271.350000   271.350000   271.350000   271.350000   271.350000   271.350000   271.350000   271.350000   271.350000   271.350000   271.350000   271.350000   271.350000   271.350000   271.350000   271.350000   271.350000   271.350000   271.350000   271.350000   271.350000   271.350000
     0.000000     0.000000     0.000000     0.000000     0.000000     0.000000     0.000000     0.000000     0.000000     0.000000     0.000000     0.000000     0.000000     0.000000     0.000000     0.000000     0.000000     0.000000     0.000000     0.000000     0.000000     0.000000     0.000000     0.000000     0.000000     0.000000     0.000000     0.000000     0.000000     0.000000     0.000000     0.000000     0.000000     0.000000     0.000000     0.000000     0.000000     0.000000     0.000000     0.000000     0.000000     0.000000     0.000000     0.000000     0.000000     0.000000     0.000000     0.000000     0.000000     0.000000     0.000000     0.000000     0.000000     0.000000     0.000000     0.000000     0.000000     0.000000     0.000000     0.000000     0.000000     0.000000     0.000000     0.000000     0.000000     0.000000     0.000000     0.000000     0.000000     0.000000     0.000000     0.000000     0.000000     0.000000     0.000000     0.000000     0.000000     0.000000     0.000000     0.000000     0.000000     0.000000     0.000000     0.000000     0.000000     0.000000     0.000000     0.000000     0.000000     0.000000     0.000000     0.000000     0.000000     0.000000     0.000000     0.000000     0.000000     0.000000     0.000000     0.000000     0.000000     0.000000     0.000000     0.000000     0.000000     0.000000     0.000000     0.000000     0.000000     0.000000     0.000000     0.000000     0.000000     0.000000     0.000000     0.000000     0.000000   271.350000   271.350000   271.350000   271.350000   271.350000   271.350000   271.350000   271.350000   271.350000   271.350000   271.350000   271.350000   271.350000   271.350000   271.350000   271.350000   271.350000   271.350000   271.350000   271.350000   271.350000   271.350000   271.350000   271.350000   271.350000   271.350000   271.350000   271.350000   271.350000   271.350000   271.350000   271.350000   271.350000   271.350000   271.350000   271.350000   271.350000   271.350000   271.350000   271.350000   271.350000   271.350000   271.350000   271.350000   271.350000
     0.000000     0.000000     0.000000     0.000000     0.000000     0.000000     0.000000     0.000000     0.000000     0.000000     0.000000     0.000000     0.000000     0.000000     0.000000     0.000000     0.000000     0.000000     0.000000     0.000000     0.000000     0.000000     0.000000     0.000000     0.000000     0.000000     0.000000     0.000000     0.000000     0.000000     0.000000     0.000000     0.000000     0.000000     0.000000     0.000000     0.000000     0.000000     0.000000     0.000000     0.000000     0.000000     0.000000     0.000000     0.000000     0.000000     0.000000     0.000000     0.000000     0.000000     0.000000     0.000000     0.000000     0.000000     0.000000     0.000000     0.000000     0.000000     0.000000     0.000000     0.000000     0.000000     0.000000     0.000000     0.000000     0.000000     0.000000     0.000000     0.000000     0.000000     0.000000     0.000000     0.000000     0.000000     0.000000     0.000000     0.000000     0.000000     0.000000     0.000000     0.000000     0.000000     0.000000     0.000000     0.000000     0.000000     0.000000     0.000000     0.000000     0.000000     0.000000     0.000000     0.000000     0.000000     0.000000     0.000000     0.000000     0.000000     0.000000     0.000000     0.000000     0.000000     0.000000     0.000000     0.000000     0.000000     0.000000     0.000000     0.000000     0.000000     0.000000     0.000000     0.000000     0.000000   271.350000   271.350000   271.350000   271.350000   271.350000   271.350000   271.350000   271.350000   271.350000   271.350000   271.350000   271.350000   271.350000   271.350000   271.350000   271.350000   271.350000   271.350000   271.350000   271.350000   271.350000   271.350000   271.350000   271.350000   271.350000   271.350000   271.350000   271.350000   271.350000   271.350000   271.350000   271.350000   271.350000   271.350000   271.350000   271.350000   271.350000   271.350000   271.350000   271.350000   271.350000   271.350000   271.350000   271.350000   271.350000   271.350000   271.350000   271.350000
     0.000000     0.000000     0.000000     0.000000     0.000000     0.000000     0.000000     0.000000     0.000000     0.000000     0.000000     0.000000     0.000000     0.000000     0.000000     0.000000     0.000000     0.000000     0.000000     0.000000     0.000000     0.000000     0.000000     0.000000     0.000000     0.000000     0.000000     0.000000     0.000000     0.000000     0.000000     0.000000     0.000000     0.000000     0.000000     0.000000     0.000000     0.000000     0.000000     0.000000     0.000000     0.000000     0.000000     0.000000     0.000000     0.000000     0.000000     0.000000     0.000000     0.000000     0.000000     0.000000     0.000000     0.000000     0.000000     0.000000     0.000000     0.000000     0.000000     0.000000     0.000000     0.000000     0.000000     0.000000     0.000000     0.000000     0.000000     0.000000     0.000000     0.000000     0.000000     0.000000     0.000000     0.000000     0.000000     0.000000     0.000000     0.000000     0.000000     0.000000     0.000000     0.000000     0.000000     0.000000     0.000000     0.000000     0.000000     0.000000     0.000000     0.000000     0.000000     0.000000     0.000000     0.000000     0.000000     0.000000     0.000000     0.000000     0.000000     0.000000     0.000000     0.000000     0.000000     0.000000     0.000000     0.000000     0.000000     0.000000     0.000000     0.000000     0.000000     0.000000     0.000000     0.000000   271.350000   271.350000   271.350000   271.350000   271.350000   271.350000   271.350000   271.350000   271.350000   271.350000   271.350000   271.350000   271.350000   271.350000   271.350000   271.350000   271.350000   271.350000   271.350000   271.350000   271.350000   271.350000   271.350000   271.350000   271.350000   271.350000   271.350000   271.350000   271.350000   271.350000   271.350000   271.350000   271.350000   271.350000   271.350000   271.350000   271.350000   271.350000   271.350000   271.350000   271.350000   271.350000   271.350000   271.350000   271.350000   271.350000   271.350000   271.350000
     0.000000     0.000000     0.000000     0.000000     0.000000     0.000000     0.000000     0.000000     0.000000     0.000000     0.000000     0.000000     0.000000     0.000000     0.000000     0.000000     0.000000     0.000000     0.000000     0.000000     0.000000     0.000000     0.000000     0.000000     0.000000     0.000000     0.000000     0.000000     0.000000     0.000000     0.000000     0.000000     0.000000     0.000000     0.000000     0.000000     0.000000     0.000000     0.000000     0.000000     0.000000     0.000000     0.000000     0.000000     0.000000     0.000000     0.000000     0.000000     0.000000     0.000000     0.000000     0.000000     0.000000     0.000000     0.000000     0.000000     0.000000     0.000000     0.000000     0.000000     0.000000     0.000000     0.000000     0.000000     0.000000     0.000000     0.000000     0.000000     0.000000     0.000000     0.000000     0.000000     0.000000     0.000000     0.000000     0.000000     0.000000     0.000000     0.000000     0.000000     0.000000     0.000000     0.000000     0.000000     0.000000     0.000000     0.000000     0.000000     0.000000     0.000000     0.000000     0.000000     0.000000     0.000000     0.000000     0.000000     0.000000     0.000000     0.000000     0.000000     0.000000     0.000000     0.000000     0.000000     0.000000     0.000000     0.000000     0.000000     0.000000     0.000000     0.000000     0.000000     0.000000   271.350000   271.350000   271.350000   271.350000   271.350000   271.350000   271.350000   271.350000   271.350000   271.350000   271.350000   271.350000   271.350000   271.350000   271.350000   271.350000   271.350000   271.350000   271.350000   271.350000   271.350000   271.350000   271.350000   271.350000   271.350000   271.350000   271.350000   271.350000   271.350000   271.350000   271.350000   271.350000   271.350000   271.350000   271.350000   271.350000   271.350000   271.350000   271.350000   271.350000   271.350000   271.350000   271.350000   271.350000   271.350000   271.350000   271.350000   271.350000   271.350000
     0.000000     0.000000     0.000000     0.000000     0.000000     0.000000     0.000000     0.000000     0.000000     0.000000     0.000000     0.000000     0.000000     0.000000     0.000000     0.000000     0.000000     0.000000     0.000000     0.000000     0.000000     0.000000     0.000000     0.000000     0.000000     0.000000     0.000000     0.000000     0.000000     0.000000     0.000000     0.000000     0.000000     0.000000     0.000000     0.000000     0.000000     0.000000     0.000000     0.000000     0.000000     0.000000     0.000000     0.000000     0.000000     0.000000     0.000000     0.000000     0.000000     0.000000     0.000000     0.000000     0.000000     0.000000     0.000000     0.000000     0.000000     0.000000     0.000000     0.000000     0.000000     0.000000     0.000000     0.000000     0.000000     0.000000     0.000000     0.000000     0.000000     0.000000     0.000000     0.000000     0.000000     0.000000     0.000000     0.000000     0.000000     0.000000     0.000000     0.000000     0.000000     0.000000     0.000000     0.000000     0.000000     0.000000     0.000000     0.000000     0.000000     0.000000     0.000000     0.000000     0.000000     0.000000     0.000000     0.000000     0.000000     0.000000     0.000000     0.000000     0.000000     0.000000     0.000000     0.000000     0.000000     0.000000     0.000000     0.000000     0.000000     0.000000     0.000000     0.000000     0.000000   271.350000   271.350000   271.350000   271.350000   271.350000   271.350000   271.350000   271.350000   271.350000   271.350000   271.350000   271.350000   271.350000   271.350000   271.350000   271.350000   271.350000   271.350000   271.350000   271.350000   271.350000   271.350000   271.350000   271.350000   271.350000   271.350000   271.350000   271.350000   271.350000   271.350000   271.350000   271.350000   271.350000   271.350000   271.350000   271.350000   271.350000   271.350000   271.350000   271.350000   271.350000   271.350000   271.350000   271.350000   271.350000   271.350000   271.350000   271.350000   271.350000
     0.000000     0.000000     0.000000     0.000000     0.000000     0.000000     0.000000     0.000000     0.000000     0.000000     0.000000     0.000000     0.000000     0.000000     0.000000     0.000000     0.000000     0.000000     0.000000     0.000000     0.000000     0.000000     0.000000     0.000000     0.000000     0.000000     0.000000     0.000000     0.000000     0.000000     0.000000     0.000000     0.000000     0.000000     0.000000     0.000000     0.000000     0.000000     0.000000     0.000000     0.000000     0.000000     0.000000     0.000000     0.000000     0.000000     0.000000     0.000000     0.000000     0.000000     0.000000     0.000000     0.000000     0.000000     0.000000     0.000000     0.000000     0.000000     0.000000     0.000000     0.000000     0.000000     0.000000     0.000000     0.000000     0.000000     0.000000     0.000000     0.000000     0.000000     0.000000     0.000000     0.000000     0.000000     0.000000     0.000000     0.000000     0.000000     0.000000     0.000000     0.000000     0.000000     0.000000     0.000000     0.000000     0.000000     0.000000     0.000000     0.000000     0.000000     0.000000     0.000000     0.000000     0.000000     0.000000     0.000000     0.000000     0.000000     0.000000     0.000000     0.000000     0.000000     0.000000     0.000000     0.000000     0.000000     0.000000     0.000000     0.000000     0.000000     0.000000     0.000000   271.350000   271.350000   271.350000   271.350000   271.350000   271.350000   271.350000   271.350000   271.350000   271.350000   271.350000   271.350000   271.350000   271.350000   271.350000   271.350000   271.350000   271.350000   271.350000   271.350000   271.350000   271.350000   271.350000   271.350000   271.350000   271.350000   271.350000   271.350000   271.350000   271.350000   271.350000   271.350000   271.350000   271.350000   271.350000   271.350000   271.350000   271.350000   271.350000   271.350000   271.350000   271.350000   271.350000   271.350000   271.350000   271.350000   271.350000   271.350000   271.350000   271.350000
     0.000000     0.000000     0.000000     0.000000     0.000000     0.000000     0.000000     0.000000     0.000000     0.000000     0.000000     0.000000     0.000000     0.000000     0.000000     0.000000     0.000000     0.000000     0.000000     0.000000     0.000000     0.000000     0.000000     0.000000     0.000000     0.000000     0.000000     0.000000     0.000000     0.000000     0.000000     0.000000     0.000000     0.000000     0.000000     0.000000     0.000000     0.000000     0.000000     0.000000     0.000000     0.000000     0.000000     0.000000     0.000000     0.000000     0.000000     0.000000     0.000000     0.000000     0.000000     0.000000     0.000000     0.000000     0.000000     0.000000     0.000000     0.000000     0.000000     0.000000     0.000000     0.000000     0.000000     0.000000     0.000000     0.000000     0.000000     0.000000     0.000000     0.000000     0.000000     0.000000     0.000000     0.000000     0.000000     0.000000     0.000000     0.000000     0.000000     0.000000     0.000000     0.000000     0.000000     0.000000     0.000000     0.000000     0.000000     0.000000     0.000000     0.000000     0.000000     0.000000     0.000000     0.000000     0.000000     0.000000     0.000000     0.000000     0.000000     0.000000     0.000000     0.000000     0.000000     0.000000     0.000000     0.000000     0.000000     0.000000     0.000000     0.000000     0.000000     0.000000   271.350000   271.350000   271.350000   271.350000   271.350000   271.350000   271.350000   271.350000   271.350000   271.350000   271.350000   271.350000   271.350000   271.350000   271.350000   271.350000   271.350000   271.350000   271.350000   271.350000   271.350000   271.350000   271.350000   271.350000   271.350000   271.350000   271.350000   271.350000   271.350000   271.350000   271.350000   271.350000   271.350000   271.350000   271.350000   271.350000   271.350000   271.350000   271.350000   271.350000   271.350000   271.350000   271.350000   271.350000   271.350000   271.350000   271.350000   271.350000   271.350000   271.350000
     0.000000     0.000000     0.000000     0.000000     0.000000     0.000000     0.000000     0.000000     0.000000     0.000000     0.000000     0.000000     0.000000     0.000000     0.000000     0.000000     0.000000     0.000000     0.000000     0.000000     0.000000     0.000000     0.000000     0.000000     0.000000     0.000000     0.000000     0.000000     0.000000     0.000000     0.000000     0.000000     0.000000     0.000000     0.000000     0.000000     0.000000     0.000000     0.000000     0.000000     0.000000     0.000000     0.000000     0.000000     0.000000     0.000000     0.000000     0.000000     0.000000     0.000000     0.000000     0.000000     0.000000     0.000000     0.000000     0.000000     0.000000     0.000000     0.000000     0.000000     0.000000     0.000000     0.000000     0.000000     0.000000     0.000000     0.000000     0.000000     0.000000     0.000000     0.000000     0.000000     0.000000     0.000000     0.000000     0.000000     0.000000     0.000000     0.000000     0.000000     0.000000     0.000000     0.000000     0.000000     0.000000     0.000000     0.000000     0.000000     0.000000     0.000000     0.000000     0.000000     0.000000     0.000000     0.000000     0.000000     0.000000     0.000000     0.000000     0.000000     0.000000     0.000000     0.000000     0.000000     0.000000     0.000000     0.000000     0.000000     0.000000     0.000000     0.000000     0.000000     0.000000   271.350000   271.350000   271.350000   271.350000   271.350000   271.350000   271.350000   271.350000   271.350000   271.350000   271.350000   271.350000   271.350000   271.350000   271.350000   271.350000   271.350000   271.350000   271.350000   271.350000   271.350000   271.350000   271.350000   271.350000   271.350000   271.350000   271.350000   271.350000   271.350000   271.350000   271.350000   271.350000   271.350000   271.350000   271.350000   271.350000   271.350000   271.350000   271.350000   271.350000   271.350000   271.350000   271.350000   271.350000   271.350000   271.350000   271.350000   271.350000   271.350000
     0.000000     0.000000     0.000000     0.000000     0.000000     0.000000     0.000000     0.000000     0.000000     0.000000     0.000000     0.000000     0.000000     0.000000     0.000000     0.000000     0.000000     0.000000     0.000000     0.000000     0.000000     0.000000     0.000000     0.000000     0.000000     0.000000     0.000000     0.000000     0.000000     0.000000     0.000000     0.000000     0.000000     0.000000     0.000000     0.000000     0.000000     0.000000     0.000000     0.000000     0.000000     0.000000     0.000000   271.350000   271.350000   271.350000   271.350000   271.350000     0.000000     0.000000     0.000000     0.000000     0.000000     0.000000     0.000000     0.000000     0.000000     0.000000     0.000000     0.000000     0.000000     0.000000     0.000000     0.000000     0.000000     0.000000     0.000000     0.000000     0.000000     0.000000     0.000000     0.000000     0.000000     0.000000     0.000000     0.000000     0.000000     0.000000     0.000000     0.000000     0.000000     0.000000     0.000000     0.000000     0.000000     0.000000     0.000000     0.000000     0.000000     0.000000     0.000000     0.000000     0.000000     0.000000     0.000000     0.000000     0.000000     0.000000     0.000000     0.000000     0.000000     0.000000     0.000000     0.000000     0.000000     0.000000     0.000000     0.000000     0.000000     0.000000     0.000000   271.350000   271.350000   271.350000   271.350000   271.350000   271.350000   271.350000   271.350000   271.350000   271.350000   271.350000   271.350000   271.350000   271.350000   271.350000   271.350000   271.350000   271.350000   271.350000   271.350000   271.350000   271.350000   271.350000   271.350000   271.350000   271.350000   271.350000   271.350000   271.350000   271.350000   271.350000   271.350000   271.350000   271.350000   271.350000   271.350000   271.350000   271.350000   271.350000   271.350000   271.350000   271.350000   271.350000   271.350000   271.350000   271.350000   271.350000   271.350000   271.350000   271.350000   271.350000
     0.000000     0.000000     0.000000     0.000000     0.000000     0.000000     0.000000     0.000000     0.000000     0.000000     0.000000     0.000000     0.000000     0.000000     0.000000     0.000000     0.000000     0.000000     0.000000     0.000000     0.000000     0.000000     0.000000     0.000000     0.000000     0.000000     0.000000     0.000000     0.000000     0.000000     0.000000     0.000000     0.000000     0.000000     0.000000     0.000000     0.000000     0.000000     0.000000     0.000000     0.000000     0.000000   271.350000   271.350000   271.350000   271.350000   271.350000   271.350000     0.000000     0.000000     0.000000     0.000000     0.000000     0.000000     0.000000     0.000000     0.000000     0.000000     0.000000     0.000000     0.000000     0.000000     0.000000     0.000000     0.000000     0.000000     0.000000     0.000000     0.000000     0.000000     0.000000     0.000000     0.000000     0.000000     0.000000     0.000000     0.000000     0.000000     0.000000     0.000000     0.000000     0.000000     0.000000     0.000000     0.000000     0.000000     0.000000     0.000000     0.000000     0.000000     0.000000     0.000000     0.000000     0.000000     0.000000     0.000000     0.000000     0.000000     0.000000     0.000000     0.000000     0.000000     0.000000     0.000000     0.000000     0.000000     0.000000     0.000000     0.000000     0.000000     0.000000   271.350000   271.350000   271.350000   271.350000   271.350000   271.350000   271.350000   271.350000   271.350000   271.350000   271.350000   271.350000   271.350000   271.350000   271.350000   271.350000   271.350000   271.350000   271.350000   271.350000   271.350000   271.350000   271.350000   271.350000   271.350000   271.350000   271.350000   271.350000   271.350000   271.350000   271.350000   271.350000   271.350000   271.350000   271.350000   271.350000   271.350000   271.350000   271.350000   271.350000   271.350000   271.350000   271.350000   271.350000   271.350000   271.350000   271.350000   271.350000   271.350000   271.350000   271.350000
     0.000000     0.000000     0.000000     0.000000     0.000000     0.000000     0.000000     0.000000     0.000000     0.000000     0.000000     0.000000     0.000000     0.000000     0.000000     0.000000     0.000000     0.000000     0.000000     0.000000     0.000000     0.000000     0.000000     0.000000     0.000000     0.000000     0.000000     0.000000     0.000000     0.000000     0.000000     0.000000     0.000000     0.000000     0.000000     0.000000     0.000000     0.000000     0.000000     0.000000     0.000000     0.000000   271.350000   271.350000   271.350000   271.350000     0.000000     0.000000     0.000000     0.000000     0.000000     0.000000     0.000000     0.000000     0.000000     0.000000     0.000000     0.000000     0.000000     0.000000     0.000000     0.000000     0.000000     0.000000     0.000000     0.000000     0.000000     0.000000     0.000000     0.000000     0.000000     0.000000     0.000000     0.000000     0.000000     0.000000     0.000000     0.000000     0.000000     0.000000     0.000000     0.000000     0.000000     0.000000     0.000000     0.000000     0.000000     0.000000     0.000000     0.000000     0.000000     0.000000     0.000000     0.000000     0.000000     0.000000     0.000000     0.000000     0.000000     0.000000     0.000000     0.000000     0.000000     0.000000     0.000000     0.000000     0.000000     0.000000     0.000000     0.000000     0.000000     0.000000   271.350000   271.350000   271.350000   271.350000   271.350000   271.350000   271.350000   271.350000   271.350000   271.350000   271.350000   271.350000   271.350000   271.350000   271.350000   271.350000   271.350000   271.350000   271.350000   271.350000   271.350000   271.350000   271.350000   271.350000   271.350000   271.350000   271.350000   271.350000   271.350000   271.350000   271.350000   271.350000   271.350000   271.350000   271.350000   271.350000   271.350000   271.350000   271.350000   271.350000   271.350000   271.350000   271.350000   271.350000   271.350000   271.350000   271.350000   271.350000   271.350000   271.350000
     0.000000     0.000000     0.000000     0.000000     0.000000     0.000000     0.000000     0.000000     0.000000     0.000000     0.000000     0.000000     0.000000     0.000000     0.000000     0.000000     0.000000     0.000000     0.000000     0.000000     0.000000     0.000000     0.000000     0.000000     0.000000     0.000000     0.000000     0.000000     0.000000     0.000000     0.000000     0.000000     0.000000     0.000000     0.000000     0.000000   271.350000   271.350000   271.350000     0.000000   271.350000   271.350000   271.350000   271.350000   271.350000     0.000000     0.000000     0.000000     0.000000     0.000000     0.000000     0.000000     0.000000     0.000000     0.000000     0.000000     0.000000     0.000000     0.000000     0.000000     0.000000     0.000000     0.000000     0.000000     0.000000     0.000000     0.000000     0.000000     0.000000     0.000000     0.000000     0.000000     0.000000     0.000000     0.000000     0.000000     0.000000     0.000000     0.000000     0.000000     0.000000     0.000000     0.000000     0.000000     0.000000     0.000000     0.000000     0.000000     0.000000     0.000000     0.000000     0.000000     0.000000     0.000000     0.000000     0.000000     0.000000     0.000000     0.000000     0.000000     0.000000     0.000000     0.000000     0.000000     0.000000     0.000000     0.000000     0.000000     0.000000   271.350000   271.350000   271.350000   271.350000   271.350000   271.350000   271.350000   271.350000   271.350000   271.350000   271.350000   271.350000   271.350000   271.350000   271.350000   271.350000   271.350000   271.350000   271.350000   271.350000   271.350000   271.350000   271.350000   271.350000   271.350000   271.350000   271.350000   271.350000   271.350000   271.350000   271.350000   271.350000   271.350000   271.350000   271.350000   271.350000   271.350000   271.350000   271.350000   271.350000   271.350000   271.350000   271.350000   271.350000   271.350000   271.350000   271.350000   271.350000   271.350000   271.350000   271.350000   271.350000   271.350000
     0.000000     0.000000     0.000000     0.000000     0.000000     0.000000     0.000000     0.000000     0.000000     0.000000     0.000000     0.000000     0.000000     0.000000     0.000000     0.000000     0.000000     0.000000     0.000000     0.000000     0.000000     0.000000     0.000000     0.000000     0.000000     0.000000     0.000000     0.000000     0.000000     0.000000     0.000000     0.000000     0.000000     0.000000     0.000000     0.000000   271.350000   271.350000   271.350000   271.350000   271.350000   271.350000   271.350000   271.350000   271.350000     0.000000     0.000000     0.000000     0.000000     0.000000     0.000000     0.000000     0.000000     0.000000     0.000000     0.000000     0.000000     0.000000     0.000000     0.000000     0.000000     0.000000     0.000000     0.000000     0.000000     0.000000     0.000000     0.000000     0.000000     0.000000     0.000000     0.000000     0.000000     0.000000     0.000000     0.000000     0.000000     0.000000     0.000000     0.000000     0.000000     0.000000     0.000000     0.000000     0.000000     0.000000     0.000000     0.000000     0.000000     0.000000     0.000000     0.000000     0.000000     0.000000     0.000000     0.000000     0.000000     0.000000     0.000000     0.000000     0.000000     0.000000     0.000000     0.000000     0.000000     0.000000     0.000000     0.000000     0.000000   271.350000   271.350000   271.350000   271.350000   271.350000   271.350000   271.350000   271.350000   271.350000   271.350000   271.350000   271.350000   271.350000   271.350000   271.350000   271.350000   271.350000   271.350000   271.350000   271.350000   271.350000   271.350000   271.350000   271.350000   271.350000   271.350000   271.350000   271.350000   271.350000   271.350000   271.350000   271.350000   271.350000   271.350000   271.350000   271.350000   271.350000   271.350000   271.350000   271.350000   271.350000   271.350000   271.350000   271.350000   271.350000   271.350000   271.350000   271.350000   271.350000   271.350000   271.350000   271.350000   271.350000
     0.000000     0.000000     0.000000     0.000000     0.000000     0.000000     0.000000     0.000000     0.000000     0.000000     0.000000     0.000000     0.000000     0.000000     0.000000     0.000000     0.000000     0.000000     0.000000     0.000000     0.000000     0.000000     0.000000     0.000000     0.000000     0.000000     0.000000     0.000000     0.000000     0.000000     0.000000     0.000000     0.000000     0.000000     0.000000     0.000000   271.350000   271.350000   271.350000   271.350000   271.350000   271.350000   271.350000   271.350000     0.000000     0.000000     0.000000     0.000000     0.000000     0.000000     0.000000     0.000000     0.000000     0.000000     0.000000     0.000000     0.000000     0.000000     0.000000     0.000000     0.000000     0.000000     0.000000     0.000000     0.000000     0.000000     0.000000     0.000000     0.000000     0.000000     0.000000     0.000000     0.000000     0.000000     0.000000     0.000000     0.000000     0.000000     0.000000     0.000000     0.000000     0.000000     0.000000     0.000000     0.000000     0.000000     0.000000     0.000000     0.000000     0.000000     0.000000     0.000000     0.000000     0.000000     0.000000     0.000000     0.000000     0.000000     0.000000     0.000000     0.000000     0.000000     0.000000     0.000000     0.000000     0.000000     0.000000     0.000000     0.000000     0.000000     0.000000   271.350000   271.350000   271.350000   271.350000   271.350000   271.350000   271.350000   271.350000   271.350000   271.350000   271.350000   271.350000   271.350000   271.350000   271.350000   271.350000   271.350000   271.350000   271.350000   271.350000   271.350000   271.350000   271.350000   271.350000   271.350000   271.350000   271.350000   271.350000   271.350000   271.350000   271.350000   271.350000   271.350000   271.350000   271.350000   271.350000   271.350000   271.350000   271.350000   271.350000   271.350000   271.350000   271.350000   271.350000   271.350000   271.350000   271.350000   271.350000   271.350000   271.350000   271.350000
     0.000000     0.000000     0.000000     0.000000     0.000000     0.000000     0.000000     0.000000     0.000000     0.000000     0.000000     0.000000     0.000000     0.000000     0.000000     0.000000     0.000000     0.000000     0.000000     0.000000     0.000000     0.000000     0.000000     0.000000     0.000000     0.000000     0.000000     0.000000     0.000000     0.000000     0.000000     0.000000     0.000000     0.000000     0.000000     0.000000   271.350000   271.350000   271.350000   271.350000   271.350000   271.350000   271.350000     0.000000     0.000000     0.000000     0.000000     0.000000     0.000000     0.000000     0.000000     0.000000     0.000000     0.000000     0.000000     0.000000     0.000000     0.000000     0.000000     0.000000     0.000000     0.000000     0.000000     0.000000     0.000000     0.000000     0.000000     0.000000     0.000000     0.000000     0.000000     0.000000     0.000000     0.000000     0.000000     0.000000     0.000000     0.000000     0.000000     0.000000     0.000000     0.000000     0.000000     0.000000     0.000000     0.000000     0.000000     0.000000     0.000000     0.000000     0.000000     0.000000     0.000000     0.000000     0.000000     0.000000     0.000000     0.000000     0.000000     0.000000     0.000000     0.000000     0.000000     0.000000     0.000000     0.000000     0.000000     0.000000   271.350000   271.350000   271.350000   271.350000   271.350000   271.350000   271.350000   271.350000   271.350000   271.350000   271.350000   271.350000   271.350000   271.350000   271.350000   271.350000   271.350000   271.350000   271.350000   271.350000   271.350000   271.350000   271.350000   271.350000   271.350000   271.350000   271.350000   271.350000   271.350000   271.350000   271.350000   271.350000   271.350000   271.350000   271.350000   271.350000   271.350000   271.350000   271.350000   271.350000   271.350000   271.350000   271.350000   271.350000   271.350000   271.350000   271.350000   271.350000   271.350000   271.350000   271.350000   271.350000   271.350000   271.350000
     0.000000     0.000000     0.000000     0.000000     0.000000     0.000000     0.000000     0.000000     0.000000     0.000000     0.000000     0.000000     0.000000     0.000000   271.350000   271.350000   271.350000     0.000000     0.000000     0.000000     0.000000     0.000000     0.000000     0.000000     0.000000     0.000000     0.000000     0.000000     0.000000     0.000000     0.000000   271.350000   271.350000   271.350000   271.350000   271.350000   271.350000   271.350000   271.350000   271.350000   271.350000   271.350000   271.350000     0.000000     0.000000     0.000000     0.000000     0.000000     0.000000     0.000000     0.000000     0.000000     0.000000     0.000000     0.000000     0.000000     0.000000     0.000000     0.000000     0.000000     0.000000     0.000000     0.000000     0.000000     0.000000     0.000000     0.000000     0.000000     0.000000     0.000000     0.000000     0.000000     0.000000     0.000000     0.000000     0.000000     0.000000     0.000000     0.000000     0.000000     0.000000     0.000000     0.000000     0.000000     0.000000     0.000000     0.000000     0.000000     0.000000     0.000000     0.000000     0.000000     0.000000     0.000000     0.000000     0.000000     0.000000     0.000000     0.000000     0.000000     0.000000     0.000000     0.000000     0.000000     0.000000     0.000000     0.000000     0.000000   271.350000   271.350000   271.350000   271.350000   271.350000   271.350000   271.350000   271.350000   271.350000   271.350000   271.350000   271.350000   271.350000   271.350000   271.350000   271.350000   271.350000   271.350000   271.350000   271.350000   271.350000   271.350000   271.350000   271.350000   271.350000   271.350000   271.350000   271.350000   271.350000   271.350000   271.350000   271.350000   271.350000   271.350000   271.350000   271.350000   271.350000   271.350000   271.350000   271.350000   271.350000   271.350000   271.350000   271.350000   271.350000   271.350000   271.350000   271.350000   271.350000   271.350000   271.350000   271.350000   271.350000   271.350000
     0.000000     0.000000     0.000000     0.000000     0.000000     0.000000     0.000000     0.000000     0.000000     0.000000     0.000000     0.000000     0.000000     0.000000   271.350000   271.350000   271.350000     0.000000     0.000000     0.000000     0.000000     0.000000     0.000000     0.000000     0.000000     0.000000     0.000000     0.000000     0.000000     0.000000     0.000000   271.350000   271.350000   271.350000   271.350000   271.350000   271.350000   271.350000   271.350000   271.350000   271.350000   271.350000   271.350000     0.000000     0.000000     0.000000     0.000000     0.000000     0.000000     0.000000     0.000000     0.000000     0.000000     0.000000     0.000000     0.000000     0.000000     0.000000     0.000000     0.000000     0.000000     0.000000     0.000000     0.000000     0.000000     0.000000     0.000000     0.000000     0.000000     0.000000     0.000000     0.000000     0.000000     0.000000     0.000000     0.000000     0.000000     0.000000     0.000000     0.000000     0.000000     0.000000     0.000000     0.000000     0.000000     0.000000     0.000000     0.000000     0.000000     0.000000     0.000000     0.000000     0.000000     0.000000     0.000000     0.000000     0.000000     0.000000     0.000000     0.000000     0.000000     0.000000     0.000000     0.000000     0.000000     0.000000     0.000000     0.000000   271.350000   271.350000   271.350000   271.350000   271.350000   271.350000   271.350000   271.350000   271.350000   271.350000   271.350000   271.350000   271.350000   271.350000   271.350000   271.350000   271.350000   271.350000   271.350000   271.350000   271.350000   271.350000   271.350000   271.350000   271.350000   271.350000   271.350000   271.350000   271.350000   271.350000   271.350000   271.350000   271.350000   271.350000   271.350000   271.350000   271.350000   271.350000   271.350000   271.350000   271.350000   271.350000   271.350000   271.350000   271.350000   271.350000   271.350000   271.350000   271.350000   271.350000   271.350000   271.350000   271.350000   271.350000
     0.000000     0.000000     0.000000     0.000000     0.000000     0.000000     0.000000     0.000000     0.000000     0.000000     0.000000     0.000000     0.000000     0.000000   271.350000   271.350000   271.350000   271.350000   271.350000     0.000000     0.000000     0.000000     0.000000     0.000000     0.000000     0.000000     0.000000     0.000000     0.000000     0.000000   271.350000   271.350000   271.350000   271.350000   271.350000   271.350000   271.350000   271.350000   271.350000   271.350000     0.000000   271.350000   271.350000     0.000000     0.000000     0.000000     0.000000     0.000000   271.350000   271.350000     0.000000     0.000000     0.000000     0.000000     0.000000     0.000000     0.000000     0.000000     0.000000     0.000000     0.000000     0.000000     0.000000     0.000000     0.000000     0.000000     0.000000     0.000000     0.000000     0.000000     0.000000     0.000000     0.000000     0.000000     0.000000     0.000000     0.000000     0.000000     0.000000     0.000000     0.000000     0.000000     0.000000     0.000000     0.000000     0.000000     0.000000     0.000000     0.000000     0.000000     0.000000     0.000000     0.000000     0.000000     0.000000     0.000000     0.000000     0.000000     0.000000     0.000000     0.000000     0.000000     0.000000     0.000000     0.000000     0.000000     0.000000   271.350000   271.350000   271.350000   271.350000   271.350000   271.350000   271.350000   271.350000   271.350000   271.350000   271.350000   271.350000   271.350000   271.350000   271.350000   271.350000   271.350000   271.350000   271.350000   271.350000   271.350000   271.350000   271.350000   271.350000   271.350000   271.350000   271.350000   271.350000   271.350000   271.350000   271.350000   271.350000   271.350000   271.350000   271.350000   271.350000   271.350000   271.350000   271.350000   271.350000   271.350000   271.350000   271.350000   271.350000   271.350000   271.350000   271.350000   271.350000   271.350000   271.350000   271.350000   271.350000   271.350000   271.350000   271.350000
     0.000000     0.000000     0.000000     0.000000     0.000000     0.000000     0.000000     0.000000     0.000000     0.000000     0.000000     0.000000     0.000000     0.000000   271.350000   271.350000   271.350000   271.350000   271.350000     0.000000     0.000000     0.000000     0.000000     0.000000     0.000000     0.000000     0.000000     0.000000     0.000000   271.350000   271.350000   271.350000   271.350000   271.350000   271.350000   271.350000   271.350000   271.350000     0.000000     0.000000     0.000000   271.350000   271.350000     0.000000   271.350000   271.350000     0.000000   271.350000   271.350000   271.350000   271.350000     0.000000     0.000000     0.000000     0.000000     0.000000     0.000000     0.000000     0.000000     0.000000     0.000000     0.000000     0.000000     0.000000     0.000000     0.000000     0.000000     0.000000     0.000000     0.000000     0.000000     0.000000     0.000000     0.000000     0.000000     0.000000     0.000000     0.000000     0.000000     0.000000     0.000000     0.000000     0.000000     0.000000     0.000000     0.000000     0.000000     0.000000     0.000000     0.000000     0.000000     0.000000     0.000000     0.000000     0.000000     0.000000     0.000000     0.000000     0.000000     0.000000     0.000000     0.000000     0.000000     0.000000     0.000000     0.000000     0.000000   271.350000   271.350000   271.350000   271.350000   271.350000   271.350000   271.350000   271.350000   271.350000   271.350000   271.350000   271.350000   271.350000   271.350000   271.350000   271.350000   271.350000   271.350000   271.350000   271.350000   271.350000   271.350000   271.350000   271.350000   271.350000   271.350000   271.350000   271.350000   271.350000   271.350000   271.350000   271.350000   271.350000   271.350000   271.350000   271.350000   271.350000   271.350000   271.350000   271.350000   271.350000   271.350000   271.350000   271.350000   271.350000   271.350000   271.350000   271.350000   271.350000   271.350000   271.350000   271.350000   271.350000   271.350000   271.350000
     0.000000     0.000000     0.000000     0.000000     0.000000     0.000000     0.000000     0.000000     0.000000     0.000000     0.000000     0.000000     0.000000     0.000000   271.350000   271.350000   271.350000   271.350000   271.350000   271.350000     0.000000     0.000000     0.000000     0.000000     0.000000     0.000000     0.000000     0.000000     0.000000   271.350000   271.350000   271.350000   271.350000   271.350000   271.350000   271.350000   271.350000     0.000000     0.000000     0.000000     0.000000     0.000000     0.000000     0.000000   271.350000   271.350000   271.350000   271.350000   271.350000   271.350000   271.350000     0.000000     0.000000     0.000000     0.000000     0.000000     0.000000     0.000000     0.000000     0.000000     0.000000     0.000000     0.000000     0.000000     0.000000     0.000000     0.000000     0.000000     0.000000     0.000000     0.000000     0.000000     0.000000     0.000000     0.000000     0.000000     0.000000     0.000000     0.000000     0.000000     0.000000     0.000000     0.000000     0.000000     0.000000     0.000000     0.000000     0.000000     0.000000     0.000000     0.000000     0.000000     0.000000     0.000000     0.000000     0.000000     0.000000     0.000000     0.000000     0.000000     0.000000     0.000000     0.000000     0.000000     0.000000     0.000000   271.350000   271.350000   271.350000   271.350000   271.350000   271.350000   271.350000   271.350000   271.350000   271.350000   271.350000   271.350000   271.350000   271.350000   271.350000   271.350000   271.350000   271.350000   271.350000   271.350000   271.350000   271.350000   271.350000   271.350000   271.350000   271.350000   271.350000   271.350000   271.350000   271.350000   271.350000   271.350000   271.350000   271.350000   271.350000   271.350000   271.350000   271.350000   271.350000   271.350000   271.350000   271.350000   271.350000   271.350000   271.350000   271.350000   271.350000   271.350000   271.350000   271.350000   271.350000   271.350000   271.350000   271.350000   271.350000   271.350000
     0.000000     0.000000     0.000000     0.000000     0.000000     0.000000     0.000000     0.000000     0.000000     0.000000     0.000000     0.000000     0.000000     0.000000   271.350000   271.350000   271.350000   271.350000   271.350000   271.350000   271.350000     0.000000     0.000000     0.000000     0.000000     0.000000     0.000000     0.000000     0.000000   271.350000   271.350000   271.350000   271.350000   271.350000   271.350000   271.350000     0.000000     0.000000     0.000000     0.000000     0.000000     0.000000   271.350000   271.350000   271.350000   271.350000   271.350000   271.350000   271.350000   271.350000   271.350000     0.000000     0.000000     0.000000     0.000000     0.000000     0.000000     0.000000     0.000000     0.000000     0.000000     0.000000     0.000000     0.000000     0.000000     0.000000     0.000000     0.000000     0.000000     0.000000     0.000000     0.000000     0.000000     0.000000     0.000000     0.000000     0.000000     0.000000     0.000000     0.000000     0.000000     0.000000     0.000000     0.000000     0.000000     0.000000     0.000000     0.000000     0.000000     0.000000     0.000000     0.000000     0.000000     0.000000     0.000000     0.000000     0.000000     0.000000     0.000000     0.000000     0.000000     0.000000     0.000000     0.000000     0.000000     0.000000   271.350000   271.350000   271.350000   271.350000   271.350000   271.350000   271.350000   271.350000   271.350000   271.350000   271.350000   271.350000   271.350000   271.350000   271.350000   271.350000   271.350000   271.350000   271.350000   271.350000   271.350000   271.350000   271.350000   271.350000   271.350000   271.350000   271.350000   271.350000   271.350000   271.350000   271.350000   271.350000   271.350000   271.350000   271.350000   271.350000   271.350000   271.350000   271.350000   271.350000   271.350000   271.350000   271.350000   271.350000   271.350000   271.350000   271.350000   271.350000   271.350000   271.350000   271.350000   271.350000   271.350000   271.350000   271.350000   271.350000
     0.000000     0.000000     0.000000     0.000000     0.000000     0.000000     0.000000     0.000000     0.000000     0.000000     0.000000     0.000000     0.000000     0.000000   271.350000   271.350000   271.350000   271.350000   271.350000   271.350000   271.350000   271.350000     0.000000     0.000000     0.000000     0.000000     0.000000     0.000000     0.000000   271.350000   271.350000   271.350000   271.350000   271.350000     0.000000     0.000000     0.000000     0.000000     0.000000     0.000000     0.000000   271.350000   271.350000   271.350000   271.350000   271.350000   271.350000   271.350000   271.350000   271.350000     0.000000     0.000000     0.000000   271.350000   271.350000     0.000000     0.000000     0.000000     0.000000     0.000000     0.000000     0.000000     0.000000     0.000000     0.000000     0.000000     0.000000     0.000000     0.000000     0.000000     0.000000     0.000000     0.000000     0.000000     0.000000     0.000000     0.000000     0.000000     0.000000     0.000000     0.000000     0.000000     0.000000     0.000000     0.000000     0.000000     0.000000     0.000000     0.000000     0.000000     0.000000     0.000000     0.000000     0.000000     0.000000     0.000000     0.000000     0.000000     0.000000     0.000000     0.000000     0.000000     0.000000     0.000000   271.350000   271.350000   271.350000   271.350000   271.350000   271.350000   271.350000   271.350000   271.350000   271.350000   271.350000   271.350000   271.350000   271.350000   271.350000   271.350000   271.350000   271.350000   271.350000   271.350000   271.350000   271.350000   271.350000   271.350000   271.350000   271.350000   271.350000   271.350000   271.350000   271.350000   271.350000   271.350000   271.350000   271.350000   271.350000   271.350000   271.350000   271.350000   271.350000   271.350000   271.350000   271.350000   271.350000   271.350000   271.350000   271.350000   271.350000   271.350000   271.350000   271.350000   271.350000   271.350000   271.350000   271.350000   271.350000   271.350000   271.350000   271.350000
     0.000000     0.000000     0.000000     0.000000     0.000000     0.000000     0.000000     0.000000     0.000000     0.000000     0.000000     0.000000     0.000000     0.000000   271.350000   271.350000   271.350000   271.350000   271.350000   271.350000   271.350000   271.350000     0.000000     0.000000     0.000000     0.000000     0.000000     0.000000     0.000000     0.000000   271.350000   271.350000   271.350000     0.000000     0.000000     0.000000     0.000000     0.000000     0.000000     0.000000     0.000000   271.350000   271.350000   271.350000   271.350000   271.350000   271.350000   271.350000     0.000000     0.000000     0.000000     0.000000     0.000000   271.350000   271.350000   271.350000     0.000000     0.000000     0.000000     0.000000     0.000000     0.000000     0.000000     0.000000     0.000000     0.000000     0.000000     0.000000     0.000000     0.000000     0.000000     0.000000     0.000000     0.000000     0.000000     0.000000     0.000000     0.000000     0.000000     0.000000     0.000000     0.000000     0.000000     0.000000     0.000000     0.000000     0.000000     0.000000     0.000000     0.000000     0.000000     0.000000     0.000000     0.000000     0.000000     0.000000     0.000000     0.000000     0.000000     0.000000     0.000000     0.000000     0.000000   271.350000   271.350000   271.350000   271.350000   271.350000   271.350000   271.350000   271.350000   271.350000   271.350000   271.350000   271.350000   271.350000   271.350000   271.350000   271.350000   271.350000   271.350000   271.350000   271.350000   271.350000   271.350000   271.350000   271.350000   271.350000   271.350000   271.350000   271.350000   271.350000   271.350000   271.350000   271.350000   271.350000   271.350000   271.350000   271.350000   271.350000   271.350000   271.350000   271.350000   271.350000   271.350000   271.350000   271.350000   271.350000   271.350000   271.350000   271.350000   271.350000   271.350000   271.350000   271.350000   271.350000   271.350000   271.350000   271.350000   271.350000     0.000000     0.000000
     0.000000     0.000000     0.000000     0.000000     0.000000     0.000000     0.000000     0.000000     0.000000     0.000000     0.000000     0.000000     0.000000   271.350000   271.350000   271.350000   271.350000   271.350000   271.350000   271.350000     0.000000     0.000000     0.000000     0.000000     0.000000     0.000000     0.000000     0.000000     0.000000     0.000000   271.350000   271.350000   271.350000   271.350000     0.000000     0.000000     0.000000     0.000000     0.000000     0.000000     0.000000     0.000000   271.350000   271.350000   271.350000   271.350000   271.350000   271.350000   271.350000     0.000000     0.000000     0.000000   271.350000   271.350000   271.350000   271.350000     0.000000     0.000000     0.000000     0.000000     0.000000     0.000000     0.000000     0.000000     0.000000     0.000000     0.000000     0.000000     0.000000     0.000000     0.000000     0.000000     0.000000     0.000000     0.000000     0.000000     0.000000     0.000000     0.000000     0.000000     0.000000     0.000000     0.000000     0.000000     0.000000     0.000000     0.000000     0.000000     0.000000     0.000000     0.000000     0.000000     0.000000     0.000000     0.000000     0.000000     0.000000     0.000000     0.000000     0.000000     0.000000     0.000000   271.350000   271.350000   271.350000   271.350000   271.350000   271.350000   271.350000   271.350000   271.350000   271.350000   271.350000   271.350000   271.350000   271.350000   271.350000   271.350000   271.350000   271.350000   271.350000   271.350000   271.350000   271.350000   271.350000   271.350000   271.350000   271.350000   271.350000   271.350000   271.350000   271.350000   271.350000   271.350000   271.350000   271.350000   271.350000   271.350000   271.350000   271.350000   271.350000   271.350000   271.350000   271.350000   271.350000   271.350000   271.350000   271.350000   271.350000   271.350000   271.350000   271.350000   271.350000   271.350000   271.350000   271.350000   271.350000   271.350000     0.000000     0.000000     0.000000     0.000000
     0.000000     0.000000     0.000000     0.000000     0.000000     0.000000     0.000000     0.000000     0.000000     0.000000     0.000000     0.000000     0.000000   271.350000   271.350000   271.350000   271.350000   271.350000   271.350000     0.000000     0.000000     0.000000     0.000000     0.000000     0.000000     0.000000     0.000000     0.000000     0.000000     0.000000   271.350000   271.350000   271.350000   271.350000     0.000000     0.000000     0.000000     0.000000     0.000000     0.000000   271.350000   271.350000   271.350000   271.350000   271.350000   271.350000   271.350000   271.350000   271.350000     0.000000     0.000000     0.000000   271.350000   271.350000   271.350000   271.350000     0.000000     0.000000     0.000000     0.000000     0.000000     0.000000     0.000000     0.000000     0.000000     0.000000     0.000000     0.000000     0.000000     0.000000     0.000000     0.000000     0.000000     0.000000     0.000000     0.000000     0.000000     0.000000     0.000000     0.000000     0.000000     0.000000     0.000000     0.000000     0.000000     0.000000     0.000000     0.000000     0.000000     0.000000     0.000000     0.000000     0.000000     0.000000     0.000000     0.000000     0.000000     0.000000     0.000000     0.000000     0.000000   271.350000   271.350000   271.350000   271.350000   271.350000   271.350000   271.350000   271.350000   271.350000   271.350000   271.350000   271.350000   271.350000   271.350000   271.350000   271.350000   271.350000   271.350000   271.350000   271.350000   271.350000   271.350000   271.350000   271.350000   271.350000   271.350000   271.350000   271.350000   271.350000   271.350000   271.350000   271.350000   271.350000   271.350000   271.350000   271.350000   271.350000   271.350000   271.350000   271.350000   271.350000   271.350000   271.350000   271.350000   271.350000   271.350000   271.350000   271.350000   271.350000   271.350000   271.350000   271.350000   271.350000   271.350000   271.350000   271.350000   271.350000     0.000000     0.000000     0.000000     0.000000
     0.000000     0.000000     0.000000     0.000000     0.000000     0.000000     0.000000     0.000000     0.000000     0.000000     0.000000     0.000000     0.000000     0.000000   271.350000   271.350000   271.350000   271.350000     0.000000     0.000000     0.000000     0.000000     0.000000     0.000000     0.000000     0.000000     0.000000     0.000000     0.000000     0.000000   271.350000   271.350000   271.350000   271.350000     0.000000     0.000000     0.000000     0.000000     0.000000   271.350000   271.350000   271.350000   271.350000   271.350000   271.350000   271.350000   271.350000   271.350000   271.350000   271.350000     0.000000     0.000000   271.350000   271.350000   271.350000   271.350000     0.000000     0.000000     0.000000     0.000000     0.000000     0.000000     0.000000     0.000000     0.000000     0.000000     0.000000     0.000000     0.000000     0.000000     0.000000     0.000000     0.000000     0.000000     0.000000     0.000000     0.000000     0.000000     0.000000     0.000000     0.000000     0.000000     0.000000     0.000000     0.000000     0.000000     0.000000     0.000000     0.000000     0.000000     0.000000     0.000000     0.000000     0.000000     0.000000     0.000000     0.000000     0.000000     0.000000     0.000000     0.000000   271.350000   271.350000   271.350000   271.350000   271.350000   271.350000   271.350000   271.350000   271.350000   271.350000   271.350000   271.350000   271.350000   271.350000   271.350000   271.350000   271.350000   271.350000   271.350000   271.350000   271.350000   271.350000   271.350000   271.350000   271.350000   271.350000   271.350000   271.350000   271.350000   271.350000   271.350000   271.350000   271.350000   271.350000   271.350000   271.350000   271.350000   271.350000   271.350000   271.350000   271.350000   271.350000   271.350000   271.350000   271.350000   271.350000   271.350000   271.350000   271.350000   271.350000   271.350000   271.350000   271.350000   271.350000   271.350000   271.350000     0.000000     0.000000     0.000000     0.000000     0.000000
     0.000000     0.000000     0.000000     0.000000     0.000000     0.000000     0.000000     0.000000     0.000000     0.000000     0.000000     0.000000   271.350000   271.350000   271.350000   271.350000   271.350000   271.350000   271.350000     0.000000     0.000000     0.000000     0.000000     0.000000     0.000000     0.000000     0.000000     0.000000     0.000000     0.000000   271.350000   271.350000   271.350000     0.000000     0.000000     0.000000     0.000000     0.000000     0.000000   271.350000   271.350000   271.350000   271.350000     0.000000   271.350000   271.350000   271.350000   271.350000   271.350000   271.350000     0.000000     0.000000   271.350000   271.350000   271.350000   271.350000   271.350000   271.350000     0.000000     0.000000     0.000000     0.000000     0.000000     0.000000     0.000000     0.000000     0.000000     0.000000     0.000000     0.000000     0.000000     0.000000     0.000000     0.000000     0.000000     0.000000     0.000000   271.350000   271.350000   271.350000   271.350000     0.000000     0.000000     0.000000     0.000000     0.000000     0.000000     0.000000     0.000000     0.000000     0.000000     0.000000     0.000000     0.000000     0.000000     0.000000     0.000000     0.000000     0.000000     0.000000     0.000000   271.350000   271.350000   271.350000   271.350000   271.350000   271.350000   271.350000   271.350000   271.350000   271.350000   271.350000   271.350000   271.350000   271.350000   271.350000   271.350000   271.350000   271.350000   271.350000   271.350000   271.350000   271.350000   271.350000   271.350000   271.350000   271.350000   271.350000   271.350000   271.350000   271.350000   271.350000   271.350000   271.350000   271.350000   271.350000   271.350000   271.350000   271.350000   271.350000   271.350000   271.350000   271.350000   271.350000   271.350000   271.350000   271.350000   271.350000   271.350000   271.350000   271.350000   271.350000   271.350000   271.350000   271.350000   271.350000     0.000000     0.000000     0.000000     0.000000     0.000000     0.000000
     0.000000     0.000000     0.000000     0.000000     0.000000     0.000000     0.000000     0.000000     0.000000     0.000000     0.000000     0.000000   271.350000   271.350000   271.350000   271.350000   271.350000   271.350000   271.350000     0.000000     0.000000     0.000000     0.000000     0.000000     0.000000     0.000000     0.000000     0.000000     0.000000     0.000000   271.350000   271.350000   271.350000   271.350000     0.000000     0.000000     0.000000     0.000000     0.000000     0.000000   271.350000   271.350000     0.000000     0.000000     0.000000   271.350000   271.350000   271.350000   271.350000   271.350000     0.000000   271.350000   271.350000   271.350000   271.350000   271.350000   271.350000   271.350000   271.350000     0.000000     0.000000     0.000000     0.000000     0.000000     0.000000     0.000000     0.000000     0.000000     0.000000     0.000000     0.000000     0.000000     0.000000     0.000000     0.000000     0.000000   271.350000   271.350000   271.350000   271.350000   271.350000   271.350000     0.000000     0.000000     0.000000     0.000000     0.000000     0.000000     0.000000     0.000000     0.000000     0.000000     0.000000     0.000000     0.000000     0.000000     0.000000     0.000000     0.000000     0.000000     0.000000   271.350000   271.350000   271.350000   271.350000   271.350000   271.350000   271.350000   271.350000   271.350000   271.350000   271.350000   271.350000   271.350000   271.350000   271.350000   271.350000   271.350000   271.350000   271.350000   271.350000   271.350000   271.350000   271.350000   271.350000   271.350000   271.350000   271.350000   271.350000   271.350000   271.350000   271.350000   271.350000   271.350000   271.350000   271.350000   271.350000   271.350000   271.350000   271.350000   271.350000   271.350000   271.350000   271.350000   271.350000   271.350000   271.350000   271.350000   271.350000   271.350000   271.350000   271.350000   271.350000   271.350000   271.350000     0.000000     0.000000     0.000000     0.000000     0.000000     0.000000     0.000000
     0.000000     0.000000     0.000000     0.000000     0.000000     0.000000     0.000000     0.000000     0.000000     0.000000     0.000000     0.000000     0.000000   271.350000   271.350000   271.350000   271.350000   271.350000   271.350000   271.350000     0.000000     0.000000     0.000000     0.000000     0.000000     0.000000     0.000000     0.000000     0.000000     0.000000   271.350000   271.350000   271.350000   271.350000     0.000000     0.000000     0.000000     0.000000     0.000000     0.000000   271.350000   271.350000     0.000000     0.000000     0.000000     0.000000     0.000000   271.350000   271.350000   271.350000   271.350000   271.350000   271.350000   271.350000   271.350000   271.350000   271.350000   271.350000   271.350000   271.350000   271.350000     0.000000     0.000000     0.000000     0.000000     0.000000     0.000000     0.000000     0.000000     0.000000     0.000000     0.000000     0.000000     0.000000   271.350000   271.350000   271.350000   271.350000   271.350000   271.350000   271.350000   271.350000     0.000000     0.000000     0.000000     0.000000     0.000000     0.000000     0.000000     0.000000     0.000000     0.000000     0.000000     0.000000     0.000000     0.000000     0.000000     0.000000     0.000000     0.000000   271.350000   271.350000   271.350000   271.350000   271.350000   271.350000   271.350000   271.350000   271.350000   271.350000   271.350000   271.350000   271.350000   271.350000   271.350000   271.350000   271.350000   271.350000   271.350000   271.350000   271.350000   271.350000   271.350000   271.350000   271.350000   271.350000   271.350000   271.350000   271.350000   271.350000   271.350000   271.350000   271.350000   271.350000   271.350000   271.350000   271.350000   271.350000   271.350000   271.350000   271.350000   271.350000   271.350000   271.350000   271.350000   271.350000   271.350000   271.350000   271.350000   271.350000   271.350000   271.350000   271.350000   271.350000     0.000000     0.000000     0.000000     0.000000     0.000000     0.000000     0.000000     0.000000
     0.000000     0.000000     0.000000     0.000000     0.000000     0.000000     0.000000     0.000000     0.000000     0.000000     0.000000     0.000000     0.000000     0.000000   271.350000   271.350000   271.350000   271.350000   271.350000   271.350000   271.350000   271.350000   271.350000     0.000000     0.000000     0.000000     0.000000     0.000000     0.000000   271.350000   271.350000   271.350000   271.350000   271.350000   271.350000     0.000000     0.000000     0.000000     0.000000     0.000000     0.000000     0.000000     0.000000   271.350000   271.350000     0.000000   271.350000   271.350000   271.350000   271.350000   271.350000   271.350000   271.350000   271.350000   271.350000   271.350000   271.350000   271.350000   271.350000   271.350000   271.350000   271.350000   271.350000   271.350000   271.350000   271.350000   271.350000     0.000000     0.000000     0.000000     0.000000     0.000000     0.000000   271.350000   271.350000   271.350000   271.350000   271.350000   271.350000   271.350000   271.350000   271.350000   271.350000     0.000000     0.000000     0.000000     0.000000     0.000000     0.000000     0.000000     0.000000     0.000000     0.000000     0.000000     0.000000     0.000000     0.000000     0.000000     0.000000     0.000000   271.350000   271.350000   271.350000   271.350000   271.350000   271.350000   271.350000   271.350000   271.350000   271.350000   271.350000   271.350000   271.350000   271.350000   271.350000   271.350000   271.350000   271.350000   271.350000   271.350000   271.350000   271.350000   271.350000   271.350000   271.350000   271.350000   271.350000   271.350000   271.350000   271.350000   271.350000   271.350000   271.350000   271.350000   271.350000   271.350000   271.350000   271.350000   271.350000   271.350000   271.350000   271.350000   271.350000   271.350000   271.350000   271.350000   271.350000   271.350000   271.350000   271.350000   271.350000   271.350000   271.350000   271.350000     0.000000     0.000000     0.000000     0.000000     0.000000     0.000000     0.000000     0.000000
     0.000000     0.000000     0.000000     0.000000     0.000000     0.000000     0.000000     0.000000     0.000000     0.000000     0.000000     0.000000     0.000000   271.350000   271.350000   271.350000   271.350000   271.350000   271.350000   271.350000   271.350000   271.350000   271.350000   271.350000   271.350000   271.350000   271.350000     0.000000   271.350000   271.350000   271.350000   271.350000   271.350000   271.350000   271.350000     0.000000     0.000000     0.000000     0.000000     0.000000     0.000000   271.350000   271.350000   271.350000   271.350000   271.350000   271.350000   271.350000   271.350000   271.350000   271.350000   271.350000   271.350000   271.350000   271.350000   271.350000   271.350000   271.350000   271.350000   271.350000   271.350000   271.350000   271.350000   271.350000   271.350000   271.350000   271.350000   271.350000   271.350000   271.350000   271.350000   271.350000   271.350000   271.350000   271.350000   271.350000   271.350000   271.350000   271.350000   271.350000   271.350000   271.350000   271.350000   271.350000   271.350000     0.000000     0.000000     0.000000     0.000000     0.000000     0.000000     0.000000     0.000000     0.000000     0.000000   271.350000   271.350000     0.000000     0.000000     0.000000   271.350000   271.350000   271.350000   271.350000   271.350000   271.350000   271.350000   271.350000   271.350000   271.350000   271.350000   271.350000   271.350000   271.350000   271.350000   271.350000   271.350000   271.350000   271.350000   271.350000   271.350000   271.350000   271.350000   271.350000   271.350000   271.350000   271.350000   271.350000   271.350000   271.350000   271.350000   271.350000   271.350000   271.350000   271.350000   271.350000   271.350000   271.350000   271.350000   271.350000   271.350000   271.350000   271.350000   271.350000   271.350000   271.350000   271.350000   271.350000   271.350000     0.000000     0.000000     0.000000     0.000000     0.000000     0.000000     0.000000     0.000000     0.000000     0.000000     0.000000     0.000000     0.000000
     0.000000     0.000000     0.000000     0.000000     0.000000     0.000000     0.000000     0.000000     0.000000     0.000000     0.000000     0.000000   271.350000   271.350000   271.350000   271.350000   271.350000   271.350000   271.350000   271.350000   271.350000   271.350000   271.350000   271.350000   271.350000   271.350000   271.350000   271.350000   271.350000   271.350000   271.350000   271.350000   271.350000   271.350000     0.000000     0.000000     0.000000     0.000000     0.000000   271.350000   271.350000   271.350000   271.350000   271.350000   271.350000   271.350000   271.350000   271.350000   271.350000   271.350000   271.350000   271.350000   271.350000   271.350000   271.350000   271.350000   271.350000   271.350000   271.350000   271.350000   271.350000   271.350000   271.350000   271.350000   271.350000   271.350000   271.350000   271.350000   271.350000   271.350000   271.350000   271.350000   271.350000   271.350000   271.350000   271.350000   271.350000   271.350000   271.350000   271.350000   271.350000   271.350000   271.350000   271.350000   271.350000     0.000000     0.000000     0.000000     0.000000     0.000000     0.000000     0.000000     0.000000     0.000000   271.350000   271.350000   271.350000   271.350000     0.000000     0.000000   271.350000   271.350000   271.350000   271.350000   271.350000   271.350000   271.350000   271.350000   271.350000   271.350000   271.350000   271.350000   271.350000   271.350000   271.350000   271.350000   271.350000   271.350000   271.350000   271.350000   271.350000   271.350000   271.350000   271.350000   271.350000   271.350000   271.350000   271.350000   271.350000   271.350000   271.350000   271.350000   271.350000   271.350000   271.350000   271.350000   271.350000   271.350000   271.350000   271.350000   271.350000   271.350000   271.350000   271.350000   271.350000   271.350000   271.350000   271.350000   271.350000     0.000000     0.000000     0.000000     0.000000     0.000000     0.000000     0.000000     0.000000     0.000000     0.000000     0.000000     0.000000     0.000000
     0.000000     0.000000     0.000000     0.000000     0.000000     0.000000     0.000000     0.000000     0.000000     0.000000     0.000000   271.350000   271.350000   271.350000   271.350000   271.350000   271.350000   271.350000   271.350000   271.350000   271.350000   271.350000   271.350000   271.350000   271.350000   271.350000   271.350000   271.350000   271.350000   271.350000   271.350000   271.350000   271.350000   271.350000     0.000000   271.350000   271.350000   271.350000   271.350000   271.350000   271.350000   271.350000   271.350000   271.350000   271.350000   271.350000   271.350000   271.350000   271.350000   271.350000   271.350000   271.350000   271.350000   271.350000   271.350000   271.350000   271.350000   271.350000   271.350000   271.350000   271.350000   271.350000   271.350000   271.350000   271.350000   271.350000   271.350000   271.350000   271.350000   271.350000   271.350000   271.350000   271.350000   271.350000   271.350000   271.350000   271.350000   271.350000   271.350000   271.350000   271.350000   271.350000   271.350000   271.350000   271.350000   271.350000     0.000000     0.000000     0.000000     0.000000     0.000000     0.000000     0.000000     0.000000   271.350000   271.350000   271.350000   271.350000   271.350000   271.350000   271.350000   271.350000   271.350000   271.350000   271.350000   271.350000   271.350000   271.350000   271.350000   271.350000   271.350000   271.350000   271.350000   271.350000   271.350000   271.350000   271.350000   271.350000   271.350000   271.350000   271.350000   271.350000   271.350000   271.350000   271.350000   271.350000   271.350000   271.350000   271.350000   271.350000   271.350000   271.350000   271.350000   271.350000   271.350000   271.350000   271.350000   271.350000   271.350000   271.350000   271.350000   271.350000   271.350000   271.350000   271.350000   271.350000   271.350000   271.350000     0.000000     0.000000     0.000000     0.000000     0.000000     0.000000     0.000000     0.000000     0.000000     0.000000     0.000000     0.000000     0.000000     0.000000
     0.000000     0.000000     0.000000     0.000000     0.000000     0.000000     0.000000     0.000000     0.000000     0.000000   271.350000   271.350000   271.350000   271.350000   271.350000   271.350000   271.350000   271.350000   271.350000   271.350000   271.350000   271.350000   271.350000   271.350000   271.350000   271.350000   271.350000   271.350000   271.350000   271.350000   271.350000   271.350000   271.350000   271.350000   271.350000   271.350000   271.350000   271.350000   271.350000   271.350000   271.350000   271.350000   271.350000   271.350000   271.350000   271.350000   271.350000   271.350000   271.350000   271.350000   271.350000   271.350000   271.350000   271.350000   271.350000   271.350000   271.350000   271.350000   271.350000   271.350000   271.350000   271.350000   271.350000   271.350000   271.350000   271.350000   271.350000   271.350000   271.350000   271.350000   271.350000   271.350000   271.350000   271.350000   271.350000   271.350000   271.350000   271.350000   271.350000   271.350000   271.350000   271.350000   271.350000   271.350000   271.350000   271.350000   271.350000   271.350000   271.350000     0.000000   271.350000   271.350000   271.350000   271.350000   271.350000   271.350000   271.350000   271.350000   271.350000   271.350000   271.350000   271.350000   271.350000   271.350000   271.350000   271.350000   271.350000   271.350000   271.350000   271.350000   271.350000   271.350000   271.350000   271.350000   271.350000   271.350000   271.350000   271.350000   271.350000   271.350000   271.350000   271.350000   271.350000   271.350000   271.350000   271.350000   271.350000   271.350000   271.350000   271.350000   271.350000   271.350000   271.350000   271.350000   271.350000   271.350000   271.350000   271.350000   271.350000   271.350000   271.350000   271.350000   271.350000   271.350000   271.350000   271.350000   271.350000   271.350000     0.000000     0.000000     0.000000     0.000000     0.000000     0.000000     0.000000     0.000000     0.000000     0.000000     0.000000     0.000000     0.000000     0.000000
     0.000000     0.000000     0.000000     0.000000     0.000000     0.000000     0.000000     0.000000     0.000000   271.350000   271.350000   271.350000   271.350000   271.350000   271.350000   271.350000   271.350000   271.350000   271.350000   271.350000   271.350000   271.350000   271.350000   271.350000   271.350000   271.350000   271.350000   271.350000   271.350000   271.350000   271.350000   271.350000   271.350000   271.350000   271.350000   271.350000   271.350000   271.350000   271.350000   271.350000   271.350000   271.350000   271.350000   271.350000   271.350000   271.350000   271.350000   271.350000   271.350000   271.350000   271.350000   271.350000   271.350000   271.350000   271.350000   271.350000   271.350000   271.350000   271.350000   271.350000   271.350000   271.350000   271.350000   271.350000   271.350000   271.350000   271.350000   271.350000   271.350000   271.350000   271.350000   271.350000   271.350000   271.350000   271.350000   271.350000   271.350000   271.350000   271.350000   271.350000   271.350000   271.350000   271.350000   271.350000   271.350000   271.350000   271.350000   271.350000   271.350000   271.350000   271.350000   271.350000   271.350000   271.350000   271.350000   271.350000   271.350000   271.350000   271.350000   271.350000   271.350000   271.350000   271.350000   271.350000   271.350000   271.350000   271.350000   271.350000   271.350000   271.350000   271.350000   271.350000   271.350000   271.350000   271.350000   271.350000   271.350000   271.350000   271.350000   271.350000   271.350000   271.350000   271.350000   271.350000   271.350000   271.350000   271.350000   271.350000   271.350000   271.350000   271.350000   271.350000   271.350000   271.350000   271.350000   271.350000   271.350000   271.350000   271.350000   271.350000   271.350000   271.350000   271.350000   271.350000   271.350000   271.350000   271.350000   271.350000     0.000000     0.000000     0.000000     0.000000     0.000000     0.000000     0.000000     0.000000     0.000000     0.000000     0.000000     0.000000     0.000000     0.000000
     0.000000     0.000000     0.000000     0.000000     0.000000     0.000000     0.000000     0.000000     0.000000   271.350000   271.350000   271.350000   271.350000   271.350000   271.350000   271.350000   271.350000   271.350000   271.350000   271.350000   271.350000   271.350000   271.350000   271.350000   271.350000   271.350000   271.350000   271.350000   271.350000   271.350000   271.350000   271.350000   271.350000   271.350000   271.350000   271.350000   271.350000   271.350000   271.350000   271.350000   271.350000   271.350000   271.350000   271.350000   271.350000   271.350000   271.350000   271.350000   271.350000   271.350000   271.350000   271.350000   271.350000   271.350000   271.350000   271.350000   271.350000   271.350000   271.350000   271.350000   271.350000   271.350000   271.350000   271.350000   271.350000   271.350000   271.350000   271.350000   271.350000   271.350000   271.350000   271.350000   271.350000   271.350000   271.350000   271.350000   271.350000   271.350000   271.350000   271.350000   271.350000   271.350000   271.350000   271.350000   271.350000   271.350000   271.350000   271.350000   271.350000   271.350000   271.350000   271.350000   271.350000   271.350000   271.350000   271.350000   271.350000   271.350000   271.350000   271.350000   271.350000   271.350000   271.350000   271.350000   271.350000   271.350000   271.350000   271.350000   271.350000   271.350000   271.350000   271.350000   271.350000   271.350000   271.350000   271.350000   271.350000   271.350000   271.350000   271.350000   271.350000   271.350000   271.350000   271.350000   271.350000   271.350000   271.350000   271.350000   271.350000   271.350000   271.350000   271.350000   271.350000   271.350000   271.350000   271.350000   271.350000   271.350000   271.350000   271.350000   271.350000   271.350000   271.350000   271.350000   271.350000   271.350000   271.350000   271.350000     0.000000     0.000000     0.000000     0.000000     0.000000     0.000000     0.000000     0.000000     0.000000     0.000000     0.000000     0.000000     0.000000     0.000000
     0.000000     0.000000     0.000000     0.000000     0.000000     0.000000     0.000000     0.000000   271.350000   271.350000   271.350000   271.350000   271.350000   271.350000   271.350000   271.350000   271.350000   271.350000   271.350000   271.350000   271.350000   271.350000   271.350000   271.350000   271.350000   271.350000   271.350000   271.350000   271.350000   271.350000   271.350000   271.350000   271.350000   271.350000   271.350000   271.350000   271.350000   271.350000   271.350000   271.350000   271.350000   271.350000   271.350000   271.350000   271.350000   271.350000   271.350000   271.350000   271.350000   271.350000   271.350000   271.350000   271.350000   271.350000   271.350000   271.350000   271.350000   271.350000   271.350000   271.350000   271.350000   271.350000   271.350000   271.350000   271.350000   271.350000   271.350000   271.350000   271.350000   271.350000   271.350000   271.350000   271.350000   271.350000   271.350000   271.350000   271.350000   271.350000   271.350000   271.350000   271.350000   271.350000   271.350000   271.350000   271.350000   271.350000   271.350000   271.350000   271.350000   271.350000   271.350000   271.350000   271.350000   271.350000   271.350000   271.350000   271.350000   271.350000   271.350000   271.350000   271.350000   271.350000   271.350000   271.350000   271.350000   271.350000   271.350000   271.350000   271.350000   271.350000   271.350000   271.350000   271.350000   271.350000   271.350000   271.350000   271.350000   271.350000   271.350000   271.350000   271.350000   271.350000   271.350000   271.350000   271.350000   271.350000   271.350000   271.350000   271.350000   271.350000   271.350000   271.350000   271.350000   271.350000   271.350000   271.350000   271.350000   271.350000   271.350000   271.350000   271.350000   271.350000   271.350000   271.350000   271.350000   271.350000   271.350000     0.000000     0.000000     0.000000     0.000000     0.000000     0.000000     0.000000     0.000000     0.000000     0.000000     0.000000     0.000000     0.000000     0.000000     0.000000
     0.000000     0.000000     0.000000     0.000000     0.000000     0.000000     0.000000     0.000000   271.350000   271.350000   271.350000   271.350000   271.350000   271.350000   271.350000   271.350000   271.350000   271.350000   271.350000   271.350000   271.350000   271.350000   271.350000   271.350000   271.350000   271.350000   271.350000   271.350000   271.350000   271.350000   271.350000   271.350000   271.350000   271.350000   271.350000   271.350000   271.350000   271.350000   271.350000   271.350000   271.350000   271.350000   271.350000   271.350000   271.350000   271.350000   271.350000   271.350000   271.350000   271.350000   271.350000   271.350000   271.350000   271.350000   271.350000   271.350000   271.350000   271.350000   271.350000   271.350000   271.350000   271.350000   271.350000   271.350000   271.350000   271.350000   271.350000   271.350000   271.350000   271.350000   271.350000   271.350000   271.350000   271.350000   271.350000   271.350000   271.350000   271.350000   271.350000   271.350000   271.350000   271.350000   271.350000   271.350000   271.350000   271.350000   271.350000   271.350000   271.350000   271.350000   271.350000   271.350000   271.350000   271.350000   271.350000   271.350000   271.350000   271.350000   271.350000   271.350000   271.350000   271.350000   271.350000   271.350000   271.350000   271.350000   271.350000   271.350000   271.350000   271.350000   271.350000   271.350000   271.350000   271.350000   271.350000   271.350000   271.350000   271.350000   271.350000   271.350000   271.350000   271.350000   271.350000   271.350000   271.350000   271.350000   271.350000   271.350000   271.350000   271.350000   271.350000   271.350000   271.350000   271.350000   271.350000   271.350000   271.350000   271.350000   271.350000   271.350000   271.350000   271.350000   271.350000   271.350000   271.350000   271.350000     0.000000     0.000000     0.000000     0.000000     0.000000     0.000000     0.000000     0.000000     0.000000     0.000000     0.000000     0.000000     0.000000     0.000000     0.000000     0.000000
     0.000000     0.000000     0.000000     0.000000     0.000000   271.350000   271.350000   271.350000   271.350000   271.350000   271.350000   271.350000   271.350000   271.350000   271.350000   271.350000   271.350000   271.350000   271.350000   271.350000   271.350000   271.350000   271.350000   271.350000   271.350000   271.350000   271.350000   271.350000   271.350000   271.350000   271.350000   271.350000   271.350000   271.350000   271.350000   271.350000   271.350000   271.350000   271.350000   271.350000   271.350000   271.350000   271.350000   271.350000   271.350000   271.350000   271.350000   271.350000   271.350000   271.350000   271.350000   271.350000   271.350000   271.350000   271.350000   271.350000   271.350000   271.350000   271.350000   271.350000   271.350000   271.350000   271.350000   271.350000   271.350000   271.350000   271.350000   271.350000   271.350000   271.350000   271.350000   271.350000   271.350000   271.350000   271.350000   271.350000   271.350000   271.350000   271.350000   271.350000   271.350000   271.350000   271.350000   271.350000   271.350000   271.350000   271.350000   271.350000   271.350000   271.350000   271.350000   271.350000   271.350000   271.350000   271.350000   271.350000   271.350000   271.350000   271.350000   271.350000   271.350000   271.350000   271.350000   271.350000   271.350000   271.350000   271.350000   271.350000   271.350000   271.350000   271.350000   271.350000   271.350000   271.350000   271.350000   271.350000   271.350000   271.350000   271.350000   271.350000   271.350000   271.350000   271.350000   271.350000   271.350000   271.350000   271.350000   271.350000   271.350000   271.350000   271.350000   271.350000   271.350000   271.350000   271.350000   271.350000   271.350000   271.350000   271.350000   271.350000   271.350000   271.350000   271.350000   271.350000   271.350000   271.350000     0.000000     0.000000     0.000000     0.000000     0.000000     0.000000     0.000000     0.000000     0.000000     0.000000     0.000000     0.000000     0.000000     0.000000     0.000000     0.000000
     0.000000     0.000000     0.000000     0.000000     0.000000   271.350000   271.350000   271.350000   271.350000   271.350000   271.350000   271.350000   271.350000   271.350000   271.350000   271.350000   271.350000   271.350000   271.350000   271.350000   271.350000   271.350000   271.350000   271.350000   271.350000   271.350000   271.350000   271.350000   271.350000   271.350000   271.350000   271.350000   271.350000   271.350000   271.350000   271.350000   271.350000   271.350000   271.350000   271.350000   271.350000   271.350000   271.350000   271.350000   271.350000   271.350000   271.350000   271.350000   271.350000   271.350000   271.350000   271.350000   271.350000   271.350000   271.350000   271.350000   271.350000   271.350000   271.350000   271.350000   271.350000   271.350000   271.350000   271.350000   271.350000   271.350000   271.350000   271.350000   271.350000   271.350000   271.350000   271.350000   271.350000   271.350000   271.350000   271.350000   271.350000   271.350000   271.350000   271.350000   271.350000   271.350000   271.350000   271.350000   271.350000   271.350000   271.350000   271.350000   271.350000   271.350000   271.350000   271.350000   271.350000   271.350000   271.350000   271.350000   271.350000   271.350000   271.350000   271.350000   271.350000   271.350000   271.350000   271.350000   271.350000   271.350000   271.350000   271.350000   271.350000   271.350000   271.350000   271.350000   271.350000   271.350000   271.350000   271.350000   271.350000   271.350000   271.350000     0.000000     0.000000   271.350000   271.350000   271.350000   271.350000   271.350000   271.350000   271.350000   271.350000   271.350000   271.350000   271.350000   271.350000   271.350000   271.350000   271.350000   271.350000   271.350000   271.350000   271.350000   271.350000   271.350000   271.350000   271.350000   271.350000   271.350000     0.000000     0.000000     0.000000     0.000000     0.000000     0.000000     0.000000     0.000000     0.000000     0.000000     0.000000     0.000000     0.000000     0.000000     0.000000     0.000000
     0.000000     0.000000     0.000000     0.000000     0.000000     0.000000   271.350000   271.350000   271.350000   271.350000   271.350000   271.350000   271.350000   271.350000   271.350000   271.350000   271.350000   271.350000   271.350000   271.350000   271.350000   271.350000   271.350000   271.350000   271.350000   271.350000   271.350000   271.350000   271.350000   271.350000   271.350000   271.350000   271.350000   271.350000   271.350000   271.350000   271.350000   271.350000   271.350000   271.350000   271.350000   271.350000   271.350000   271.350000   271.350000   271.350000   271.350000   271.350000   271.350000   271.350000   271.350000   271.350000   271.350000   271.350000   271.350000   271.350000   271.350000   271.350000   271.350000   271.350000   271.350000   271.350000   271.350000   271.350000   271.350000   271.350000   271.350000   271.350000   271.350000   271.350000   271.350000   271.350000   271.350000   271.350000   271.350000   271.350000   271.350000   271.350000   271.350000   271.350000   271.350000   271.350000   271.350000   271.350000   271.350000   271.350000   271.350000   271.350000   271.350000   271.350000   271.350000   271.350000   271.350000   271.350000   271.350000   271.350000   271.350000   271.350000   271.350000   271.350000   271.350000   271.350000   271.350000   271.350000   271.350000   271.350000   271.350000   271.350000   271.350000   271.350000   271.350000     0.000000     0.000000     0.000000     0.000000     0.000000     0.000000     0.000000     0.000000     0.000000     0.000000     0.000000     0.000000   271.350000   271.350000   271.350000   271.350000   271.350000   271.350000   271.350000   271.350000   271.350000   271.350000   271.350000   271.350000   271.350000   271.350000   271.350000   271.350000   271.350000   271.350000   271.350000   271.350000   271.350000   271.350000   271.350000     0.000000     0.000000     0.000000     0.000000     0.000000     0.000000     0.000000     0.000000     0.000000     0.000000     0.000000     0.000000     0.000000     0.000000     0.000000     0.000000
     0.000000     0.000000     0.000000     0.000000     0.000000     0.000000     0.000000   271.350000   271.350000   271.350000   271.350000   271.350000   271.350000   271.350000   271.350000   271.350000   271.350000   271.350000   271.350000   271.350000   271.350000   271.350000   271.350000   271.350000   271.350000   271.350000   271.350000   271.350000   271.350000   271.350000   271.350000   271.350000   271.350000   271.350000   271.350000   271.350000   271.350000   271.350000   271.350000   271.350000   271.350000   271.350000   271.350000   271.350000   271.350000   271.350000   271.350000   271.350000   271.350000   271.350000   271.350000   271.350000   271.350000   271.350000   271.350000   271.350000   271.350000   271.350000   271.350000   271.350000   271.350000   271.350000   271.350000   271.350000   271.350000   271.350000   271.350000   271.350000   271.350000   271.350000   271.350000   271.350000   271.350000   271.350000   271.350000   271.350000   271.350000   271.350000   271.350000   271.350000   271.350000   271.350000   271.350000   271.350000   271.350000   271.350000   271.350000   271.350000   271.350000   271.350000   271.350000   271.350000   271.350000   271.350000   271.350000   271.350000   271.350000   271.350000   271.350000   271.350000   271.350000   271.350000   271.350000   271.350000   271.350000   271.350000   271.350000   271.350000   271.350000   271.350000   271.350000   271.350000     0.000000     0.000000     0.000000     0.000000     0.000000     0.000000     0.000000     0.000000     0.000000     0.000000   271.350000   271.350000   271.350000   271.350000   271.350000   271.350000   271.350000   271.350000   271.350000   271.350000   271.350000   271.350000   271.350000   271.350000   271.350000   271.350000   271.350000   271.350000   271.350000   271.350000   271.350000   271.350000   271.350000   271.350000     0.000000     0.000000     0.000000     0.000000     0.000000     0.000000     0.000000     0.000000     0.000000     0.000000     0.000000     0.000000     0.000000     0.000000     0.000000     0.000000
     0.000000     0.000000     0.000000     0.000000     0.000000     0.000000     0.000000   271.350000   271.350000   271.350000   271.350000   271.350000   271.350000   271.350000   271.350000   271.350000   271.350000   271.350000   271.350000   271.350000   271.350000   271.350000   271.350000   271.350000   271.350000   271.350000   271.350000   271.350000   271.350000   271.350000   271.350000   271.350000   271.350000   271.350000   271.350000   271.350000   271.350000   271.350000   271.350000   271.350000   271.350000   271.350000   271.350000   271.350000   271.350000   271.350000   271.350000   271.350000   271.350000   271.350000   271.350000   271.350000   271.350000   271.350000   271.350000   271.350000   271.350000   271.350000   271.350000   271.350000   271.350000   271.350000   271.350000   271.350000   271.350000   271.350000   271.350000   271.350000   271.350000   271.350000   271.350000   271.350000   271.350000   271.350000   271.350000   271.350000   271.350000   271.350000   271.350000   271.350000   271.350000   271.350000   271.350000   271.350000   271.350000   271.350000   271.350000   271.350000   271.350000   271.350000   271.350000   271.350000   271.350000   271.350000   271.350000   271.350000   271.350000   271.350000   271.350000   271.350000   271.350000   271.350000   271.350000   271.350000   271.350000   271.350000   271.350000   271.350000   271.350000   271.350000   271.350000   271.350000     0.000000     0.000000     0.000000     0.000000     0.000000     0.000000     0.000000     0.000000   271.350000   271.350000   271.350000   271.350000   271.350000   271.350000   271.350000   271.350000   271.350000   271.350000   271.350000   271.350000   271.350000   271.350000   271.350000   271.350000   271.350000   271.350000   271.350000   271.350000   271.350000   271.350000   271.350000   271.350000   271.350000     0.000000     0.000000     0.000000     0.000000     0.000000     0.000000     0.000000     0.000000     0.000000     0.000000     0.000000     0.000000     0.000000     0.000000     0.000000     0.000000     0.000000
     0.000000     0.000000     0.000000     0.000000     0.000000     0.000000     0.000000   271.350000   271.350000   271.350000   271.350000   271.350000   271.350000   271.350000   271.350000   271.350000   271.350000   271.350000   271.350000   271.350000   271.350000   271.350000   271.350000   271.350000   271.350000   271.350000   271.350000   271.350000   271.350000   271.350000   271.350000   271.350000   271.350000   271.350000   271.350000   271.350000   271.350000   271.350000   271.350000   271.350000   271.350000   271.350000   271.350000   271.350000   271.350000   271.350000   271.350000   271.350000   271.350000   271.350000   271.350000   271.350000   271.350000   271.350000   271.350000   271.350000   271.350000   271.350000   271.350000   271.350000   271.350000   271.350000   271.350000   271.350000   271.350000   271.350000   271.350000   271.350000   271.350000   271.350000   271.350000   271.350000   271.350000   271.350000   271.350000   271.350000   271.350000   271.350000   271.350000   271.350000   271.350000   271.350000   271.350000   271.350000   271.350000   271.350000   271.350000   271.350000   271.350000   271.350000   271.350000   271.350000   271.350000   271.350000   271.350000   271.350000   271.350000   271.350000   271.350000   271.350000   271.350000   271.350000   271.350000   271.350000   271.350000   271.350000   271.350000   271.350000   271.350000   271.350000   271.350000     0.000000     0.000000     0.000000     0.000000     0.000000     0.000000     0.000000     0.000000   271.350000   271.350000   271.350000   271.350000   271.350000   271.350000   271.350000   271.350000   271.350000   271.350000   271.350000   271.350000   271.350000   271.350000   271.350000   271.350000   271.350000   271.350000   271.350000   271.350000   271.350000   271.350000   271.350000   271.350000   271.350000   271.350000     0.000000     0.000000     0.000000     0.000000     0.000000     0.000000     0.000000     0.000000     0.000000     0.000000     0.000000     0.000000     0.000000     0.000000     0.000000     0.000000     0.000000
     0.000000     0.000000     0.000000     0.000000     0.000000     0.000000     0.000000   271.350000   271.350000   271.350000   271.350000   271.350000   271.350000   271.350000   271.350000   271.350000   271.350000   271.350000   271.350000   271.350000   271.350000   271.350000   271.350000   271.350000   271.350000   271.350000   271.350000   271.350000   271.350000   271.350000   271.350000   271.350000   271.350000   271.350000   271.350000   271.350000   271.350000   271.350000   271.350000   271.350000   271.350000   271.350000   271.350000   271.350000   271.350000   271.350000   271.350000   271.350000   271.350000   271.350000   271.350000   271.350000   271.350000   271.350000   271.350000   271.350000   271.350000   271.350000   271.350000   271.350000   271.350000   271.350000   271.350000   271.350000   271.350000   271.350000   271.350000   271.350000   271.350000   271.350000   271.350000   271.350000   271.350000   271.350000   271.350000   271.350000   271.350000   271.350000   271.350000   271.350000   271.350000   271.350000   271.350000   271.350000   271.350000   271.350000   271.350000   271.350000   271.350000   271.350000   271.350000   271.350000   271.350000   271.350000   271.350000   271.350000   271.350000   271.350000   271.350000   271.350000   271.350000   271.350000   271.350000   271.350000   271.350000   271.350000   271.350000   271.350000   271.350000   271.350000   271.350000     0.000000     0.000000     0.000000     0.000000     0.000000     0.000000     0.000000     0.000000   271.350000   271.350000   271.350000   271.350000   271.350000   271.350000   271.350000   271.350000   271.350000   271.350000   271.350000   271.350000   271.350000   271.350000   271.350000   271.350000   271.350000   271.350000   271.350000   271.350000   271.350000   271.350000   271.350000   271.350000   271.350000     0.000000     0.000000     0.000000     0.000000     0.000000     0.000000     0.000000     0.000000     0.000000     0.000000     0.000000     0.000000     0.000000     0.000000     0.000000     0.000000     0.000000     0.000000
     0.000000     0.000000     0.000000     0.000000     0.000000     0.000000     0.000000   271.350000   271.350000   271.350000   271.350000   271.350000   271.350000   271.350000   271.350000   271.350000   271.350000   271.350000   271.350000   271.350000   271.350000   271.350000   271.350000   271.350000   271.350000   271.350000   271.350000   271.350000   271.350000   271.350000   271.350000   271.350000   271.350000   271.350000   271.350000   271.350000   271.350000   271.350000   271.350000   271.350000   271.350000   271.350000   271.350000   271.350000   271.350000   271.350000   271.350000   271.350000   271.350000   271.350000   271.350000   271.350000   271.350000   271.350000   271.350000   271.350000   271.350000   271.350000   271.350000   271.350000   271.350000   271.350000   271.350000   271.350000   271.350000   271.350000   271.350000   271.350000   271.350000   271.350000   271.350000   271.350000   271.350000   271.350000   271.350000   271.350000   271.350000   271.350000   271.350000   271.350000   271.350000   271.350000   271.350000   271.350000   271.350000   271.350000   271.350000   271.350000   271.350000   271.350000   271.350000   271.350000   271.350000   271.350000   271.350000   271.350000   271.350000   271.350000   271.350000   271.350000   271.350000   271.350000   271.350000   271.350000   271.350000   271.350000   271.350000   271.350000   271.350000   271.350000   271.350000     0.000000     0.000000     0.000000     0.000000     0.000000     0.000000     0.000000     0.000000     0.000000     0.000000   271.350000   271.350000   271.350000   271.350000   271.350000   271.350000   271.350000   271.350000   271.350000   271.350000   271.350000   271.350000   271.350000   271.350000   271.350000   271.350000   271.350000   271.350000   271.350000   271.350000   271.350000   271.350000   271.350000   271.350000     0.000000     0.000000     0.000000     0.000000     0.000000     0.000000     0.000000     0.000000     0.000000     0.000000     0.000000     0.000000     0.000000     0.000000     0.000000     0.000000     0.000000
     0.000000     0.000000     0.000000     0.000000     0.000000     0.000000     0.000000     0.000000   271.350000   271.350000   271.350000   271.350000   271.350000   271.350000   271.350000   271.350000   271.350000   271.350000   271.350000   271.350000   271.350000   271.350000   271.350000   271.350000   271.350000   271.350000   271.350000   271.350000   271.350000   271.350000   271.350000   271.350000   271.350000   271.350000   271.350000   271.350000   271.350000   271.350000   271.350000   271.350000   271.350000   271.350000   271.350000   271.350000   271.350000   271.350000   271.350000   271.350000   271.350000   271.350000   271.350000   271.350000   271.350000   271.350000   271.350000   271.350000   271.350000   271.350000   271.350000   271.350000   271.350000   271.350000   271.350000   271.350000   271.350000   271.350000   271.350000   271.350000   271.350000   271.350000   271.350000   271.350000   271.350000   271.350000   271.350000   271.350000   271.350000   271.350000   271.350000   271.350000   271.350000   271.350000   271.350000   271.350000   271.350000   271.350000   271.350000   271.350000   271.350000   271.350000   271.350000   271.350000   271.350000   271.350000   271.350000   271.350000   271.350000   271.350000   271.350000   271.350000   271.350000   271.350000   271.350000   271.350000   271.350000   271.350000   271.350000   271.350000   271.350000   271.350000   271.350000     0.000000     0.000000     0.000000     0.000000   271.350000   271.350000   271.350000     0.000000     0.000000     0.000000   271.350000   271.350000   271.350000   271.350000   271.350000   271.350000   271.350000   271.350000   271.350000   271.350000   271.350000   271.350000   271.350000   271.350000   271.350000   271.350000   271.350000   271.350000   271.350000   271.350000   271.350000   271.350000   271.350000   271.350000     0.000000     0.000000     0.000000     0.000000     0.000000     0.000000     0.000000     0.000000     0.000000     0.000000     0.000000     0.000000     0.000000     0.000000     0.000000     0.000000     0.000000
     0.000000     0.000000     0.000000     0.000000     0.000000     0.000000     0.000000     0.000000   271.350000   271.350000   271.350000   271.350000   271.350000   271.350000   271.350000   271.350000   271.350000   271.350000   271.350000   271.350000   271.350000   271.350000   271.350000   271.350000   271.350000   271.350000   271.350000   271.350000   271.350000   271.350000   271.350000   271.350000   271.350000   271.350000   271.350000   271.350000   271.350000   271.350000   271.350000   271.350000   271.350000   271.350000   271.350000   271.350000   271.350000   271.350000   271.350000   271.350000   271.350000   271.350000   271.350000   271.350000   271.350000   271.350000   271.350000   271.350000   271.350000   271.350000   271.350000   271.350000   271.350000   271.350000   271.350000   271.350000   271.350000   271.350000   271.350000   271.350000   271.350000   271.350000   271.350000   271.350000   271.350000   271.350000   271.350000   271.350000   271.350000   271.350000   271.350000   271.350000   271.350000   271.350000   271.350000   271.350000   271.350000   271.350000   271.350000   271.350000   271.350000   271.350000   271.350000   271.350000   271.350000   271.350000   271.350000   271.350000   271.350000   271.350000   271.350000   271.350000   271.350000   271.350000   271.350000   271.350000   271.350000   271.350000   271.350000   271.350000   271.350000   271.350000   271.350000     0.000000     0.000000     0.000000     0.000000   271.350000   271.350000   271.350000   271.350000   271.350000   271.350000   271.350000   271.350000   271.350000   271.350000   271.350000   271.350000   271.350000   271.350000   271.350000   271.350000   271.350000   271.350000   271.350000   271.350000   271.350000   271.350000   271.350000   271.350000   271.350000   271.350000   271.350000   271.350000   271.350000   271.350000     0.000000     0.000000     0.000000     0.000000     0.000000     0.000000     0.000000     0.000000     0.000000     0.000000     0.000000     0.000000     0.000000     0.000000     0.000000     0.000000     0.000000
     0.000000     0.000000     0.000000     0.000000     0.000000     0.000000     0.000000     0.000000   271.350000   271.350000   271.350000   271.350000   271.350000   271.350000   271.350000   271.350000   271.350000   271.350000   271.350000   271.350000   271.350000   271.350000   271.350000   271.350000   271.350000   271.350000   271.350000   271.350000   271.350000   271.350000   271.350000   271.350000   271.350000   271.350000   271.350000   271.350000   271.350000   271.350000   271.350000   271.350000   271.350000   271.350000   271.350000   271.350000   271.350000   271.350000   271.350000   271.350000   271.350000   271.350000   271.350000   271.350000   271.350000   271.350000   271.350000   271.350000   271.350000   271.350000   271.350000   271.350000   271.350000   271.350000   271.350000   271.350000   271.350000   271.350000   271.350000   271.350000   271.350000   271.350000   271.350000   271.350000   271.350000   271.350000   271.350000   271.350000   271.350000   271.350000   271.350000   271.350000   271.350000   271.350000   271.350000   271.350000   271.350000   271.350000   271.350000   271.350000   271.350000   271.350000   271.350000   271.350000   271.350000   271.350000   271.350000   271.350000   271.350000   271.350000   271.350000   271.350000   271.350000   271.350000   271.350000   271.350000   271.350000   271.350000   271.350000   271.350000   271.350000   271.350000   271.350000     0.000000     0.000000     0.000000     0.000000   271.350000   271.350000   271.350000   271.350000   271.350000   271.350000   271.350000   271.350000   271.350000   271.350000   271.350000   271.350000   271.350000   271.350000   271.350000   271.350000   271.350000   271.350000   271.350000   271.350000   271.350000   271.350000   271.350000   271.350000   271.350000   271.350000   271.350000   271.350000   271.350000     0.000000     0.000000     0.000000     0.000000     0.000000     0.000000     0.000000     0.000000     0.000000     0.000000     0.000000     0.000000     0.000000     0.000000     0.000000     0.000000     0.000000     0.000000
     0.000000     0.000000     0.000000     0.000000     0.000000     0.000000     0.000000     0.000000   271.350000   271.350000   271.350000   271.350000   271.350000   271.350000   271.350000   271.350000   271.350000   271.350000   271.350000   271.350000   271.350000   271.350000   271.350000   271.350000   271.350000   271.350000   271.350000   271.350000   271.350000   271.350000   271.350000   271.350000   271.350000   271.350000   271.350000   271.350000   271.350000   271.350000   271.350000   271.350000   271.350000   271.350000   271.350000   271.350000   271.350000   271.350000   271.350000   271.350000   271.350000   271.350000   271.350000   271.350000   271.350000   271.350000   271.350000   271.350000   271.350000   271.350000   271.350000   271.350000   271.350000   271.350000   271.350000   271.350000   271.350000   271.350000   271.350000   271.350000   271.350000   271.350000   271.350000   271.350000   271.350000   271.350000   271.350000   271.350000   271.350000   271.350000   271.350000   271.350000   271.350000   271.350000   271.350000   271.350000   271.350000   271.350000   271.350000   271.350000   271.350000   271.350000   271.350000   271.350000   271.350000   271.350000   271.350000   271.350000   271.350000   271.350000   271.350000   271.350000   271.350000   271.350000   271.350000   271.350000   271.350000   271.350000   271.350000   271.350000   271.350000   271.350000   271.350000   271.350000     0.000000     0.000000   271.350000   271.350000   271.350000   271.350000   271.350000   271.350000   271.350000   271.350000   271.350000   271.350000   271.350000   271.350000   271.350000   271.350000   271.350000   271.350000   271.350000   271.350000   271.350000   271.350000   271.350000   271.350000   271.350000   271.350000   271.350000   271.350000   271.350000   271.350000   271.350000   271.350000   271.350000     0.000000     0.000000     0.000000     0.000000     0.000000     0.000000     0.000000     0.000000     0.000000     0.000000     0.000000     0.000000     0.000000     0.000000     0.000000     0.000000     0.000000
     0.000000     0.000000     0.000000     0.000000     0.000000     0.000000     0.000000     0.000000   271.350000   271.350000   271.350000   271.350000   271.350000   271.350000   271.350000   271.350000   271.350000   271.350000   271.350000   271.350000   271.350000   271.350000   271.350000   271.350000   271.350000   271.350000   271.350000   271.350000   271.350000   271.350000   271.350000   271.350000   271.350000   271.350000   271.350000   271.350000   271.350000   271.350000   271.350000   271.350000   271.350000   271.350000   271.350000   271.350000   271.350000   271.350000   271.350000   271.350000   271.350000   271.350000   271.350000   271.350000   271.350000   271.350000   271.350000   271.350000   271.350000   271.350000   271.350000   271.350000   271.350000   271.350000   271.350000   271.350000   271.350000   271.350000   271.350000   271.350000   271.350000   271.350000   271.350000   271.350000   271.350000   271.350000   271.350000   271.350000   271.350000   271.350000   271.350000   271.350000   271.350000   271.350000   271.350000   271.350000   271.350000   271.350000   271.350000   271.350000   271.350000   271.350000   271.350000   271.350000   271.350000   271.350000   271.350000   271.350000   271.350000   271.350000   271.350000   271.350000   271.350000   271.350000   271.350000   271.350000   271.350000   271.350000   271.350000   271.350000   271.350000   271.350000   271.350000   271.350000   271.350000   271.350000   271.350000   271.350000   271.350000   271.350000   271.350000   271.350000   271.350000   271.350000   271.350000   271.350000   271.350000   271.350000   271.350000   271.350000   271.350000   271.350000   271.350000   271.350000   271.350000   271.350000   271.350000   271.350000   271.350000   271.350000   271.350000   271.350000   271.350000   271.350000   271.350000   271.350000   271.350000   271.350000     0.000000     0.000000     0.000000     0.000000     0.000000     0.000000     0.000000     0.000000     0.000000     0.000000     0.000000     0.000000     0.000000     0.000000     0.000000     0.000000
     0.000000     0.000000     0.000000     0.000000     0.000000     0.000000     0.000000     0.000000   271.350000   271.350000   271.350000   271.350000   271.350000   271.350000   271.350000   271.350000   271.350000   271.350000   271.350000   271.350000   271.350000   271.350000   271.350000   271.350000   271.350000   271.350000   271.350000   271.350000   271.350000   271.350000   271.350000   271.350000   271.350000   271.350000   271.350000   271.350000   271.350000   271.350000   271.350000   271.350000   271.350000   271.350000   271.350000   271.350000   271.350000   271.350000   271.350000   271.350000   271.350000   271.350000   271.350000   271.350000   271.350000   271.350000   271.350000   271.350000   271.350000   271.350000   271.350000   271.350000   271.350000   271.350000   271.350000   271.350000   271.350000   271.350000   271.350000   271.350000   271.350000   271.350000   271.350000   271.350000   271.350000   271.350000   271.350000   271.350000   271.350000   271.350000   271.350000   271.350000   271.350000   271.350000   271.350000   271.350000   271.350000   271.350000   271.350000   271.350000   271.350000   271.350000   271.350000   271.350000   271.350000   271.350000   271.350000   271.350000   271.350000   271.350000   271.350000   271.350000   271.350000   271.350000   271.350000   271.350000   271.350000   271.350000   271.350000   271.350000   271.350000   271.350000   271.350000   271.350000   271.350000   271.350000   271.350000   271.350000   271.350000   271.350000   271.350000   271.350000   271.350000   271.350000   271.350000   271.350000   271.350000   271.350000   271.350000   271.350000   271.350000   271.350000   271.350000   271.350000   271.350000   271.350000   271.350000   271.350000   271.350000   271.350000   271.350000   271.350000   271.350000   271.350000   271.350000   271.350000   271.350000   271.350000   271.350000   271.350000   271.350000     0.000000     0.000000     0.000000     0.000000     0.000000     0.000000     0.000000     0.000000     0.000000     0.000000     0.000000     0.000000     0.000000
     0.000000     0.000000     0.000000     0.000000     0.000000     0.000000     0.000000     0.000000     0.000000   271.350000   271.350000   271.350000   271.350000   271.350000   271.350000   271.350000   271.350000   271.350000   271.350000   271.350000   271.350000   271.350000   271.350000   271.350000   271.350000   271.350000   271.350000   271.350000   271.350000   271.350000   271.350000   271.350000   271.350000   271.350000   271.350000   271.350000   271.350000   271.350000   271.350000   271.350000   271.350000   271.350000   271.350000   271.350000   271.350000   271.350000   271.350000   271.350000   271.350000   271.350000   271.350000   271.350000   271.350000   271.350000   271.350000   271.350000   271.350000   271.350000   271.350000   271.350000   271.350000   271.350000   271.350000   271.350000   271.350000   271.350000   271.350000   271.350000   271.350000   271.350000   271.350000   271.350000   271.350000   271.350000   271.350000   271.350000   271.350000   271.350000   271.350000   271.350000   271.350000   271.350000   271.350000   271.350000   271.350000   271.350000   271.350000   271.350000   271.350000   271.350000   271.350000   271.350000   271.350000   271.350000   271.350000   271.350000   271.350000   271.350000   271.350000   271.350000   271.350000   271.350000   271.350000   271.350000   271.350000   271.350000   271.350000   271.350000   271.350000   271.350000   271.350000   271.350000   271.350000   271.350000   271.350000   271.350000   271.350000   271.350000   271.350000   271.350000   271.350000   271.350000   271.350000   271.350000   271.350000   271.350000   271.350000   271.350000   271.350000   271.350000   271.350000   271.350000   271.350000   271.350000   271.350000   271.350000   271.350000   271.350000   271.350000   271.350000   271.350000   271.350000   271.350000   271.350000   271.350000   271.350000   271.350000   271.350000   271.350000     0.000000     0.000000     0.000000     0.000000     0.000000     0.000000     0.000000     0.000000     0.000000     0.000000     0.000000     0.000000     0.000000
     0.000000     0.000000     0.000000     0.000000     0.000000     0.000000     0.000000     0.000000     0.000000   271.350000   271.350000   271.350000   271.350000   271.350000   271.350000   271.350000   271.350000   271.350000   271.350000   271.350000   271.350000   271.350000   271.350000   271.350000   271.350000   271.350000   271.350000   271.350000   271.350000   271.350000   271.350000   271.350000   271.350000   271.350000   271.350000   271.350000   271.350000   271.350000   271.350000   271.350000   271.350000   271.350000   271.350000   271.350000   271.350000   271.350000   271.350000   271.350000   271.350000   271.350000   271.350000   271.350000   271.350000   271.350000   271.350000   271.350000   271.350000   271.350000   271.350000   271.350000   271.350000   271.350000   271.350000   271.350000   271.350000   271.350000   271.350000   271.350000   271.350000   271.350000   271.350000   271.350000   271.350000   271.350000   271.350000   271.350000   271.350000   271.350000   271.350000   271.350000   271.350000   271.350000   271.350000   271.350000   271.350000   271.350000   271.350000   271.350000   271.350000   271.350000   271.350000   271.350000   271.350000   271.350000   271.350000   271.350000   271.350000   271.350000   271.350000   271.350000   271.350000   271.350000   271.350000   271.350000   271.350000   271.350000   271.350000   271.350000   271.350000   271.350000   271.350000   271.350000   271.350000   271.350000   271.350000   271.350000   271.350000   271.350000   271.350000   271.350000   271.350000   271.350000   271.350000   271.350000   271.350000   271.350000   271.350000   271.350000   271.350000   271.350000   271.350000   271.350000   271.350000   271.350000   271.350000   271.350000   271.350000   271.350000   271.350000   271.350000   271.350000   271.350000   271.350000   271.350000   271.350000   271.350000   271.350000   271.350000   271.350000     0.000000     0.000000     0.000000     0.000000     0.000000     0.000000     0.000000     0.000000     0.000000     0.000000     0.000000     0.000000     0.000000
     0.000000     0.000000     0.000000     0.000000     0.000000     0.000000     0.000000     0.000000     0.000000     0.000000   271.350000   271.350000   271.350000   271.350000   271.350000   271.350000   271.350000   271.350000   271.350000   271.350000   271.350000   271.350000   271.350000   271.350000   271.350000   271.350000   271.350000   271.350000   271.350000   271.350000   271.350000   271.350000   271.350000   271.350000   271.350000   271.350000   271.350000   271.350000   271.350000   271.350000   271.350000   271.350000   271.350000   271.350000   271.350000   271.350000   271.350000   271.350000   271.350000   271.350000   271.350000   271.350000   271.350000   271.350000   271.350000   271.350000   271.350000   271.350000   271.350000   271.350000   271.350000   271.350000   271.350000   271.350000   271.350000   271.350000   271.350000   271.350000   271.350000   271.350000   271.350000   271.350000   271.350000   271.350000   271.350000   271.350000   271.350000   271.350000   271.350000   271.350000   271.350000   271.350000   271.350000   271.350000   271.350000   271.350000   271.350000   271.350000   271.350000   271.350000   271.350000   271.350000   271.350000   271.350000   271.350000   271.350000   271.350000   271.350000   271.350000   271.350000   271.350000   271.350000   271.350000   271.350000   271.350000   271.350000   271.350000   271.350000   271.350000   271.350000   271.350000   271.350000   271.350000   271.350000   271.350000   271.350000   271.350000   271.350000   271.350000   271.350000   271.350000   271.350000   271.350000   271.350000   271.350000   271.350000   271.350000   271.350000   271.350000   271.350000   271.350000   271.350000   271.350000   271.350000   271.350000   271.350000   271.350000   271.350000   271.350000   271.350000   271.350000   271.350000   271.350000   271.350000   271.350000   271.350000   271.350000   271.350000   271.350000   271.350000     0.000000     0.000000     0.000000     0.000000     0.000000     0.000000     0.000000     0.000000     0.000000     0.000000     0.000000     0.000000
     0.000000     0.000000     0.000000     0.000000     0.000000     0.000000     0.000000     0.000000     0.000000     0.000000   271.350000   271.350000   271.350000   271.350000   271.350000   271.350000   271.350000   271.350000   271.350000   271.350000   271.350000   271.350000   271.350000   271.350000   271.350000   271.350000   271.350000   271.350000   271.350000   271.350000   271.350000   271.350000   271.350000   271.350000   271.350000   271.350000   271.350000   271.350000   271.350000   271.350000   271.350000   271.350000   271.350000   271.350000   271.350000   271.350000   271.350000   271.350000   271.350000   271.350000   271.350000   271.350000   271.350000   271.350000   271.350000   271.350000   271.350000   271.350000   271.350000   271.350000   271.350000   271.350000   271.350000   271.350000   271.350000   271.350000   271.350000   271.350000   271.350000   271.350000   271.350000   271.350000   271.350000   271.350000   271.350000   271.350000   271.350000   271.350000   271.350000   271.350000   271.350000   271.350000   271.350000   271.350000   271.350000   271.350000   271.350000   271.350000   271.350000   271.350000   271.350000   271.350000   271.350000   271.350000   271.350000   271.350000   271.350000   271.350000   271.350000   271.350000   271.350000   271.350000   271.350000   271.350000   271.350000   271.350000   271.350000   271.350000   271.350000   271.350000   271.350000   271.350000   271.350000   271.350000   271.350000   271.350000   271.350000   271.350000   271.350000   271.350000   271.350000   271.350000   271.350000   271.350000   271.350000   271.350000   271.350000   271.350000   271.350000   271.350000   271.350000   271.350000   271.350000   271.350000   271.350000   271.350000   271.350000   271.350000   271.350000   271.350000   271.350000   271.350000   271.350000   271.350000   271.350000   271.350000   271.350000   271.350000   271.350000   271.350000     0.000000     0.000000     0.000000     0.000000     0.000000     0.000000     0.000000     0.000000     0.000000     0.000000     0.000000     0.000000
     0.000000     0.000000     0.000000     0.000000     0.000000     0.000000     0.000000     0.000000     0.000000     0.000000   271.350000   271.350000   271.350000   271.350000   271.350000   271.350000   271.350000   271.350000   271.350000   271.350000   271.350000   271.350000   271.350000   271.350000   271.350000   271.350000   271.350000   271.350000   271.350000   271.350000   271.350000   271.350000   271.350000   271.350000   271.350000   271.350000   271.350000   271.350000   271.350000   271.350000   271.350000   271.350000   271.350000   271.350000   271.350000   271.350000   271.350000   271.350000   271.350000   271.350000   271.350000   271.350000   271.350000   271.350000   271.350000   271.350000   271.350000   271.350000   271.350000   271.350000   271.350000   271.350000   271.350000   271.350000   271.350000   271.350000   271.350000   271.350000   271.350000   271.350000   271.350000   271.350000   271.350000   271.350000   271.350000   271.350000   271.350000   271.350000   271.350000   271.350000   271.350000   271.350000   271.350000   271.350000   271.350000   271.350000   271.350000   271.350000   271.350000   271.350000   271.350000   271.350000   271.350000   271.350000   271.350000   271.350000   271.350000   271.350000   271.350000   271.350000   271.350000   271.350000   271.350000   271.350000   271.350000   271.350000   271.350000   271.350000   271.350000   271.350000   271.350000   271.350000   271.350000   271.350000   271.350000   271.350000   271.350000   271.350000   271.350000   271.350000   271.350000   271.350000   271.350000   271.350000   271.350000   271.350000   271.350000   271.350000   271.350000   271.350000   271.350000   271.350000   271.350000   271.350000   271.350000   271.350000   271.350000   271.350000   271.350000   271.350000   271.350000   271.350000   271.350000   271.350000   271.350000   271.350000   271.350000   271.350000   271.350000   271.350000   271.350000     0.000000     0.000000     0.000000     0.000000     0.000000     0.000000     0.000000     0.000000     0.000000     0.000000     0.000000
     0.000000     0.000000     0.000000     0.000000     0.000000     0.000000     0.000000     0.000000     0.000000     0.000000   271.350000   271.350000   271.350000   271.350000   271.350000   271.350000   271.350000   271.350000   271.350000   271.350000   271.350000   271.350000   271.350000   271.350000   271.350000   271.350000   271.350000   271.350000   271.350000   271.350000   271.350000   271.350000   271.350000   271.350000   271.350000   271.350000   271.350000   271.350000   271.350000   271.350000   271.350000   271.350000   271.350000   271.350000   271.350000   271.350000   271.350000   271.350000   271.350000   271.350000   271.350000   271.350000   271.350000   271.350000   271.350000   271.350000   271.350000   271.350000   271.350000   271.350000   271.350000   271.350000   271.350000   271.350000   271.350000   271.350000   271.350000   271.350000   271.350000   271.350000   271.350000   271.350000   271.350000   271.350000   271.350000   271.350000   271.350000   271.350000   271.350000   271.350000   271.350000   271.350000   271.350000   271.350000   271.350000   271.350000   271.350000   271.350000   271.350000   271.350000   271.350000   271.350000   271.350000   271.350000   271.350000   271.350000   271.350000   271.350000   271.350000   271.350000   271.350000   271.350000   271.350000   271.350000   271.350000   271.350000   271.350000   271.350000   271.350000   271.350000   271.350000   271.350000   271.350000   271.350000   271.350000   271.350000   271.350000   271.350000   271.350000   271.350000   271.350000   271.350000   271.350000   271.350000   271.350000   271.350000   271.350000   271.350000   271.350000   271.350000   271.350000   271.350000   271.350000   271.350000   271.350000   271.350000   271.350000   271.350000   271.350000   271.350000   271.350000   271.350000   271.350000   271.350000   271.350000   271.350000   271.350000   271.350000   271.350000   271.350000   271.350000     0.000000     0.000000     0.000000     0.000000     0.000000     0.000000     0.000000     0.000000     0.000000     0.000000     0.000000
     0.000000     0.000000     0.000000     0.000000     0.000000     0.000000     0.000000     0.000000     0.000000     0.000000   271.350000   271.350000   271.350000   271.350000   271.350000   271.350000   271.350000   271.350000   271.350000   271.350000   271.350000   271.350000   271.350000   271.350000   271.350000   271.350000   271.350000   271.350000   271.350000   271.350000   271.350000   271.350000   271.350000   271.350000   271.350000   271.350000   271.350000   271.350000   271.350000   271.350000   271.350000   271.350000   271.350000   271.350000   271.350000   271.350000   271.350000   271.350000   271.350000   271.350000   271.350000   271.350000   271.350000   271.350000   271.350000   271.350000   271.350000   271.350000   271.350000   271.350000   271.350000   271.350000   271.350000   271.350000   271.350000   271.350000   271.350000   271.350000   271.350000   271.350000   271.350000   271.350000   271.350000   271.350000   271.350000   271.350000   271.350000   271.350000   271.350000   271.350000   271.350000   271.350000   271.350000   271.350000   271.350000   271.350000   271.350000   271.350000   271.350000   271.350000   271.350000   271.350000   271.350000   271.350000   271.350000   271.350000   271.350000   271.350000   271.350000   271.350000   271.350000   271.350000   271.350000   271.350000   271.350000   271.350000   271.350000   271.350000   271.350000   271.350000   271.350000   271.350000   271.350000   271.350000   271.350000   271.350000   271.350000   271.350000   271.350000   271.350000   271.350000   271.350000   271.350000   271.350000   271.350000   271.350000   271.350000   271.350000   271.350000   271.350000   271.350000   271.350000   271.350000   271.350000   271.350000   271.350000   271.350000   271.350000   271.350000   271.350000   271.350000   271.350000   271.350000   271.350000   271.350000   271.350000   271.350000   271.350000   271.350000   271.350000   271.350000     0.000000     0.000000     0.000000     0.000000     0.000000     0.000000     0.000000     0.000000     0.000000     0.000000     0.000000
     0.000000     0.000000     0.000000     0.000000     0.000000     0.000000     0.000000     0.000000     0.000000     0.000000   271.350000   271.350000   271.350000   271.350000   271.350000   271.350000   271.350000   271.350000   271.350000   271.350000   271.350000   271.350000   271.350000   271.350000   271.350000   271.350000   271.350000   271.350000   271.350000   271.350000   271.350000   271.350000   271.350000   271.350000   271.350000   271.350000   271.350000   271.350000   271.350000   271.350000   271.350000   271.350000   271.350000   271.350000   271.350000   271.350000   271.350000   271.350000   271.350000   271.350000   271.350000   271.350000   271.350000   271.350000   271.350000   271.350000   271.350000   271.350000   271.350000   271.350000   271.350000   271.350000   271.350000   271.350000   271.350000   271.350000   271.350000   271.350000   271.350000   271.350000   271.350000   271.350000   271.350000   271.350000   271.350000   271.350000   271.350000   271.350000   271.350000   271.350000   271.350000   271.350000   271.350000   271.350000   271.350000   271.350000   271.350000   271.350000   271.350000   271.350000   271.350000   271.350000   271.350000   271.350000   271.350000   271.350000   271.350000   271.350000   271.350000   271.350000   271.350000   271.350000   271.350000   271.350000   271.350000   271.350000   271.350000   271.350000   271.350000   271.350000   271.350000   271.350000   271.350000   271.350000   271.350000   271.350000   271.350000   271.350000   271.350000   271.350000   271.350000   271.350000   271.350000   271.350000   271.350000   271.350000   271.350000   271.350000   271.350000   271.350000   271.350000   271.350000   271.350000   271.350000   271.350000   271.350000   271.350000   271.350000   271.350000   271.350000   271.350000   271.350000   271.350000   271.350000   271.350000   271.350000   271.350000   271.350000   271.350000   271.350000   271.350000   271.350000     0.000000     0.000000     0.000000     0.000000     0.000000     0.000000     0.000000     0.000000     0.000000     0.000000
     0.000000     0.000000     0.000000     0.000000     0.000000     0.000000     0.000000     0.000000     0.000000     0.000000     0.000000   271.350000   271.350000   271.350000   271.350000   271.350000   271.350000   271.350000   271.350000   271.350000   271.350000   271.350000   271.350000   271.350000   271.350000   271.350000   271.350000   271.350000   271.350000   271.350000   271.350000   271.350000   271.350000   271.350000   271.350000   271.350000   271.350000   271.350000   271.350000   271.350000   271.350000   271.350000   271.350000   271.350000   271.350000   271.350000   271.350000   271.350000   271.350000   271.350000   271.350000   271.350000   271.350000   271.350000   271.350000   271.350000   271.350000   271.350000   271.350000   271.350000   271.350000   271.350000   271.350000   271.350000   271.350000   271.350000   271.350000   271.350000   271.350000   271.350000   271.350000   271.350000   271.350000   271.350000   271.350000   271.350000   271.350000   271.350000   271.350000   271.350000   271.350000   271.350000   271.350000   271.350000   271.350000   271.350000   271.350000   271.350000   271.350000   271.350000   271.350000   271.350000   271.350000   271.350000   271.350000   271.350000   271.350000   271.350000   271.350000   271.350000   271.350000   271.350000   271.350000   271.350000   271.350000   271.350000   271.350000   271.350000   271.350000   271.350000   271.350000   271.350000   271.350000   271.350000   271.350000   271.350000   271.350000   271.350000   271.350000   271.350000   271.350000   271.350000   271.350000   271.350000   271.350000   271.350000   271.350000   271.350000   271.350000   271.350000   271.350000   271.350000   271.350000   271.350000   271.350000   271.350000   271.350000   271.350000   271.350000   271.350000   271.350000   271.350000   271.350000   271.350000   271.350000   271.350000   271.350000   271.350000   271.350000   271.350000   271.350000   271.350000     0.000000     0.000000     0.000000     0.000000     0.000000     0.000000     0.000000     0.000000     0.000000     0.000000
     0.000000     0.000000     0.000000     0.000000     0.000000     0.000000     0.000000     0.000000     0.000000     0.000000     0.000000     0.000000   271.350000   271.350000   271.350000   271.350000   271.350000   271.350000   271.350000   271.350000   271.350000   271.350000   271.350000   271.350000   271.350000   271.350000   271.350000   271.350000   271.350000   271.350000   271.350000   271.350000   271.350000   271.350000   271.350000   271.350000   271.350000   271.350000   271.350000   271.350000   271.350000   271.350000   271.350000   271.350000   271.350000   271.350000   271.350000   271.350000   271.350000   271.350000   271.350000   271.350000   271.350000   271.350000   271.350000   271.350000   271.350000   271.350000   271.350000   271.350000   271.350000   271.350000   271.350000   271.350000   271.350000   271.350000   271.350000   271.350000   271.350000   271.350000   271.350000   271.350000   271.350000   271.350000   271.350000   271.350000   271.350000   271.350000   271.350000   271.350000   271.350000   271.350000   271.350000   271.350000   271.350000   271.350000   271.350000   271.350000   271.350000   271.350000   271.350000   271.350000   271.350000   271.350000   271.350000   271.350000   271.350000   271.350000   271.350000   271.350000   271.350000   271.350000   271.350000   271.350000   271.350000   271.350000   271.350000   271.350000   271.350000     0.000000   271.350000   271.350000   271.350000   271.350000   271.350000   271.350000   271.350000   271.350000   271.350000   271.350000   271.350000   271.350000   271.350000   271.350000   271.350000   271.350000   271.350000   271.350000   271.350000   271.350000   271.350000   271.350000   271.350000   271.350000   271.350000   271.350000   271.350000   271.350000   271.350000   271.350000   271.350000   271.350000   271.350000   271.350000   271.350000   271.350000   271.350000   271.350000   271.350000   271.350000   271.350000   271.350000   271.350000   271.350000     0.000000     0.000000     0.000000     0.000000     0.000000     0.000000     0.000000     0.000000
     0.000000     0.000000     0.000000     0.000000     0.000000     0.000000     0.000000     0.000000     0.000000     0.000000     0.000000     0.000000     0.000000   271.350000   271.350000   271.350000   271.350000   271.350000   271.350000   271.350000   271.350000   271.350000   271.350000   271.350000   271.350000   271.350000   271.350000   271.350000   271.350000   271.350000   271.350000   271.350000   271.350000   271.350000   271.350000   271.350000   271.350000   271.350000   271.350000   271.350000   271.350000   271.350000   271.350000   271.350000   271.350000   271.350000   271.350000   271.350000   271.350000   271.350000   271.350000   271.350000   271.350000   271.350000   271.350000   271.350000   271.350000   271.350000   271.350000   271.350000   271.350000   271.350000   271.350000   271.350000   271.350000   271.350000   271.350000   271.350000   271.350000   271.350000   271.350000   271.350000   271.350000   271.350000   271.350000   271.350000   271.350000   271.350000   271.350000   271.350000   271.350000   271.350000   271.350000   271.350000   271.350000   271.350000   271.350000   271.350000   271.350000   271.350000   271.350000   271.350000   271.350000   271.350000   271.350000   271.350000   271.350000   271.350000   271.350000   271.350000   271.350000   271.350000   271.350000   271.350000   271.350000   271.350000   271.350000   271.350000   271.350000     0.000000     0.000000   271.350000   271.350000   271.350000   271.350000   271.350000   271.350000   271.350000   271.350000   271.350000   271.350000   271.350000   271.350000   271.350000   271.350000   271.350000   271.350000   271.350000   271.350000   271.350000   271.350000   271.350000   271.350000   271.350000   271.350000   271.350000   271.350000   271.350000   271.350000   271.350000   271.350000   271.350000   271.350000   271.350000   271.350000   271.350000   271.350000   271.350000   271.350000   271.350000   271.350000   271.350000   271.350000   271.350000     0.000000     0.000000     0.000000     0.000000     0.000000     0.000000     0.000000     0.000000
     0.000000     0.000000     0.000000     0.000000     0.000000     0.000000     0.000000     0.000000     0.000000     0.000000     0.000000     0.000000     0.000000   271.350000   271.350000   271.350000   271.350000   271.350000   271.350000   271.350000   271.350000   271.350000   271.350000   271.350000   271.350000   271.350000   271.350000   271.350000   271.350000   271.350000   271.350000   271.350000   271.350000   271.350000   271.350000   271.350000   271.350000   271.350000   271.350000   271.350000   271.350000   271.350000   271.350000   271.350000   271.350000   271.350000   271.350000   271.350000   271.350000   271.350000   271.350000   271.350000   271.350000   271.350000   271.350000   271.350000   271.350000   271.350000   271.350000   271.350000   271.350000   271.350000   271.350000   271.350000   271.350000   271.350000   271.350000   271.350000   271.350000   271.350000   271.350000   271.350000   271.350000   271.350000   271.350000   271.350000   271.350000   271.350000   271.350000   271.350000   271.350000   271.350000   271.350000   271.350000   271.350000   271.350000   271.350000   271.350000   271.350000   271.350000   271.350000   271.350000   271.350000   271.350000   271.350000   271.350000   271.350000   271.350000   271.350000   271.350000   271.350000   271.350000   271.350000   271.350000   271.350000   271.350000   271.350000   271.350000     0.000000     0.000000     0.000000   271.350000   271.350000   271.350000   271.350000   271.350000   271.350000   271.350000   271.350000   271.350000   271.350000   271.350000   271.350000   271.350000   271.350000   271.350000   271.350000   271.350000   271.350000   271.350000   271.350000   271.350000   271.350000   271.350000   271.350000   271.350000   271.350000   271.350000   271.350000   271.350000   271.350000   271.350000   271.350000   271.350000   271.350000   271.350000   271.350000   271.350000   271.350000   271.350000   271.350000   271.350000   271.350000   271.350000   271.350000     0.000000     0.000000     0.000000     0.000000     0.000000     0.000000     0.000000
     0.000000     0.000000     0.000000     0.000000     0.000000     0.000000     0.000000     0.000000     0.000000     0.000000     0.000000     0.000000   271.350000   271.350000   271.350000   271.350000   271.350000   271.350000   271.350000   271.350000   271.350000   271.350000   271.350000   271.350000   271.350000   271.350000   271.350000   271.350000   271.350000   271.350000   271.350000   271.350000   271.350000   271.350000   271.350000   271.350000   271.350000   271.350000   271.350000   271.350000   271.350000   271.350000   271.350000   271.350000   271.350000   271.350000   271.350000   271.350000   271.350000   271.350000   271.350000   271.350000   271.350000   271.350000   271.350000   271.350000   271.350000   271.350000   271.350000   271.350000   271.350000   271.350000   271.350000   271.350000   271.350000   271.350000   271.350000   271.350000   271.350000   271.350000   271.350000   271.350000   271.350000   271.350000   271.350000   271.350000   271.350000   271.350000   271.350000   271.350000   271.350000   271.350000   271.350000   271.350000   271.350000   271.350000   271.350000   271.350000   271.350000   271.350000   271.350000   271.350000   271.350000   271.350000   271.350000   271.350000   271.350000   271.350000   271.350000   271.350000   271.350000   271.350000   271.350000   271.350000   271.350000   271.350000   271.350000   271.350000     0.000000     0.000000   271.350000   271.350000   271.350000   271.350000   271.350000   271.350000   271.350000   271.350000   271.350000   271.350000   271.350000   271.350000   271.350000   271.350000   271.350000   271.350000   271.350000   271.350000   271.350000   271.350000   271.350000   271.350000   271.350000   271.350000   271.350000   271.350000   271.350000   271.350000   271.350000   271.350000   271.350000   271.350000   271.350000   271.350000   271.350000   271.350000   271.350000   271.350000   271.350000   271.350000   271.350000   271.350000   271.350000   271.350000   271.350000     0.000000     0.000000     0.000000     0.000000     0.000000     0.000000     0.000000
     0.000000     0.000000     0.000000     0.000000     0.000000     0.000000     0.000000     0.000000     0.000000     0.000000     0.000000     0.000000   271.350000   271.350000   271.350000   271.350000   271.350000   271.350000   271.350000   271.350000   271.350000   271.350000   271.350000   271.350000   271.350000   271.350000   271.350000   271.350000   271.350000   271.350000   271.350000   271.350000   271.350000   271.350000   271.350000   271.350000   271.350000   271.350000   271.350000   271.350000   271.350000   271.350000   271.350000   271.350000   271.350000   271.350000   271.350000   271.350000   271.350000   271.350000   271.350000   271.350000   271.350000   271.350000   271.350000   271.350000   271.350000   271.350000   271.350000   271.350000   271.350000   271.350000   271.350000   271.350000   271.350000   271.350000   271.350000   271.350000   271.350000   271.350000   271.350000   271.350000   271.350000   271.350000   271.350000   271.350000   271.350000   271.350000   271.350000   271.350000   271.350000   271.350000   271.350000   271.350000   271.350000   271.350000   271.350000   271.350000   271.350000   271.350000   271.350000   271.350000   271.350000   271.350000   271.350000   271.350000   271.350000   271.350000   271.350000   271.350000   271.350000   271.350000   271.350000   271.350000   271.350000   271.350000   271.350000     0.000000     0.000000     0.000000   271.350000   271.350000   271.350000   271.350000   271.350000   271.350000   271.350000   271.350000   271.350000   271.350000   271.350000   271.350000   271.350000   271.350000   271.350000   271.350000   271.350000   271.350000   271.350000   271.350000   271.350000   271.350000   271.350000   271.350000   271.350000   271.350000   271.350000   271.350000   271.350000   271.350000   271.350000   271.350000   271.350000   271.350000   271.350000   271.350000   271.350000   271.350000   271.350000   271.350000   271.350000   271.350000   271.350000   271.350000   271.350000   271.350000     0.000000     0.000000     0.000000     0.000000     0.000000     0.000000
     0.000000     0.000000     0.000000     0.000000     0.000000     0.000000     0.000000     0.000000     0.000000     0.000000     0.000000     0.000000   271.350000   271.350000   271.350000   271.350000   271.350000   271.350000   271.350000   271.350000   271.350000   271.350000   271.350000   271.350000   271.350000   271.350000   271.350000   271.350000   271.350000   271.350000   271.350000   271.350000   271.350000   271.350000   271.350000   271.350000   271.350000   271.350000   271.350000   271.350000   271.350000   271.350000   271.350000   271.350000   271.350000   271.350000   271.350000   271.350000   271.350000   271.350000   271.350000   271.350000   271.350000   271.350000   271.350000   271.350000   271.350000   271.350000   271.350000   271.350000   271.350000   271.350000   271.350000   271.350000   271.350000   271.350000   271.350000   271.350000   271.350000   271.350000   271.350000   271.350000   271.350000   271.350000   271.350000   271.350000   271.350000   271.350000   271.350000   271.350000   271.350000   271.350000   271.350000   271.350000   271.350000   271.350000   271.350000   271.350000   271.350000   271.350000   271.350000   271.350000   271.350000   271.350000   271.350000   271.350000   271.350000   271.350000   271.350000   271.350000   271.350000   271.350000   271.350000   271.350000   271.350000   271.350000     0.000000     0.000000     0.000000   271.350000   271.350000   271.350000   271.350000   271.350000   271.350000   271.350000   271.350000   271.350000   271.350000   271.350000   271.350000   271.350000   271.350000   271.350000   271.350000   271.350000   271.350000   271.350000   271.350000   271.350000   271.350000   271.350000   271.350000   271.350000   271.350000   271.350000   271.350000   271.350000   271.350000   271.350000   271.350000   271.350000   271.350000   271.350000   271.350000   271.350000   271.350000   271.350000   271.350000   271.350000   271.350000   271.350000   271.350000   271.350000   271.350000   271.350000   271.350000   271.350000   271.350000     0.000000     0.000000     0.000000
     0.000000     0.000000     0.000000     0.000000     0.000000     0.000000     0.000000     0.000000     0.000000     0.000000     0.000000   271.350000   271.350000   271.350000   271.350000   271.350000   271.350000   271.350000   271.350000   271.350000   271.350000   271.350000   271.350000   271.350000   271.350000   271.350000   271.350000   271.350000   271.350000   271.350000   271.350000   271.350000   271.350000   271.350000   271.350000   271.350000   271.350000   271.350000   271.350000   271.350000   271.350000   271.350000   271.350000   271.350000   271.350000   271.350000   271.350000   271.350000   271.350000   271.350000   271.350000   271.350000   271.350000   271.350000   271.350000   271.350000   271.350000   271.350000   271.350000   271.350000   271.350000   271.350000   271.350000   271.350000   271.350000   271.350000   271.350000   271.350000   271.350000   271.350000   271.350000   271.350000   271.350000   271.350000   271.350000   271.350000   271.350000   271.350000   271.350000   271.350000   271.350000   271.350000   271.350000   271.350000   271.350000   271.350000   271.350000   271.350000   271.350000   271.350000   271.350000   271.350000   271.350000   271.350000   271.350000   271.350000   271.350000   271.350000   271.350000   271.350000   271.350000   271.350000   271.350000   271.350000   271.350000   271.350000     0.000000     0.000000     0.000000   271.350000   271.350000   271.350000   271.350000   271.350000   271.350000   271.350000   271.350000   271.350000   271.350000   271.350000   271.350000   271.350000   271.350000   271.350000   271.350000   271.350000   271.350000   271.350000   271.350000   271.350000   271.350000   271.350000   271.350000   271.350000   271.350000   271.350000   271.350000   271.350000   271.350000   271.350000   271.350000   271.350000   271.350000   271.350000   271.350000   271.350000   271.350000   271.350000   271.350000   271.350000   271.350000   271.350000   271.350000   271.350000   271.350000   271.350000   271.350000   271.350000   271.350000   271.350000     0.000000     0.000000
     0.000000     0.000000     0.000000     0.000000     0.000000     0.000000     0.000000     0.000000     0.000000     0.000000     0.000000   271.350000   271.350000   271.350000   271.350000   271.350000   271.350000   271.350000   271.350000   271.350000   271.350000   271.350000   271.350000   271.350000   271.350000   271.350000   271.350000   271.350000   271.350000   271.350000   271.350000   271.350000   271.350000   271.350000   271.350000   271.350000   271.350000   271.350000   271.350000   271.350000   271.350000   271.350000   271.350000   271.350000   271.350000   271.350000   271.350000   271.350000   271.350000   271.350000   271.350000   271.350000   271.350000   271.350000   271.350000   271.350000   271.350000   271.350000   271.350000   271.350000   271.350000   271.350000   271.350000   271.350000   271.350000   271.350000   271.350000   271.350000   271.350000   271.350000   271.350000   271.350000   271.350000   271.350000   271.350000   271.350000   271.350000   271.350000   271.350000   271.350000   271.350000   271.350000   271.350000   271.350000   271.350000   271.350000   271.350000   271.350000   271.350000   271.350000   271.350000   271.350000   271.350000   271.350000   271.350000   271.350000   271.350000   271.350000   271.350000   271.350000   271.350000   271.350000   271.350000   271.350000   271.350000   271.350000     0.000000     0.000000   271.350000   271.350000   271.350000   271.350000   271.350000   271.350000   271.350000   271.350000   271.350000   271.350000   271.350000   271.350000   271.350000   271.350000   271.350000   271.350000   271.350000   271.350000   271.350000   271.350000   271.350000   271.350000   271.350000   271.350000   271.350000   271.350000   271.350000   271.350000   271.350000   271.350000   271.350000   271.350000   271.350000   271.350000   271.350000   271.350000   271.350000   271.350000   271.350000   271.350000   271.350000   271.350000   271.350000   271.350000   271.350000   271.350000   271.350000   271.350000   271.350000   271.350000   271.350000   271.350000     0.000000     0.000000
     0.000000     0.000000     0.000000     0.000000     0.000000     0.000000     0.000000     0.000000     0.000000     0.000000     0.000000   271.350000   271.350000   271.350000   271.350000   271.350000   271.350000   271.350000   271.350000   271.350000   271.350000   271.350000   271.350000   271.350000   271.350000   271.350000   271.350000   271.350000   271.350000   271.350000   271.350000   271.350000   271.350000   271.350000   271.350000   271.350000   271.350000   271.350000   271.350000   271.350000   271.350000   271.350000   271.350000   271.350000   271.350000   271.350000   271.350000   271.350000   271.350000   271.350000   271.350000   271.350000   271.350000   271.350000   271.350000   271.350000   271.350000   271.350000   271.350000   271.350000   271.350000   271.350000   271.350000   271.350000   271.350000   271.350000   271.350000   271.350000   271.350000   271.350000   271.350000   271.350000   271.350000   271.350000   271.350000   271.350000   271.350000   271.350000   271.350000   271.350000   271.350000   271.350000   271.350000   271.350000   271.350000   271.350000   271.350000   271.350000   271.350000   271.350000   271.350000   271.350000   271.350000   271.350000   271.350000   271.350000   271.350000   271.350000   271.350000   271.350000   271.350000   271.350000   271.350000   271.350000   271.350000     0.000000   271.350000   271.350000   271.350000   271.350000   271.350000   271.350000   271.350000   271.350000   271.350000   271.350000   271.350000   271.350000   271.350000   271.350000   271.350000   271.350000   271.350000   271.350000   271.350000   271.350000   271.350000   271.350000   271.350000   271.350000   271.350000   271.350000   271.350000   271.350000   271.350000   271.350000   271.350000   271.350000   271.350000   271.350000   271.350000   271.350000   271.350000   271.350000   271.350000   271.350000   271.350000   271.350000   271.350000   271.350000   271.350000   271.350000     0.000000     0.000000     0.000000     0.000000     0.000000   271.350000   271.350000   271.350000     0.000000     0.000000
     0.000000     0.000000     0.000000     0.000000     0.000000     0.000000     0.000000     0.000000     0.000000     0.000000   271.350000   271.350000   271.350000   271.350000   271.350000   271.350000   271.350000   271.350000   271.350000   271.350000   271.350000   271.350000   271.350000   271.350000   271.350000   271.350000   271.350000   271.350000   271.350000   271.350000   271.350000   271.350000   271.350000   271.350000   271.350000   271.350000   271.350000   271.350000   271.350000   271.350000   271.350000   271.350000   271.350000   271.350000   271.350000   271.350000   271.350000   271.350000   271.350000   271.350000   271.350000   271.350000   271.350000   271.350000   271.350000   271.350000   271.350000   271.350000   271.350000   271.350000   271.350000   271.350000   271.350000   271.350000   271.350000   271.350000   271.350000   271.350000   271.350000   271.350000   271.350000   271.350000   271.350000   271.350000   271.350000   271.350000   271.350000   271.350000   271.350000   271.350000   271.350000   271.350000   271.350000   271.350000   271.350000   271.350000   271.350000   271.350000   271.350000   271.350000   271.350000   271.350000   271.350000   271.350000   271.350000   271.350000   271.350000   271.350000   271.350000   271.350000   271.350000   271.350000   271.350000   271.350000   271.350000   271.350000   271.350000   271.350000   271.350000   271.350000   271.350000   271.350000   271.350000   271.350000   271.350000   271.350000   271.350000   271.350000   271.350000   271.350000   271.350000   271.350000   271.350000   271.350000   271.350000   271.350000   271.350000   271.350000   271.350000   271.350000   271.350000   271.350000   271.350000   271.350000   271.350000   271.350000   271.350000   271.350000   271.350000   271.350000   271.350000   271.350000   271.350000   271.350000   271.350000   271.350000   271.350000   271.350000   271.350000   271.350000   271.350000     0.000000     0.000000     0.000000     0.000000     0.000000     0.000000   271.350000   271.350000   271.350000     0.000000     0.000000
     0.000000     0.000000     0.000000     0.000000     0.000000     0.000000     0.000000     0.000000     0.000000   271.350000   271.350000   271.350000   271.350000   271.350000   271.350000   271.350000   271.350000   271.350000   271.350000   271.350000   271.350000   271.350000   271.350000   271.350000   271.350000   271.350000   271.350000   271.350000   271.350000   271.350000   271.350000   271.350000   271.350000   271.350000   271.350000   271.350000   271.350000   271.350000   271.350000   271.350000   271.350000   271.350000   271.350000   271.350000   271.350000   271.350000   271.350000   271.350000   271.350000   271.350000   271.350000   271.350000   271.350000   271.350000   271.350000   271.350000   271.350000   271.350000   271.350000   271.350000   271.350000   271.350000   271.350000   271.350000   271.350000   271.350000   271.350000   271.350000   271.350000   271.350000   271.350000   271.350000   271.350000   271.350000   271.350000   271.350000   271.350000   271.350000   271.350000   271.350000   271.350000   271.350000   271.350000   271.350000   271.350000   271.350000   271.350000   271.350000   271.350000   271.350000   271.350000   271.350000   271.350000   271.350000   271.350000   271.350000   271.350000   271.350000   271.350000   271.350000   271.350000   271.350000   271.350000   271.350000   271.350000   271.350000   271.350000   271.350000   271.350000   271.350000   271.350000   271.350000   271.350000   271.350000   271.350000   271.350000   271.350000   271.350000   271.350000   271.350000   271.350000   271.350000   271.350000   271.350000   271.350000   271.350000   271.350000   271.350000   271.350000   271.350000   271.350000   271.350000   271.350000   271.350000   271.350000   271.350000   271.350000   271.350000   271.350000   271.350000   271.350000   271.350000   271.350000   271.350000   271.350000   271.350000   271.350000   271.350000   271.350000   271.350000   271.350000   271.350000     0.000000     0.000000   271.350000   271.350000     0.000000     0.000000     0.000000     0.000000     0.000000     0.000000
     0.000000     0.000000     0.000000     0.000000     0.000000     0.000000     0.000000     0.000000   271.350000   271.350000   271.350000   271.350000   271.350000   271.350000   271.350000   271.350000   271.350000   271.350000   271.350000   271.350000   271.350000   271.350000   271.350000   271.350000   271.350000   271.350000   271.350000   271.350000   271.350000   271.350000   271.350000   271.350000   271.350000   271.350000   271.350000   271.350000   271.350000   271.350000   271.350000   271.350000   271.350000   271.350000   271.350000   271.350000   271.350000   271.350000   271.350000   271.350000   271.350000   271.350000   271.350000   271.350000   271.350000   271.350000   271.350000   271.350000   271.350000   271.350000   271.350000   271.350000   271.350000   271.350000   271.350000   271.350000   271.350000   271.350000   271.350000   271.350000   271.350000   271.350000   271.350000   271.350000   271.350000   271.350000   271.350000   271.350000   271.350000   271.350000   271.350000   271.350000   271.350000   271.350000   271.350000   271.350000   271.350000   271.350000   271.350000   271.350000   271.350000   271.350000   271.350000   271.350000   271.350000   271.350000   271.350000   271.350000   271.350000   271.350000   271.350000   271.350000   271.350000   271.350000   271.350000   271.350000   271.350000   271.350000   271.350000   271.350000   271.350000   271.350000   271.350000   271.350000   271.350000   271.350000   271.350000   271.350000   271.350000   271.350000   271.350000   271.350000   271.350000   271.350000   271.350000   271.350000   271.350000   271.350000   271.350000   271.350000   271.350000   271.350000   271.350000   271.350000   271.350000   271.350000   271.350000   271.350000   271.350000   271.350000   271.350000   271.350000   271.350000   271.350000   271.350000   271.350000   271.350000   271.350000   271.350000   271.350000   271.350000   271.350000   271.350000   271.350000   271.350000     0.000000   271.350000   271.350000   271.350000     0.000000     0.000000     0.000000     0.000000     0.000000
     0.000000     0.000000     0.000000     0.000000     0.000000     0.000000     0.000000   271.350000   271.350000   271.350000   271.350000   271.350000   271.350000   271.350000   271.350000   271.350000   271.350000   271.350000   271.350000   271.350000   271.350000   271.350000   271.350000   271.350000   271.350000   271.350000   271.350000   271.350000   271.350000   271.350000   271.350000   271.350000   271.350000   271.350000   271.350000   271.350000   271.350000   271.350000   271.350000   271.350000   271.350000   271.350000   271.350000   271.350000   271.350000   271.350000   271.350000   271.350000   271.350000   271.350000   271.350000   271.350000   271.350000   271.350000   271.350000   271.350000   271.350000   271.350000   271.350000   271.350000   271.350000   271.350000   271.350000   271.350000   271.350000   271.350000   271.350000   271.350000   271.350000   271.350000   271.350000   271.350000   271.350000   271.350000   271.350000   271.350000   271.350000   271.350000   271.350000   271.350000   271.350000   271.350000   271.350000   271.350000   271.350000   271.350000   271.350000   271.350000   271.350000   271.350000   271.350000   271.350000   271.350000   271.350000   271.350000   271.350000   271.350000   271.350000   271.350000   271.350000   271.350000   271.350000   271.350000   271.350000   271.350000   271.350000   271.350000   271.350000   271.350000   271.350000   271.350000   271.350000   271.350000   271.350000   271.350000   271.350000   271.350000   271.350000   271.350000   271.350000   271.350000   271.350000   271.350000   271.350000   271.350000   271.350000   271.350000   271.350000   271.350000   271.350000   271.350000   271.350000   271.350000   271.350000   271.350000   271.350000   271.350000   271.350000   271.350000   271.350000   271.350000   271.350000   271.350000   271.350000   271.350000   271.350000   271.350000   271.350000   271.350000   271.350000   271.350000   271.350000   271.350000   271.350000   271.350000   271.350000   271.350000     0.000000     0.000000     0.000000     0.000000     0.000000
     0.000000     0.000000     0.000000     0.000000     0.000000     0.000000     0.000000   271.350000   271.350000   271.350000   271.350000   271.350000   271.350000   271.350000   271.350000   271.350000   271.350000   271.350000   271.350000   271.350000   271.350000   271.350000   271.350000   271.350000   271.350000   271.350000   271.350000   271.350000   271.350000   271.350000   271.350000   271.350000   271.350000   271.350000   271.350000   271.350000   271.350000   271.350000   271.350000   271.350000   271.350000   271.350000   271.350000   271.350000   271.350000   271.350000   271.350000   271.350000   271.350000   271.350000   271.350000   271.350000   271.350000   271.350000   271.350000   271.350000   271.350000   271.350000   271.350000   271.350000   271.350000   271.350000   271.350000   271.350000   271.350000   271.350000   271.350000   271.350000   271.350000   271.350000   271.350000   271.350000   271.350000   271.350000   271.350000   271.350000   271.350000   271.350000   271.350000   271.350000   271.350000   271.350000   271.350000   271.350000   271.350000   271.350000   271.350000   271.350000   271.350000   271.350000   271.350000   271.350000   271.350000   271.350000   271.350000   271.350000   271.350000   271.350000   271.350000   271.350000   271.350000   271.350000   271.350000   271.350000   271.350000   271.350000   271.350000   271.350000   271.350000   271.350000   271.350000   271.350000   271.350000   271.350000   271.350000   271.350000   271.350000   271.350000   271.350000   271.350000   271.350000   271.350000   271.350000   271.350000     0.000000     0.000000   271.350000   271.350000   271.350000     0.000000     0.000000   271.350000   271.350000     0.000000     0.000000   271.350000   271.350000     0.000000     0.000000   271.350000   271.350000   271.350000   271.350000   271.350000   271.350000   271.350000   271.350000     0.000000     0.000000     0.000000   271.350000   271.350000   271.350000   271.350000   271.350000   271.350000     0.000000     0.000000     0.000000     0.000000     0.000000     0.000000
   271.350000   271.350000   271.350000     0.000000     0.000000     0.000000     0.000000   271.350000   271.350000   271.350000   271.350000   271.350000   271.350000   271.350000   271.350000   271.350000   271.350000   271.350000   271.350000   271.350000   271.350000   271.350000   271.350000   271.350000   271.350000   271.350000   271.350000   271.350000   271.350000   271.350000   271.350000   271.350000   271.350000   271.350000   271.350000   271.350000   271.350000   271.350000   271.350000   271.350000   271.350000   271.350000   271.350000   271.350000   271.350000   271.350000   271.350000   271.350000   271.350000   271.350000   271.350000   271.350000   271.350000   271.350000   271.350000   271.350000   271.350000   271.350000   271.350000   271.350000   271.350000   271.350000   271.350000   271.350000   271.350000   271.350000   271.350000   271.350000   271.350000   271.350000   271.350000   271.350000   271.350000   271.350000   271.350000   271.350000   271.350000   271.350000   271.350000   271.350000   271.350000   271.350000   271.350000   271.350000   271.350000   271.350000   271.350000   271.350000   271.350000   271.350000   271.350000   271.350000   271.350000   271.350000   271.350000   271.350000   271.350000   271.350000   271.350000   271.350000   271.350000   271.350000   271.350000   271.350000   271.350000   271.350000   271.350000   271.350000   271.350000   271.350000   271.350000   271.350000   271.350000   271.350000   271.350000   271.350000   271.350000   271.350000   271.350000   271.350000   271.350000   271.350000     0.000000     0.000000     0.000000     0.000000     0.000000     0.000000     0.000000     0.000000     0.000000     0.000000     0.000000     0.000000     0.000000     0.000000     0.000000     0.000000     0.000000   271.350000   271.350000   271.350000   271.350000   271.350000   271.350000   271.350000   271.350000     0.000000     0.000000     0.000000   271.350000   271.350000   271.350000     0.000000     0.000000     0.000000     0.000000     0.000000     0.000000     0.000000     0.000000     0.000000
   271.350000   271.350000   271.350000   271.350000   271.350000     0.000000     0.000000   271.350000   271.350000   271.350000   271.350000   271.350000   271.350000   271.350000   271.350000   271.350000   271.350000   271.350000   271.350000   271.350000   271.350000   271.350000   271.350000   271.350000   271.350000   271.350000   271.350000   271.350000   271.350000   271.350000   271.350000   271.350000   271.350000   271.350000   271.350000   271.350000   271.350000   271.350000   271.350000   271.350000   271.350000   271.350000   271.350000   271.350000   271.350000   271.350000   271.350000   271.350000   271.350000   271.350000   271.350000   271.350000   271.350000   271.350000   271.350000   271.350000   271.350000   271.350000   271.350000   271.350000   271.350000   271.350000   271.350000   271.350000   271.350000   271.350000   271.350000   271.350000   271.350000   271.350000   271.350000   271.350000   271.350000   271.350000   271.350000   271.350000   271.350000   271.350000   271.350000   271.350000   271.350000   271.350000   271.350000   271.350000   271.350000   271.350000   271.350000   271.350000   271.350000   271.350000   271.350000   271.350000   271.350000   271.350000   271.350000   271.350000   271.350000   271.350000   271.350000   271.350000   271.350000   271.350000   271.350000   271.350000   271.350000   271.350000   271.350000   271.350000   271.350000   271.350000   271.350000   271.350000   271.350000   271.350000   271.350000   271.350000   271.350000   271.350000   271.350000   271.350000   271.350000     0.000000     0.000000     0.000000     0.000000     0.000000     0.000000     0.000000     0.000000     0.000000     0.000000     0.000000     0.000000     0.000000     0.000000     0.000000     0.000000     0.000000     0.000000     0.000000   271.350000   271.350000   271.350000   271.350000   271.350000   271.350000   271.350000   271.350000   271.350000     0.000000   271.350000   271.350000     0.000000     0.000000     0.000000     0.000000     0.000000     0.000000     0.000000     0.000000     0.000000     0.000000
   271.350000   271.350000   271.350000   271.350000   271.350000   271.350000   271.350000   271.350000   271.350000   271.350000   271.350000   271.350000   271.350000   271.350000   271.350000   271.350000   271.350000   271.350000   271.350000   271.350000   271.350000   271.350000   271.350000   271.350000   271.350000   271.350000   271.350000   271.350000   271.350000   271.350000   271.350000   271.350000   271.350000   271.350000   271.350000   271.350000   271.350000   271.350000   271.350000   271.350000   271.350000   271.350000   271.350000   271.350000   271.350000   271.350000   271.350000   271.350000   271.350000   271.350000   271.350000   271.350000   271.350000   271.350000   271.350000   271.350000   271.350000   271.350000   271.350000   271.350000   271.350000   271.350000   271.350000   271.350000   271.350000   271.350000   271.350000   271.350000   271.350000   271.350000   271.350000   271.350000   271.350000   271.350000   271.350000   271.350000   271.350000   271.350000   271.350000   271.350000   271.350000   271.350000   271.350000   271.350000   271.350000   271.350000   271.350000   271.350000   271.350000   271.350000   271.350000   271.350000   271.350000   271.350000   271.350000   271.350000   271.350000   271.350000   271.350000   271.350000   271.350000   271.350000   271.350000   271.350000   271.350000   271.350000   271.350000   271.350000   271.350000   271.350000   271.350000   271.350000   271.350000   271.350000   271.350000   271.350000   271.350000   271.350000   271.350000     0.000000     0.000000     0.000000     0.000000     0.000000     0.000000     0.000000     0.000000     0.000000     0.000000     0.000000     0.000000     0.000000     0.000000     0.000000     0.000000     0.000000     0.000000     0.000000     0.000000     0.000000     0.000000   271.350000   271.350000   271.350000   271.350000   271.350000   271.350000   271.350000   271.350000     0.000000     0.000000     0.000000     0.000000     0.000000     0.000000     0.000000     0.000000     0.000000     0.000000     0.000000     0.000000     0.000000
   271.350000   271.350000   271.350000   271.350000   271.350000   271.350000   271.350000   271.350000   271.350000   271.350000   271.350000   271.350000   271.350000   271.350000   271.350000   271.350000   271.350000   271.350000   271.350000   271.350000   271.350000   271.350000   271.350000   271.350000   271.350000   271.350000   271.350000   271.350000   271.350000   271.350000   271.350000   271.350000   271.350000   271.350000   271.350000   271.350000   271.350000   271.350000   271.350000   271.350000   271.350000   271.350000   271.350000   271.350000   271.350000   271.350000   271.350000   271.350000   271.350000   271.350000   271.350000   271.350000   271.350000   271.350000   271.350000   271.350000   271.350000   271.350000   271.350000   271.350000   271.350000   271.350000   271.350000   271.350000   271.350000   271.350000   271.350000   271.350000   271.350000   271.350000   271.350000   271.350000   271.350000   271.350000   271.350000   271.350000   271.350000   271.350000   271.350000   271.350000   271.350000   271.350000   271.350000   271.350000   271.350000   271.350000   271.350000   271.350000   271.350000   271.350000   271.350000   271.350000   271.350000   271.350000   271.350000   271.350000   271.350000   271.350000   271.350000   271.350000   271.350000   271.350000   271.350000   271.350000   271.350000   271.350000   271.350000   271.350000   271.350000   271.350000   271.350000   271.350000   271.350000   271.350000   271.350000   271.350000   271.350000   271.350000     0.000000     0.000000     0.000000     0.000000     0.000000   271.350000   271.350000   271.350000   271.350000   271.350000   271.350000   271.350000   271.350000   271.350000   271.350000   271.350000   271.350000   271.350000     0.000000     0.000000     0.000000     0.000000     0.000000   271.350000   271.350000   271.350000   271.350000   271.350000   271.350000   271.350000   271.350000     0.000000     0.000000     0.000000     0.000000     0.000000     0.000000     0.000000     0.000000     0.000000     0.000000     0.000000     0.000000     0.000000
   271.350000   271.350000   271.350000   271.350000   271.350000   271.350000   271.350000   271.350000   271.350000   271.350000   271.350000   271.350000   271.350000   271.350000   271.350000   271.350000   271.350000   271.350000   271.350000   271.350000   271.350000   271.350000   271.350000   271.350000   271.350000   271.350000   271.350000   271.350000   271.350000   271.350000   271.350000   271.350000   271.350000   271.350000   271.350000   271.350000   271.350000   271.350000   271.350000   271.350000   271.350000   271.350000   271.350000   271.350000   271.350000   271.350000   271.350000   271.350000   271.350000   271.350000   271.350000   271.350000   271.350000   271.350000   271.350000   271.350000   271.350000   271.350000   271.350000   271.350000   271.350000   271.350000   271.350000   271.350000   271.350000   271.350000   271.350000   271.350000   271.350000   271.350000   271.350000   271.350000   271.350000   271.350000   271.350000   271.350000   271.350000   271.350000   271.350000   271.350000   271.350000   271.350000   271.350000   271.350000   271.350000   271.350000   271.350000   271.350000   271.350000   271.350000   271.350000   271.350000   271.350000   271.350000   271.350000   271.350000   271.350000   271.350000   271.350000   271.350000   271.350000   271.350000   271.350000   271.350000   271.350000   271.350000   271.350000   271.350000   271.350000   271.350000   271.350000   271.350000   271.350000   271.350000   271.350000     0.000000     0.000000     0.000000     0.000000     0.000000     0.000000   271.350000   271.350000   271.350000   271.350000   271.350000   271.350000   271.350000   271.350000   271.350000   271.350000   271.350000   271.350000   271.350000   271.350000   271.350000   271.350000   271.350000     0.000000     0.000000     0.000000   271.350000   271.350000   271.350000   271.350000   271.350000   271.350000   271.350000     0.000000     0.000000     0.000000     0.000000     0.000000     0.000000     0.000000     0.000000     0.000000     0.000000     0.000000     0.000000     0.000000     0.000000
   271.350000   271.350000   271.350000   271.350000   271.350000   271.350000   271.350000   271.350000   271.350000   271.350000   271.350000   271.350000   271.350000   271.350000   271.350000   271.350000   271.350000   271.350000   271.350000   271.350000   271.350000   271.350000   271.350000   271.350000   271.350000   271.350000   271.350000   271.350000   271.350000   271.350000   271.350000   271.350000   271.350000   271.350000   271.350000   271.350000   271.350000   271.350000   271.350000   271.350000   271.350000   271.350000   271.350000   271.350000   271.350000   271.350000   271.350000   271.350000   271.350000   271.350000   271.350000   271.350000   271.350000   271.350000   271.350000   271.350000   271.350000   271.350000   271.350000   271.350000   271.350000   271.350000   271.350000   271.350000   271.350000   271.350000   271.350000   271.350000   271.350000   271.350000   271.350000   271.350000   271.350000   271.350000   271.350000   271.350000   271.350000   271.350000   271.350000   271.350000   271.350000   271.350000   271.350000   271.350000   271.350000   271.350000   271.350000   271.350000   271.350000   271.350000   271.350000     0.000000   271.350000   271.350000   271.350000   271.350000   271.350000   271.350000   271.350000   271.350000   271.350000   271.350000   271.350000   271.350000   271.350000   271.350000   271.350000   271.350000   271.350000   271.350000   271.350000   271.350000   271.350000   271.350000   271.350000     0.000000     0.000000     0.000000     0.000000   271.350000   271.350000   271.350000   271.350000   271.350000   271.350000   271.350000   271.350000   271.350000   271.350000   271.350000   271.350000   271.350000   271.350000   271.350000   271.350000   271.350000   271.350000   271.350000     0.000000     0.000000   271.350000   271.350000   271.350000   271.350000   271.350000   271.350000   271.350000     0.000000     0.000000     0.000000     0.000000     0.000000     0.000000     0.000000     0.000000     0.000000     0.000000     0.000000     0.000000     0.000000     0.000000     0.000000
   271.350000   271.350000   271.350000   271.350000   271.350000   271.350000   271.350000   271.350000   271.350000   271.350000   271.350000   271.350000   271.350000   271.350000   271.350000   271.350000   271.350000   271.350000   271.350000   271.350000   271.350000   271.350000   271.350000   271.350000   271.350000   271.350000   271.350000   271.350000   271.350000   271.350000   271.350000   271.350000   271.350000   271.350000   271.350000   271.350000   271.350000   271.350000   271.350000   271.350000   271.350000   271.350000   271.350000   271.350000   271.350000   271.350000   271.350000   271.350000   271.350000   271.350000   271.350000   271.350000   271.350000   271.350000   271.350000   271.350000   271.350000   271.350000   271.350000   271.350000   271.350000   271.350000   271.350000   271.350000   271.350000   271.350000   271.350000   271.350000   271.350000   271.350000   271.350000   271.350000   271.350000   271.350000   271.350000   271.350000   271.350000   271.350000   271.350000   271.350000   271.350000   271.350000   271.350000   271.350000   271.350000   271.350000   271.350000   271.350000   271.350000   271.350000   271.350000     0.000000     0.000000     0.000000   271.350000   271.350000   271.350000   271.350000   271.350000   271.350000   271.350000   271.350000   271.350000   271.350000   271.350000   271.350000   271.350000   271.350000   271.350000   271.350000   271.350000   271.350000   271.350000   271.350000   271.350000   271.350000   271.350000   271.350000   271.350000   271.350000   271.350000   271.350000   271.350000   271.350000   271.350000   271.350000   271.350000   271.350000   271.350000   271.350000   271.350000   271.350000   271.350000   271.350000   271.350000   271.350000   271.350000   271.350000   271.350000     0.000000   271.350000   271.350000   271.350000   271.350000   271.350000   271.350000   271.350000   271.350000   271.350000     0.000000     0.000000     0.000000     0.000000     0.000000     0.000000     0.000000     0.000000     0.000000     0.000000     0.000000     0.000000     0.000000
   271.350000   271.350000   271.350000   271.350000   271.350000   271.350000   271.350000   271.350000   271.350000   271.350000   271.350000   271.350000   271.350000   271.350000   271.350000   271.350000   271.350000   271.350000   271.350000   271.350000   271.350000   271.350000   271.350000   271.350000   271.350000   271.350000   271.350000   271.350000   271.350000   271.350000   271.350000   271.350000   271.350000   271.350000   271.350000   271.350000   271.350000   271.350000   271.350000   271.350000   271.350000   271.350000   271.350000   271.350000   271.350000   271.350000   271.350000   271.350000   271.350000   271.350000   271.350000   271.350000   271.350000   271.350000   271.350000   271.350000   271.350000   271.350000   271.350000   271.350000   271.350000   271.350000   271.350000   271.350000   271.350000   271.350000   271.350000   271.350000   271.350000   271.350000   271.350000   271.350000   271.350000   271.350000   271.350000   271.350000   271.350000   271.350000   271.350000   271.350000   271.350000   271.350000   271.350000   271.350000   271.350000   271.350000   271.350000   271.350000   271.350000   271.350000   271.350000     0.000000     0.000000     0.000000     0.000000   271.350000   271.350000   271.350000   271.350000   271.350000   271.350000   271.350000   271.350000   271.350000   271.350000   271.350000   271.350000   271.350000   271.350000   271.350000   271.350000   271.350000   271.350000   271.350000   271.350000   271.350000   271.350000   271.350000   271.350000   271.350000   271.350000   271.350000   271.350000   271.350000   271.350000   271.350000   271.350000   271.350000   271.350000   271.350000   271.350000   271.350000   271.350000   271.350000   271.350000   271.350000   271.350000   271.350000   271.350000   271.350000   271.350000   271.350000   271.350000   271.350000   271.350000   271.350000   271.350000   271.350000   271.350000     0.000000     0.000000     0.000000     0.000000     0.000000     0.000000     0.000000     0.000000     0.000000     0.000000     0.000000     0.000000     0.000000
   271.350000   271.350000   271.350000   271.350000   271.350000   271.350000   271.350000   271.350000   271.350000   271.350000   271.350000   271.350000   271.350000   271.350000   271.350000   271.350000   271.350000   271.350000   271.350000   271.350000   271.350000   271.350000   271.350000   271.350000   271.350000   271.350000   271.350000   271.350000   271.350000   271.350000   271.350000   271.350000   271.350000   271.350000   271.350000   271.350000   271.350000   271.350000   271.350000   271.350000   271.350000   271.350000   271.350000   271.350000   271.350000   271.350000   271.350000   271.350000   271.350000   271.350000   271.350000   271.350000   271.350000   271.350000   271.350000   271.350000   271.350000   271.350000   271.350000   271.350000   271.350000   271.350000   271.350000   271.350000   271.350000   271.350000   271.350000   271.350000   271.350000   271.350000   271.350000   271.350000   271.350000   271.350000   271.350000   271.350000   271.350000   271.350000   271.350000   271.350000   271.350000   271.350000   271.350000   271.350000   271.350000   271.350000   271.350000   271.350000   271.350000   271.350000   271.350000   271.350000     0.000000     0.000000     0.000000     0.000000   271.350000   271.350000   271.350000   271.350000   271.350000   271.350000   271.350000   271.350000   271.350000   271.350000   271.350000   271.350000   271.350000   271.350000   271.350000   271.350000   271.350000   271.350000   271.350000   271.350000   271.350000   271.350000   271.350000   271.350000   271.350000   271.350000   271.350000   271.350000   271.350000   271.350000   271.350000   271.350000   271.350000   271.350000   271.350000   271.350000   271.350000   271.350000   271.350000   271.350000   271.350000   271.350000   271.350000   271.350000   271.350000   271.350000   271.350000   271.350000   271.350000   271.350000   271.350000     0.000000     0.000000     0.000000     0.000000     0.000000     0.000000     0.000000     0.000000     0.000000     0.000000     0.000000     0.000000     0.000000     0.000000     0.000000
   271.350000   271.350000   271.350000   271.350000   271.350000   271.350000   271.350000   271.350000   271.350000   271.350000   271.350000   271.350000   271.350000   271.350000   271.350000   271.350000   271.350000   271.350000   271.350000   271.350000   271.350000   271.350000   271.350000   271.350000   271.350000   271.350000   271.350000   271.350000   271.350000   271.350000   271.350000   271.350000   271.350000   271.350000   271.350000   271.350000   271.350000   271.350000   271.350000   271.350000   271.350000   271.350000   271.350000   271.350000   271.350000   271.350000   271.350000   271.350000   271.350000   271.350000   271.350000   271.350000   271.350000   271.350000   271.350000   271.350000   271.350000   271.350000   271.350000   271.350000   271.350000   271.350000   271.350000   271.350000   271.350000   271.350000   271.350000   271.350000   271.350000   271.350000   271.350000   271.350000   271.350000   271.350000   271.350000   271.350000   271.350000   271.350000   271.350000   271.350000   271.350000   271.350000   271.350000   271.350000   271.350000   271.350000   271.350000   271.350000   271.350000   271.350000   271.350000   271.350000     0.000000     0.000000     0.000000   271.350000   271.350000   271.350000   271.350000   271.350000   271.350000   271.350000   271.350000   271.350000   271.350000   271.350000   271.350000   271.350000   271.350000   271.350000   271.350000   271.350000   271.350000   271.350000   271.350000   271.350000   271.350000   271.350000   271.350000   271.350000   271.350000   271.350000   271.350000   271.350000   271.350000   271.350000   271.350000   271.350000   271.350000   271.350000   271.350000   271.350000   271.350000   271.350000   271.350000   271.350000   271.350000   271.350000   271.350000     0.000000     0.000000   271.350000   271.350000   271.350000   271.350000   271.350000     0.000000     0.000000     0.000000     0.000000     0.000000     0.000000     0.000000     0.000000     0.000000     0.000000     0.000000     0.000000     0.000000     0.000000     0.000000     0.000000
     0.000000     0.000000   271.350000   271.350000   271.350000   271.350000   271.350000   271.350000   271.350000   271.350000   271.350000   271.350000   271.350000   271.350000   271.350000   271.350000   271.350000   271.350000   271.350000   271.350000     0.000000     0.000000   271.350000   271.350000   271.350000   271.350000   271.350000   271.350000   271.350000   271.350000   271.350000   271.350000   271.350000   271.350000   271.350000   271.350000   271.350000   271.350000   271.350000   271.350000   271.350000   271.350000   271.350000   271.350000   271.350000   271.350000   271.350000   271.350000   271.350000   271.350000   271.350000   271.350000   271.350000   271.350000   271.350000   271.350000   271.350000   271.350000   271.350000   271.350000   271.350000   271.350000   271.350000   271.350000   271.350000   271.350000   271.350000   271.350000   271.350000   271.350000   271.350000   271.350000   271.350000   271.350000   271.350000   271.350000   271.350000   271.350000   271.350000   271.350000   271.350000   271.350000   271.350000   271.350000   271.350000   271.350000   271.350000   271.350000   271.350000   271.350000   271.350000     0.000000     0.000000     0.000000     0.000000   271.350000   271.350000   271.350000   271.350000   271.350000   271.350000   271.350000   271.350000   271.350000   271.350000   271.350000   271.350000   271.350000   271.350000   271.350000   271.350000   271.350000   271.350000   271.350000   271.350000   271.350000   271.350000   271.350000   271.350000   271.350000   271.350000   271.350000   271.350000   271.350000   271.350000   271.350000   271.350000   271.350000   271.350000   271.350000   271.350000   271.350000   271.350000   271.350000   271.350000   271.350000   271.350000   271.350000   271.350000   271.350000     0.000000   271.350000   271.350000   271.350000   271.350000     0.000000     0.000000     0.000000     0.000000     0.000000     0.000000     0.000000     0.000000     0.000000     0.000000     0.000000     0.000000     0.000000     0.000000     0.000000     0.000000     0.000000
     0.000000     0.000000     0.000000     0.000000   271.350000   271.350000   271.350000   271.350000   271.350000   271.350000   271.350000   271.350000   271.350000   271.350000   271.350000   271.350000   271.350000   271.350000   271.350000   271.350000     0.000000     0.000000     0.000000   271.350000   271.350000   271.350000   271.350000   271.350000   271.350000   271.350000   271.350000   271.350000   271.350000   271.350000   271.350000   271.350000   271.350000   271.350000   271.350000   271.350000   271.350000   271.350000   271.350000   271.350000   271.350000   271.350000   271.350000   271.350000   271.350000   271.350000   271.350000   271.350000   271.350000   271.350000   271.350000   271.350000   271.350000   271.350000   271.350000   271.350000   271.350000   271.350000   271.350000   271.350000   271.350000   271.350000   271.350000   271.350000   271.350000   271.350000   271.350000   271.350000   271.350000   271.350000   271.350000   271.350000   271.350000   271.350000   271.350000   271.350000   271.350000   271.350000   271.350000   271.350000   271.350000   271.350000   271.350000   271.350000   271.350000   271.350000   271.350000     0.000000     0.000000     0.000000     0.000000   271.350000   271.350000   271.350000   271.350000   271.350000   271.350000   271.350000   271.350000   271.350000   271.350000   271.350000   271.350000   271.350000   271.350000   271.350000   271.350000   271.350000   271.350000   271.350000   271.350000   271.350000   271.350000   271.350000   271.350000   271.350000   271.350000   271.350000   271.350000   271.350000   271.350000   271.350000   271.350000   271.350000   271.350000   271.350000   271.350000   271.350000   271.350000   271.350000   271.350000   271.350000   271.350000   271.350000   271.350000   271.350000     0.000000   271.350000   271.350000   271.350000     0.000000     0.000000     0.000000     0.000000     0.000000     0.000000     0.000000     0.000000     0.000000     0.000000     0.000000     0.000000     0.000000     0.000000     0.000000     0.000000     0.000000     0.000000
     0.000000     0.000000     0.000000     0.000000     0.000000   271.350000   271.350000   271.350000   271.350000   271.350000   271.350000   271.350000   271.350000   271.350000   271.350000   271.350000   271.350000   271.350000   271.350000   271.350000   271.350000     0.000000     0.000000   271.350000   271.350000   271.350000   271.350000   271.350000   271.350000   271.350000   271.350000   271.350000   271.350000   271.350000   271.350000   271.350000   271.350000   271.350000   271.350000   271.350000   271.350000   271.350000   271.350000   271.350000   271.350000   271.350000   271.350000   271.350000   271.350000   271.350000   271.350000   271.350000   271.350000   271.350000   271.350000   271.350000   271.350000   271.350000   271.350000   271.350000   271.350000   271.350000   271.350000   271.350000   271.350000   271.350000   271.350000   271.350000   271.350000   271.350000   271.350000   271.350000   271.350000   271.350000   271.350000   271.350000   271.350000   271.350000   271.350000   271.350000   271.350000   271.350000   271.350000   271.350000   271.350000   271.350000   271.350000   271.350000   271.350000   271.350000   271.350000     0.000000     0.000000     0.000000     0.000000   271.350000   271.350000   271.350000   271.350000   271.350000   271.350000   271.350000   271.350000   271.350000   271.350000   271.350000   271.350000   271.350000   271.350000   271.350000   271.350000   271.350000   271.350000   271.350000   271.350000   271.350000   271.350000   271.350000   271.350000   271.350000   271.350000   271.350000   271.350000   271.350000   271.350000   271.350000   271.350000   271.350000   271.350000   271.350000   271.350000   271.350000   271.350000   271.350000   271.350000   271.350000   271.350000   271.350000   271.350000   271.350000     0.000000     0.000000   271.350000   271.350000     0.000000     0.000000     0.000000     0.000000     0.000000     0.000000     0.000000     0.000000     0.000000     0.000000     0.000000     0.000000     0.000000     0.000000     0.000000     0.000000     0.000000     0.000000
     0.000000     0.000000     0.000000     0.000000     0.000000     0.000000   271.350000   271.350000   271.350000   271.350000   271.350000   271.350000   271.350000   271.350000   271.350000   271.350000   271.350000   271.350000   271.350000   271.350000   271.350000     0.000000     0.000000   271.350000   271.350000   271.350000   271.350000   271.350000   271.350000   271.350000   271.350000   271.350000   271.350000   271.350000   271.350000   271.350000   271.350000   271.350000   271.350000   271.350000   271.350000   271.350000   271.350000   271.350000   271.350000   271.350000   271.350000   271.350000   271.350000   271.350000   271.350000   271.350000   271.350000   271.350000   271.350000   271.350000   271.350000   271.350000   271.350000   271.350000   271.350000   271.350000   271.350000   271.350000   271.350000   271.350000   271.350000   271.350000   271.350000   271.350000   271.350000   271.350000   271.350000   271.350000   271.350000   271.350000   271.350000   271.350000   271.350000   271.350000   271.350000   271.350000   271.350000   271.350000   271.350000   271.350000   271.350000   271.350000   271.350000   271.350000     0.000000     0.000000     0.000000     0.000000   271.350000   271.350000   271.350000   271.350000   271.350000   271.350000   271.350000   271.350000   271.350000   271.350000   271.350000   271.350000   271.350000   271.350000   271.350000   271.350000   271.350000   271.350000   271.350000   271.350000   271.350000   271.350000   271.350000   271.350000   271.350000   271.350000   271.350000   271.350000   271.350000   271.350000   271.350000   271.350000   271.350000   271.350000   271.350000   271.350000   271.350000   271.350000   271.350000   271.350000   271.350000   271.350000   271.350000   271.350000   271.350000   271.350000     0.000000     0.000000   271.350000   271.350000     0.000000     0.000000     0.000000     0.000000     0.000000     0.000000     0.000000     0.000000     0.000000     0.000000     0.000000     0.000000     0.000000     0.000000     0.000000     0.000000     0.000000     0.000000
     0.000000     0.000000     0.000000     0.000000     0.000000     0.000000     0.000000     0.000000     0.000000   271.350000   271.350000   271.350000   271.350000   271.350000   271.350000   271.350000   271.350000   271.350000   271.350000   271.350000   271.350000   271.350000     0.000000   271.350000   271.350000   271.350000   271.350000   271.350000   271.350000   271.350000   271.350000   271.350000   271.350000   271.350000   271.350000   271.350000   271.350000   271.350000   271.350000   271.350000   271.350000   271.350000   271.350000   271.350000   271.350000   271.350000   271.350000   271.350000   271.350000   271.350000   271.350000   271.350000   271.350000   271.350000   271.350000   271.350000   271.350000   271.350000   271.350000   271.350000   271.350000   271.350000   271.350000   271.350000   271.350000   271.350000   271.350000   271.350000   271.350000   271.350000   271.350000   271.350000   271.350000   271.350000   271.350000   271.350000   271.350000   271.350000   271.350000   271.350000   271.350000   271.350000   271.350000   271.350000   271.350000   271.350000   271.350000   271.350000   271.350000   271.350000     0.000000     0.000000     0.000000   271.350000   271.350000   271.350000   271.350000   271.350000   271.350000   271.350000   271.350000   271.350000   271.350000   271.350000   271.350000   271.350000   271.350000   271.350000   271.350000   271.350000   271.350000   271.350000   271.350000   271.350000   271.350000   271.350000   271.350000   271.350000   271.350000   271.350000   271.350000   271.350000   271.350000     0.000000     0.000000     0.000000     0.000000   271.350000   271.350000   271.350000   271.350000   271.350000   271.350000   271.350000   271.350000   271.350000   271.350000   271.350000   271.350000     0.000000     0.000000     0.000000     0.000000     0.000000     0.000000     0.000000     0.000000     0.000000     0.000000     0.000000     0.000000     0.000000     0.000000     0.000000     0.000000     0.000000     0.000000     0.000000     0.000000     0.000000     0.000000     0.000000
     0.000000     0.000000     0.000000     0.000000     0.000000     0.000000     0.000000     0.000000     0.000000     0.000000     0.000000   271.350000   271.350000   271.350000   271.350000   271.350000   271.350000   271.350000   271.350000   271.350000   271.350000   271.350000   271.350000   271.350000   271.350000   271.350000   271.350000   271.350000   271.350000   271.350000   271.350000   271.350000   271.350000   271.350000   271.350000   271.350000   271.350000   271.350000   271.350000   271.350000   271.350000   271.350000   271.350000   271.350000   271.350000   271.350000   271.350000   271.350000   271.350000   271.350000   271.350000   271.350000   271.350000   271.350000   271.350000   271.350000   271.350000   271.350000   271.350000   271.350000   271.350000   271.350000   271.350000   271.350000   271.350000   271.350000   271.350000   271.350000   271.350000   271.350000   271.350000   271.350000   271.350000   271.350000   271.350000   271.350000   271.350000   271.350000   271.350000   271.350000   271.350000   271.350000   271.350000   271.350000   271.350000   271.350000   271.350000   271.350000   271.350000     0.000000     0.000000     0.000000     0.000000   271.350000   271.350000   271.350000   271.350000   271.350000   271.350000   271.350000   271.350000   271.350000   271.350000   271.350000   271.350000   271.350000   271.350000   271.350000   271.350000   271.350000   271.350000   271.350000   271.350000   271.350000   271.350000   271.350000   271.350000   271.350000   271.350000   271.350000   271.350000   271.350000   271.350000     0.000000     0.000000     0.000000     0.000000     0.000000   271.350000   271.350000   271.350000   271.350000   271.350000   271.350000   271.350000   271.350000   271.350000   271.350000   271.350000     0.000000     0.000000     0.000000     0.000000     0.000000     0.000000     0.000000     0.000000     0.000000     0.000000     0.000000     0.000000     0.000000     0.000000     0.000000     0.000000     0.000000     0.000000     0.000000     0.000000     0.000000     0.000000     0.000000
     0.000000     0.000000     0.000000     0.000000     0.000000     0.000000     0.000000     0.000000     0.000000     0.000000     0.000000     0.000000     0.000000     0.000000   271.350000   271.350000   271.350000   271.350000   271.350000   271.350000   271.350000   271.350000   271.350000   271.350000   271.350000   271.350000   271.350000   271.350000   271.350000   271.350000   271.350000   271.350000   271.350000   271.350000   271.350000   271.350000   271.350000   271.350000   271.350000   271.350000   271.350000   271.350000   271.350000   271.350000   271.350000   271.350000   271.350000   271.350000   271.350000   271.350000   271.350000   271.350000   271.350000   271.350000   271.350000   271.350000   271.350000   271.350000   271.350000   271.350000   271.350000   271.350000   271.350000   271.350000   271.350000   271.350000   271.350000   271.350000   271.350000   271.350000   271.350000   271.350000   271.350000   271.350000   271.350000   271.350000   271.350000   271.350000   271.350000   271.350000   271.350000   271.350000   271.350000   271.350000   271.350000   271.350000   271.350000   271.350000   271.350000     0.000000     0.000000     0.000000     0.000000     0.000000   271.350000   271.350000   271.350000   271.350000   271.350000   271.350000   271.350000   271.350000   271.350000   271.350000   271.350000   271.350000   271.350000   271.350000   271.350000   271.350000   271.350000   271.350000   271.350000   271.350000   271.350000   271.350000   271.350000   271.350000   271.350000   271.350000   271.350000   271.350000   271.350000   271.350000     0.000000     0.000000     0.000000     0.000000     0.000000     0.000000     0.000000     0.000000     0.000000   271.350000   271.350000   271.350000   271.350000   271.350000   271.350000     0.000000     0.000000     0.000000     0.000000     0.000000     0.000000     0.000000     0.000000     0.000000     0.000000     0.000000     0.000000     0.000000     0.000000     0.000000     0.000000     0.000000     0.000000     0.000000     0.000000     0.000000     0.000000     0.000000
     0.000000     0.000000     0.000000     0.000000     0.000000     0.000000     0.000000     0.000000     0.000000     0.000000     0.000000     0.000000     0.000000     0.000000     0.000000     0.000000     0.000000   271.350000   271.350000   271.350000   271.350000   271.350000   271.350000   271.350000   271.350000   271.350000   271.350000   271.350000   271.350000   271.350000   271.350000   271.350000   271.350000   271.350000   271.350000   271.350000   271.350000   271.350000   271.350000   271.350000   271.350000   271.350000   271.350000   271.350000   271.350000   271.350000   271.350000   271.350000   271.350000   271.350000   271.350000   271.350000   271.350000   271.350000   271.350000   271.350000   271.350000   271.350000   271.350000   271.350000   271.350000   271.350000   271.350000   271.350000   271.350000   271.350000   271.350000   271.350000   271.350000   271.350000   271.350000   271.350000   271.350000   271.350000   271.350000   271.350000   271.350000   271.350000   271.350000   271.350000   271.350000   271.350000   271.350000   271.350000   271.350000   271.350000   271.350000   271.350000   271.350000   271.350000   271.350000   271.350000   271.350000   271.350000   271.350000   271.350000   271.350000   271.350000   271.350000   271.350000   271.350000   271.350000   271.350000   271.350000   271.350000   271.350000   271.350000   271.350000   271.350000   271.350000   271.350000   271.350000   271.350000   271.350000   271.350000   271.350000   271.350000   271.350000   271.350000   271.350000   271.350000   271.350000   271.350000   271.350000     0.000000     0.000000     0.000000     0.000000     0.000000     0.000000     0.000000     0.000000     0.000000     0.000000   271.350000   271.350000   271.350000   271.350000   271.350000     0.000000     0.000000     0.000000     0.000000     0.000000     0.000000     0.000000     0.000000     0.000000     0.000000     0.000000     0.000000     0.000000     0.000000     0.000000     0.000000     0.000000     0.000000     0.000000     0.000000     0.000000     0.000000     0.000000
     0.000000     0.000000     0.000000     0.000000     0.000000     0.000000     0.000000     0.000000     0.000000     0.000000     0.000000     0.000000     0.000000     0.000000     0.000000     0.000000     0.000000     0.000000     0.000000   271.350000   271.350000   271.350000   271.350000   271.350000   271.350000   271.350000   271.350000   271.350000   271.350000   271.350000   271.350000   271.350000   271.350000   271.350000   271.350000   271.350000   271.350000   271.350000   271.350000   271.350000   271.350000   271.350000   271.350000   271.350000   271.350000   271.350000   271.350000   271.350000   271.350000   271.350000   271.350000   271.350000   271.350000   271.350000   271.350000   271.350000   271.350000   271.350000   271.350000   271.350000   271.350000   271.350000   271.350000   271.350000   271.350000   271.350000   271.350000   271.350000   271.350000   271.350000   271.350000   271.350000   271.350000   271.350000   271.350000   271.350000   271.350000   271.350000   271.350000   271.350000   271.350000   271.350000   271.350000   271.350000   271.350000   271.350000   271.350000   271.350000   271.350000   271.350000   271.350000   271.350000   271.350000   271.350000   271.350000   271.350000   271.350000     0.000000   271.350000   271.350000   271.350000   271.350000   271.350000   271.350000   271.350000   271.350000   271.350000   271.350000   271.350000   271.350000   271.350000   271.350000   271.350000   271.350000   271.350000   271.350000   271.350000   271.350000   271.350000   271.350000   271.350000   271.350000   271.350000     0.000000     0.000000     0.000000     0.000000     0.000000     0.000000     0.000000     0.000000     0.000000     0.000000     0.000000     0.000000     0.000000   271.350000   271.350000   271.350000     0.000000     0.000000     0.000000     0.000000     0.000000     0.000000     0.000000     0.000000     0.000000     0.000000     0.000000     0.000000     0.000000     0.000000     0.000000     0.000000     0.000000     0.000000     0.000000     0.000000     0.000000     0.000000     0.000000
     0.000000     0.000000     0.000000     0.000000     0.000000     0.000000     0.000000     0.000000     0.000000     0.000000     0.000000     0.000000     0.000000     0.000000     0.000000     0.000000     0.000000     0.000000     0.000000     0.000000     0.000000   271.350000   271.350000   271.350000   271.350000   271.350000   271.350000   271.350000   271.350000   271.350000   271.350000   271.350000   271.350000   271.350000   271.350000   271.350000   271.350000   271.350000   271.350000   271.350000   271.350000   271.350000   271.350000   271.350000   271.350000   271.350000   271.350000   271.350000   271.350000   271.350000   271.350000   271.350000   271.350000   271.350000   271.350000   271.350000   271.350000   271.350000   271.350000   271.350000   271.350000   271.350000   271.350000   271.350000   271.350000   271.350000   271.350000   271.350000   271.350000   271.350000   271.350000   271.350000   271.350000   271.350000   271.350000   271.350000   271.350000   271.350000   271.350000   271.350000   271.350000   271.350000   271.350000   271.350000   271.350000   271.350000   271.350000   271.350000   271.350000   271.350000   271.350000     0.000000     0.000000   271.350000   271.350000   271.350000   271.350000     0.000000   271.350000   271.350000   271.350000   271.350000   271.350000   271.350000   271.350000   271.350000   271.350000   271.350000   271.350000   271.350000   271.350000   271.350000   271.350000   271.350000   271.350000   271.350000   271.350000   271.350000   271.350000   271.350000   271.350000   271.350000     0.000000     0.000000     0.000000     0.000000     0.000000     0.000000     0.000000     0.000000     0.000000     0.000000     0.000000     0.000000     0.000000     0.000000     0.000000   271.350000   271.350000     0.000000     0.000000     0.000000     0.000000     0.000000     0.000000     0.000000     0.000000     0.000000     0.000000     0.000000     0.000000     0.000000     0.000000     0.000000     0.000000     0.000000     0.000000     0.000000     0.000000     0.000000     0.000000     0.000000
     0.000000     0.000000     0.000000     0.000000     0.000000     0.000000     0.000000     0.000000     0.000000     0.000000     0.000000     0.000000     0.000000     0.000000     0.000000     0.000000     0.000000     0.000000     0.000000     0.000000     0.000000   271.350000   271.350000   271.350000   271.350000   271.350000   271.350000   271.350000   271.350000   271.350000   271.350000   271.350000   271.350000   271.350000   271.350000   271.350000   271.350000   271.350000   271.350000   271.350000   271.350000   271.350000   271.350000   271.350000   271.350000   271.350000   271.350000   271.350000   271.350000   271.350000   271.350000   271.350000   271.350000   271.350000   271.350000   271.350000   271.350000   271.350000   271.350000   271.350000   271.350000   271.350000   271.350000   271.350000   271.350000   271.350000   271.350000   271.350000   271.350000   271.350000   271.350000   271.350000   271.350000   271.350000   271.350000   271.350000   271.350000   271.350000   271.350000   271.350000   271.350000   271.350000   271.350000   271.350000   271.350000   271.350000   271.350000   271.350000   271.350000   271.350000     0.000000     0.000000     0.000000     0.000000   271.350000   271.350000   271.350000     0.000000   271.350000   271.350000   271.350000   271.350000   271.350000   271.350000   271.350000   271.350000   271.350000   271.350000   271.350000   271.350000   271.350000   271.350000   271.350000   271.350000   271.350000   271.350000   271.350000   271.350000   271.350000   271.350000   271.350000   271.350000   271.350000     0.000000     0.000000     0.000000     0.000000     0.000000     0.000000     0.000000     0.000000     0.000000     0.000000     0.000000     0.000000     0.000000     0.000000   271.350000   271.350000     0.000000     0.000000     0.000000     0.000000     0.000000     0.000000     0.000000     0.000000     0.000000     0.000000     0.000000     0.000000     0.000000     0.000000     0.000000     0.000000     0.000000     0.000000     0.000000     0.000000     0.000000     0.000000     0.000000
     0.000000     0.000000     0.000000     0.000000     0.000000     0.000000     0.000000     0.000000     0.000000     0.000000     0.000000     0.000000     0.000000     0.000000     0.000000     0.000000     0.000000     0.000000     0.000000     0.000000     0.000000     0.000000   271.350000   271.350000   271.350000   271.350000   271.350000   271.350000   271.350000   271.350000   271.350000   271.350000   271.350000   271.350000   271.350000   271.350000   271.350000   271.350000   271.350000   271.350000   271.350000   271.350000   271.350000   271.350000   271.350000   271.350000   271.350000   271.350000   271.350000   271.350000   271.350000   271.350000   271.350000   271.350000   271.350000   271.350000   271.350000   271.350000   271.350000   271.350000   271.350000   271.350000   271.350000   271.350000   271.350000   271.350000   271.350000   271.350000   271.350000   271.350000   271.350000   271.350000   271.350000   271.350000   271.350000   271.350000   271.350000   271.350000   271.350000   271.350000   271.350000   271.350000   271.350000   271.350000   271.350000   271.350000   271.350000   271.350000   271.350000   271.350000     0.000000     0.000000     0.000000     0.000000     0.000000     0.000000     0.000000     0.000000     0.000000     0.000000     0.000000     0.000000     0.000000     0.000000     0.000000     0.000000     0.000000     0.000000     0.000000     0.000000   271.350000   271.350000   271.350000   271.350000   271.350000     0.000000   271.350000   271.350000     0.000000   271.350000   271.350000   271.350000   271.350000     0.000000     0.000000     0.000000     0.000000     0.000000     0.000000     0.000000     0.000000     0.000000     0.000000     0.000000     0.000000     0.000000     0.000000   271.350000   271.350000     0.000000     0.000000     0.000000     0.000000     0.000000     0.000000     0.000000     0.000000     0.000000     0.000000     0.000000     0.000000     0.000000     0.000000     0.000000     0.000000     0.000000     0.000000     0.000000     0.000000     0.000000     0.000000     0.000000
     0.000000     0.000000     0.000000     0.000000     0.000000     0.000000     0.000000     0.000000     0.000000     0.000000     0.000000     0.000000     0.000000     0.000000     0.000000     0.000000     0.000000     0.000000     0.000000     0.000000     0.000000     0.000000     0.000000     0.000000   271.350000   271.350000   271.350000   271.350000   271.350000   271.350000   271.350000   271.350000   271.350000   271.350000   271.350000   271.350000   271.350000   271.350000   271.350000   271.350000   271.350000   271.350000   271.350000   271.350000   271.350000   271.350000   271.350000   271.350000   271.350000   271.350000   271.350000   271.350000   271.350000   271.350000   271.350000   271.350000   271.350000   271.350000   271.350000   271.350000   271.350000   271.350000   271.350000   271.350000   271.350000   271.350000   271.350000   271.350000   271.350000   271.350000   271.350000   271.350000   271.350000   271.350000   271.350000   271.350000   271.350000   271.350000   271.350000   271.350000   271.350000   271.350000   271.350000   271.350000   271.350000   271.350000   271.350000   271.350000   271.350000   271.350000     0.000000     0.000000     0.000000     0.000000     0.000000     0.000000     0.000000     0.000000     0.000000     0.000000     0.000000     0.000000     0.000000     0.000000     0.000000     0.000000     0.000000     0.000000     0.000000     0.000000   271.350000   271.350000   271.350000   271.350000     0.000000     0.000000     0.000000     0.000000     0.000000     0.000000     0.000000   271.350000   271.350000     0.000000     0.000000     0.000000     0.000000     0.000000     0.000000     0.000000     0.000000     0.000000     0.000000     0.000000     0.000000     0.000000     0.000000   271.350000   271.350000     0.000000     0.000000     0.000000     0.000000     0.000000     0.000000     0.000000     0.000000     0.000000     0.000000     0.000000     0.000000     0.000000     0.000000     0.000000     0.000000     0.000000     0.000000     0.000000     0.000000     0.000000     0.000000     0.000000
     0.000000     0.000000     0.000000     0.000000     0.000000     0.000000     0.000000     0.000000     0.000000     0.000000     0.000000     0.000000     0.000000     0.000000     0.000000     0.000000     0.000000     0.000000     0.000000     0.000000     0.000000     0.000000     0.000000     0.000000     0.000000   271.350000   271.350000   271.350000   271.350000   271.350000   271.350000   271.350000   271.350000   271.350000   271.350000   271.350000   271.350000   271.350000   271.350000   271.350000   271.350000   271.350000   271.350000   271.350000   271.350000   271.350000   271.350000   271.350000   271.350000   271.350000   271.350000   271.350000   271.350000   271.350000   271.350000   271.350000   271.350000   271.350000   271.350000   271.350000   271.350000   271.350000   271.350000   271.350000   271.350000   271.350000   271.350000   271.350000   271.350000   271.350000   271.350000   271.350000   271.350000   271.350000   271.350000   271.350000   271.350000   271.350000   271.350000   271.350000   271.350000   271.350000   271.350000   271.350000   271.350000   271.350000   271.350000     0.000000     0.000000     0.000000     0.000000     0.000000     0.000000     0.000000     0.000000     0.000000     0.000000     0.000000     0.000000     0.000000     0.000000     0.000000     0.000000     0.000000     0.000000     0.000000     0.000000     0.000000     0.000000     0.000000   271.350000   271.350000     0.000000     0.000000     0.000000     0.000000     0.000000     0.000000     0.000000     0.000000     0.000000     0.000000     0.000000     0.000000     0.000000     0.000000     0.000000     0.000000     0.000000     0.000000     0.000000     0.000000     0.000000     0.000000     0.000000     0.000000     0.000000     0.000000     0.000000     0.000000     0.000000     0.000000     0.000000     0.000000     0.000000     0.000000     0.000000     0.000000     0.000000     0.000000     0.000000     0.000000     0.000000     0.000000     0.000000     0.000000     0.000000     0.000000     0.000000     0.000000     0.000000     0.000000
     0.000000     0.000000     0.000000     0.000000     0.000000     0.000000     0.000000     0.000000     0.000000     0.000000     0.000000     0.000000     0.000000     0.000000     0.000000     0.000000     0.000000     0.000000     0.000000     0.000000     0.000000     0.000000     0.000000     0.000000     0.000000   271.350000   271.350000   271.350000   271.350000   271.350000   271.350000   271.350000   271.350000   271.350000   271.350000   271.350000   271.350000   271.350000   271.350000   271.350000   271.350000   271.350000   271.350000   271.350000   271.350000   271.350000   271.350000   271.350000   271.350000   271.350000   271.350000   271.350000   271.350000     0.000000     0.000000     0.000000     0.000000     0.000000     0.000000     0.000000     0.000000     0.000000     0.000000     0.000000   271.350000   271.350000   271.350000   271.350000   271.350000   271.350000   271.350000   271.350000   271.350000   271.350000   271.350000   271.350000   271.350000   271.350000   271.350000   271.350000   271.350000   271.350000   271.350000   271.350000   271.350000   271.350000     0.000000     0.000000     0.000000     0.000000     0.000000     0.000000     0.000000     0.000000     0.000000     0.000000     0.000000     0.000000     0.000000     0.000000     0.000000     0.000000     0.000000     0.000000     0.000000     0.000000     0.000000     0.000000     0.000000     0.000000     0.000000     0.000000     0.000000     0.000000     0.000000     0.000000     0.000000     0.000000     0.000000     0.000000     0.000000     0.000000     0.000000     0.000000     0.000000     0.000000     0.000000     0.000000     0.000000     0.000000     0.000000     0.000000     0.000000     0.000000     0.000000     0.000000     0.000000     0.000000     0.000000     0.000000     0.000000     0.000000     0.000000     0.000000     0.000000     0.000000     0.000000     0.000000     0.000000     0.000000     0.000000     0.000000     0.000000     0.000000     0.000000     0.000000     0.000000     0.000000     0.000000     0.000000     0.000000     0.000000
     0.000000     0.000000     0.000000     0.000000     0.000000     0.000000     0.000000     0.000000     0.000000     0.000000     0.000000     0.000000     0.000000     0.000000     0.000000     0.000000     0.000000     0.000000     0.000000     0.000000     0.000000     0.000000     0.000000     0.000000     0.000000     0.000000   271.350000   271.350000   271.350000   271.350000   271.350000   271.350000   271.350000   271.350000   271.350000   271.350000   271.350000   271.350000   271.350000   271.350000   271.350000   271.350000   271.350000   271.350000   271.350000   271.350000   271.350000   271.350000   271.350000   271.350000   271.350000   271.350000   271.350000   271.350000     0.000000   271.350000   271.350000   271.350000     0.000000     0.000000     0.000000     0.000000     0.000000     0.000000     0.000000   271.350000   271.350000   271.350000   271.350000   271.350000   271.350000   271.350000   271.350000   271.350000   271.350000   271.350000   271.350000   271.350000   271.350000   271.350000   271.350000   271.350000   271.350000   271.350000   271.350000     0.000000     0.000000     0.000000     0.000000     0.000000     0.000000     0.000000     0.000000     0.000000     0.000000     0.000000     0.000000     0.000000     0.000000     0.000000     0.000000     0.000000     0.000000     0.000000     0.000000     0.000000     0.000000     0.000000     0.000000     0.000000     0.000000     0.000000     0.000000     0.000000     0.000000     0.000000     0.000000     0.000000     0.000000     0.000000     0.000000     0.000000     0.000000     0.000000     0.000000     0.000000     0.000000     0.000000     0.000000     0.000000     0.000000     0.000000     0.000000     0.000000     0.000000     0.000000     0.000000     0.000000     0.000000     0.000000     0.000000     0.000000     0.000000     0.000000     0.000000     0.000000     0.000000     0.000000     0.000000     0.000000     0.000000     0.000000     0.000000     0.000000     0.000000     0.000000     0.000000     0.000000     0.000000     0.000000     0.000000     0.000000
     0.000000     0.000000     0.000000     0.000000     0.000000     0.000000     0.000000     0.000000     0.000000     0.000000     0.000000     0.000000     0.000000     0.000000     0.000000     0.000000     0.000000     0.000000     0.000000     0.000000     0.000000     0.000000     0.000000     0.000000     0.000000     0.000000     0.000000   271.350000   271.350000   271.350000   271.350000   271.350000   271.350000   271.350000   271.350000   271.350000   271.350000   271.350000   271.350000   271.350000   271.350000   271.350000   271.350000   271.350000   271.350000   271.350000   271.350000   271.350000   271.350000   271.350000   271.350000   271.350000   271.350000   271.350000   271.350000   271.350000   271.350000   271.350000     0.000000     0.000000     0.000000     0.000000     0.000000     0.000000     0.000000   271.350000   271.350000   271.350000   271.350000   271.350000   271.350000   271.350000   271.350000   271.350000   271.350000   271.350000   271.350000   271.350000   271.350000   271.350000   271.350000   271.350000   271.350000   271.350000   271.350000     0.000000     0.000000     0.000000     0.000000     0.000000     0.000000     0.000000     0.000000     0.000000     0.000000     0.000000     0.000000     0.000000     0.000000     0.000000     0.000000     0.000000     0.000000     0.000000     0.000000     0.000000     0.000000     0.000000     0.000000     0.000000     0.000000     0.000000     0.000000     0.000000     0.000000     0.000000     0.000000     0.000000     0.000000     0.000000     0.000000     0.000000     0.000000     0.000000     0.000000     0.000000     0.000000     0.000000     0.000000     0.000000     0.000000     0.000000     0.000000     0.000000     0.000000     0.000000     0.000000     0.000000     0.000000     0.000000     0.000000     0.000000     0.000000     0.000000     0.000000     0.000000     0.000000     0.000000     0.000000     0.000000     0.000000     0.000000     0.000000     0.000000     0.000000     0.000000     0.000000     0.000000     0.000000     0.000000     0.000000     0.000000
     0.000000     0.000000     0.000000     0.000000     0.000000     0.000000     0.000000     0.000000     0.000000     0.000000     0.000000     0.000000     0.000000     0.000000     0.000000     0.000000     0.000000     0.000000     0.000000     0.000000     0.000000     0.000000     0.000000     0.000000     0.000000     0.000000     0.000000   271.350000   271.350000   271.350000   271.350000   271.350000   271.350000   271.350000   271.350000   271.350000   271.350000   271.350000   271.350000   271.350000   271.350000   271.350000   271.350000   271.350000   271.350000   271.350000   271.350000   271.350000   271.350000   271.350000   271.350000   271.350000   271.350000   271.350000   271.350000   271.350000   271.350000   271.350000   271.350000     0.000000     0.000000     0.000000     0.000000     0.000000     0.000000   271.350000   271.350000   271.350000   271.350000   271.350000   271.350000   271.350000   271.350000   271.350000   271.350000   271.350000   271.350000   271.350000   271.350000   271.350000   271.350000   271.350000   271.350000   271.350000   271.350000     0.000000     0.000000     0.000000     0.000000     0.000000     0.000000     0.000000     0.000000     0.000000     0.000000     0.000000     0.000000     0.000000     0.000000     0.000000     0.000000     0.000000     0.000000     0.000000     0.000000     0.000000     0.000000     0.000000     0.000000     0.000000     0.000000     0.000000     0.000000     0.000000     0.000000     0.000000     0.000000     0.000000     0.000000     0.000000     0.000000     0.000000     0.000000     0.000000     0.000000     0.000000     0.000000     0.000000     0.000000     0.000000     0.000000     0.000000     0.000000     0.000000     0.000000     0.000000     0.000000     0.000000     0.000000     0.000000     0.000000     0.000000     0.000000     0.000000     0.000000     0.000000     0.000000     0.000000     0.000000     0.000000     0.000000     0.000000     0.000000     0.000000     0.000000     0.000000     0.000000     0.000000     0.000000     0.000000     0.000000     0.000000
     0.000000     0.000000     0.000000     0.000000     0.000000     0.000000     0.000000     0.000000     0.000000     0.000000     0.000000     0.000000     0.000000     0.000000     0.000000     0.000000     0.000000     0.000000     0.000000     0.000000     0.000000     0.000000     0.000000     0.000000     0.000000     0.000000     0.000000   271.350000   271.350000   271.350000   271.350000   271.350000   271.350000   271.350000   271.350000   271.350000   271.350000   271.350000   271.350000   271.350000   271.350000   271.350000   271.350000   271.350000   271.350000   271.350000   271.350000   271.350000   271.350000   271.350000   271.350000   271.350000   271.350000   271.350000   271.350000   271.350000   271.350000   271.350000   271.350000   271.350000   271.350000     0.000000     0.000000     0.000000   271.350000   271.350000   271.350000   271.350000   271.350000   271.350000   271.350000   271.350000   271.350000   271.350000   271.350000   271.350000   271.350000   271.350000   271.350000   271.350000   271.350000   271.350000   271.350000   271.350000   271.350000     0.000000     0.000000     0.000000     0.000000     0.000000     0.000000     0.000000     0.000000     0.000000     0.000000     0.000000     0.000000     0.000000     0.000000     0.000000     0.000000     0.000000     0.000000     0.000000     0.000000     0.000000     0.000000     0.000000     0.000000     0.000000     0.000000     0.000000     0.000000     0.000000     0.000000     0.000000     0.000000     0.000000     0.000000     0.000000     0.000000     0.000000     0.000000     0.000000     0.000000     0.000000     0.000000     0.000000     0.000000     0.000000     0.000000     0.000000     0.000000     0.000000     0.000000     0.000000     0.000000     0.000000     0.000000     0.000000     0.000000     0.000000     0.000000     0.000000     0.000000     0.000000     0.000000     0.000000     0.000000     0.000000     0.000000     0.000000     0.000000     0.000000     0.000000     0.000000     0.000000     0.000000     0.000000     0.000000     0.000000     0.000000
     0.000000     0.000000     0.000000     0.000000     0.000000     0.000000     0.000000     0.000000     0.000000     0.000000     0.000000     0.000000     0.000000     0.000000     0.000000     0.000000     0.000000     0.000000     0.000000     0.000000     0.000000     0.000000     0.000000     0.000000     0.000000     0.000000     0.000000     0.000000   271.350000   271.350000   271.350000   271.350000   271.350000   271.350000   271.350000   271.350000   271.350000   271.350000   271.350000   271.350000   271.350000   271.350000   271.350000   271.350000   271.350000   271.350000   271.350000   271.350000   271.350000   271.350000   271.350000   271.350000   271.350000   271.350000   271.350000   271.350000   271.350000   271.350000   271.350000   271.350000   271.350000     0.000000   271.350000   271.350000   271.350000   271.350000   271.350000   271.350000   271.350000   271.350000   271.350000   271.350000   271.350000   271.350000   271.350000   271.350000   271.350000   271.350000   271.350000   271.350000   271.350000   271.350000   271.350000   271.350000   271.350000   271.350000     0.000000     0.000000     0.000000     0.000000     0.000000     0.000000     0.000000     0.000000     0.000000     0.000000     0.000000     0.000000     0.000000     0.000000     0.000000     0.000000     0.000000     0.000000     0.000000     0.000000     0.000000     0.000000     0.000000     0.000000     0.000000     0.000000     0.000000     0.000000     0.000000     0.000000     0.000000     0.000000     0.000000     0.000000     0.000000     0.000000     0.000000     0.000000     0.000000     0.000000     0.000000     0.000000     0.000000     0.000000     0.000000     0.000000     0.000000     0.000000     0.000000     0.000000     0.000000     0.000000     0.000000     0.000000     0.000000     0.000000     0.000000     0.000000     0.000000     0.000000     0.000000     0.000000     0.000000     0.000000     0.000000     0.000000     0.000000     0.000000     0.000000     0.000000     0.000000     0.000000     0.000000     0.000000     0.000000     0.000000
     0.000000     0.000000     0.000000     0.000000     0.000000     0.000000     0.000000     0.000000     0.000000     0.000000     0.000000     0.000000     0.000000     0.000000     0.000000     0.000000     0.000000     0.000000     0.000000     0.000000     0.000000     0.000000     0.000000     0.000000     0.000000     0.000000     0.000000     0.000000     0.000000   271.350000   271.350000   271.350000   271.350000   271.350000   271.350000   271.350000   271.350000   271.350000   271.350000   271.350000   271.350000   271.350000   271.350000   271.350000   271.350000   271.350000   271.350000   271.350000   271.350000   271.350000   271.350000   271.350000   271.350000   271.350000   271.350000   271.350000   271.350000   271.350000   271.350000   271.350000     0.000000   271.350000   271.350000   271.350000   271.350000   271.350000   271.350000   271.350000   271.350000   271.350000   271.350000   271.350000   271.350000   271.350000   271.350000   271.350000   271.350000   271.350000   271.350000   271.350000   271.350000   271.350000   271.350000   271.350000   271.350000   271.350000     0.000000     0.000000     0.000000     0.000000     0.000000     0.000000     0.000000     0.000000     0.000000     0.000000     0.000000     0.000000     0.000000     0.000000     0.000000     0.000000     0.000000     0.000000     0.000000     0.000000     0.000000     0.000000     0.000000     0.000000     0.000000     0.000000     0.000000     0.000000     0.000000     0.000000     0.000000     0.000000     0.000000     0.000000     0.000000     0.000000     0.000000     0.000000     0.000000     0.000000     0.000000     0.000000     0.000000     0.000000     0.000000     0.000000     0.000000     0.000000     0.000000     0.000000     0.000000     0.000000     0.000000     0.000000     0.000000     0.000000     0.000000     0.000000     0.000000     0.000000     0.000000     0.000000     0.000000     0.000000     0.000000     0.000000     0.000000     0.000000     0.000000     0.000000     0.000000     0.000000     0.000000     0.000000     0.000000     0.000000
     0.000000     0.000000     0.000000     0.000000     0.000000     0.000000     0.000000     0.000000     0.000000     0.000000     0.000000     0.000000     0.000000     0.000000     0.000000     0.000000     0.000000     0.000000     0.000000     0.000000     0.000000     0.000000     0.000000     0.000000     0.000000     0.000000     0.000000     0.000000     0.000000     0.000000     0.000000   271.350000   271.350000   271.350000   271.350000   271.350000   271.350000   271.350000   271.350000   271.350000   271.350000   271.350000   271.350000   271.350000   271.350000   271.350000   271.350000   271.350000   271.350000   271.350000   271.350000   271.350000   271.350000   271.350000   271.350000   271.350000   271.350000     0.000000     0.000000     0.000000   271.350000   271.350000   271.350000   271.350000   271.350000   271.350000   271.350000   271.350000   271.350000   271.350000   271.350000   271.350000   271.350000   271.350000   271.350000   271.350000   271.350000   271.350000   271.350000   271.350000   271.350000   271.350000   271.350000   271.350000   271.350000   271.350000     0.000000     0.000000     0.000000     0.000000     0.000000     0.000000     0.000000     0.000000     0.000000     0.000000     0.000000     0.000000     0.000000     0.000000     0.000000     0.000000     0.000000     0.000000     0.000000     0.000000     0.000000     0.000000     0.000000     0.000000     0.000000     0.000000     0.000000     0.000000     0.000000     0.000000     0.000000     0.000000     0.000000     0.000000     0.000000     0.000000     0.000000     0.000000     0.000000     0.000000     0.000000     0.000000     0.000000     0.000000     0.000000     0.000000     0.000000     0.000000     0.000000     0.000000     0.000000     0.000000     0.000000     0.000000     0.000000     0.000000     0.000000     0.000000     0.000000     0.000000     0.000000     0.000000     0.000000     0.000000     0.000000     0.000000     0.000000     0.000000     0.000000     0.000000     0.000000     0.000000     0.000000     0.000000     0.000000     0.000000
     0.000000     0.000000     0.000000     0.000000     0.000000     0.000000     0.000000     0.000000     0.000000     0.000000     0.000000     0.000000     0.000000     0.000000     0.000000     0.000000     0.000000     0.000000     0.000000     0.000000     0.000000     0.000000     0.000000     0.000000     0.000000     0.000000     0.000000     0.000000     0.000000     0.000000     0.000000     0.000000   271.350000   271.350000   271.350000     0.000000     0.000000     0.000000     0.000000     0.000000   271.350000   271.350000   271.350000   271.350000   271.350000   271.350000   271.350000   271.350000   271.350000   271.350000   271.350000   271.350000   271.350000   271.350000   271.350000   271.350000     0.000000     0.000000     0.000000     0.000000   271.350000   271.350000   271.350000   271.350000   271.350000   271.350000   271.350000   271.350000   271.350000   271.350000   271.350000   271.350000   271.350000   271.350000   271.350000   271.350000   271.350000   271.350000   271.350000   271.350000   271.350000   271.350000   271.350000   271.350000   271.350000   271.350000     0.000000     0.000000     0.000000     0.000000     0.000000     0.000000     0.000000     0.000000     0.000000     0.000000     0.000000     0.000000     0.000000     0.000000     0.000000     0.000000     0.000000     0.000000     0.000000     0.000000     0.000000     0.000000     0.000000     0.000000     0.000000     0.000000     0.000000     0.000000     0.000000     0.000000     0.000000     0.000000     0.000000     0.000000     0.000000     0.000000     0.000000     0.000000     0.000000     0.000000     0.000000     0.000000     0.000000     0.000000     0.000000     0.000000     0.000000     0.000000     0.000000     0.000000     0.000000     0.000000     0.000000     0.000000     0.000000     0.000000     0.000000     0.000000     0.000000     0.000000     0.000000     0.000000     0.000000     0.000000     0.000000     0.000000     0.000000     0.000000     0.000000     0.000000     0.000000     0.000000     0.000000     0.000000     0.000000     0.000000
     0.000000     0.000000     0.000000     0.000000     0.000000     0.000000     0.000000     0.000000     0.000000     0.000000     0.000000     0.000000     0.000000     0.000000     0.000000     0.000000     0.000000     0.000000     0.000000     0.000000     0.000000     0.000000     0.000000     0.000000     0.000000     0.000000     0.000000     0.000000     0.000000     0.000000     0.000000     0.000000   271.350000   271.350000   271.350000     0.000000     0.000000     0.000000     0.000000     0.000000     0.000000   271.350000   271.350000   271.350000   271.350000   271.350000   271.350000   271.350000   271.350000     0.000000     0.000000   271.350000   271.350000   271.350000   271.350000     0.000000     0.000000   271.350000   271.350000   271.350000   271.350000   271.350000   271.350000   271.350000   271.350000   271.350000   271.350000   271.350000   271.350000   271.350000   271.350000   271.350000   271.350000   271.350000   271.350000   271.350000   271.350000   271.350000   271.350000   271.350000   271.350000   271.350000   271.350000   271.350000   271.350000   271.350000   271.350000     0.000000     0.000000     0.000000     0.000000     0.000000     0.000000     0.000000     0.000000     0.000000     0.000000     0.000000     0.000000     0.000000     0.000000     0.000000     0.000000     0.000000     0.000000     0.000000     0.000000     0.000000     0.000000     0.000000     0.000000     0.000000     0.000000     0.000000     0.000000     0.000000     0.000000     0.000000     0.000000     0.000000     0.000000     0.000000     0.000000     0.000000     0.000000     0.000000     0.000000     0.000000     0.000000     0.000000     0.000000     0.000000     0.000000     0.000000     0.000000     0.000000     0.000000     0.000000     0.000000     0.000000     0.000000     0.000000     0.000000     0.000000     0.000000     0.000000     0.000000     0.000000     0.000000     0.000000     0.000000     0.000000     0.000000     0.000000     0.000000     0.000000     0.000000     0.000000     0.000000     0.000000     0.000000     0.000000
     0.000000     0.000000     0.000000     0.000000     0.000000     0.000000     0.000000     0.000000     0.000000     0.000000     0.000000     0.000000     0.000000     0.000000     0.000000     0.000000     0.000000     0.000000     0.000000     0.000000     0.000000     0.000000     0.000000     0.000000     0.000000     0.000000     0.000000     0.000000     0.000000     0.000000     0.000000     0.000000     0.000000     0.000000     0.000000     0.000000     0.000000     0.000000     0.000000     0.000000     0.000000     0.000000   271.350000   271.350000   271.350000   271.350000   271.350000   271.350000     0.000000     0.000000     0.000000     0.000000     0.000000     0.000000     0.000000     0.000000     0.000000   271.350000   271.350000   271.350000   271.350000   271.350000   271.350000   271.350000   271.350000   271.350000   271.350000   271.350000   271.350000   271.350000   271.350000   271.350000   271.350000   271.350000   271.350000     0.000000   271.350000   271.350000   271.350000   271.350000   271.350000   271.350000   271.350000   271.350000   271.350000   271.350000   271.350000     0.000000     0.000000     0.000000     0.000000     0.000000     0.000000     0.000000     0.000000     0.000000     0.000000     0.000000     0.000000     0.000000     0.000000     0.000000     0.000000     0.000000     0.000000     0.000000     0.000000     0.000000     0.000000     0.000000     0.000000     0.000000     0.000000     0.000000     0.000000     0.000000     0.000000     0.000000     0.000000     0.000000     0.000000     0.000000     0.000000     0.000000     0.000000     0.000000     0.000000     0.000000     0.000000     0.000000     0.000000     0.000000     0.000000     0.000000     0.000000     0.000000     0.000000     0.000000     0.000000     0.000000     0.000000     0.000000     0.000000     0.000000     0.000000     0.000000     0.000000     0.000000     0.000000     0.000000     0.000000     0.000000     0.000000     0.000000     0.000000     0.000000     0.000000     0.000000     0.000000     0.000000     0.000000     0.000000
     0.000000     0.000000     0.000000     0.000000     0.000000     0.000000     0.000000     0.000000     0.000000     0.000000     0.000000     0.000000     0.000000     0.000000     0.000000     0.000000     0.000000     0.000000     0.000000     0.000000     0.000000     0.000000     0.000000     0.000000     0.000000     0.000000     0.000000     0.000000     0.000000     0.000000     0.000000     0.000000     0.000000     0.000000     0.000000     0.000000     0.000000     0.000000     0.000000     0.000000     0.000000     0.000000     0.000000   271.350000   271.350000     0.000000     0.000000     0.000000     0.000000     0.000000     0.000000     0.000000     0.000000     0.000000     0.000000     0.000000     0.000000     0.000000   271.350000   271.350000   271.350000   271.350000   271.350000   271.350000   271.350000   271.350000   271.350000   271.350000   271.350000   271.350000   271.350000   271.350000   271.350000     0.000000     0.000000     0.000000     0.000000   271.350000   271.350000   271.350000   271.350000     0.000000     0.000000     0.000000     0.000000     0.000000     0.000000     0.000000     0.000000     0.000000     0.000000     0.000000     0.000000     0.000000     0.000000     0.000000     0.000000     0.000000     0.000000     0.000000     0.000000     0.000000     0.000000     0.000000     0.000000     0.000000     0.000000     0.000000     0.000000     0.000000     0.000000     0.000000     0.000000     0.000000     0.000000     0.000000     0.000000     0.000000     0.000000     0.000000     0.000000     0.000000     0.000000     0.000000     0.000000     0.000000     0.000000     0.000000     0.000000     0.000000     0.000000     0.000000     0.000000     0.000000     0.000000     0.000000     0.000000     0.000000     0.000000     0.000000     0.000000     0.000000     0.000000     0.000000     0.000000     0.000000     0.000000     0.000000     0.000000     0.000000     0.000000     0.000000     0.000000     0.000000     0.000000     0.000000     0.000000     0.000000     0.000000     0.000000     0.000000     0.000000
     0.000000     0.000000     0.000000     0.000000     0.000000     0.000000     0.000000     0.000000     0.000000     0.000000     0.000000     0.000000     0.000000     0.000000     0.000000     0.000000     0.000000     0.000000     0.000000     0.000000     0.000000     0.000000     0.000000     0.000000     0.000000     0.000000     0.000000     0.000000     0.000000     0.000000     0.000000     0.000000     0.000000     0.000000     0.000000     0.000000     0.000000     0.000000     0.000000     0.000000     0.000000     0.000000     0.000000     0.000000     0.000000     0.000000     0.000000     0.000000     0.000000     0.000000     0.000000     0.000000     0.000000     0.000000     0.000000     0.000000     0.000000     0.000000     0.000000     0.000000   271.350000   271.350000   271.350000   271.350000   271.350000   271.350000   271.350000   271.350000   271.350000   271.350000   271.350000     0.000000     0.000000     0.000000     0.000000     0.000000     0.000000   271.350000   271.350000   271.350000   271.350000     0.000000     0.000000     0.000000     0.000000     0.000000     0.000000     0.000000     0.000000     0.000000     0.000000     0.000000     0.000000     0.000000     0.000000     0.000000     0.000000     0.000000     0.000000     0.000000     0.000000     0.000000     0.000000     0.000000     0.000000     0.000000     0.000000     0.000000     0.000000     0.000000     0.000000     0.000000     0.000000     0.000000     0.000000     0.000000     0.000000     0.000000     0.000000     0.000000     0.000000     0.000000     0.000000     0.000000     0.000000     0.000000     0.000000     0.000000     0.000000     0.000000     0.000000     0.000000     0.000000     0.000000     0.000000     0.000000     0.000000     0.000000     0.000000     0.000000     0.000000     0.000000     0.000000     0.000000     0.000000     0.000000     0.000000     0.000000     0.000000     0.000000     0.000000     0.000000     0.000000     0.000000     0.000000     0.000000     0.000000     0.000000     0.000000     0.000000     0.000000     0.000000
     0.000000     0.000000     0.000000     0.000000     0.000000     0.000000     0.000000     0.000000     0.000000     0.000000     0.000000     0.000000     0.000000     0.000000     0.000000     0.000000     0.000000     0.000000     0.000000     0.000000     0.000000     0.000000     0.000000     0.000000     0.000000     0.000000     0.000000     0.000000     0.000000     0.000000     0.000000     0.000000     0.000000     0.000000     0.000000     0.000000     0.000000     0.000000     0.000000     0.000000     0.000000     0.000000     0.000000     0.000000     0.000000     0.000000     0.000000     0.000000     0.000000     0.000000     0.000000     0.000000     0.000000     0.000000     0.000000     0.000000     0.000000     0.000000     0.000000     0.000000   271.350000   271.350000   271.350000   271.350000   271.350000   271.350000   271.350000   271.350000   271.350000   271.350000     0.000000     0.000000     0.000000     0.000000     0.000000     0.000000     0.000000     0.000000   271.350000   271.350000     0.000000     0.000000     0.000000     0.000000     0.000000     0.000000     0.000000     0.000000     0.000000     0.000000     0.000000     0.000000     0.000000     0.000000     0.000000     0.000000     0.000000     0.000000     0.000000     0.000000     0.000000     0.000000     0.000000     0.000000     0.000000     0.000000     0.000000     0.000000     0.000000     0.000000     0.000000     0.000000     0.000000     0.000000     0.000000     0.000000     0.000000     0.000000     0.000000     0.000000     0.000000     0.000000     0.000000     0.000000     0.000000     0.000000     0.000000     0.000000     0.000000     0.000000     0.000000     0.000000     0.000000     0.000000     0.000000     0.000000     0.000000     0.000000     0.000000     0.000000     0.000000     0.000000     0.000000     0.000000     0.000000     0.000000     0.000000     0.000000     0.000000     0.000000     0.000000     0.000000     0.000000     0.000000     0.000000     0.000000     0.000000     0.000000     0.000000     0.000000     0.000000     0.000000
     0.000000     0.000000     0.000000     0.000000     0.000000     0.000000     0.000000     0.000000     0.000000     0.000000     0.000000     0.000000     0.000000     0.000000     0.000000     0.000000     0.000000     0.000000     0.000000     0.000000     0.000000     0.000000     0.000000     0.000000     0.000000     0.000000     0.000000     0.000000     0.000000     0.000000     0.000000     0.000000     0.000000     0.000000     0.000000     0.000000     0.000000     0.000000     0.000000     0.000000     0.000000     0.000000     0.000000     0.000000     0.000000     0.000000     0.000000     0.000000     0.000000     0.000000     0.000000     0.000000     0.000000     0.000000     0.000000     0.000000     0.000000     0.000000     0.000000     0.000000   271.350000   271.350000   271.350000   271.350000   271.350000   271.350000   271.350000   271.350000   271.350000   271.350000     0.000000     0.000000     0.000000     0.000000     0.000000     0.000000     0.000000     0.000000     0.000000     0.000000     0.000000     0.000000     0.000000     0.000000     0.000000     0.000000     0.000000     0.000000     0.000000     0.000000     0.000000     0.000000     0.000000     0.000000     0.000000     0.000000     0.000000     0.000000     0.000000     0.000000     0.000000     0.000000     0.000000     0.000000     0.000000     0.000000     0.000000     0.000000     0.000000     0.000000     0.000000     0.000000     0.000000     0.000000     0.000000     0.000000     0.000000     0.000000     0.000000     0.000000     0.000000     0.000000     0.000000     0.000000     0.000000     0.000000     0.000000     0.000000     0.000000     0.000000     0.000000     0.000000     0.000000     0.000000     0.000000     0.000000     0.000000     0.000000     0.000000     0.000000     0.000000     0.000000     0.000000     0.000000     0.000000     0.000000     0.000000     0.000000     0.000000     0.000000     0.000000     0.000000     0.000000     0.000000     0.000000     0.000000     0.000000     0.000000     0.000000     0.000000     0.000000     0.000000
     0.000000     0.000000     0.000000     0.000000     0.000000     0.000000     0.000000     0.000000     0.000000     0.000000     0.000000     0.000000     0.000000     0.000000     0.000000     0.000000     0.000000     0.000000     0.000000     0.000000     0.000000     0.000000     0.000000     0.000000     0.000000     0.000000     0.000000     0.000000     0.000000     0.000000     0.000000     0.000000     0.000000     0.000000     0.000000     0.000000     0.000000     0.000000     0.000000     0.000000     0.000000     0.000000     0.000000     0.000000     0.000000     0.000000     0.000000     0.000000     0.000000     0.000000     0.000000     0.000000     0.000000     0.000000     0.000000     0.000000     0.000000     0.000000     0.000000     0.000000   271.350000   271.350000   271.350000   271.350000   271.350000   271.350000   271.350000   271.350000   271.350000   271.350000     0.000000     0.000000     0.000000     0.000000     0.000000     0.000000     0.000000     0.000000     0.000000     0.000000     0.000000     0.000000     0.000000     0.000000     0.000000     0.000000     0.000000     0.000000     0.000000     0.000000     0.000000     0.000000     0.000000     0.000000     0.000000     0.000000     0.000000     0.000000     0.000000     0.000000     0.000000     0.000000     0.000000     0.000000     0.000000     0.000000     0.000000     0.000000     0.000000     0.000000     0.000000     0.000000     0.000000     0.000000     0.000000     0.000000     0.000000     0.000000     0.000000     0.000000     0.000000     0.000000     0.000000     0.000000     0.000000     0.000000     0.000000     0.000000     0.000000     0.000000     0.000000     0.000000     0.000000     0.000000     0.000000     0.000000     0.000000     0.000000     0.000000     0.000000     0.000000     0.000000     0.000000     0.000000     0.000000     0.000000     0.000000     0.000000     0.000000     0.000000     0.000000     0.000000     0.000000     0.000000     0.000000     0.000000     0.000000     0.000000     0.000000     0.000000     0.000000     0.000000
     0.000000     0.000000     0.000000     0.000000     0.000000     0.000000     0.000000     0.000000     0.000000     0.000000     0.000000     0.000000     0.000000     0.000000     0.000000     0.000000     0.000000     0.000000     0.000000     0.000000     0.000000     0.000000     0.000000     0.000000     0.000000     0.000000     0.000000     0.000000     0.000000     0.000000     0.000000     0.000000     0.000000     0.000000     0.000000     0.000000     0.000000     0.000000     0.000000     0.000000     0.000000     0.000000     0.000000     0.000000     0.000000     0.000000     0.000000     0.000000     0.000000     0.000000     0.000000     0.000000     0.000000     0.000000     0.000000     0.000000     0.000000     0.000000     0.000000     0.000000     0.000000     0.000000     0.000000   271.350000   271.350000   271.350000   271.350000   271.350000   271.350000   271.350000     0.000000     0.000000     0.000000     0.000000     0.000000     0.000000     0.000000     0.000000     0.000000     0.000000     0.000000     0.000000     0.000000     0.000000     0.000000     0.000000     0.000000     0.000000     0.000000     0.000000     0.000000     0.000000     0.000000     0.000000     0.000000     0.000000     0.000000     0.000000     0.000000     0.000000     0.000000     0.000000     0.000000     0.000000     0.000000     0.000000     0.000000     0.000000     0.000000     0.000000     0.000000     0.000000     0.000000     0.000000     0.000000     0.000000     0.000000     0.000000     0.000000     0.000000     0.000000     0.000000     0.000000     0.000000     0.000000     0.000000     0.000000     0.000000     0.000000     0.000000     0.000000     0.000000     0.000000     0.000000     0.000000     0.000000     0.000000     0.000000     0.000000     0.000000     0.000000     0.000000     0.000000     0.000000     0.000000     0.000000     0.000000     0.000000     0.000000     0.000000     0.000000     0.000000     0.000000     0.000000     0.000000     0.000000     0.000000     0.000000     0.000000     0.000000     0.000000     0.000000
     0.000000     0.000000     0.000000     0.000000     0.000000     0.000000     0.000000     0.000000     0.000000     0.000000     0.000000     0.000000     0.000000     0.000000     0.000000     0.000000     0.000000     0.000000     0.000000     0.000000     0.000000     0.000000     0.000000     0.000000     0.000000     0.000000     0.000000     0.000000     0.000000     0.000000     0.000000     0.000000     0.000000     0.000000     0.000000     0.000000     0.000000     0.000000     0.000000     0.000000     0.000000     0.000000     0.000000     0.000000     0.000000     0.000000     0.000000     0.000000     0.000000     0.000000     0.000000     0.000000     0.000000     0.000000     0.000000     0.000000     0.000000     0.000000     0.000000     0.000000     0.000000     0.000000     0.000000     0.000000     0.000000     0.000000     0.000000   271.350000   271.350000   271.350000     0.000000     0.000000     0.000000     0.000000     0.000000     0.000000     0.000000     0.000000     0.000000     0.000000     0.000000     0.000000     0.000000     0.000000     0.000000     0.000000     0.000000     0.000000     0.000000     0.000000     0.000000     0.000000     0.000000     0.000000     0.000000     0.000000     0.000000     0.000000     0.000000     0.000000     0.000000     0.000000     0.000000     0.000000     0.000000     0.000000     0.000000     0.000000     0.000000     0.000000     0.000000     0.000000     0.000000     0.000000     0.000000     0.000000     0.000000     0.000000     0.000000     0.000000     0.000000     0.000000     0.000000     0.000000     0.000000     0.000000     0.000000     0.000000     0.000000     0.000000     0.000000     0.000000     0.000000     0.000000     0.000000     0.000000     0.000000     0.000000     0.000000     0.000000     0.000000     0.000000     0.000000     0.000000     0.000000     0.000000     0.000000     0.000000     0.000000     0.000000     0.000000     0.000000     0.000000     0.000000     0.000000     0.000000     0.000000     0.000000     0.000000     0.000000     0.000000     0.000000
     0.000000     0.000000     0.000000     0.000000     0.000000     0.000000     0.000000     0.000000     0.000000     0.000000     0.000000     0.000000     0.000000     0.000000     0.000000     0.000000     0.000000     0.000000     0.000000     0.000000     0.000000     0.000000     0.000000     0.000000     0.000000     0.000000     0.000000     0.000000     0.000000     0.000000     0.000000     0.000000     0.000000     0.000000     0.000000     0.000000     0.000000     0.000000     0.000000     0.000000     0.000000     0.000000     0.000000     0.000000     0.000000     0.000000     0.000000     0.000000     0.000000     0.000000     0.000000     0.000000     0.000000     0.000000     0.000000     0.000000     0.000000     0.000000     0.000000     0.000000     0.000000     0.000000     0.000000     0.000000     0.000000     0.000000     0.000000   271.350000   271.350000   271.350000     0.000000     0.000000     0.000000     0.000000     0.000000     0.000000     0.000000     0.000000     0.000000     0.000000     0.000000     0.000000     0.000000     0.000000     0.000000     0.000000     0.000000     0.000000     0.000000     0.000000     0.000000     0.000000     0.000000     0.000000     0.000000     0.000000     0.000000     0.000000     0.000000     0.000000     0.000000     0.000000     0.000000     0.000000     0.000000     0.000000     0.000000     0.000000     0.000000     0.000000     0.000000     0.000000     0.000000     0.000000     0.000000     0.000000     0.000000     0.000000     0.000000     0.000000     0.000000     0.000000     0.000000     0.000000     0.000000     0.000000     0.000000     0.000000     0.000000     0.000000     0.000000     0.000000     0.000000     0.000000     0.000000     0.000000     0.000000     0.000000     0.000000     0.000000     0.000000     0.000000     0.000000     0.000000     0.000000     0.000000     0.000000     0.000000     0.000000     0.000000     0.000000     0.000000     0.000000     0.000000     0.000000     0.000000     0.000000     0.000000     0.000000     0.000000     0.000000     0.000000
     0.000000     0.000000     0.000000     0.000000     0.000000     0.000000     0.000000     0.000000     0.000000     0.000000     0.000000     0.000000     0.000000     0.000000     0.000000     0.000000     0.000000     0.000000     0.000000     0.000000     0.000000     0.000000     0.000000     0.000000     0.000000     0.000000     0.000000     0.000000     0.000000     0.000000     0.000000     0.000000     0.000000     0.000000     0.000000     0.000000     0.000000     0.000000     0.000000     0.000000     0.000000     0.000000     0.000000     0.000000     0.000000     0.000000     0.000000     0.000000     0.000000     0.000000     0.000000     0.000000     0.000000     0.000000     0.000000     0.000000     0.000000     0.000000     0.000000     0.000000     0.000000     0.000000     0.000000     0.000000     0.000000     0.000000     0.000000     0.000000     0.000000     0.000000     0.000000     0.000000     0.000000     0.000000     0.000000     0.000000     0.000000     0.000000     0.000000     0.000000     0.000000     0.000000     0.000000     0.000000     0.000000     0.000000     0.000000     0.000000     0.000000     0.000000     0.000000     0.000000     0.000000     0.000000     0.000000     0.000000     0.000000     0.000000     0.000000     0.000000     0.000000     0.000000     0.000000     0.000000     0.000000     0.000000     0.000000     0.000000     0.000000     0.000000     0.000000     0.000000     0.000000     0.000000     0.000000     0.000000     0.000000     0.000000     0.000000     0.000000     0.000000     0.000000     0.000000     0.000000     0.000000     0.000000     0.000000     0.000000     0.000000     0.000000     0.000000     0.000000     0.000000     0.000000     0.000000     0.000000     0.000000     0.000000     0.000000     0.000000     0.000000     0.000000     0.000000     0.000000     0.000000     0.000000     0.000000     0.000000     0.000000     0.000000     0.000000     0.000000     0.000000     0.000000     0.000000     0.000000     0.000000     0.000000     0.000000     0.000000     0.000000     0.000000
     0.000000     0.000000     0.000000     0.000000     0.000000     0.000000     0.000000     0.000000     0.000000     0.000000     0.000000     0.000000     0.000000     0.000000     0.000000     0.000000     0.000000     0.000000     0.000000     0.000000     0.000000     0.000000     0.000000     0.000000     0.000000     0.000000     0.000000     0.000000     0.000000     0.000000     0.000000     0.000000     0.000000     0.000000     0.000000     0.000000     0.000000     0.000000     0.000000     0.000000     0.000000     0.000000     0.000000     0.000000     0.000000     0.000000     0.000000     0.000000     0.000000     0.000000     0.000000     0.000000     0.000000     0.000000     0.000000     0.000000     0.000000     0.000000     0.000000     0.000000     0.000000     0.000000     0.000000     0.000000     0.000000     0.000000     0.000000     0.000000     0.000000     0.000000     0.000000     0.000000     0.000000     0.000000     0.000000     0.000000     0.000000     0.000000     0.000000     0.000000     0.000000     0.000000     0.000000     0.000000     0.000000     0.000000     0.000000     0.000000     0.000000     0.000000     0.000000     0.000000     0.000000     0.000000     0.000000     0.000000     0.000000     0.000000     0.000000     0.000000     0.000000     0.000000     0.000000     0.000000     0.000000     0.000000     0.000000     0.000000     0.000000     0.000000     0.000000     0.000000     0.000000     0.000000     0.000000     0.000000     0.000000     0.000000     0.000000     0.000000     0.000000     0.000000     0.000000     0.000000     0.000000     0.000000     0.000000     0.000000     0.000000     0.000000     0.000000     0.000000     0.000000     0.000000     0.000000     0.000000     0.000000     0.000000     0.000000     0.000000     0.000000     0.000000     0.000000     0.000000     0.000000     0.000000     0.000000     0.000000     0.000000     0.000000     0.000000     0.000000     0.000000     0.000000     0.000000     0.000000     0.000000     0.000000     0.000000     0.000000     0.000000     0.000000
