   0.0000000000000000   0.0000000000000000   0.0000000000000000   0.0000000000000000   0.0000000000000000   0.0000000000000000   0.0000000000000000   0.0000000000000000   0.0000000000000000   0.0000000000000000   0.0000000000000000   0.0000000000000000   0.0000000000000000   0.0000000000000000   0.0000000000000000   0.0000000000000000   0.0000000000000000   0.0000000000000000   0.0000000000000000   0.0000000000000000   0.0000000000000000   0.0000000000000000   0.0000000000000000   0.0000000000000000   0.0000000000000000   0.0000000000000000   0.0000000000000000   0.0000000000000000   0.0000000000000000   0.0000000000000000   0.0000000000000000   0.0000000000000000   0.0000000000000000   0.0000000000000000   0.0000000000000000   0.0000000000000000   0.0000000000000000   0.0000000000000000   0.0000000000000000   0.0000000000000000   0.0000000000000000   0.0000000000000000   0.0000000000000000   0.0000000000000000   0.0000000000000000   0.0000000000000000   0.0000000000000000   0.0000000000000000   0.0000000000000000   0.0000000000000000   0.0000000000000000   0.0000000000000000   0.0000000000000000   0.0000000000000000   0.0000000000000000   0.0000000000000000   0.0000000000000000   0.0000000000000000   0.0000000000000000   0.0000000000000000   0.0000000000000000   0.0000000000000000   0.0000000000000000   0.0000000000000000   0.0000000000000000   0.0000000000000000   0.0000000000000000   0.0000000000000000   0.0000000000000000   0.0000000000000000   0.0000000000000000   0.0000000000000000   0.0000000000000000   0.0000000000000000   0.0000000000000000   0.0000000000000000   0.0000000000000000   0.0000000000000000   0.0000000000000000   0.0000000000000000   0.0000000000000000   0.0000000000000000   0.0000000000000000   0.0000000000000000   0.0000000000000000   0.0000000000000000   0.0000000000000000   0.0000000000000000   0.0000000000000000   0.0000000000000000   0.0000000000000000   0.0000000000000000   0.0000000000000000   0.0000000000000000   0.0000000000000000   0.0000000000000000   0.0000000000000000   0.0000000000000000   0.0000000000000000   0.0000000000000000   0.0000000000000000   0.0000000000000000   0.0000000000000000   0.0000000000000000   0.0000000000000000   0.0000000000000000   0.0000000000000000   0.0000000000000000   0.0000000000000000   0.0000000000000000   0.0000000000000000   0.0000000000000000   0.0000000000000000   0.0000000000000000   0.1729895370321963   0.1659539616666778   0.1663140407000513   0.1662756504529390   0.1662668407179083   0.1662673449606967   0.1662674716837190   0.1662674641715305   0.1662674646662363   0.1662674599666377   0.1662675968461470   0.0000000000000000   0.0000000000000000   0.0000000000000000   0.0000000000000000   0.0000000000000000   0.0000000000000000   0.0000000000000000   0.0000000000000000   0.0000000000000000   0.0000000000000000   0.0000000000000000   0.0000000000000000   0.0000000000000000   0.0000000000000000   0.1725078429327655   0.1651371683109124   0.1662801918763263   0.1662683512868256   0.1662673638972917   0.1662674716810978   0.1662674640454298   0.1662674645140317   0.1662674644859880   0.1662674644868689   0.1662674644863333   0.1662674644859535   0.1662674644855510   0.1662674644851836   0.1662674644848744   0.1662674644845903   0.1662674644843471   0.1662674644841590   0.1662674644840135   0.1662674644839013   0.1662674644838792   0.1662674644838931
   0.0000000000000000   0.0000000000000000   0.0000000000000000   0.0000000000000000   0.0000000000000000   0.0000000000000000   0.0000000000000000   0.0000000000000000   0.0000000000000000   0.0000000000000000   0.0000000000000000   0.0000000000000000   0.0000000000000000   0.0000000000000000   0.0000000000000000   0.0000000000000000   0.0000000000000000   0.0000000000000000   0.0000000000000000   0.0000000000000000   0.0000000000000000   0.0000000000000000   0.0000000000000000   0.0000000000000000   0.0000000000000000   0.0000000000000000   0.0000000000000000   0.0000000000000000   0.0000000000000000   0.0000000000000000   0.0000000000000000   0.0000000000000000   0.0000000000000000   0.0000000000000000   0.0000000000000000   0.0000000000000000   0.0000000000000000   0.0000000000000000   0.0000000000000000   0.0000000000000000   0.0000000000000000   0.0000000000000000   0.0000000000000000   0.0000000000000000   0.0000000000000000   0.0000000000000000   0.0000000000000000   0.0000000000000000   0.0000000000000000   0.0000000000000000   0.0000000000000000   0.0000000000000000   0.0000000000000000   0.0000000000000000   0.0000000000000000   0.0000000000000000   0.0000000000000000   0.0000000000000000   0.0000000000000000   0.0000000000000000   0.0000000000000000   0.0000000000000000   0.0000000000000000   0.0000000000000000   0.0000000000000000   0.0000000000000000   0.0000000000000000   0.0000000000000000   0.0000000000000000   0.0000000000000000   0.0000000000000000   0.0000000000000000   0.0000000000000000   0.0000000000000000   0.0000000000000000   0.0000000000000000   0.0000000000000000   0.0000000000000000   0.0000000000000000   0.0000000000000000   0.0000000000000000   0.0000000000000000   0.0000000000000000   0.0000000000000000   0.0000000000000000   0.0000000000000000   0.0000000000000000   0.0000000000000000   0.0000000000000000   0.0000000000000000   0.0000000000000000   0.0000000000000000   0.0000000000000000   0.0000000000000000   0.0000000000000000   0.0000000000000000   0.0000000000000000   0.0000000000000000   0.0000000000000000   0.0000000000000000   0.0000000000000000   0.0000000000000000   0.0000000000000000   0.0000000000000000   0.0000000000000000   0.0000000000000000   0.0000000000000000   0.0000000000000000   0.0000000000000000   0.0000000000000000   0.0000000000000000   0.0000000000000000   0.0000000000000000   0.0000000000000000   0.1730268819392481   0.1658908923866016   0.1662069197105763   0.1662468752142465   0.1662702198560148   0.1662675911712489   0.1662674447178352   0.1662674664642167   0.1662674645009627   0.1662674623226927   0.1662674903780916   0.1662674291223633   0.1662689657338614   0.1662172591276433   0.1683175061652886   0.0000000000000000   0.0000000000000000   0.0000000000000000   0.0000000000000000   0.0000000000000000   0.0000000000000000   0.0000000000000000   0.0000000000000000   0.0000000000000000   0.0000000000000000   0.1716708985575272   0.1680821105955561   0.1661720017378230   0.1662725420397206   0.1662671958062885   0.1662674785728318   0.1662674637603516   0.1662674645272600   0.1662674644868314   0.1662674644882487   0.1662674644877492   0.1662674644874114   0.1662674644870937   0.1662674644867826   0.1662674644865244   0.1662674644862948   0.1662674644860784   0.1662674644859281   0.1662674644857802   0.1662674644857299   0.1662674644856865   0.1662674644856725
   0.0000000000000000   0.0000000000000000   0.0000000000000000   0.0000000000000000   0.0000000000000000   0.0000000000000000   0.0000000000000000   0.0000000000000000   0.0000000000000000   0.0000000000000000   0.0000000000000000   0.0000000000000000   0.0000000000000000   0.0000000000000000   0.0000000000000000   0.0000000000000000   0.0000000000000000   0.0000000000000000   0.0000000000000000   0.0000000000000000   0.0000000000000000   0.0000000000000000   0.0000000000000000   0.0000000000000000   0.0000000000000000   0.0000000000000000   0.0000000000000000   0.0000000000000000   0.0000000000000000   0.0000000000000000   0.0000000000000000   0.0000000000000000   0.0000000000000000   0.0000000000000000   0.0000000000000000   0.0000000000000000   0.0000000000000000   0.0000000000000000   0.0000000000000000   0.0000000000000000   0.0000000000000000   0.0000000000000000   0.0000000000000000   0.0000000000000000   0.0000000000000000   0.0000000000000000   0.0000000000000000   0.0000000000000000   0.0000000000000000   0.0000000000000000   0.0000000000000000   0.0000000000000000   0.0000000000000000   0.0000000000000000   0.0000000000000000   0.0000000000000000   0.0000000000000000   0.0000000000000000   0.0000000000000000   0.0000000000000000   0.0000000000000000   0.0000000000000000   0.0000000000000000   0.0000000000000000   0.0000000000000000   0.0000000000000000   0.0000000000000000   0.0000000000000000   0.0000000000000000   0.0000000000000000   0.0000000000000000   0.0000000000000000   0.0000000000000000   0.0000000000000000   0.0000000000000000   0.0000000000000000   0.0000000000000000   0.0000000000000000   0.0000000000000000   0.0000000000000000   0.0000000000000000   0.0000000000000000   0.0000000000000000   0.0000000000000000   0.0000000000000000   0.0000000000000000   0.0000000000000000   0.0000000000000000   0.0000000000000000   0.0000000000000000   0.0000000000000000   0.0000000000000000   0.0000000000000000   0.0000000000000000   0.0000000000000000   0.0000000000000000   0.0000000000000000   0.0000000000000000   0.0000000000000000   0.0000000000000000   0.0000000000000000   0.0000000000000000   0.0000000000000000   0.0000000000000000   0.0000000000000000   0.0000000000000000   0.0000000000000000   0.0000000000000000   0.0000000000000000   0.0000000000000000   0.0000000000000000   0.0000000000000000   0.0000000000000000   0.0000000000000000   0.1700118917999831   0.1681952690837493   0.1682284486730646   0.1661213408829893   0.1662498774355161   0.1662691010984900   0.1662673351542599   0.1662674692550574   0.1662674645119744   0.1662674643216064   0.1662674582572619   0.1662673475650692   0.1662700089620725   0.1661976682841819   0.1681475779111578   0.1717095013359332   0.0000000000000000   0.0000000000000000   0.0000000000000000   0.0000000000000000   0.0000000000000000   0.0000000000000000   0.0000000000000000   0.0000000000000000   0.0000000000000000   0.0000000000000000   0.1716075269202453   0.1660291632267503   0.1662784384896083   0.1662669499339816   0.1662674888745815   0.1662674633292782   0.1662674645477116   0.1662674644883797   0.1662674644905683   0.1662674644900524   0.1662674644897885   0.1662674644895404   0.1662674644892762   0.1662674644890238   0.1662674644887902   0.1662674644885370   0.1662674644883312   0.1662674644881179   0.1662674644879404   0.1662674644878053   0.1662674644877746
   0.0000000000000000   0.0000000000000000   0.0000000000000000   0.0000000000000000   0.0000000000000000   0.0000000000000000   0.0000000000000000   0.0000000000000000   0.0000000000000000   0.0000000000000000   0.0000000000000000   0.0000000000000000   0.0000000000000000   0.0000000000000000   0.0000000000000000   0.0000000000000000   0.0000000000000000   0.0000000000000000   0.0000000000000000   0.0000000000000000   0.0000000000000000   0.0000000000000000   0.0000000000000000   0.0000000000000000   0.0000000000000000   0.0000000000000000   0.0000000000000000   0.0000000000000000   0.0000000000000000   0.0000000000000000   0.0000000000000000   0.0000000000000000   0.0000000000000000   0.0000000000000000   0.0000000000000000   0.0000000000000000   0.0000000000000000   0.0000000000000000   0.0000000000000000   0.0000000000000000   0.0000000000000000   0.0000000000000000   0.0000000000000000   0.0000000000000000   0.0000000000000000   0.0000000000000000   0.0000000000000000   0.0000000000000000   0.0000000000000000   0.0000000000000000   0.0000000000000000   0.0000000000000000   0.0000000000000000   0.0000000000000000   0.0000000000000000   0.0000000000000000   0.0000000000000000   0.0000000000000000   0.0000000000000000   0.0000000000000000   0.0000000000000000   0.0000000000000000   0.0000000000000000   0.0000000000000000   0.0000000000000000   0.0000000000000000   0.0000000000000000   0.0000000000000000   0.0000000000000000   0.0000000000000000   0.0000000000000000   0.0000000000000000   0.0000000000000000   0.0000000000000000   0.0000000000000000   0.0000000000000000   0.0000000000000000   0.0000000000000000   0.0000000000000000   0.0000000000000000   0.0000000000000000   0.0000000000000000   0.0000000000000000   0.0000000000000000   0.0000000000000000   0.0000000000000000   0.0000000000000000   0.0000000000000000   0.0000000000000000   0.0000000000000000   0.0000000000000000   0.0000000000000000   0.0000000000000000   0.0000000000000000   0.0000000000000000   0.0000000000000000   0.0000000000000000   0.0000000000000000   0.0000000000000000   0.0000000000000000   0.0000000000000000   0.0000000000000000   0.0000000000000000   0.0000000000000000   0.0000000000000000   0.0000000000000000   0.0000000000000000   0.0000000000000000   0.0000000000000000   0.0000000000000000   0.0000000000000000   0.0000000000000000   0.0000000000000000   0.0000000000000000   0.0000000000000000   0.0000000000000000   0.1701563269179956   0.1681457600828317   0.1661593751592267   0.1662742809171118   0.1662673941760031   0.1662674516076718   0.1662674659335632   0.1662674643798641   0.1662674677702610   0.1662674068081395   0.1662685775358829   0.1662533514393364   0.1659898087077555   0.1716241679190752   0.0000000000000000   0.0000000000000000   0.0000000000000000   0.0000000000000000   0.0000000000000000   0.0000000000000000   0.0000000000000000   0.0000000000000000   0.0000000000000000   0.0000000000000000   0.1730192537586541   0.1659505076470281   0.1662821638259263   0.1662667838380802   0.1662674960756246   0.1662674629966026   0.1662674645373972   0.1662674644626769   0.1662674644640366   0.1662674644622145   0.1662674644609398   0.1662674644599571   0.1662674644592561   0.1662674644589259   0.1662674644590210   0.1662674644595757   0.1662674644606468   0.1662674644623122   0.1662674644644077   0.1662674644662343   0.1662674644668695
   0.0000000000000000   0.0000000000000000   0.0000000000000000   0.0000000000000000   0.0000000000000000   0.0000000000000000   0.0000000000000000   0.0000000000000000   0.0000000000000000   0.0000000000000000   0.0000000000000000   0.0000000000000000   0.0000000000000000   0.0000000000000000   0.0000000000000000   0.0000000000000000   0.0000000000000000   0.0000000000000000   0.0000000000000000   0.0000000000000000   0.0000000000000000   0.0000000000000000   0.0000000000000000   0.0000000000000000   0.0000000000000000   0.0000000000000000   0.0000000000000000   0.0000000000000000   0.0000000000000000   0.0000000000000000   0.0000000000000000   0.0000000000000000   0.0000000000000000   0.0000000000000000   0.0000000000000000   0.0000000000000000   0.0000000000000000   0.0000000000000000   0.0000000000000000   0.0000000000000000   0.0000000000000000   0.0000000000000000   0.0000000000000000   0.0000000000000000   0.0000000000000000   0.0000000000000000   0.0000000000000000   0.0000000000000000   0.0000000000000000   0.0000000000000000   0.0000000000000000   0.0000000000000000   0.0000000000000000   0.0000000000000000   0.0000000000000000   0.0000000000000000   0.0000000000000000   0.0000000000000000   0.0000000000000000   0.0000000000000000   0.0000000000000000   0.0000000000000000   0.0000000000000000   0.0000000000000000   0.0000000000000000   0.0000000000000000   0.0000000000000000   0.0000000000000000   0.0000000000000000   0.0000000000000000   0.0000000000000000   0.0000000000000000   0.0000000000000000   0.0000000000000000   0.0000000000000000   0.0000000000000000   0.0000000000000000   0.0000000000000000   0.0000000000000000   0.0000000000000000   0.0000000000000000   0.0000000000000000   0.0000000000000000   0.0000000000000000   0.0000000000000000   0.0000000000000000   0.0000000000000000   0.0000000000000000   0.0000000000000000   0.0000000000000000   0.0000000000000000   0.0000000000000000   0.0000000000000000   0.0000000000000000   0.0000000000000000   0.0000000000000000   0.0000000000000000   0.0000000000000000   0.0000000000000000   0.0000000000000000   0.0000000000000000   0.0000000000000000   0.0000000000000000   0.0000000000000000   0.0000000000000000   0.0000000000000000   0.0000000000000000   0.0000000000000000   0.0000000000000000   0.0000000000000000   0.0000000000000000   0.0000000000000000   0.0000000000000000   0.0000000000000000   0.0000000000000000   0.0000000000000000   0.0000000000000000   0.1716250085096088   0.1659926073461140   0.1662551218451626   0.1662689197468543   0.1662673625824565   0.1662674706321562   0.1662674640821908   0.1662674653836893   0.1662674542343220   0.1662674227168809   0.1662743722185133   0.1661593271149806   0.1681480574053349   0.1701213583239180   0.0000000000000000   0.0000000000000000   0.0000000000000000   0.0000000000000000   0.0000000000000000   0.0000000000000000   0.0000000000000000   0.0000000000000000   0.0000000000000000   0.1730190405549567   0.1659503443453191   0.1662821727474002   0.1662667820492633   0.1662674966967910   0.1662674634515802   0.1662674650369556   0.1662674649926794   0.1662674650228020   0.1662674650464658   0.1662674650663658   0.1662674650812386   0.1662674650899495   0.1662674650914691   0.1662674650848598   0.1662674650692143   0.1662674650439257   0.1662674650072866   0.1662674649590721   0.1662674649133639   0.1662674648981463
   0.0000000000000000   0.0000000000000000   0.0000000000000000   0.0000000000000000   0.0000000000000000   0.0000000000000000   0.0000000000000000   0.0000000000000000   0.0000000000000000   0.0000000000000000   0.0000000000000000   0.0000000000000000   0.0000000000000000   0.0000000000000000   0.0000000000000000   0.0000000000000000   0.0000000000000000   0.0000000000000000   0.0000000000000000   0.0000000000000000   0.0000000000000000   0.0000000000000000   0.0000000000000000   0.0000000000000000   0.0000000000000000   0.0000000000000000   0.0000000000000000   0.0000000000000000   0.0000000000000000   0.0000000000000000   0.0000000000000000   0.0000000000000000   0.0000000000000000   0.0000000000000000   0.0000000000000000   0.0000000000000000   0.0000000000000000   0.0000000000000000   0.0000000000000000   0.0000000000000000   0.0000000000000000   0.0000000000000000   0.0000000000000000   0.0000000000000000   0.0000000000000000   0.0000000000000000   0.0000000000000000   0.0000000000000000   0.0000000000000000   0.0000000000000000   0.0000000000000000   0.0000000000000000   0.0000000000000000   0.0000000000000000   0.0000000000000000   0.0000000000000000   0.0000000000000000   0.0000000000000000   0.0000000000000000   0.0000000000000000   0.0000000000000000   0.0000000000000000   0.0000000000000000   0.0000000000000000   0.0000000000000000   0.0000000000000000   0.0000000000000000   0.0000000000000000   0.0000000000000000   0.0000000000000000   0.0000000000000000   0.0000000000000000   0.0000000000000000   0.0000000000000000   0.0000000000000000   0.0000000000000000   0.0000000000000000   0.0000000000000000   0.0000000000000000   0.0000000000000000   0.0000000000000000   0.0000000000000000   0.0000000000000000   0.0000000000000000   0.0000000000000000   0.0000000000000000   0.0000000000000000   0.0000000000000000   0.0000000000000000   0.0000000000000000   0.0000000000000000   0.0000000000000000   0.0000000000000000   0.0000000000000000   0.0000000000000000   0.0000000000000000   0.0000000000000000   0.0000000000000000   0.0000000000000000   0.0000000000000000   0.0000000000000000   0.0000000000000000   0.0000000000000000   0.0000000000000000   0.0000000000000000   0.0000000000000000   0.0000000000000000   0.0000000000000000   0.0000000000000000   0.0000000000000000   0.0000000000000000   0.0000000000000000   0.0000000000000000   0.0000000000000000   0.0000000000000000   0.0000000000000000   0.0000000000000000   0.1716781247964730   0.1680727138136584   0.1661617911525664   0.1662731092732601   0.1662671739059023   0.1662674795699174   0.1662674637495711   0.1662674645013462   0.1662674689062466   0.1662673327533638   0.1662691150895078   0.1662494885458188   0.1661292503137958   0.1680691904444445   0.1716696947410884   0.0000000000000000   0.0000000000000000   0.0000000000000000   0.0000000000000000   0.0000000000000000   0.0000000000000000   0.0000000000000000   0.0000000000000000   0.1716215210310512   0.1660283233585229   0.1662786139618283   0.1662669284315448   0.1662674808800748   0.1662674538758149   0.1662674544565402   0.1662674537458998   0.1662674531394269   0.1662674525901752   0.1662674521212442   0.1662674517536511   0.1662674515088902   0.1662674514083178   0.1662674514723883   0.1662674517195922   0.1662674521665872   0.1662674528163225   0.1662674537840538   0.1662674548292931   0.1662674551777016
   0.0000000000000000   0.0000000000000000   0.0000000000000000   0.0000000000000000   0.0000000000000000   0.0000000000000000   0.0000000000000000   0.0000000000000000   0.0000000000000000   0.0000000000000000   0.0000000000000000   0.0000000000000000   0.0000000000000000   0.0000000000000000   0.0000000000000000   0.0000000000000000   0.0000000000000000   0.0000000000000000   0.0000000000000000   0.0000000000000000   0.0000000000000000   0.0000000000000000   0.0000000000000000   0.0000000000000000   0.0000000000000000   0.0000000000000000   0.0000000000000000   0.0000000000000000   0.0000000000000000   0.0000000000000000   0.0000000000000000   0.0000000000000000   0.0000000000000000   0.0000000000000000   0.0000000000000000   0.0000000000000000   0.0000000000000000   0.0000000000000000   0.0000000000000000   0.0000000000000000   0.0000000000000000   0.0000000000000000   0.0000000000000000   0.0000000000000000   0.0000000000000000   0.0000000000000000   0.0000000000000000   0.0000000000000000   0.0000000000000000   0.0000000000000000   0.0000000000000000   0.0000000000000000   0.0000000000000000   0.0000000000000000   0.0000000000000000   0.0000000000000000   0.0000000000000000   0.0000000000000000   0.0000000000000000   0.0000000000000000   0.0000000000000000   0.0000000000000000   0.0000000000000000   0.0000000000000000   0.0000000000000000   0.0000000000000000   0.0000000000000000   0.0000000000000000   0.0000000000000000   0.0000000000000000   0.0000000000000000   0.0000000000000000   0.0000000000000000   0.0000000000000000   0.0000000000000000   0.0000000000000000   0.0000000000000000   0.0000000000000000   0.0000000000000000   0.0000000000000000   0.0000000000000000   0.0000000000000000   0.0000000000000000   0.0000000000000000   0.0000000000000000   0.0000000000000000   0.0000000000000000   0.0000000000000000   0.0000000000000000   0.0000000000000000   0.0000000000000000   0.0000000000000000   0.0000000000000000   0.0000000000000000   0.0000000000000000   0.0000000000000000   0.0000000000000000   0.0000000000000000   0.0000000000000000   0.0000000000000000   0.0000000000000000   0.0000000000000000   0.0000000000000000   0.0000000000000000   0.0000000000000000   0.0000000000000000   0.0000000000000000   0.0000000000000000   0.0000000000000000   0.0000000000000000   0.0000000000000000   0.0000000000000000   0.0000000000000000   0.0000000000000000   0.0000000000000000   0.0000000000000000   0.0000000000000000   0.0000000000000000   0.1716077013894858   0.1660294674307279   0.1662784935892660   0.1662669220403848   0.1662674878234000   0.1662674636410736   0.1662674644062954   0.1662674666405051   0.1662674432339563   0.1662676023692833   0.1662697328424556   0.1662598538414423   0.1659147463014267   0.1730218806885028   0.0000000000000000   0.0000000000000000   0.0000000000000000   0.0000000000000000   0.0000000000000000   0.0000000000000000   0.0000000000000000   0.1701552913024179   0.1681456326134070   0.1661583332561632   0.1662733979099046   0.1662672990039545   0.1662676242576710   0.1662676185991604   0.1662676291979796   0.1662676381545590   0.1662676460046841   0.1662676523248063   0.1662676567117987   0.1662676587450475   0.1662676580010948   0.1662676540672515   0.1662676465572352   0.1662676351265121   0.1662676194904030   0.1662675994003704   0.1662675753459549   0.1662675383267530   0.1662675259870250
   0.0000000000000000   0.0000000000000000   0.0000000000000000   0.0000000000000000   0.0000000000000000   0.0000000000000000   0.0000000000000000   0.0000000000000000   0.0000000000000000   0.0000000000000000   0.0000000000000000   0.0000000000000000   0.0000000000000000   0.0000000000000000   0.0000000000000000   0.0000000000000000   0.0000000000000000   0.0000000000000000   0.0000000000000000   0.0000000000000000   0.0000000000000000   0.0000000000000000   0.0000000000000000   0.0000000000000000   0.0000000000000000   0.0000000000000000   0.0000000000000000   0.0000000000000000   0.0000000000000000   0.0000000000000000   0.0000000000000000   0.0000000000000000   0.0000000000000000   0.0000000000000000   0.0000000000000000   0.0000000000000000   0.0000000000000000   0.0000000000000000   0.0000000000000000   0.0000000000000000   0.0000000000000000   0.0000000000000000   0.0000000000000000   0.0000000000000000   0.0000000000000000   0.0000000000000000   0.0000000000000000   0.0000000000000000   0.0000000000000000   0.0000000000000000   0.0000000000000000   0.0000000000000000   0.0000000000000000   0.0000000000000000   0.0000000000000000   0.0000000000000000   0.0000000000000000   0.0000000000000000   0.0000000000000000   0.0000000000000000   0.0000000000000000   0.0000000000000000   0.0000000000000000   0.0000000000000000   0.0000000000000000   0.0000000000000000   0.0000000000000000   0.0000000000000000   0.0000000000000000   0.0000000000000000   0.0000000000000000   0.0000000000000000   0.0000000000000000   0.0000000000000000   0.0000000000000000   0.0000000000000000   0.0000000000000000   0.0000000000000000   0.0000000000000000   0.0000000000000000   0.0000000000000000   0.0000000000000000   0.0000000000000000   0.0000000000000000   0.0000000000000000   0.0000000000000000   0.0000000000000000   0.0000000000000000   0.0000000000000000   0.0000000000000000   0.0000000000000000   0.0000000000000000   0.0000000000000000   0.0000000000000000   0.0000000000000000   0.0000000000000000   0.0000000000000000   0.0000000000000000   0.0000000000000000   0.0000000000000000   0.0000000000000000   0.0000000000000000   0.0000000000000000   0.0000000000000000   0.0000000000000000   0.0000000000000000   0.0000000000000000   0.0000000000000000   0.0000000000000000   0.0000000000000000   0.0000000000000000   0.0000000000000000   0.0000000000000000   0.0000000000000000   0.0000000000000000   0.0000000000000000   0.0000000000000000   0.0000000000000000   0.1730199260358618   0.1659522842623941   0.1662833064017404   0.1662669917459710   0.1662674696184811   0.1662674650958778   0.1662674643975699   0.1662674647502012   0.1662674635682541   0.1662674446182620   0.1662671209109118   0.1662796487413306   0.1660282461775627   0.1716400598947548   0.0000000000000000   0.0000000000000000   0.1683545889383949   0.1662129565652241   0.1662673684179955   0.1662393124447090   0.1683097671492118   0.1682195579189554   0.1661180305385500   0.1662458978864046   0.1662646998478403   0.1662624241018737   0.1662620184503221   0.1662614466165681   0.1662608407035930   0.1662601927568607   0.1662595035019424   0.1662587737442959   0.1662580048892969   0.1662571989494798   0.1662563585652218   0.1662554870110038   0.1662545881860850   0.1662536665887271   0.1662527272778729   0.1662517757399782   0.1662508194577680   0.1662498320139366   0.1662495028659992
   0.0000000000000000   0.0000000000000000   0.0000000000000000   0.0000000000000000   0.0000000000000000   0.0000000000000000   0.0000000000000000   0.0000000000000000   0.0000000000000000   0.0000000000000000   0.0000000000000000   0.0000000000000000   0.0000000000000000   0.0000000000000000   0.0000000000000000   0.0000000000000000   0.0000000000000000   0.0000000000000000   0.0000000000000000   0.0000000000000000   0.0000000000000000   0.0000000000000000   0.0000000000000000   0.0000000000000000   0.0000000000000000   0.0000000000000000   0.0000000000000000   0.0000000000000000   0.0000000000000000   0.0000000000000000   0.0000000000000000   0.0000000000000000   0.0000000000000000   0.0000000000000000   0.0000000000000000   0.0000000000000000   0.0000000000000000   0.0000000000000000   0.0000000000000000   0.0000000000000000   0.0000000000000000   0.0000000000000000   0.0000000000000000   0.0000000000000000   0.0000000000000000   0.0000000000000000   0.0000000000000000   0.0000000000000000   0.0000000000000000   0.0000000000000000   0.0000000000000000   0.0000000000000000   0.0000000000000000   0.0000000000000000   0.0000000000000000   0.0000000000000000   0.0000000000000000   0.0000000000000000   0.0000000000000000   0.0000000000000000   0.0000000000000000   0.0000000000000000   0.0000000000000000   0.0000000000000000   0.0000000000000000   0.0000000000000000   0.0000000000000000   0.0000000000000000   0.0000000000000000   0.0000000000000000   0.0000000000000000   0.0000000000000000   0.0000000000000000   0.0000000000000000   0.0000000000000000   0.0000000000000000   0.0000000000000000   0.0000000000000000   0.0000000000000000   0.0000000000000000   0.0000000000000000   0.0000000000000000   0.0000000000000000   0.0000000000000000   0.0000000000000000   0.0000000000000000   0.0000000000000000   0.0000000000000000   0.0000000000000000   0.0000000000000000   0.0000000000000000   0.0000000000000000   0.0000000000000000   0.0000000000000000   0.0000000000000000   0.0000000000000000   0.0000000000000000   0.0000000000000000   0.0000000000000000   0.0000000000000000   0.0000000000000000   0.0000000000000000   0.0000000000000000   0.0000000000000000   0.0000000000000000   0.0000000000000000   0.0000000000000000   0.0000000000000000   0.0000000000000000   0.0000000000000000   0.0000000000000000   0.0000000000000000   0.0000000000000000   0.0000000000000000   0.0000000000000000   0.0000000000000000   0.0000000000000000   0.0000000000000000   0.1730018173442718   0.1658994894982050   0.1662601380204284   0.1662686797703457   0.1662673760170849   0.1662674698110890   0.1662674641982563   0.1662674645280503   0.1662674643209323   0.1662674790419270   0.1662671440146991   0.1662733530920656   0.1661554408786130   0.1682093675255248   0.1682683760485291   0.1683091326315699   0.1682840052647724   0.1661869233724676   0.1662665222749183   0.1662381860235449   0.1661862139838080   0.1661881970727817   0.1662406217629564   0.1662620939407320   0.1662585071109046   0.1662573928757758   0.1662563573045321   0.1662552171176725   0.1662539990181789   0.1662527012927252   0.1662513256714130   0.1662498748744238   0.1662483528426514   0.1662467647624760   0.1662451170703446   0.1662434174249385   0.1662416746443988   0.1662398986097400   0.1662381001396898   0.1662362907410569   0.1662344845377290   0.1662326472925086   0.1662320348774264
   0.0000000000000000   0.0000000000000000   0.0000000000000000   0.0000000000000000   0.0000000000000000   0.0000000000000000   0.0000000000000000   0.0000000000000000   0.0000000000000000   0.0000000000000000   0.0000000000000000   0.0000000000000000   0.0000000000000000   0.0000000000000000   0.0000000000000000   0.0000000000000000   0.0000000000000000   0.0000000000000000   0.0000000000000000   0.0000000000000000   0.0000000000000000   0.0000000000000000   0.0000000000000000   0.0000000000000000   0.0000000000000000   0.0000000000000000   0.0000000000000000   0.0000000000000000   0.0000000000000000   0.0000000000000000   0.0000000000000000   0.0000000000000000   0.0000000000000000   0.0000000000000000   0.0000000000000000   0.0000000000000000   0.0000000000000000   0.0000000000000000   0.0000000000000000   0.0000000000000000   0.0000000000000000   0.0000000000000000   0.0000000000000000   0.0000000000000000   0.0000000000000000   0.0000000000000000   0.0000000000000000   0.0000000000000000   0.0000000000000000   0.0000000000000000   0.0000000000000000   0.0000000000000000   0.0000000000000000   0.0000000000000000   0.0000000000000000   0.0000000000000000   0.0000000000000000   0.0000000000000000   0.0000000000000000   0.0000000000000000   0.0000000000000000   0.0000000000000000   0.0000000000000000   0.0000000000000000   0.0000000000000000   0.0000000000000000   0.0000000000000000   0.0000000000000000   0.0000000000000000   0.0000000000000000   0.0000000000000000   0.0000000000000000   0.0000000000000000   0.0000000000000000   0.0000000000000000   0.0000000000000000   0.0000000000000000   0.0000000000000000   0.0000000000000000   0.0000000000000000   0.0000000000000000   0.0000000000000000   0.0000000000000000   0.0000000000000000   0.0000000000000000   0.0000000000000000   0.0000000000000000   0.0000000000000000   0.0000000000000000   0.0000000000000000   0.0000000000000000   0.0000000000000000   0.0000000000000000   0.0000000000000000   0.0000000000000000   0.0000000000000000   0.0000000000000000   0.0000000000000000   0.0000000000000000   0.0000000000000000   0.0000000000000000   0.0000000000000000   0.0000000000000000   0.0000000000000000   0.0000000000000000   0.0000000000000000   0.0000000000000000   0.0000000000000000   0.0000000000000000   0.0000000000000000   0.0000000000000000   0.0000000000000000   0.0000000000000000   0.0000000000000000   0.0000000000000000   0.0000000000000000   0.0000000000000000   0.0000000000000000   0.1716553298855372   0.1680585808066076   0.1661625677441579   0.1662728691789086   0.1662671983455193   0.1662674773656690   0.1662674638774084   0.1662674645390139   0.1662674641105324   0.1662674715397444   0.1662673481682618   0.1662692696930963   0.1662469893777180   0.1661952303134828   0.1661671279693736   0.1661654923040282   0.1661912145929079   0.1662431575093989   0.1662669486877881   0.1662663866177741   0.1662677628017101   0.1662673575886678   0.1662653428793882   0.1662637722913887   0.1662631602676911   0.1662627439125812   0.1662622492417244   0.1662617177593646   0.1662611500129860   0.1662605461287814   0.1662599070842840   0.1662592343702693   0.1662585300520237   0.1662577967758760   0.1662570377632168   0.1662562567889605   0.1662554581430589   0.1662546465759215   0.1662538272328450   0.1662530055020719   0.1662521884276653   0.1662513526525387   0.1662510740608361
   0.0000000000000000   0.0000000000000000   0.0000000000000000   0.0000000000000000   0.0000000000000000   0.0000000000000000   0.0000000000000000   0.0000000000000000   0.0000000000000000   0.0000000000000000   0.0000000000000000   0.0000000000000000   0.0000000000000000   0.0000000000000000   0.0000000000000000   0.0000000000000000   0.0000000000000000   0.0000000000000000   0.0000000000000000   0.0000000000000000   0.0000000000000000   0.0000000000000000   0.0000000000000000   0.0000000000000000   0.0000000000000000   0.0000000000000000   0.0000000000000000   0.0000000000000000   0.0000000000000000   0.0000000000000000   0.0000000000000000   0.0000000000000000   0.0000000000000000   0.0000000000000000   0.0000000000000000   0.0000000000000000   0.0000000000000000   0.0000000000000000   0.0000000000000000   0.0000000000000000   0.0000000000000000   0.0000000000000000   0.0000000000000000   0.0000000000000000   0.0000000000000000   0.0000000000000000   0.0000000000000000   0.0000000000000000   0.0000000000000000   0.0000000000000000   0.0000000000000000   0.0000000000000000   0.0000000000000000   0.0000000000000000   0.0000000000000000   0.0000000000000000   0.0000000000000000   0.0000000000000000   0.0000000000000000   0.0000000000000000   0.0000000000000000   0.0000000000000000   0.0000000000000000   0.0000000000000000   0.0000000000000000   0.0000000000000000   0.0000000000000000   0.0000000000000000   0.0000000000000000   0.0000000000000000   0.0000000000000000   0.0000000000000000   0.0000000000000000   0.0000000000000000   0.0000000000000000   0.0000000000000000   0.0000000000000000   0.0000000000000000   0.0000000000000000   0.0000000000000000   0.0000000000000000   0.0000000000000000   0.0000000000000000   0.0000000000000000   0.0000000000000000   0.0000000000000000   0.0000000000000000   0.0000000000000000   0.0000000000000000   0.0000000000000000   0.0000000000000000   0.0000000000000000   0.0000000000000000   0.0000000000000000   0.0000000000000000   0.0000000000000000   0.0000000000000000   0.0000000000000000   0.0000000000000000   0.0000000000000000   0.0000000000000000   0.0000000000000000   0.0000000000000000   0.0000000000000000   0.0000000000000000   0.0000000000000000   0.0000000000000000   0.0000000000000000   0.0000000000000000   0.0000000000000000   0.0000000000000000   0.0000000000000000   0.0000000000000000   0.0000000000000000   0.0000000000000000   0.0000000000000000   0.0000000000000000   0.0000000000000000   0.0000000000000000   0.1716308373852957   0.1660446852499920   0.1662770633424041   0.1662670405342185   0.1662674835427148   0.1662674636291965   0.1662674645437380   0.1662674643598255   0.1662674664776075   0.1662674395759934   0.1662676506991714   0.1662688151348965   0.1662707371141697   0.1662721009210945   0.1662721713782478   0.1662709051437439   0.1662689886275936   0.1662677668739463   0.1662674875600078   0.1662674709196058   0.1662674880888443   0.1662675633721398   0.1662676349365483   0.1662676739962382   0.1662676974546693   0.1662677212101933   0.1662677473390062   0.1662677752405849   0.1662678049088544   0.1662678362997998   0.1662678693391410   0.1662679039253719   0.1662679399284597   0.1662679771902564   0.1662680155256662   0.1662680547245284   0.1662680945540002   0.1662681347638216   0.1662681750575876   0.1662682156538912   0.1662682500492521   0.1662682615143700
   0.0000000000000000   0.0000000000000000   0.0000000000000000   0.0000000000000000   0.0000000000000000   0.0000000000000000   0.0000000000000000   0.0000000000000000   0.0000000000000000   0.0000000000000000   0.0000000000000000   0.0000000000000000   0.0000000000000000   0.0000000000000000   0.0000000000000000   0.0000000000000000   0.0000000000000000   0.0000000000000000   0.0000000000000000   0.0000000000000000   0.0000000000000000   0.0000000000000000   0.0000000000000000   0.0000000000000000   0.0000000000000000   0.0000000000000000   0.0000000000000000   0.0000000000000000   0.0000000000000000   0.0000000000000000   0.0000000000000000   0.0000000000000000   0.0000000000000000   0.0000000000000000   0.0000000000000000   0.0000000000000000   0.0000000000000000   0.0000000000000000   0.0000000000000000   0.0000000000000000   0.0000000000000000   0.0000000000000000   0.0000000000000000   0.0000000000000000   0.0000000000000000   0.0000000000000000   0.0000000000000000   0.0000000000000000   0.0000000000000000   0.0000000000000000   0.0000000000000000   0.0000000000000000   0.0000000000000000   0.0000000000000000   0.0000000000000000   0.0000000000000000   0.0000000000000000   0.0000000000000000   0.0000000000000000   0.0000000000000000   0.0000000000000000   0.0000000000000000   0.0000000000000000   0.0000000000000000   0.0000000000000000   0.0000000000000000   0.0000000000000000   0.0000000000000000   0.0000000000000000   0.0000000000000000   0.0000000000000000   0.0000000000000000   0.0000000000000000   0.0000000000000000   0.0000000000000000   0.0000000000000000   0.0000000000000000   0.0000000000000000   0.0000000000000000   0.0000000000000000   0.0000000000000000   0.0000000000000000   0.0000000000000000   0.0000000000000000   0.0000000000000000   0.0000000000000000   0.0000000000000000   0.0000000000000000   0.0000000000000000   0.0000000000000000   0.0000000000000000   0.0000000000000000   0.0000000000000000   0.0000000000000000   0.0000000000000000   0.0000000000000000   0.0000000000000000   0.0000000000000000   0.0000000000000000   0.0000000000000000   0.0000000000000000   0.0000000000000000   0.0000000000000000   0.0000000000000000   0.0000000000000000   0.0000000000000000   0.0000000000000000   0.0000000000000000   0.0000000000000000   0.0000000000000000   0.0000000000000000   0.0000000000000000   0.0000000000000000   0.0000000000000000   0.0000000000000000   0.0000000000000000   0.0000000000000000   0.0000000000000000   0.0000000000000000   0.1716308555254975   0.1660446967405878   0.1662770647989690   0.1662670403011370   0.1662674835622893   0.1662674636287942   0.1662674645378289   0.1662674644640865   0.1662674648002422   0.1662674631991115   0.1662674444909400   0.1662673893803668   0.1662673100288741   0.1662672512017473   0.1662672482317033   0.1662673028166677   0.1662673815561819   0.1662674388937694   0.1662674605639160   0.1662674638683400   0.1662674626628354   0.1662674596860057   0.1662674564916208   0.1662674543704840   0.1662674530367449   0.1662674518485169   0.1662674505711196   0.1662674491990222   0.1662674477409019   0.1662674461985145   0.1662674445755091   0.1662674428768442   0.1662674411089153   0.1662674392793827   0.1662674373973780   0.1662674354732094   0.1662674335182508   0.1662674315453235   0.1662674295604785   0.1662674276365639   0.1662674261381170   0.1662674256386502
   0.0000000000000000   0.0000000000000000   0.0000000000000000   0.0000000000000000   0.0000000000000000   0.0000000000000000   0.0000000000000000   0.0000000000000000   0.0000000000000000   0.0000000000000000   0.0000000000000000   0.0000000000000000   0.0000000000000000   0.0000000000000000   0.0000000000000000   0.0000000000000000   0.0000000000000000   0.0000000000000000   0.0000000000000000   0.0000000000000000   0.0000000000000000   0.0000000000000000   0.0000000000000000   0.0000000000000000   0.0000000000000000   0.0000000000000000   0.0000000000000000   0.0000000000000000   0.0000000000000000   0.0000000000000000   0.0000000000000000   0.0000000000000000   0.0000000000000000   0.0000000000000000   0.0000000000000000   0.0000000000000000   0.0000000000000000   0.0000000000000000   0.0000000000000000   0.0000000000000000   0.0000000000000000   0.0000000000000000   0.0000000000000000   0.0000000000000000   0.0000000000000000   0.0000000000000000   0.0000000000000000   0.0000000000000000   0.0000000000000000   0.0000000000000000   0.0000000000000000   0.0000000000000000   0.0000000000000000   0.0000000000000000   0.0000000000000000   0.0000000000000000   0.0000000000000000   0.0000000000000000   0.0000000000000000   0.0000000000000000   0.0000000000000000   0.0000000000000000   0.0000000000000000   0.0000000000000000   0.0000000000000000   0.0000000000000000   0.0000000000000000   0.0000000000000000   0.0000000000000000   0.0000000000000000   0.0000000000000000   0.0000000000000000   0.0000000000000000   0.0000000000000000   0.0000000000000000   0.0000000000000000   0.0000000000000000   0.0000000000000000   0.0000000000000000   0.0000000000000000   0.0000000000000000   0.0000000000000000   0.0000000000000000   0.0000000000000000   0.0000000000000000   0.0000000000000000   0.0000000000000000   0.0000000000000000   0.0000000000000000   0.0000000000000000   0.0000000000000000   0.0000000000000000   0.0000000000000000   0.0000000000000000   0.0000000000000000   0.0000000000000000   0.0000000000000000   0.0000000000000000   0.0000000000000000   0.0000000000000000   0.0000000000000000   0.0000000000000000   0.0000000000000000   0.0000000000000000   0.0000000000000000   0.0000000000000000   0.0000000000000000   0.0000000000000000   0.0000000000000000   0.0000000000000000   0.0000000000000000   0.0000000000000000   0.0000000000000000   0.0000000000000000   0.0000000000000000   0.0000000000000000   0.0000000000000000   0.0000000000000000   0.1716548254797254   0.1680579942184419   0.1661624100560129   0.1662728880511808   0.1662671969251146   0.1662674774552302   0.1662674638743470   0.1662674645265014   0.1662674644910586   0.1662674644992620   0.1662674647498449   0.1662674658947530   0.1662674684689571   0.1662674718592831   0.1662674743503926   0.1662674744763660   0.1662674721705579   0.1662674688187636   0.1662674661593332   0.1662674648922178   0.1662674645735091   0.1662674646048151   0.1662674647337149   0.1662674648754299   0.1662674649826290   0.1662674650550073   0.1662674651153343   0.1662674651775117   0.1662674652443930   0.1662674653156605   0.1662674653910993   0.1662674654705456   0.1662674655537462   0.1662674656402991   0.1662674657298698   0.1662674658220433   0.1662674659163148   0.1662674660121309   0.1662674661089371   0.1662674662056635   0.1662674662960102   0.1662674663630390   0.1662674663853795
   0.0000000000000000   0.0000000000000000   0.0000000000000000   0.0000000000000000   0.0000000000000000   0.0000000000000000   0.0000000000000000   0.0000000000000000   0.0000000000000000   0.0000000000000000   0.0000000000000000   0.0000000000000000   0.0000000000000000   0.0000000000000000   0.0000000000000000   0.0000000000000000   0.0000000000000000   0.0000000000000000   0.0000000000000000   0.0000000000000000   0.0000000000000000   0.0000000000000000   0.0000000000000000   0.0000000000000000   0.0000000000000000   0.0000000000000000   0.0000000000000000   0.0000000000000000   0.0000000000000000   0.0000000000000000   0.0000000000000000   0.0000000000000000   0.0000000000000000   0.0000000000000000   0.0000000000000000   0.0000000000000000   0.0000000000000000   0.0000000000000000   0.0000000000000000   0.0000000000000000   0.0000000000000000   0.0000000000000000   0.0000000000000000   0.0000000000000000   0.0000000000000000   0.0000000000000000   0.0000000000000000   0.0000000000000000   0.0000000000000000   0.0000000000000000   0.0000000000000000   0.0000000000000000   0.0000000000000000   0.0000000000000000   0.0000000000000000   0.0000000000000000   0.0000000000000000   0.0000000000000000   0.0000000000000000   0.0000000000000000   0.0000000000000000   0.0000000000000000   0.0000000000000000   0.0000000000000000   0.0000000000000000   0.0000000000000000   0.0000000000000000   0.0000000000000000   0.0000000000000000   0.0000000000000000   0.0000000000000000   0.0000000000000000   0.0000000000000000   0.0000000000000000   0.0000000000000000   0.0000000000000000   0.0000000000000000   0.0000000000000000   0.0000000000000000   0.0000000000000000   0.0000000000000000   0.0000000000000000   0.0000000000000000   0.0000000000000000   0.0000000000000000   0.0000000000000000   0.0000000000000000   0.0000000000000000   0.0000000000000000   0.0000000000000000   0.0000000000000000   0.0000000000000000   0.0000000000000000   0.0000000000000000   0.0000000000000000   0.0000000000000000   0.0000000000000000   0.0000000000000000   0.0000000000000000   0.0000000000000000   0.0000000000000000   0.0000000000000000   0.0000000000000000   0.0000000000000000   0.0000000000000000   0.0000000000000000   0.0000000000000000   0.0000000000000000   0.0000000000000000   0.0000000000000000   0.0000000000000000   0.0000000000000000   0.0000000000000000   0.0000000000000000   0.0000000000000000   0.0000000000000000   0.0000000000000000   0.0000000000000000   0.1730229490106066   0.1659153188466967   0.1662588227094868   0.1662687594260183   0.1662673716839425   0.1662674700355297   0.1662674641915598   0.1662674645128914   0.1662674644955393   0.1662674644930789   0.1662674644733758   0.1662674644111724   0.1662674642918483   0.1662674641448661   0.1662674640389804   0.1662674640332763   0.1662674641305258   0.1662674642753360   0.1662674643981597   0.1662674644655787   0.1662674644879472   0.1662674644889006   0.1662674644829719   0.1662674644759864   0.1662674644702014   0.1662674644658671   0.1662674644622058   0.1662674644586723   0.1662674644549939   0.1662674644511560   0.1662674644471631   0.1662674644430415   0.1662674644387246   0.1662674644343031   0.1662674644297746   0.1662674644250959   0.1662674644203144   0.1662674644154356   0.1662674644104890   0.1662674644057335   0.1662674644014618   0.1662674643984199   0.1662674643974086
   0.0000000000000000   0.0000000000000000   0.0000000000000000   0.0000000000000000   0.0000000000000000   0.0000000000000000   0.0000000000000000   0.0000000000000000   0.0000000000000000   0.0000000000000000   0.0000000000000000   0.0000000000000000   0.0000000000000000   0.0000000000000000   0.0000000000000000   0.0000000000000000   0.0000000000000000   0.0000000000000000   0.0000000000000000   0.0000000000000000   0.0000000000000000   0.0000000000000000   0.0000000000000000   0.0000000000000000   0.0000000000000000   0.0000000000000000   0.0000000000000000   0.0000000000000000   0.0000000000000000   0.0000000000000000   0.0000000000000000   0.0000000000000000   0.0000000000000000   0.0000000000000000   0.0000000000000000   0.0000000000000000   0.0000000000000000   0.0000000000000000   0.0000000000000000   0.0000000000000000   0.0000000000000000   0.0000000000000000   0.0000000000000000   0.0000000000000000   0.0000000000000000   0.0000000000000000   0.0000000000000000   0.0000000000000000   0.0000000000000000   0.0000000000000000   0.0000000000000000   0.0000000000000000   0.0000000000000000   0.0000000000000000   0.0000000000000000   0.0000000000000000   0.0000000000000000   0.0000000000000000   0.0000000000000000   0.0000000000000000   0.0000000000000000   0.0000000000000000   0.0000000000000000   0.0000000000000000   0.0000000000000000   0.0000000000000000   0.0000000000000000   0.0000000000000000   0.0000000000000000   0.0000000000000000   0.0000000000000000   0.0000000000000000   0.0000000000000000   0.0000000000000000   0.0000000000000000   0.0000000000000000   0.0000000000000000   0.0000000000000000   0.0000000000000000   0.0000000000000000   0.0000000000000000   0.0000000000000000   0.0000000000000000   0.0000000000000000   0.0000000000000000   0.0000000000000000   0.0000000000000000   0.0000000000000000   0.0000000000000000   0.0000000000000000   0.0000000000000000   0.0000000000000000   0.0000000000000000   0.0000000000000000   0.0000000000000000   0.0000000000000000   0.0000000000000000   0.0000000000000000   0.0000000000000000   0.0000000000000000   0.0000000000000000   0.0000000000000000   0.0000000000000000   0.0000000000000000   0.0000000000000000   0.0000000000000000   0.0000000000000000   0.0000000000000000   0.0000000000000000   0.0000000000000000   0.0000000000000000   0.0000000000000000   0.0000000000000000   0.0000000000000000   0.0000000000000000   0.0000000000000000   0.0000000000000000   0.0000000000000000   0.1716079844306908   0.1660306758671414   0.1662795424961344   0.1662671680429035   0.1662674613951078   0.1662674654785354   0.1662674644122472   0.1662674645022807   0.1662674644963997   0.1662674644967239   0.1662674644975390   0.1662674645006433   0.1662674645061582   0.1662674645125825   0.1662674645170616   0.1662674645172035   0.1662674645131003   0.1662674645068725   0.1662674645011672   0.1662674644975231   0.1662674644958445   0.1662674644951896   0.1662674644949465   0.1662674644948106   0.1662674644946116   0.1662674644943402   0.1662674644941352   0.1662674644939663   0.1662674644938064   0.1662674644936881   0.1662674644936477   0.1662674644936196   0.1662674644936327   0.1662674644936291   0.1662674644936220   0.1662674644936019   0.1662674644936960   0.1662674644938499   0.1662674644939879   0.1662674644941348   0.1662674644942355   0.1662674644943087   0.1662674644943396
   0.0000000000000000   0.0000000000000000   0.0000000000000000   0.0000000000000000   0.0000000000000000   0.0000000000000000   0.0000000000000000   0.0000000000000000   0.0000000000000000   0.0000000000000000   0.0000000000000000   0.0000000000000000   0.0000000000000000   0.0000000000000000   0.0000000000000000   0.0000000000000000   0.0000000000000000   0.0000000000000000   0.0000000000000000   0.0000000000000000   0.0000000000000000   0.0000000000000000   0.0000000000000000   0.0000000000000000   0.0000000000000000   0.0000000000000000   0.0000000000000000   0.0000000000000000   0.0000000000000000   0.0000000000000000   0.0000000000000000   0.0000000000000000   0.0000000000000000   0.0000000000000000   0.0000000000000000   0.0000000000000000   0.0000000000000000   0.0000000000000000   0.0000000000000000   0.0000000000000000   0.0000000000000000   0.0000000000000000   0.0000000000000000   0.0000000000000000   0.0000000000000000   0.0000000000000000   0.0000000000000000   0.0000000000000000   0.0000000000000000   0.0000000000000000   0.0000000000000000   0.0000000000000000   0.0000000000000000   0.0000000000000000   0.0000000000000000   0.0000000000000000   0.0000000000000000   0.0000000000000000   0.0000000000000000   0.0000000000000000   0.0000000000000000   0.0000000000000000   0.0000000000000000   0.0000000000000000   0.0000000000000000   0.0000000000000000   0.0000000000000000   0.0000000000000000   0.0000000000000000   0.0000000000000000   0.0000000000000000   0.0000000000000000   0.0000000000000000   0.0000000000000000   0.0000000000000000   0.0000000000000000   0.0000000000000000   0.0000000000000000   0.0000000000000000   0.0000000000000000   0.0000000000000000   0.0000000000000000   0.0000000000000000   0.0000000000000000   0.0000000000000000   0.0000000000000000   0.0000000000000000   0.0000000000000000   0.0000000000000000   0.0000000000000000   0.0000000000000000   0.0000000000000000   0.0000000000000000   0.0000000000000000   0.0000000000000000   0.0000000000000000   0.0000000000000000   0.0000000000000000   0.0000000000000000   0.0000000000000000   0.0000000000000000   0.0000000000000000   0.0000000000000000   0.0000000000000000   0.0000000000000000   0.0000000000000000   0.0000000000000000   0.0000000000000000   0.0000000000000000   0.0000000000000000   0.0000000000000000   0.0000000000000000   0.0000000000000000   0.0000000000000000   0.0000000000000000   0.0000000000000000   0.0000000000000000   0.1716778407718683   0.1680725273709345   0.1661617627748954   0.1662730638396221   0.1662671555939269   0.1662674774962893   0.1662674641031032   0.1662674644999378   0.1662674644971024   0.1662674644964711   0.1662674644966706   0.1662674644964307   0.1662674644959499   0.1662674644955604   0.1662674644952388   0.1662674644950533   0.1662674644950938   0.1662674644952005   0.1662674644952958   0.1662674644953686   0.1662674644953053   0.1662674644949848   0.1662674644945693   0.1662674644941627   0.1662674644937433   0.1662674644933357   0.1662674644929708   0.1662674644926391   0.1662674644922837   0.1662674644919568   0.1662674644917093   0.1662674644914639   0.1662674644912776   0.1662674644910325   0.1662674644908256   0.1662674644907072   0.1662674644905965   0.1662674644904294   0.1662674644902217   0.1662674644900886   0.1662674644900201   0.1662674644899770   0.1662674644899564   0.1662674644899661
   0.0000000000000000   0.0000000000000000   0.0000000000000000   0.0000000000000000   0.0000000000000000   0.0000000000000000   0.0000000000000000   0.0000000000000000   0.0000000000000000   0.0000000000000000   0.0000000000000000   0.0000000000000000   0.0000000000000000   0.0000000000000000   0.0000000000000000   0.0000000000000000   0.0000000000000000   0.0000000000000000   0.0000000000000000   0.0000000000000000   0.0000000000000000   0.0000000000000000   0.0000000000000000   0.0000000000000000   0.0000000000000000   0.0000000000000000   0.0000000000000000   0.0000000000000000   0.0000000000000000   0.0000000000000000   0.0000000000000000   0.0000000000000000   0.0000000000000000   0.0000000000000000   0.0000000000000000   0.0000000000000000   0.0000000000000000   0.0000000000000000   0.0000000000000000   0.0000000000000000   0.0000000000000000   0.0000000000000000   0.0000000000000000   0.0000000000000000   0.0000000000000000   0.0000000000000000   0.0000000000000000   0.0000000000000000   0.0000000000000000   0.0000000000000000   0.0000000000000000   0.0000000000000000   0.0000000000000000   0.0000000000000000   0.0000000000000000   0.0000000000000000   0.0000000000000000   0.0000000000000000   0.0000000000000000   0.0000000000000000   0.0000000000000000   0.0000000000000000   0.0000000000000000   0.0000000000000000   0.0000000000000000   0.0000000000000000   0.0000000000000000   0.0000000000000000   0.0000000000000000   0.0000000000000000   0.0000000000000000   0.0000000000000000   0.0000000000000000   0.0000000000000000   0.0000000000000000   0.0000000000000000   0.0000000000000000   0.0000000000000000   0.0000000000000000   0.0000000000000000   0.0000000000000000   0.0000000000000000   0.0000000000000000   0.0000000000000000   0.0000000000000000   0.0000000000000000   0.0000000000000000   0.0000000000000000   0.0000000000000000   0.0000000000000000   0.0000000000000000   0.0000000000000000   0.0000000000000000   0.0000000000000000   0.0000000000000000   0.0000000000000000   0.0000000000000000   0.0000000000000000   0.0000000000000000   0.0000000000000000   0.0000000000000000   0.0000000000000000   0.0000000000000000   0.0000000000000000   0.0000000000000000   0.0000000000000000   0.0000000000000000   0.0000000000000000   0.0000000000000000   0.0000000000000000   0.0000000000000000   0.0000000000000000   0.0000000000000000   0.0000000000000000   0.0000000000000000   0.0000000000000000   0.0000000000000000   0.1716422330364749   0.1659913837592328   0.1662551898370867   0.1662689183244017   0.1662673637624716   0.1662674708824882   0.1662674641585484   0.1662674645113091   0.1662674644958488   0.1662674644963413   0.1662674644964018   0.1662674644965632   0.1662674644965885   0.1662674644964374   0.1662674644963112   0.1662674644962092   0.1662674644960749   0.1662674644959137   0.1662674644957001   0.1662674644953722   0.1662674644949822   0.1662674644946032   0.1662674644942131   0.1662674644938389   0.1662674644934795   0.1662674644931382   0.1662674644928161   0.1662674644924728   0.1662674644922020   0.1662674644920012   0.1662674644917799   0.1662674644915110   0.1662674644912346   0.1662674644910358   0.1662674644908526   0.1662674644906335   0.1662674644903876   0.1662674644902618   0.1662674644902200   0.1662674644901402   0.1662674644900254   0.1662674644899220   0.1662674644899231   0.1662674644899327
   0.0000000000000000   0.0000000000000000   0.0000000000000000   0.0000000000000000   0.0000000000000000   0.0000000000000000   0.0000000000000000   0.0000000000000000   0.0000000000000000   0.0000000000000000   0.0000000000000000   0.0000000000000000   0.0000000000000000   0.0000000000000000   0.0000000000000000   0.0000000000000000   0.0000000000000000   0.0000000000000000   0.0000000000000000   0.0000000000000000   0.0000000000000000   0.0000000000000000   0.0000000000000000   0.0000000000000000   0.0000000000000000   0.0000000000000000   0.0000000000000000   0.0000000000000000   0.0000000000000000   0.0000000000000000   0.0000000000000000   0.0000000000000000   0.0000000000000000   0.0000000000000000   0.0000000000000000   0.0000000000000000   0.0000000000000000   0.0000000000000000   0.0000000000000000   0.0000000000000000   0.0000000000000000   0.0000000000000000   0.0000000000000000   0.0000000000000000   0.0000000000000000   0.0000000000000000   0.0000000000000000   0.0000000000000000   0.0000000000000000   0.0000000000000000   0.0000000000000000   0.0000000000000000   0.0000000000000000   0.0000000000000000   0.0000000000000000   0.0000000000000000   0.0000000000000000   0.0000000000000000   0.0000000000000000   0.0000000000000000   0.0000000000000000   0.0000000000000000   0.0000000000000000   0.0000000000000000   0.0000000000000000   0.0000000000000000   0.0000000000000000   0.0000000000000000   0.0000000000000000   0.0000000000000000   0.0000000000000000   0.0000000000000000   0.0000000000000000   0.0000000000000000   0.0000000000000000   0.0000000000000000   0.0000000000000000   0.0000000000000000   0.0000000000000000   0.0000000000000000   0.0000000000000000   0.0000000000000000   0.0000000000000000   0.0000000000000000   0.0000000000000000   0.0000000000000000   0.0000000000000000   0.0000000000000000   0.0000000000000000   0.0000000000000000   0.0000000000000000   0.0000000000000000   0.0000000000000000   0.0000000000000000   0.0000000000000000   0.0000000000000000   0.0000000000000000   0.0000000000000000   0.0000000000000000   0.0000000000000000   0.0000000000000000   0.0000000000000000   0.0000000000000000   0.0000000000000000   0.0000000000000000   0.0000000000000000   0.0000000000000000   0.0000000000000000   0.0000000000000000   0.0000000000000000   0.0000000000000000   0.0000000000000000   0.0000000000000000   0.0000000000000000   0.1700589669160699   0.1661260737585308   0.1682980880569008   0.1682116376214399   0.1661566064127366   0.1662744011741238   0.1662673887413293   0.1662674517956094   0.1662674659012295   0.1662674643869618   0.1662674645033524   0.1662674644960020   0.1662674644963839   0.1662674644962694   0.1662674644962226   0.1662674644962829   0.1662674644963262   0.1662674644962530   0.1662674644960336   0.1662674644958496   0.1662674644956740   0.1662674644954572   0.1662674644951747   0.1662674644948838   0.1662674644945985   0.1662674644943375   0.1662674644941025   0.1662674644938759   0.1662674644936233   0.1662674644933900   0.1662674644932023   0.1662674644929847   0.1662674644927153   0.1662674644924412   0.1662674644922617   0.1662674644921427   0.1662674644919495   0.1662674644917564   0.1662674644916438   0.1662674644915743   0.1662674644914434   0.1662674644912144   0.1662674644910759   0.1662674644910691   0.1662674644910218   0.1662674644909136   0.1662674644908861
   0.0000000000000000   0.0000000000000000   0.0000000000000000   0.0000000000000000   0.0000000000000000   0.0000000000000000   0.0000000000000000   0.0000000000000000   0.0000000000000000   0.0000000000000000   0.0000000000000000   0.0000000000000000   0.0000000000000000   0.0000000000000000   0.0000000000000000   0.0000000000000000   0.0000000000000000   0.0000000000000000   0.0000000000000000   0.0000000000000000   0.0000000000000000   0.0000000000000000   0.0000000000000000   0.0000000000000000   0.0000000000000000   0.0000000000000000   0.0000000000000000   0.0000000000000000   0.0000000000000000   0.0000000000000000   0.0000000000000000   0.0000000000000000   0.0000000000000000   0.0000000000000000   0.0000000000000000   0.0000000000000000   0.0000000000000000   0.0000000000000000   0.0000000000000000   0.0000000000000000   0.0000000000000000   0.0000000000000000   0.0000000000000000   0.0000000000000000   0.0000000000000000   0.0000000000000000   0.0000000000000000   0.0000000000000000   0.0000000000000000   0.0000000000000000   0.0000000000000000   0.0000000000000000   0.0000000000000000   0.0000000000000000   0.0000000000000000   0.0000000000000000   0.0000000000000000   0.0000000000000000   0.0000000000000000   0.0000000000000000   0.0000000000000000   0.0000000000000000   0.0000000000000000   0.0000000000000000   0.0000000000000000   0.0000000000000000   0.0000000000000000   0.0000000000000000   0.0000000000000000   0.0000000000000000   0.0000000000000000   0.0000000000000000   0.0000000000000000   0.0000000000000000   0.0000000000000000   0.0000000000000000   0.0000000000000000   0.0000000000000000   0.0000000000000000   0.0000000000000000   0.0000000000000000   0.0000000000000000   0.0000000000000000   0.0000000000000000   0.0000000000000000   0.0000000000000000   0.0000000000000000   0.0000000000000000   0.0000000000000000   0.0000000000000000   0.0000000000000000   0.0000000000000000   0.0000000000000000   0.0000000000000000   0.0000000000000000   0.0000000000000000   0.0000000000000000   0.0000000000000000   0.0000000000000000   0.0000000000000000   0.0000000000000000   0.0000000000000000   0.0000000000000000   0.0000000000000000   0.0000000000000000   0.0000000000000000   0.0000000000000000   0.0000000000000000   0.0000000000000000   0.0000000000000000   0.0000000000000000   0.0000000000000000   0.0000000000000000   0.0000000000000000   0.1716566039134329   0.1660376983066063   0.1662007822391255   0.1661946264469877   0.1662469395099745   0.1662692259096044   0.1662673298369881   0.1662674695063403   0.1662674644710825   0.1662674644833437   0.1662674644980672   0.1662674644963160   0.1662674644963927   0.1662674644963737   0.1662674644962768   0.1662674644961569   0.1662674644960666   0.1662674644960623   0.1662674644960588   0.1662674644959715   0.1662674644957333   0.1662674644954986   0.1662674644953106   0.1662674644951832   0.1662674644950609   0.1662674644948894   0.1662674644946914   0.1662674644945023   0.1662674644943130   0.1662674644941801   0.1662674644939420   0.1662674644937515   0.1662674644936303   0.1662674644935650   0.1662674644933929   0.1662674644931570   0.1662674644929495   0.1662674644928130   0.1662674644925527   0.1662674644921287   0.1662674644916892   0.1662674644913278   0.1662674644909142   0.1662674644905127   0.1662674644902644   0.1662674644902572   0.1662674644902691
   0.0000000000000000   0.0000000000000000   0.0000000000000000   0.0000000000000000   0.0000000000000000   0.0000000000000000   0.0000000000000000   0.0000000000000000   0.0000000000000000   0.0000000000000000   0.0000000000000000   0.0000000000000000   0.0000000000000000   0.0000000000000000   0.0000000000000000   0.0000000000000000   0.0000000000000000   0.0000000000000000   0.0000000000000000   0.0000000000000000   0.0000000000000000   0.0000000000000000   0.0000000000000000   0.0000000000000000   0.0000000000000000   0.0000000000000000   0.0000000000000000   0.0000000000000000   0.0000000000000000   0.0000000000000000   0.0000000000000000   0.0000000000000000   0.0000000000000000   0.0000000000000000   0.0000000000000000   0.0000000000000000   0.0000000000000000   0.0000000000000000   0.0000000000000000   0.0000000000000000   0.0000000000000000   0.0000000000000000   0.0000000000000000   0.0000000000000000   0.0000000000000000   0.0000000000000000   0.0000000000000000   0.0000000000000000   0.0000000000000000   0.0000000000000000   0.0000000000000000   0.0000000000000000   0.0000000000000000   0.0000000000000000   0.0000000000000000   0.0000000000000000   0.0000000000000000   0.0000000000000000   0.0000000000000000   0.0000000000000000   0.0000000000000000   0.0000000000000000   0.0000000000000000   0.0000000000000000   0.0000000000000000   0.0000000000000000   0.0000000000000000   0.0000000000000000   0.0000000000000000   0.0000000000000000   0.0000000000000000   0.0000000000000000   0.0000000000000000   0.0000000000000000   0.0000000000000000   0.0000000000000000   0.0000000000000000   0.0000000000000000   0.0000000000000000   0.0000000000000000   0.0000000000000000   0.0000000000000000   0.0000000000000000   0.0000000000000000   0.0000000000000000   0.0000000000000000   0.0000000000000000   0.0000000000000000   0.0000000000000000   0.0000000000000000   0.0000000000000000   0.0000000000000000   0.0000000000000000   0.0000000000000000   0.0000000000000000   0.0000000000000000   0.0000000000000000   0.0000000000000000   0.0000000000000000   0.0000000000000000   0.0000000000000000   0.0000000000000000   0.0000000000000000   0.0000000000000000   0.0000000000000000   0.0000000000000000   0.0000000000000000   0.0000000000000000   0.0000000000000000   0.0000000000000000   0.0000000000000000   0.0000000000000000   0.0000000000000000   0.1716778498895174   0.1680715382840287   0.1661618820844472   0.1662758605996246   0.1662702039475924   0.1662688392150560   0.1662676519694107   0.1662674406051301   0.1662674667328514   0.1662674643722965   0.1662674645008452   0.1662674644966252   0.1662674644965408   0.1662674644964871   0.1662674644964229   0.1662674644964105   0.1662674644963795   0.1662674644962694   0.1662674644961269   0.1662674644959574   0.1662674644958646   0.1662674644958277   0.1662674644957937   0.1662674644957239   0.1662674644956018   0.1662674644954316   0.1662674644952785   0.1662674644951912   0.1662674644951521   0.1662674644950706   0.1662674644949341   0.1662674644948458   0.1662674644948146   0.1662674644946854   0.1662674644944549   0.1662674644942663   0.1662674644940625   0.1662674644937042   0.1662674644930975   0.1662674644927446   0.1662674644931613   0.1662674644946786   0.1662674644975603   0.1662674645016740   0.1662674645063566   0.1662674645104371   0.1662674645130509   0.1662674645138963
   0.0000000000000000   0.0000000000000000   0.0000000000000000   0.0000000000000000   0.0000000000000000   0.0000000000000000   0.0000000000000000   0.0000000000000000   0.0000000000000000   0.0000000000000000   0.0000000000000000   0.0000000000000000   0.0000000000000000   0.0000000000000000   0.0000000000000000   0.0000000000000000   0.0000000000000000   0.0000000000000000   0.0000000000000000   0.0000000000000000   0.0000000000000000   0.0000000000000000   0.0000000000000000   0.0000000000000000   0.0000000000000000   0.0000000000000000   0.0000000000000000   0.0000000000000000   0.0000000000000000   0.0000000000000000   0.0000000000000000   0.0000000000000000   0.0000000000000000   0.0000000000000000   0.0000000000000000   0.0000000000000000   0.0000000000000000   0.0000000000000000   0.0000000000000000   0.0000000000000000   0.0000000000000000   0.0000000000000000   0.0000000000000000   0.0000000000000000   0.0000000000000000   0.0000000000000000   0.0000000000000000   0.0000000000000000   0.0000000000000000   0.0000000000000000   0.0000000000000000   0.0000000000000000   0.0000000000000000   0.0000000000000000   0.0000000000000000   0.0000000000000000   0.0000000000000000   0.0000000000000000   0.0000000000000000   0.0000000000000000   0.0000000000000000   0.0000000000000000   0.0000000000000000   0.0000000000000000   0.0000000000000000   0.0000000000000000   0.0000000000000000   0.0000000000000000   0.0000000000000000   0.0000000000000000   0.0000000000000000   0.0000000000000000   0.0000000000000000   0.0000000000000000   0.0000000000000000   0.0000000000000000   0.0000000000000000   0.0000000000000000   0.0000000000000000   0.0000000000000000   0.0000000000000000   0.0000000000000000   0.0000000000000000   0.0000000000000000   0.0000000000000000   0.0000000000000000   0.0000000000000000   0.0000000000000000   0.0000000000000000   0.0000000000000000   0.0000000000000000   0.0000000000000000   0.0000000000000000   0.0000000000000000   0.0000000000000000   0.0000000000000000   0.0000000000000000   0.0000000000000000   0.0000000000000000   0.0000000000000000   0.0000000000000000   0.0000000000000000   0.0000000000000000   0.0000000000000000   0.0000000000000000   0.0000000000000000   0.0000000000000000   0.0000000000000000   0.0000000000000000   0.0000000000000000   0.0000000000000000   0.0000000000000000   0.0000000000000000   0.1716125533430108   0.1659950009181132   0.1662552534231167   0.1662687902237745   0.1662672375404544   0.1662673976043828   0.1662674439126293   0.1662674631670927   0.1662674647801668   0.1662674644636011   0.1662674644990108   0.1662674644965181   0.1662674644966508   0.1662674644966227   0.1662674644965695   0.1662674644964898   0.1662674644964602   0.1662674644964570   0.1662674644964638   0.1662674644964471   0.1662674644963846   0.1662674644963291   0.1662674644962553   0.1662674644962105   0.1662674644961609   0.1662674644961799   0.1662674644962466   0.1662674644962743   0.1662674644962206   0.1662674644961339   0.1662674644961433   0.1662674644961463   0.1662674644960231   0.1662674644958195   0.1662674644956318   0.1662674644953239   0.1662674644951740   0.1662674644963664   0.1662674645000587   0.1662674645066601   0.1662674645149421   0.1662674645218523   0.1662674645234208   0.1662674645171673   0.1662674645043405   0.1662674644896006   0.1662674644783655   0.1662674644746835
   0.0000000000000000   0.0000000000000000   0.0000000000000000   0.0000000000000000   0.0000000000000000   0.0000000000000000   0.0000000000000000   0.0000000000000000   0.0000000000000000   0.0000000000000000   0.0000000000000000   0.0000000000000000   0.0000000000000000   0.0000000000000000   0.0000000000000000   0.0000000000000000   0.0000000000000000   0.0000000000000000   0.0000000000000000   0.0000000000000000   0.0000000000000000   0.0000000000000000   0.0000000000000000   0.0000000000000000   0.0000000000000000   0.0000000000000000   0.0000000000000000   0.0000000000000000   0.0000000000000000   0.0000000000000000   0.0000000000000000   0.0000000000000000   0.0000000000000000   0.0000000000000000   0.0000000000000000   0.0000000000000000   0.0000000000000000   0.0000000000000000   0.0000000000000000   0.0000000000000000   0.0000000000000000   0.0000000000000000   0.0000000000000000   0.0000000000000000   0.0000000000000000   0.0000000000000000   0.0000000000000000   0.0000000000000000   0.0000000000000000   0.0000000000000000   0.0000000000000000   0.0000000000000000   0.0000000000000000   0.0000000000000000   0.0000000000000000   0.0000000000000000   0.0000000000000000   0.0000000000000000   0.0000000000000000   0.0000000000000000   0.0000000000000000   0.0000000000000000   0.0000000000000000   0.0000000000000000   0.0000000000000000   0.0000000000000000   0.0000000000000000   0.0000000000000000   0.0000000000000000   0.0000000000000000   0.0000000000000000   0.0000000000000000   0.0000000000000000   0.0000000000000000   0.0000000000000000   0.0000000000000000   0.0000000000000000   0.0000000000000000   0.0000000000000000   0.0000000000000000   0.0000000000000000   0.0000000000000000   0.0000000000000000   0.0000000000000000   0.0000000000000000   0.0000000000000000   0.0000000000000000   0.0000000000000000   0.0000000000000000   0.0000000000000000   0.0000000000000000   0.0000000000000000   0.0000000000000000   0.0000000000000000   0.0000000000000000   0.0000000000000000   0.0000000000000000   0.0000000000000000   0.0000000000000000   0.0000000000000000   0.0000000000000000   0.0000000000000000   0.0000000000000000   0.0000000000000000   0.0000000000000000   0.0000000000000000   0.0000000000000000   0.0000000000000000   0.0000000000000000   0.0000000000000000   0.0000000000000000   0.0000000000000000   0.1716584284147754   0.1680261219382287   0.1661398224161807   0.1662758611524794   0.1662673050782143   0.1662674620256269   0.1662674692807240   0.1662674657866512   0.1662674647607578   0.1662674645004849   0.1662674644937147   0.1662674644970610   0.1662674644965764   0.1662674644966395   0.1662674644966436   0.1662674644966369   0.1662674644966355   0.1662674644965956   0.1662674644965439   0.1662674644964812   0.1662674644964444   0.1662674644964612   0.1662674644964746   0.1662674644964665   0.1662674644964576   0.1662674644965253   0.1662674644965760   0.1662674644965141   0.1662674644964074   0.1662674644964440   0.1662674644965476   0.1662674644965361   0.1662674644963100   0.1662674644960908   0.1662674644960581   0.1662674644967509   0.1662674644997783   0.1662674645065131   0.1662674645156894   0.1662674645221127   0.1662674645180516   0.1662674644984148   0.1662674644674378   0.1662674644397944   0.1662674644312709   0.1662674644470105   0.1662674644773172   0.1662674645046405   0.1662674645138493
   0.0000000000000000   0.0000000000000000   0.0000000000000000   0.0000000000000000   0.0000000000000000   0.0000000000000000   0.0000000000000000   0.0000000000000000   0.0000000000000000   0.0000000000000000   0.0000000000000000   0.0000000000000000   0.0000000000000000   0.0000000000000000   0.0000000000000000   0.0000000000000000   0.0000000000000000   0.0000000000000000   0.0000000000000000   0.0000000000000000   0.0000000000000000   0.0000000000000000   0.0000000000000000   0.0000000000000000   0.0000000000000000   0.0000000000000000   0.0000000000000000   0.0000000000000000   0.0000000000000000   0.0000000000000000   0.0000000000000000   0.0000000000000000   0.0000000000000000   0.0000000000000000   0.0000000000000000   0.0000000000000000   0.0000000000000000   0.0000000000000000   0.0000000000000000   0.0000000000000000   0.0000000000000000   0.0000000000000000   0.0000000000000000   0.0000000000000000   0.0000000000000000   0.0000000000000000   0.0000000000000000   0.0000000000000000   0.0000000000000000   0.0000000000000000   0.0000000000000000   0.0000000000000000   0.0000000000000000   0.0000000000000000   0.0000000000000000   0.0000000000000000   0.0000000000000000   0.0000000000000000   0.0000000000000000   0.0000000000000000   0.0000000000000000   0.0000000000000000   0.0000000000000000   0.0000000000000000   0.0000000000000000   0.0000000000000000   0.0000000000000000   0.0000000000000000   0.0000000000000000   0.0000000000000000   0.0000000000000000   0.0000000000000000   0.0000000000000000   0.0000000000000000   0.0000000000000000   0.0000000000000000   0.0000000000000000   0.0000000000000000   0.0000000000000000   0.0000000000000000   0.0000000000000000   0.0000000000000000   0.0000000000000000   0.0000000000000000   0.0000000000000000   0.0000000000000000   0.0000000000000000   0.0000000000000000   0.0000000000000000   0.0000000000000000   0.0000000000000000   0.0000000000000000   0.0000000000000000   0.0000000000000000   0.0000000000000000   0.0000000000000000   0.0000000000000000   0.0000000000000000   0.0000000000000000   0.0000000000000000   0.0000000000000000   0.0000000000000000   0.0000000000000000   0.0000000000000000   0.0000000000000000   0.0000000000000000   0.0000000000000000   0.0000000000000000   0.0000000000000000   0.0000000000000000   0.0000000000000000   0.0000000000000000   0.1716732723467154   0.1680608304888216   0.1661554584177621   0.1662734789987438   0.1662671334927849   0.1662674783344372   0.1662674638764222   0.1662674644219877   0.1662674644746968   0.1662674644936961   0.1662674644967112   0.1662674644966326   0.1662674644966181   0.1662674644966249   0.1662674644966171   0.1662674644966379   0.1662674644966390   0.1662674644966507   0.1662674644966531   0.1662674644966678   0.1662674644966534   0.1662674644966453   0.1662674644966324   0.1662674644966379   0.1662674644966796   0.1662674644966825   0.1662674644966278   0.1662674644966347   0.1662674644968034   0.1662674644968454   0.1662674644966062   0.1662674644963461   0.1662674644965058   0.1662674644976612   0.1662674645014441   0.1662674645089778   0.1662674645171936   0.1662674645172208   0.1662674644991425   0.1662674644628306   0.1662674644263540   0.1662674644179839   0.1662674644500219   0.1662674644996181   0.1662674645244807   0.1662674645003059   0.1662674644408898   0.1662674643845081   0.1662674643659198
   0.0000000000000000   0.0000000000000000   0.0000000000000000   0.0000000000000000   0.0000000000000000   0.0000000000000000   0.0000000000000000   0.0000000000000000   0.0000000000000000   0.0000000000000000   0.0000000000000000   0.0000000000000000   0.0000000000000000   0.0000000000000000   0.0000000000000000   0.0000000000000000   0.0000000000000000   0.0000000000000000   0.0000000000000000   0.0000000000000000   0.0000000000000000   0.0000000000000000   0.0000000000000000   0.0000000000000000   0.0000000000000000   0.0000000000000000   0.0000000000000000   0.0000000000000000   0.0000000000000000   0.0000000000000000   0.0000000000000000   0.0000000000000000   0.0000000000000000   0.0000000000000000   0.0000000000000000   0.0000000000000000   0.0000000000000000   0.0000000000000000   0.0000000000000000   0.0000000000000000   0.0000000000000000   0.0000000000000000   0.0000000000000000   0.0000000000000000   0.0000000000000000   0.0000000000000000   0.0000000000000000   0.0000000000000000   0.0000000000000000   0.0000000000000000   0.0000000000000000   0.0000000000000000   0.0000000000000000   0.0000000000000000   0.0000000000000000   0.0000000000000000   0.0000000000000000   0.0000000000000000   0.0000000000000000   0.0000000000000000   0.0000000000000000   0.0000000000000000   0.0000000000000000   0.0000000000000000   0.0000000000000000   0.0000000000000000   0.0000000000000000   0.0000000000000000   0.0000000000000000   0.0000000000000000   0.0000000000000000   0.0000000000000000   0.0000000000000000   0.0000000000000000   0.0000000000000000   0.0000000000000000   0.0000000000000000   0.0000000000000000   0.0000000000000000   0.0000000000000000   0.0000000000000000   0.0000000000000000   0.0000000000000000   0.0000000000000000   0.0000000000000000   0.0000000000000000   0.0000000000000000   0.0000000000000000   0.0000000000000000   0.0000000000000000   0.0000000000000000   0.0000000000000000   0.0000000000000000   0.0000000000000000   0.0000000000000000   0.0000000000000000   0.0000000000000000   0.0000000000000000   0.0000000000000000   0.0000000000000000   0.0000000000000000   0.0000000000000000   0.0000000000000000   0.0000000000000000   0.0000000000000000   0.0000000000000000   0.0000000000000000   0.0000000000000000   0.0000000000000000   0.0000000000000000   0.0000000000000000   0.0000000000000000   0.0000000000000000   0.1701207875430649   0.1661246073697666   0.1662735530165274   0.1662671875512241   0.1662674779024915   0.1662674638792538   0.1662674645280310   0.1662674644971123   0.1662674644969732   0.1662674644966503   0.1662674644966163   0.1662674644966184   0.1662674644966127   0.1662674644966102   0.1662674644965924   0.1662674644965963   0.1662674644965860   0.1662674644965856   0.1662674644966257   0.1662674644966464   0.1662674644966306   0.1662674644966743   0.1662674644967185   0.1662674644967609   0.1662674644967809   0.1662674644968705   0.1662674644969769   0.1662674644968150   0.1662674644964643   0.1662674644964439   0.1662674644974652   0.1662674645009538   0.1662674645082645   0.1662674645161381   0.1662674645139537   0.1662674644907791   0.1662674644508620   0.1662674644212861   0.1662674644327242   0.1662674644791808   0.1662674645054215   0.1662674644598219   0.1662674643611087   0.1662674642869878   0.1662674642910634   0.1662674643541648   0.1662674644187344   0.1662674644406792
   0.0000000000000000   0.0000000000000000   0.0000000000000000   0.0000000000000000   0.0000000000000000   0.0000000000000000   0.0000000000000000   0.0000000000000000   0.0000000000000000   0.0000000000000000   0.0000000000000000   0.0000000000000000   0.0000000000000000   0.0000000000000000   0.0000000000000000   0.0000000000000000   0.0000000000000000   0.0000000000000000   0.0000000000000000   0.0000000000000000   0.0000000000000000   0.0000000000000000   0.0000000000000000   0.0000000000000000   0.0000000000000000   0.0000000000000000   0.0000000000000000   0.0000000000000000   0.0000000000000000   0.0000000000000000   0.0000000000000000   0.0000000000000000   0.0000000000000000   0.0000000000000000   0.0000000000000000   0.0000000000000000   0.0000000000000000   0.0000000000000000   0.0000000000000000   0.0000000000000000   0.0000000000000000   0.0000000000000000   0.0000000000000000   0.1682985146906374   0.1661436334270067   0.1660914888721383   0.1700665027103081   0.0000000000000000   0.0000000000000000   0.0000000000000000   0.0000000000000000   0.0000000000000000   0.0000000000000000   0.0000000000000000   0.0000000000000000   0.0000000000000000   0.0000000000000000   0.0000000000000000   0.0000000000000000   0.0000000000000000   0.0000000000000000   0.0000000000000000   0.0000000000000000   0.0000000000000000   0.0000000000000000   0.0000000000000000   0.0000000000000000   0.0000000000000000   0.0000000000000000   0.0000000000000000   0.0000000000000000   0.0000000000000000   0.0000000000000000   0.0000000000000000   0.0000000000000000   0.0000000000000000   0.0000000000000000   0.0000000000000000   0.0000000000000000   0.0000000000000000   0.0000000000000000   0.0000000000000000   0.0000000000000000   0.0000000000000000   0.0000000000000000   0.0000000000000000   0.0000000000000000   0.0000000000000000   0.0000000000000000   0.0000000000000000   0.0000000000000000   0.0000000000000000   0.0000000000000000   0.0000000000000000   0.0000000000000000   0.0000000000000000   0.0000000000000000   0.0000000000000000   0.0000000000000000   0.0000000000000000   0.0000000000000000   0.0000000000000000   0.0000000000000000   0.0000000000000000   0.0000000000000000   0.0000000000000000   0.0000000000000000   0.0000000000000000   0.0000000000000000   0.0000000000000000   0.0000000000000000   0.1700147087934444   0.1681615450865903   0.1682296121818869   0.1661732464956832   0.1662717696298363   0.1662672651911903   0.1662674738825752   0.1662674640421887   0.1662674645183399   0.1662674644954888   0.1662674644966516   0.1662674644966046   0.1662674644966228   0.1662674644966103   0.1662674644965931   0.1662674644966069   0.1662674644965929   0.1662674644965984   0.1662674644965920   0.1662674644965886   0.1662674644965862   0.1662674644965738   0.1662674644966176   0.1662674644966970   0.1662674644967074   0.1662674644967203   0.1662674644967741   0.1662674644967265   0.1662674644964859   0.1662674644963813   0.1662674644974479   0.1662674645014749   0.1662674645106482   0.1662674645231600   0.1662674645272663   0.1662674645076947   0.1662674644659586   0.1662674644311534   0.1662674644347468   0.1662674644615758   0.1662674644449255   0.1662674643480023   0.1662674642401227   0.1662674642310254   0.1662674643213028   0.1662674643944949   0.1662674643780141   0.1662674643215832   0.1662674642885454   0.1662674642779632
   0.0000000000000000   0.0000000000000000   0.0000000000000000   0.0000000000000000   0.0000000000000000   0.0000000000000000   0.0000000000000000   0.0000000000000000   0.0000000000000000   0.0000000000000000   0.0000000000000000   0.0000000000000000   0.0000000000000000   0.0000000000000000   0.0000000000000000   0.0000000000000000   0.0000000000000000   0.0000000000000000   0.0000000000000000   0.0000000000000000   0.0000000000000000   0.0000000000000000   0.0000000000000000   0.0000000000000000   0.0000000000000000   0.0000000000000000   0.0000000000000000   0.0000000000000000   0.0000000000000000   0.0000000000000000   0.0000000000000000   0.0000000000000000   0.0000000000000000   0.0000000000000000   0.0000000000000000   0.0000000000000000   0.0000000000000000   0.0000000000000000   0.0000000000000000   0.0000000000000000   0.0000000000000000   0.0000000000000000   0.1716953629195781   0.1680139257443353   0.1681620427041752   0.1682271247003628   0.1700665027103081   0.0000000000000000   0.0000000000000000   0.0000000000000000   0.0000000000000000   0.0000000000000000   0.0000000000000000   0.0000000000000000   0.0000000000000000   0.0000000000000000   0.0000000000000000   0.0000000000000000   0.0000000000000000   0.0000000000000000   0.0000000000000000   0.0000000000000000   0.0000000000000000   0.0000000000000000   0.0000000000000000   0.0000000000000000   0.0000000000000000   0.0000000000000000   0.0000000000000000   0.0000000000000000   0.0000000000000000   0.0000000000000000   0.0000000000000000   0.0000000000000000   0.0000000000000000   0.0000000000000000   0.0000000000000000   0.0000000000000000   0.0000000000000000   0.0000000000000000   0.0000000000000000   0.0000000000000000   0.0000000000000000   0.0000000000000000   0.0000000000000000   0.0000000000000000   0.0000000000000000   0.0000000000000000   0.0000000000000000   0.0000000000000000   0.0000000000000000   0.0000000000000000   0.0000000000000000   0.0000000000000000   0.0000000000000000   0.0000000000000000   0.0000000000000000   0.0000000000000000   0.0000000000000000   0.0000000000000000   0.0000000000000000   0.0000000000000000   0.0000000000000000   0.0000000000000000   0.0000000000000000   0.0000000000000000   0.0000000000000000   0.0000000000000000   0.0000000000000000   0.0000000000000000   0.0000000000000000   0.1717003803659972   0.1680528669468226   0.1661016761914537   0.1662504229269746   0.1662689195197992   0.1662673773937026   0.1662674692127475   0.1662674642513667   0.1662674645092235   0.1662674644959866   0.1662674644966510   0.1662674644966062   0.1662674644966045   0.1662674644965949   0.1662674644966028   0.1662674644965936   0.1662674644965805   0.1662674644965798   0.1662674644965945   0.1662674644965816   0.1662674644965843   0.1662674644966525   0.1662674644967141   0.1662674644967201   0.1662674644967004   0.1662674644967603   0.1662674644966981   0.1662674644964977   0.1662674644969047   0.1662674644996855   0.1662674645070976   0.1662674645181684   0.1662674645202894   0.1662674644913683   0.1662674644250323   0.1662674643548948   0.1662674643292466   0.1662674643442190   0.1662674643296916   0.1662674642467199   0.1662674641774205   0.1662674642310868   0.1662674643588516   0.1662674643918174   0.1662674643015017   0.1662674642500548   0.1662674643064894   0.1662674643358820   0.1662674642766166   0.1662674642571300
   0.0000000000000000   0.0000000000000000   0.0000000000000000   0.0000000000000000   0.0000000000000000   0.0000000000000000   0.0000000000000000   0.0000000000000000   0.0000000000000000   0.0000000000000000   0.0000000000000000   0.0000000000000000   0.0000000000000000   0.0000000000000000   0.0000000000000000   0.0000000000000000   0.0000000000000000   0.0000000000000000   0.0000000000000000   0.0000000000000000   0.0000000000000000   0.0000000000000000   0.0000000000000000   0.0000000000000000   0.0000000000000000   0.0000000000000000   0.0000000000000000   0.0000000000000000   0.0000000000000000   0.0000000000000000   0.0000000000000000   0.0000000000000000   0.0000000000000000   0.0000000000000000   0.0000000000000000   0.0000000000000000   0.0000000000000000   0.0000000000000000   0.0000000000000000   0.0000000000000000   0.0000000000000000   0.0000000000000000   0.1715605910383959   0.1678907212306925   0.1701438916121666   0.0000000000000000   0.0000000000000000   0.0000000000000000   0.0000000000000000   0.0000000000000000   0.0000000000000000   0.0000000000000000   0.0000000000000000   0.0000000000000000   0.0000000000000000   0.0000000000000000   0.0000000000000000   0.0000000000000000   0.0000000000000000   0.0000000000000000   0.0000000000000000   0.0000000000000000   0.0000000000000000   0.0000000000000000   0.0000000000000000   0.0000000000000000   0.0000000000000000   0.0000000000000000   0.0000000000000000   0.0000000000000000   0.0000000000000000   0.0000000000000000   0.0000000000000000   0.0000000000000000   0.0000000000000000   0.0000000000000000   0.0000000000000000   0.0000000000000000   0.0000000000000000   0.0000000000000000   0.0000000000000000   0.0000000000000000   0.0000000000000000   0.0000000000000000   0.0000000000000000   0.0000000000000000   0.0000000000000000   0.0000000000000000   0.0000000000000000   0.0000000000000000   0.0000000000000000   0.0000000000000000   0.0000000000000000   0.0000000000000000   0.0000000000000000   0.0000000000000000   0.0000000000000000   0.0000000000000000   0.0000000000000000   0.0000000000000000   0.0000000000000000   0.0000000000000000   0.0000000000000000   0.0000000000000000   0.0000000000000000   0.0000000000000000   0.0000000000000000   0.0000000000000000   0.0000000000000000   0.0000000000000000   0.0000000000000000   0.0000000000000000   0.1701203377573224   0.1661264247084486   0.1662747655279036   0.1662674107230049   0.1662674519049641   0.1662674657327387   0.1662674644117699   0.1662674645017305   0.1662674644963159   0.1662674644966246   0.1662674644965994   0.1662674644966062   0.1662674644966018   0.1662674644965672   0.1662674644965810   0.1662674644965909   0.1662674644965974   0.1662674644965967   0.1662674644966187   0.1662674644967164   0.1662674644967687   0.1662674644967305   0.1662674644967731   0.1662674644968417   0.1662674644966711   0.1662674644965197   0.1662674644978175   0.1662674645030826   0.1662674645136082   0.1662674645212906   0.1662674645036296   0.1662674644445493   0.1662674643748282   0.1662674643621168   0.1662674644180218   0.1662674644451998   0.1662674643602856   0.1662674642452325   0.1662674642469910   0.1662674643338522   0.1662674643298136   0.1662674642190097   0.1662674641907231   0.1662674642944159   0.1662674643279122   0.1662674642286184   0.1662674642255063   0.1662674643839528   0.1662674644372696
   0.0000000000000000   0.0000000000000000   0.0000000000000000   0.0000000000000000   0.0000000000000000   0.0000000000000000   0.0000000000000000   0.0000000000000000   0.0000000000000000   0.0000000000000000   0.0000000000000000   0.0000000000000000   0.0000000000000000   0.0000000000000000   0.0000000000000000   0.0000000000000000   0.0000000000000000   0.0000000000000000   0.0000000000000000   0.0000000000000000   0.0000000000000000   0.0000000000000000   0.0000000000000000   0.0000000000000000   0.0000000000000000   0.0000000000000000   0.0000000000000000   0.0000000000000000   0.0000000000000000   0.0000000000000000   0.0000000000000000   0.0000000000000000   0.0000000000000000   0.0000000000000000   0.0000000000000000   0.0000000000000000   0.1699893705741344   0.1682374616264395   0.0000000000000000   0.0000000000000000   0.1683356365370600   0.1682368789846988   0.1679634429869563   0.1715416796579421   0.0000000000000000   0.0000000000000000   0.0000000000000000   0.0000000000000000   0.0000000000000000   0.0000000000000000   0.0000000000000000   0.0000000000000000   0.0000000000000000   0.0000000000000000   0.0000000000000000   0.0000000000000000   0.0000000000000000   0.0000000000000000   0.0000000000000000   0.0000000000000000   0.0000000000000000   0.0000000000000000   0.0000000000000000   0.0000000000000000   0.0000000000000000   0.0000000000000000   0.0000000000000000   0.0000000000000000   0.0000000000000000   0.0000000000000000   0.0000000000000000   0.0000000000000000   0.0000000000000000   0.0000000000000000   0.0000000000000000   0.0000000000000000   0.0000000000000000   0.0000000000000000   0.0000000000000000   0.0000000000000000   0.0000000000000000   0.0000000000000000   0.0000000000000000   0.0000000000000000   0.0000000000000000   0.0000000000000000   0.0000000000000000   0.0000000000000000   0.0000000000000000   0.0000000000000000   0.0000000000000000   0.0000000000000000   0.0000000000000000   0.0000000000000000   0.0000000000000000   0.0000000000000000   0.0000000000000000   0.0000000000000000   0.0000000000000000   0.0000000000000000   0.0000000000000000   0.0000000000000000   0.0000000000000000   0.0000000000000000   0.0000000000000000   0.0000000000000000   0.0000000000000000   0.0000000000000000   0.0000000000000000   0.1700670520746280   0.1660639295217472   0.1682462107976118   0.1682262214396024   0.1661733342603688   0.1662717079630244   0.1662672458133976   0.1662674721167351   0.1662674643739053   0.1662674644887546   0.1662674644976845   0.1662674644965237   0.1662674644966225   0.1662674644965962   0.1662674644965966   0.1662674644965690   0.1662674644965864   0.1662674644966233   0.1662674644965927   0.1662674644965810   0.1662674644966519   0.1662674644967396   0.1662674644967512   0.1662674644966666   0.1662674644967607   0.1662674644968294   0.1662674644965805   0.1662674644968864   0.1662674645002213   0.1662674645095440   0.1662674645226174   0.1662674645215693   0.1662674644785606   0.1662674643982607   0.1662674643467014   0.1662674643722649   0.1662674643859774   0.1662674642525468   0.1662674640530717   0.1662674640319670   0.1662674641939779   0.1662674642767913   0.1662674642067245   0.1662674641857863   0.1662674642797549   0.1662674643263281   0.1662674642850326   0.1662674643134466   0.1662674644314276   0.1662674644429007   0.1662674643118877   0.1662674642681176
   0.0000000000000000   0.0000000000000000   0.0000000000000000   0.0000000000000000   0.0000000000000000   0.0000000000000000   0.0000000000000000   0.0000000000000000   0.0000000000000000   0.0000000000000000   0.0000000000000000   0.0000000000000000   0.0000000000000000   0.0000000000000000   0.0000000000000000   0.0000000000000000   0.0000000000000000   0.0000000000000000   0.0000000000000000   0.0000000000000000   0.0000000000000000   0.0000000000000000   0.0000000000000000   0.0000000000000000   0.0000000000000000   0.0000000000000000   0.0000000000000000   0.0000000000000000   0.0000000000000000   0.0000000000000000   0.0000000000000000   0.0000000000000000   0.0000000000000000   0.0000000000000000   0.0000000000000000   0.0000000000000000   0.1729906674500021   0.1680150376947577   0.1683212625050509   0.1683119911000832   0.1682487897155871   0.1659752555087884   0.1680195071114911   0.1716766478180598   0.0000000000000000   0.0000000000000000   0.0000000000000000   0.0000000000000000   0.0000000000000000   0.0000000000000000   0.0000000000000000   0.0000000000000000   0.0000000000000000   0.0000000000000000   0.0000000000000000   0.0000000000000000   0.0000000000000000   0.0000000000000000   0.0000000000000000   0.0000000000000000   0.0000000000000000   0.0000000000000000   0.0000000000000000   0.0000000000000000   0.0000000000000000   0.0000000000000000   0.0000000000000000   0.0000000000000000   0.0000000000000000   0.0000000000000000   0.0000000000000000   0.0000000000000000   0.0000000000000000   0.0000000000000000   0.0000000000000000   0.0000000000000000   0.0000000000000000   0.0000000000000000   0.0000000000000000   0.0000000000000000   0.0000000000000000   0.0000000000000000   0.0000000000000000   0.0000000000000000   0.0000000000000000   0.0000000000000000   0.0000000000000000   0.0000000000000000   0.0000000000000000   0.0000000000000000   0.0000000000000000   0.0000000000000000   0.0000000000000000   0.0000000000000000   0.0000000000000000   0.0000000000000000   0.0000000000000000   0.0000000000000000   0.0000000000000000   0.0000000000000000   0.0000000000000000   0.0000000000000000   0.0000000000000000   0.0000000000000000   0.0000000000000000   0.0000000000000000   0.0000000000000000   0.0000000000000000   0.0000000000000000   0.1700670520746280   0.1682024150985790   0.1681797395008744   0.1660970039256237   0.1662506156457799   0.1662689135461723   0.1662673789489267   0.1662674694603873   0.1662674642602118   0.1662674645054848   0.1662674644963871   0.1662674644965935   0.1662674644966031   0.1662674644965837   0.1662674644965881   0.1662674644965888   0.1662674644965885   0.1662674644966081   0.1662674644966136   0.1662674644966824   0.1662674644967564   0.1662674644967444   0.1662674644967451   0.1662674644969089   0.1662674644968926   0.1662674644967079   0.1662674644979688   0.1662674645038653   0.1662674645159121   0.1662674645244874   0.1662674644996758   0.1662674644174602   0.1662674643181846   0.1662674642912297   0.1662674643269424   0.1662674642651923   0.1662674640740553   0.1662674640310383   0.1662674642605409   0.1662674643968125   0.1662674642362660   0.1662674641348147   0.1662674642627284   0.1662674643463730   0.1662674643355981   0.1662674643861237   0.1662674644142326   0.1662674643587280   0.1662674643548525   0.1662674643819057   0.1662674643398834   0.1662674643258593
   0.0000000000000000   0.0000000000000000   0.0000000000000000   0.0000000000000000   0.0000000000000000   0.0000000000000000   0.0000000000000000   0.0000000000000000   0.0000000000000000   0.0000000000000000   0.0000000000000000   0.0000000000000000   0.0000000000000000   0.0000000000000000   0.0000000000000000   0.0000000000000000   0.0000000000000000   0.0000000000000000   0.0000000000000000   0.0000000000000000   0.0000000000000000   0.0000000000000000   0.0000000000000000   0.0000000000000000   0.0000000000000000   0.0000000000000000   0.0000000000000000   0.0000000000000000   0.0000000000000000   0.0000000000000000   0.0000000000000000   0.0000000000000000   0.0000000000000000   0.0000000000000000   0.0000000000000000   0.0000000000000000   0.1730026866925611   0.1658729155651650   0.1661805476927135   0.1661718882436025   0.1660845359189639   0.1681302130094719   0.1701244659967606   0.0000000000000000   0.0000000000000000   0.0000000000000000   0.0000000000000000   0.0000000000000000   0.0000000000000000   0.0000000000000000   0.0000000000000000   0.0000000000000000   0.0000000000000000   0.0000000000000000   0.0000000000000000   0.0000000000000000   0.0000000000000000   0.0000000000000000   0.0000000000000000   0.0000000000000000   0.0000000000000000   0.0000000000000000   0.0000000000000000   0.0000000000000000   0.0000000000000000   0.0000000000000000   0.0000000000000000   0.0000000000000000   0.0000000000000000   0.0000000000000000   0.0000000000000000   0.0000000000000000   0.0000000000000000   0.0000000000000000   0.0000000000000000   0.0000000000000000   0.0000000000000000   0.0000000000000000   0.0000000000000000   0.0000000000000000   0.0000000000000000   0.0000000000000000   0.0000000000000000   0.0000000000000000   0.0000000000000000   0.0000000000000000   0.0000000000000000   0.0000000000000000   0.0000000000000000   0.0000000000000000   0.0000000000000000   0.0000000000000000   0.0000000000000000   0.0000000000000000   0.0000000000000000   0.0000000000000000   0.0000000000000000   0.0000000000000000   0.0000000000000000   0.0000000000000000   0.0000000000000000   0.0000000000000000   0.0000000000000000   0.0000000000000000   0.0000000000000000   0.0000000000000000   0.0000000000000000   0.0000000000000000   0.0000000000000000   0.0000000000000000   0.0000000000000000   0.1701546294894715   0.1661238270664834   0.1662749102970072   0.1662674031089766   0.1662674522229539   0.1662674656933434   0.1662674644096000   0.1662674645017311   0.1662674644963499   0.1662674644966126   0.1662674644965875   0.1662674644965699   0.1662674644965939   0.1662674644966183   0.1662674644966059   0.1662674644966075   0.1662674644967051   0.1662674644967682   0.1662674644967397   0.1662674644967731   0.1662674644969177   0.1662674644967487   0.1662674644966828   0.1662674644989371   0.1662674645065867   0.1662674645179210   0.1662674645141161   0.1662674644596154   0.1662674643533668   0.1662674642815081   0.1662674643203736   0.1662674643566641   0.1662674642114228   0.1662674640295801   0.1662674641400919   0.1662674643607913   0.1662674642320737   0.1662674640380528   0.1662674642544766   0.1662674644561404   0.1662674643299591   0.1662674643228497   0.1662674644332285   0.1662674643313974   0.1662674642483505   0.1662674643270763   0.1662674644826347   0.1662674650977594   0.1662674661218915   0.1662674664635638
   0.0000000000000000   0.0000000000000000   0.0000000000000000   0.0000000000000000   0.0000000000000000   0.0000000000000000   0.0000000000000000   0.0000000000000000   0.0000000000000000   0.0000000000000000   0.0000000000000000   0.0000000000000000   0.0000000000000000   0.0000000000000000   0.0000000000000000   0.0000000000000000   0.0000000000000000   0.0000000000000000   0.0000000000000000   0.0000000000000000   0.0000000000000000   0.0000000000000000   0.0000000000000000   0.0000000000000000   0.0000000000000000   0.0000000000000000   0.0000000000000000   0.0000000000000000   0.0000000000000000   0.0000000000000000   0.0000000000000000   0.0000000000000000   0.0000000000000000   0.0000000000000000   0.0000000000000000   0.0000000000000000   0.1716397898051628   0.1660318377865535   0.1662861420404290   0.1662873268034843   0.1660357660073322   0.1716242506982633   0.0000000000000000   0.0000000000000000   0.0000000000000000   0.0000000000000000   0.0000000000000000   0.0000000000000000   0.0000000000000000   0.0000000000000000   0.0000000000000000   0.0000000000000000   0.0000000000000000   0.0000000000000000   0.0000000000000000   0.0000000000000000   0.0000000000000000   0.0000000000000000   0.0000000000000000   0.0000000000000000   0.0000000000000000   0.0000000000000000   0.0000000000000000   0.0000000000000000   0.0000000000000000   0.0000000000000000   0.0000000000000000   0.0000000000000000   0.0000000000000000   0.0000000000000000   0.0000000000000000   0.0000000000000000   0.0000000000000000   0.0000000000000000   0.0000000000000000   0.0000000000000000   0.0000000000000000   0.0000000000000000   0.0000000000000000   0.0000000000000000   0.0000000000000000   0.0000000000000000   0.0000000000000000   0.0000000000000000   0.0000000000000000   0.0000000000000000   0.0000000000000000   0.0000000000000000   0.0000000000000000   0.0000000000000000   0.0000000000000000   0.0000000000000000   0.0000000000000000   0.0000000000000000   0.0000000000000000   0.0000000000000000   0.0000000000000000   0.0000000000000000   0.0000000000000000   0.0000000000000000   0.0000000000000000   0.0000000000000000   0.0000000000000000   0.0000000000000000   0.0000000000000000   0.0000000000000000   0.0000000000000000   0.0000000000000000   0.1700328028884530   0.1661096087728225   0.1683164980199013   0.1682446202063405   0.1661713466348254   0.1662718408382540   0.1662672382815054   0.1662674725178214   0.1662674643548880   0.1662674644900769   0.1662674644976377   0.1662674644965187   0.1662674644966111   0.1662674644965817   0.1662674644966024   0.1662674644966149   0.1662674644966099   0.1662674644966340   0.1662674644967317   0.1662674644967786   0.1662674644967294   0.1662674644968107   0.1662674644969171   0.1662674644966125   0.1662674644968709   0.1662674645004609   0.1662674645102911   0.1662674645213425   0.1662674645074820   0.1662674644361841   0.1662674643374827   0.1662674643172124   0.1662674643777292   0.1662674643042379   0.1662674640330300   0.1662674639423013   0.1662674642149105   0.1662674643400429   0.1662674640845668   0.1662674640904655   0.1662674644210128   0.1662674643563367   0.1662674642192254   0.1662674644864283   0.1662674645058348   0.1662674642641673   0.1662674645789925   0.1662674661126066   0.1662674687239299   0.1662674663070660   0.1662674502806542   0.1662674278885428   0.1662674204243842
   0.0000000000000000   0.0000000000000000   0.0000000000000000   0.0000000000000000   0.0000000000000000   0.0000000000000000   0.0000000000000000   0.0000000000000000   0.0000000000000000   0.0000000000000000   0.0000000000000000   0.0000000000000000   0.0000000000000000   0.0000000000000000   0.1699358376406511   0.1699483655206001   0.0000000000000000   0.0000000000000000   0.0000000000000000   0.0000000000000000   0.0000000000000000   0.0000000000000000   0.0000000000000000   0.0000000000000000   0.0000000000000000   0.0000000000000000   0.0000000000000000   0.0000000000000000   0.0000000000000000   0.0000000000000000   0.0000000000000000   0.1700581966622058   0.1661512598904231   0.1662721192363544   0.1662422636744877   0.1682956730681333   0.1682154870371659   0.1661360020818344   0.1661996827117906   0.1661805825200348   0.1658546863051780   0.1729809918687437   0.0000000000000000   0.0000000000000000   0.0000000000000000   0.0000000000000000   0.0000000000000000   0.0000000000000000   0.0000000000000000   0.0000000000000000   0.0000000000000000   0.0000000000000000   0.0000000000000000   0.0000000000000000   0.0000000000000000   0.0000000000000000   0.0000000000000000   0.0000000000000000   0.0000000000000000   0.0000000000000000   0.0000000000000000   0.0000000000000000   0.0000000000000000   0.0000000000000000   0.0000000000000000   0.0000000000000000   0.0000000000000000   0.0000000000000000   0.0000000000000000   0.0000000000000000   0.0000000000000000   0.0000000000000000   0.0000000000000000   0.0000000000000000   0.0000000000000000   0.0000000000000000   0.0000000000000000   0.0000000000000000   0.0000000000000000   0.0000000000000000   0.0000000000000000   0.0000000000000000   0.0000000000000000   0.0000000000000000   0.0000000000000000   0.0000000000000000   0.0000000000000000   0.0000000000000000   0.0000000000000000   0.0000000000000000   0.0000000000000000   0.0000000000000000   0.0000000000000000   0.0000000000000000   0.0000000000000000   0.0000000000000000   0.0000000000000000   0.0000000000000000   0.0000000000000000   0.0000000000000000   0.0000000000000000   0.0000000000000000   0.0000000000000000   0.0000000000000000   0.0000000000000000   0.0000000000000000   0.0000000000000000   0.0000000000000000   0.1730642910313529   0.1659592772877798   0.1662037288490668   0.1661932238763784   0.1662462074878077   0.1662691208614818   0.1662673690167882   0.1662674699392609   0.1662674642370115   0.1662674645065743   0.1662674644963323   0.1662674644965923   0.1662674644966094   0.1662674644965965   0.1662674644966276   0.1662674644966108   0.1662674644966581   0.1662674644967471   0.1662674644967853   0.1662674644967202   0.1662674644968488   0.1662674644968479   0.1662674644965343   0.1662674644973939   0.1662674645031710   0.1662674645165830   0.1662674645274101   0.1662674645002236   0.1662674644060401   0.1662674642997788   0.1662674642806318   0.1662674642745828   0.1662674640724797   0.1662674638336719   0.1662674640206351   0.1662674643895489   0.1662674642660321   0.1662674640033733   0.1662674642775896   0.1662674645753904   0.1662674644043569   0.1662674644435581   0.1662674646019069   0.1662674642154026   0.1662674642845058   0.1662674661243073   0.1662674667176367   0.1662674438923205   0.1662673699815170   0.1662673332769864   0.1662676959310149   0.1662683000420918   0.1662685014123782
   0.0000000000000000   0.0000000000000000   0.0000000000000000   0.0000000000000000   0.0000000000000000   0.0000000000000000   0.0000000000000000   0.0000000000000000   0.0000000000000000   0.0000000000000000   0.0000000000000000   0.0000000000000000   0.0000000000000000   0.0000000000000000   0.1729007142512136   0.1714652226883839   0.0000000000000000   0.0000000000000000   0.0000000000000000   0.0000000000000000   0.0000000000000000   0.0000000000000000   0.0000000000000000   0.0000000000000000   0.0000000000000000   0.0000000000000000   0.0000000000000000   0.0000000000000000   0.0000000000000000   0.0000000000000000   0.0000000000000000   0.1716699880071297   0.1660602740982602   0.1662764632525989   0.1662462474306041   0.1661731462794425   0.1661249474688752   0.1660949613993966   0.1682656465736426   0.1683167448845382   0.1680434197311750   0.1743948129422623   0.0000000000000000   0.0000000000000000   0.0000000000000000   0.0000000000000000   0.0000000000000000   0.0000000000000000   0.0000000000000000   0.0000000000000000   0.0000000000000000   0.0000000000000000   0.0000000000000000   0.0000000000000000   0.0000000000000000   0.0000000000000000   0.0000000000000000   0.0000000000000000   0.0000000000000000   0.0000000000000000   0.0000000000000000   0.0000000000000000   0.0000000000000000   0.0000000000000000   0.0000000000000000   0.0000000000000000   0.0000000000000000   0.0000000000000000   0.0000000000000000   0.0000000000000000   0.0000000000000000   0.0000000000000000   0.0000000000000000   0.0000000000000000   0.0000000000000000   0.0000000000000000   0.0000000000000000   0.0000000000000000   0.0000000000000000   0.0000000000000000   0.0000000000000000   0.0000000000000000   0.0000000000000000   0.0000000000000000   0.0000000000000000   0.0000000000000000   0.0000000000000000   0.0000000000000000   0.0000000000000000   0.0000000000000000   0.0000000000000000   0.0000000000000000   0.0000000000000000   0.0000000000000000   0.0000000000000000   0.0000000000000000   0.0000000000000000   0.0000000000000000   0.0000000000000000   0.0000000000000000   0.0000000000000000   0.0000000000000000   0.0000000000000000   0.0000000000000000   0.0000000000000000   0.0000000000000000   0.0000000000000000   0.0000000000000000   0.1716068644897528   0.1660296999010417   0.1662813238267383   0.1662700202300624   0.1662688843087413   0.1662676623798817   0.1662674407049739   0.1662674662176377   0.1662674643853468   0.1662674645028757   0.1662674644963029   0.1662674644966066   0.1662674644966111   0.1662674644966237   0.1662674644965953   0.1662674644966291   0.1662674644967154   0.1662674644966971   0.1662674644966369   0.1662674644967033   0.1662674644966252   0.1662674644963964   0.1662674644983551   0.1662674645070540   0.1662674645236703   0.1662674645287168   0.1662674644746458   0.1662674643446204   0.1662674642286289   0.1662674642240318   0.1662674642036130   0.1662674640126233   0.1662674639517984   0.1662674643017241   0.1662674644612984   0.1662674640569180   0.1662674640578436   0.1662674645520595   0.1662674645162992   0.1662674642741264   0.1662674643619010   0.1662674641696535   0.1662674634716887   0.1662674667288714   0.1662674732776640   0.1662674484151043   0.1662673615578345   0.1662675463212596   0.1662691699457854   0.1662715812690987   0.1662674211832303   0.1662431554588566   0.1662350668845224
   0.0000000000000000   0.0000000000000000   0.0000000000000000   0.0000000000000000   0.0000000000000000   0.0000000000000000   0.0000000000000000   0.0000000000000000   0.0000000000000000   0.0000000000000000   0.0000000000000000   0.0000000000000000   0.0000000000000000   0.0000000000000000   0.1729193648616956   0.1679106849743314   0.1682041020572336   0.1700371800971471   0.0000000000000000   0.0000000000000000   0.0000000000000000   0.0000000000000000   0.0000000000000000   0.0000000000000000   0.0000000000000000   0.0000000000000000   0.0000000000000000   0.0000000000000000   0.0000000000000000   0.0000000000000000   0.1701209438920905   0.1681463787353653   0.1661567010949928   0.1662758414586755   0.1662521708417213   0.1661246602616777   0.1682265467229200   0.1682667996099712   0.1683332714272912   0.0000000000000000   0.0000000000000000   0.1722473566933483   0.0000000000000000   0.0000000000000000   0.0000000000000000   0.0000000000000000   0.0000000000000000   0.0000000000000000   0.1701772458037012   0.0000000000000000   0.0000000000000000   0.0000000000000000   0.0000000000000000   0.0000000000000000   0.0000000000000000   0.0000000000000000   0.0000000000000000   0.0000000000000000   0.0000000000000000   0.0000000000000000   0.0000000000000000   0.0000000000000000   0.0000000000000000   0.0000000000000000   0.0000000000000000   0.0000000000000000   0.0000000000000000   0.0000000000000000   0.0000000000000000   0.0000000000000000   0.0000000000000000   0.0000000000000000   0.0000000000000000   0.0000000000000000   0.0000000000000000   0.0000000000000000   0.0000000000000000   0.0000000000000000   0.0000000000000000   0.0000000000000000   0.0000000000000000   0.0000000000000000   0.0000000000000000   0.0000000000000000   0.0000000000000000   0.0000000000000000   0.0000000000000000   0.0000000000000000   0.0000000000000000   0.0000000000000000   0.0000000000000000   0.0000000000000000   0.0000000000000000   0.0000000000000000   0.0000000000000000   0.0000000000000000   0.0000000000000000   0.0000000000000000   0.0000000000000000   0.0000000000000000   0.0000000000000000   0.0000000000000000   0.0000000000000000   0.0000000000000000   0.0000000000000000   0.0000000000000000   0.0000000000000000   0.1716783559722493   0.1680728599050390   0.1661617444838824   0.1662729985919292   0.1662670440381817   0.1662674047776080   0.1662674428194241   0.1662674630669262   0.1662674647940744   0.1662674644694585   0.1662674644985346   0.1662674644963719   0.1662674644964890   0.1662674644964736   0.1662674644964648   0.1662674644964605   0.1662674644965765   0.1662674644966111   0.1662674644966564   0.1662674644969091   0.1662674644970470   0.1662674644975059   0.1662674645012827   0.1662674645131706   0.1662674645300273   0.1662674645208058   0.1662674644303201   0.1662674642717436   0.1662674641864248   0.1662674642342415   0.1662674642099330   0.1662674639912011   0.1662674639801981   0.1662674642701568   0.1662674642001229   0.1662674638972700   0.1662674642571467   0.1662674646528711   0.1662674642765820   0.1662674643107987   0.1662674644335022   0.1662674633914855   0.1662674671360356   0.1662674827101600   0.1662674924904303   0.1662672013821978   0.1662673026094213   0.1662694684725029   0.1662714787522669   0.1662479410204229   0.1661341886821448   0.1658931031796662   0.1655861682298285   0.1654838565801176
   0.0000000000000000   0.0000000000000000   0.0000000000000000   0.0000000000000000   0.0000000000000000   0.0000000000000000   0.0000000000000000   0.0000000000000000   0.0000000000000000   0.0000000000000000   0.0000000000000000   0.0000000000000000   0.0000000000000000   0.0000000000000000   0.1729842358274188   0.1658693428486241   0.1660008606708595   0.1716516882615522   0.0000000000000000   0.0000000000000000   0.0000000000000000   0.0000000000000000   0.0000000000000000   0.0000000000000000   0.0000000000000000   0.0000000000000000   0.0000000000000000   0.0000000000000000   0.0000000000000000   0.1716701635375782   0.1680705969470008   0.1661307289871006   0.1662538724904657   0.1662527652486974   0.1661230028291409   0.1681549050315385   0.1701711665125000   0.0000000000000000   0.0000000000000000   0.0000000000000000   0.0000000000000000   0.1173524916955637   0.0000000000000000   0.0000000000000000   0.1717683429721641   0.0000000000000000   0.0000000000000000   0.1701381036923492   0.1699132799206325   0.1716355586025873   0.0000000000000000   0.0000000000000000   0.0000000000000000   0.0000000000000000   0.0000000000000000   0.0000000000000000   0.0000000000000000   0.0000000000000000   0.0000000000000000   0.0000000000000000   0.0000000000000000   0.0000000000000000   0.0000000000000000   0.0000000000000000   0.0000000000000000   0.0000000000000000   0.0000000000000000   0.0000000000000000   0.0000000000000000   0.0000000000000000   0.0000000000000000   0.0000000000000000   0.0000000000000000   0.0000000000000000   0.0000000000000000   0.0000000000000000   0.0000000000000000   0.0000000000000000   0.0000000000000000   0.0000000000000000   0.0000000000000000   0.0000000000000000   0.0000000000000000   0.0000000000000000   0.0000000000000000   0.0000000000000000   0.0000000000000000   0.0000000000000000   0.0000000000000000   0.0000000000000000   0.0000000000000000   0.0000000000000000   0.0000000000000000   0.0000000000000000   0.0000000000000000   0.0000000000000000   0.0000000000000000   0.0000000000000000   0.0000000000000000   0.0000000000000000   0.0000000000000000   0.0000000000000000   0.0000000000000000   0.0000000000000000   0.0000000000000000   0.0000000000000000   0.0000000000000000   0.1716112301892712   0.1659938152283920   0.1662550492532892   0.1662689285913159   0.1662673679161726   0.1662674743406131   0.1662674655710765   0.1662674647841399   0.1662674645007040   0.1662674644934672   0.1662674644971634   0.1662674644968653   0.1662674644970838   0.1662674644972799   0.1662674644975238   0.1662674644979460   0.1662674644983745   0.1662674644987584   0.1662674644994386   0.1662674644999124   0.1662674645009888   0.1662674645061114   0.1662674645194682   0.1662674645317434   0.1662674645010639   0.1662674643781273   0.1662674642166044   0.1662674641934534   0.1662674642802227   0.1662674641461188   0.1662674638571214   0.1662674639006407   0.1662674642495698   0.1662674641311020   0.1662674640262388   0.1662674644651275   0.1662674645291458   0.1662674642609520   0.1662674645004563   0.1662674638205708   0.1662674645501537   0.1662674758502247   0.1662675163410336   0.1662671115167280   0.1662666379354558   0.1662677616177015   0.1662883733918863   0.1662343049953652   0.1660136963746801   0.1653200864986835   0.1633838344868501   0.1616924513066785   0.1622962030476928   0.1624974536284900
   0.0000000000000000   0.0000000000000000   0.0000000000000000   0.0000000000000000   0.0000000000000000   0.0000000000000000   0.0000000000000000   0.0000000000000000   0.0000000000000000   0.0000000000000000   0.0000000000000000   0.0000000000000000   0.0000000000000000   0.0000000000000000   0.1729996536871863   0.1659445904868053   0.1661762051930763   0.1681456252147434   0.1701361083857030   0.0000000000000000   0.0000000000000000   0.0000000000000000   0.0000000000000000   0.0000000000000000   0.0000000000000000   0.0000000000000000   0.0000000000000000   0.0000000000000000   0.0000000000000000   0.1730022641608905   0.1659041042908188   0.1662428438798050   0.1662003161565539   0.1661188266016438   0.1681984788270035   0.1701705047662697   0.0000000000000000   0.0000000000000000   0.0000000000000000   0.0000000000000000   0.0000000000000000   0.0000000000000000   0.0000000000000000   0.0000000000000000   0.1731835817254908   0.1681314036809788   0.1682972624352341   0.1681950742577376   0.1657130654115067   0.1729917258311725   0.0000000000000000   0.0000000000000000   0.0000000000000000   0.0000000000000000   0.0000000000000000   0.0000000000000000   0.0000000000000000   0.0000000000000000   0.0000000000000000   0.0000000000000000   0.0000000000000000   0.0000000000000000   0.0000000000000000   0.0000000000000000   0.0000000000000000   0.0000000000000000   0.0000000000000000   0.0000000000000000   0.0000000000000000   0.0000000000000000   0.0000000000000000   0.0000000000000000   0.0000000000000000   0.0000000000000000   0.0000000000000000   0.0000000000000000   0.0000000000000000   0.0000000000000000   0.0000000000000000   0.0000000000000000   0.0000000000000000   0.0000000000000000   0.0000000000000000   0.0000000000000000   0.0000000000000000   0.0000000000000000   0.0000000000000000   0.0000000000000000   0.0000000000000000   0.0000000000000000   0.0000000000000000   0.0000000000000000   0.0000000000000000   0.0000000000000000   0.0000000000000000   0.0000000000000000   0.0000000000000000   0.0000000000000000   0.0000000000000000   0.0000000000000000   0.0000000000000000   0.0000000000000000   0.0000000000000000   0.0000000000000000   0.0000000000000000   0.0000000000000000   0.1716777947843331   0.1680728512207488   0.1661629576388456   0.1662741124009550   0.1662674018426914   0.1662674509954040   0.1662674657722380   0.1662674643072909   0.1662674644817756   0.1662674644947422   0.1662674644983663   0.1662674644983877   0.1662674644985146   0.1662674644986497   0.1662674644987907   0.1662674644989397   0.1662674644990689   0.1662674644989619   0.1662674644989579   0.1662674644987146   0.1662674644986869   0.1662674645033382   0.1662674645152410   0.1662674645194050   0.1662674644640650   0.1662674643162146   0.1662674641727265   0.1662674641912050   0.1662674642479567   0.1662674639606852   0.1662674636581392   0.1662674640108098   0.1662674643348517   0.1662674641949045   0.1662674640686751   0.1662674645773158   0.1662674644531455   0.1662674643329327   0.1662674643750439   0.1662674631588185   0.1662674661463009   0.1662675201178355   0.1662673175491992   0.1662667271291717   0.1662657205039907   0.1663005438243681   0.1662674249390680   0.1660808981099168   0.1634837424943686   0.1590382284132610   0.1551709845373784   0.1526529275226245   0.1574774985521578   0.1610609869495916   0.1622554830819327
   0.0000000000000000   0.0000000000000000   0.0000000000000000   0.0000000000000000   0.0000000000000000   0.0000000000000000   0.0000000000000000   0.0000000000000000   0.0000000000000000   0.0000000000000000   0.0000000000000000   0.0000000000000000   0.0000000000000000   0.0000000000000000   0.1729984391253752   0.1659368807717312   0.1662660167047428   0.1661248788711171   0.1681614600641401   0.1701388253986662   0.0000000000000000   0.0000000000000000   0.0000000000000000   0.0000000000000000   0.0000000000000000   0.0000000000000000   0.0000000000000000   0.0000000000000000   0.0000000000000000   0.1730034957501290   0.1658823158070984   0.1661139260445157   0.1682159900163311   0.1682576740888105   0.1683116444730128   0.0000000000000000   0.0000000000000000   0.0000000000000000   0.0000000000000000   0.0000000000000000   0.0000000000000000   0.0000000000000000   0.1682966540719587   0.1682332207304155   0.1681564132398306   0.1660372291275933   0.1661017731095867   0.1660519764269771   0.1680896979667837   0.1716849139303321   0.0000000000000000   0.0000000000000000   0.0000000000000000   0.0000000000000000   0.0000000000000000   0.0000000000000000   0.0000000000000000   0.0000000000000000   0.0000000000000000   0.0000000000000000   0.0000000000000000   0.0000000000000000   0.0000000000000000   0.0000000000000000   0.0000000000000000   0.0000000000000000   0.0000000000000000   0.0000000000000000   0.0000000000000000   0.0000000000000000   0.0000000000000000   0.0000000000000000   0.0000000000000000   0.0000000000000000   0.0000000000000000   0.0000000000000000   0.0000000000000000   0.0000000000000000   0.0000000000000000   0.0000000000000000   0.0000000000000000   0.0000000000000000   0.0000000000000000   0.0000000000000000   0.0000000000000000   0.0000000000000000   0.0000000000000000   0.0000000000000000   0.0000000000000000   0.0000000000000000   0.0000000000000000   0.0000000000000000   0.0000000000000000   0.0000000000000000   0.0000000000000000   0.0000000000000000   0.0000000000000000   0.0000000000000000   0.0000000000000000   0.0000000000000000   0.0000000000000000   0.0000000000000000   0.0000000000000000   0.0000000000000000   0.0000000000000000   0.0000000000000000   0.1716426817976300   0.1659913256146493   0.1662551449829289   0.1662688742112362   0.1662673453790728   0.1662674688147350   0.1662674645098505   0.1662674644856237   0.1662674644992257   0.1662674644962192   0.1662674644959049   0.1662674644957198   0.1662674644955499   0.1662674644953270   0.1662674644950776   0.1662674644948166   0.1662674644943446   0.1662674644937949   0.1662674644933320   0.1662674644929248   0.1662674644969611   0.1662674645082668   0.1662674645062603   0.1662674644341929   0.1662674642742777   0.1662674641724828   0.1662674642348107   0.1662674642233630   0.1662674639100027   0.1662674637429745   0.1662674643570365   0.1662674645757259   0.1662674639556721   0.1662674643155791   0.1662674644803301   0.1662674645155210   0.1662674642645592   0.1662674637678023   0.1662674635639019   0.1662674793735148   0.1662675244995519   0.1662670926296227   0.1662641068126683   0.1662872123918183   0.1662925414885705   0.1662686205785371   0.1629477738724986   0.1562936150958716   0.1409075084547629   0.1399659025548020   0.1421233183494857   0.1449976446094097   0.1500853138292864   0.1587632916821864   0.1616559509664748
   0.0000000000000000   0.0000000000000000   0.0000000000000000   0.0000000000000000   0.0000000000000000   0.0000000000000000   0.0000000000000000   0.0000000000000000   0.0000000000000000   0.0000000000000000   0.0000000000000000   0.0000000000000000   0.0000000000000000   0.0000000000000000   0.1730196179499198   0.1659512591831132   0.1662876689056670   0.1662307152389082   0.1660536808315776   0.1680306117821664   0.1717008140492783   0.0000000000000000   0.0000000000000000   0.0000000000000000   0.0000000000000000   0.0000000000000000   0.0000000000000000   0.0000000000000000   0.0000000000000000   0.1716584345982782   0.1679732828797877   0.1680841763532894   0.1701803035842345   0.0000000000000000   0.0000000000000000   0.0000000000000000   0.0000000000000000   0.0000000000000000   0.0000000000000000   0.0000000000000000   0.0000000000000000   0.1716905783212894   0.1680795188114615   0.1661003879872234   0.1662065065250799   0.1661553503550516   0.1682532805132021   0.1682706776267503   0.1682944647622421   0.0000000000000000   0.0000000000000000   0.0000000000000000   0.0000000000000000   0.1717365216628713   0.0000000000000000   0.0000000000000000   0.0000000000000000   0.0000000000000000   0.0000000000000000   0.0000000000000000   0.0000000000000000   0.0000000000000000   0.0000000000000000   0.0000000000000000   0.0000000000000000   0.0000000000000000   0.0000000000000000   0.0000000000000000   0.0000000000000000   0.0000000000000000   0.0000000000000000   0.0000000000000000   0.0000000000000000   0.0000000000000000   0.0000000000000000   0.0000000000000000   0.0000000000000000   0.0000000000000000   0.0000000000000000   0.0000000000000000   0.0000000000000000   0.0000000000000000   0.0000000000000000   0.0000000000000000   0.0000000000000000   0.0000000000000000   0.0000000000000000   0.0000000000000000   0.0000000000000000   0.0000000000000000   0.0000000000000000   0.0000000000000000   0.0000000000000000   0.0000000000000000   0.0000000000000000   0.0000000000000000   0.0000000000000000   0.0000000000000000   0.0000000000000000   0.0000000000000000   0.0000000000000000   0.0000000000000000   0.0000000000000000   0.0000000000000000   0.1683120822477033   0.1682487885517747   0.1682136882430501   0.1661565140739980   0.1662744074007747   0.1662673904494739   0.1662674528183030   0.1662674661603127   0.1662674643976048   0.1662674644981295   0.1662674644951833   0.1662674644949641   0.1662674644947514   0.1662674644944325   0.1662674644939775   0.1662674644934047   0.1662674644927160   0.1662674644917167   0.1662674644903062   0.1662674644886495   0.1662674644866834   0.1662674644874942   0.1662674644952014   0.1662674644888330   0.1662674644076352   0.1662674642425165   0.1662674641709437   0.1662674642723217   0.1662674641542678   0.1662674638087854   0.1662674639051693   0.1662674643968914   0.1662674644792179   0.1662674637676383   0.1662674643661852   0.1662674649656495   0.1662674640672312   0.1662674647615887   0.1662674632116987   0.1662674637108919   0.1662675234837419   0.1662673856136122   0.1662662880767405   0.1662658863673159   0.1663072590485586   0.1664121876846046   0.1643342065599386   0.1573107335641097   0.1325116252833720   0.1244941703764019   0.1231428083264605   0.1249582202466586   0.1278131718907670   0.1321760891919063   0.1387952469935944   0.1543156666827419   0.1594891399123827
   0.0000000000000000   0.0000000000000000   0.0000000000000000   0.0000000000000000   0.0000000000000000   0.0000000000000000   0.0000000000000000   0.0000000000000000   0.0000000000000000   0.0000000000000000   0.0000000000000000   0.0000000000000000   0.0000000000000000   0.0000000000000000   0.1716091241009721   0.1660333412569512   0.1662626882701699   0.1661251746496369   0.1681872314524664   0.1681414050656706   0.1700151545992355   0.0000000000000000   0.0000000000000000   0.0000000000000000   0.0000000000000000   0.0000000000000000   0.0000000000000000   0.0000000000000000   0.0000000000000000   0.0000000000000000   0.1715010388633418   0.1699043554824299   0.0000000000000000   0.0000000000000000   0.0000000000000000   0.0000000000000000   0.0000000000000000   0.0000000000000000   0.0000000000000000   0.0000000000000000   0.0000000000000000   0.1716722140789175   0.1680595776238042   0.1661562769125162   0.1662817769185024   0.1661241801370135   0.1701178557085264   0.0000000000000000   0.0000000000000000   0.0000000000000000   0.0000000000000000   0.0000000000000000   0.0000000000000000   0.1730422626266869   0.1715401758887183   0.0000000000000000   0.0000000000000000   0.0000000000000000   0.0000000000000000   0.0000000000000000   0.0000000000000000   0.0000000000000000   0.0000000000000000   0.0000000000000000   0.0000000000000000   0.0000000000000000   0.0000000000000000   0.0000000000000000   0.0000000000000000   0.0000000000000000   0.0000000000000000   0.0000000000000000   0.0000000000000000   0.0000000000000000   0.0000000000000000   0.0000000000000000   0.0000000000000000   0.0000000000000000   0.0000000000000000   0.0000000000000000   0.0000000000000000   0.0000000000000000   0.0000000000000000   0.0000000000000000   0.0000000000000000   0.0000000000000000   0.0000000000000000   0.0000000000000000   0.0000000000000000   0.0000000000000000   0.0000000000000000   0.0000000000000000   0.0000000000000000   0.0000000000000000   0.0000000000000000   0.0000000000000000   0.0000000000000000   0.0000000000000000   0.0000000000000000   0.0000000000000000   0.0000000000000000   0.0000000000000000   0.0000000000000000   0.1701717230282117   0.1681996634650778   0.1661189317212160   0.1661976077619787   0.1662468197581076   0.1662692309353849   0.1662673295228977   0.1662674694605435   0.1662674644471254   0.1662674644748373   0.1662674644921786   0.1662674644897982   0.1662674644889570   0.1662674644878378   0.1662674644865028   0.1662674644848356   0.1662674644828769   0.1662674644804717   0.1662674644774963   0.1662674644739837   0.1662674644699634   0.1662674644676019   0.1662674644717748   0.1662674644672651   0.1662674643930063   0.1662674642311501   0.1662674641695308   0.1662674642976819   0.1662674641409403   0.1662674637227205   0.1662674641230077   0.1662674645645363   0.1662674641408816   0.1662674641623656   0.1662674644351171   0.1662674649961936   0.1662674642560966   0.1662674641161394   0.1662674637324070   0.1662674669346179   0.1662675489838178   0.1662672450910543   0.1662633924239452   0.1662840689777165   0.1663331555489619   0.1661684129440951   0.1607203937570052   0.1378477393633585   0.1149362649192304   0.1087032652142444   0.1072534942861606   0.1060853345879507   0.1048501727866919   0.1017525488087895   0.0948566496271809   0.0491822947547382   0.0000000000000000   0.0000000000000000
   0.0000000000000000   0.0000000000000000   0.0000000000000000   0.0000000000000000   0.0000000000000000   0.0000000000000000   0.0000000000000000   0.0000000000000000   0.0000000000000000   0.0000000000000000   0.0000000000000000   0.0000000000000000   0.0000000000000000   0.1716584055492881   0.1680272271845445   0.1661200604644683   0.1661311898484224   0.1681246036993130   0.1701555861059733   0.0000000000000000   0.0000000000000000   0.0000000000000000   0.0000000000000000   0.0000000000000000   0.0000000000000000   0.0000000000000000   0.0000000000000000   0.0000000000000000   0.0000000000000000   0.0000000000000000   0.1729597536544248   0.1678049056862779   0.1716809469733920   0.0000000000000000   0.0000000000000000   0.0000000000000000   0.0000000000000000   0.0000000000000000   0.0000000000000000   0.0000000000000000   0.0000000000000000   0.0000000000000000   0.1701228814435041   0.1661287199124575   0.1662808834333454   0.1661787778530225   0.1681068446348981   0.1716925659570627   0.0000000000000000   0.0000000000000000   0.0000000000000000   0.0000000000000000   0.1716505406088049   0.1677281268857375   0.1729322861413531   0.0000000000000000   0.0000000000000000   0.0000000000000000   0.0000000000000000   0.0000000000000000   0.0000000000000000   0.0000000000000000   0.0000000000000000   0.0000000000000000   0.0000000000000000   0.0000000000000000   0.0000000000000000   0.0000000000000000   0.0000000000000000   0.0000000000000000   0.0000000000000000   0.0000000000000000   0.0000000000000000   0.0000000000000000   0.0000000000000000   0.0000000000000000   0.0000000000000000   0.0000000000000000   0.0000000000000000   0.0000000000000000   0.0000000000000000   0.0000000000000000   0.0000000000000000   0.0000000000000000   0.0000000000000000   0.0000000000000000   0.0000000000000000   0.0000000000000000   0.0000000000000000   0.0000000000000000   0.0000000000000000   0.0000000000000000   0.0000000000000000   0.0000000000000000   0.0000000000000000   0.0000000000000000   0.0000000000000000   0.0000000000000000   0.0000000000000000   0.0000000000000000   0.0000000000000000   0.0000000000000000   0.1701372080778842   0.1681576021565349   0.1661229838114922   0.1662510599871610   0.1662718021049495   0.1662687599738795   0.1662676557018966   0.1662674404252467   0.1662674667341122   0.1662674643627969   0.1662674644900538   0.1662674644844700   0.1662674644831029   0.1662674644815661   0.1662674644797272   0.1662674644775286   0.1662674644749473   0.1662674644719133   0.1662674644682024   0.1662674644637699   0.1662674644584001   0.1662674644534652   0.1662674644539616   0.1662674644526698   0.1662674643952854   0.1662674642422500   0.1662674641552584   0.1662674642780821   0.1662674641386057   0.1662674636665570   0.1662674640931480   0.1662674647403739   0.1662674638031027   0.1662674642415448   0.1662674650613351   0.1662674643001124   0.1662674648263151   0.1662674636809345   0.1662674627023465   0.1662674947851757   0.1662674868518537   0.1662670124884031   0.1662621767339805   0.1663034309135658   0.1664852418706738   0.1643668230546060   0.1538956792817452   0.1126213883037343   0.0989452197913588   0.0931246486630033   0.0883511824616327   0.0826064349967815   0.0735311753238518   0.0589729999638850   0.0357212182504588   0.0000000000000000   0.0000000000000000   0.0000000000000000   0.0000000000000000
   0.0000000000000000   0.0000000000000000   0.0000000000000000   0.0000000000000000   0.0000000000000000   0.0000000000000000   0.0000000000000000   0.0000000000000000   0.0000000000000000   0.0000000000000000   0.0000000000000000   0.0000000000000000   0.0000000000000000   0.1716731375038757   0.1680648088616402   0.1660621356655034   0.1681866761715718   0.1701663267736321   0.0000000000000000   0.0000000000000000   0.0000000000000000   0.0000000000000000   0.0000000000000000   0.0000000000000000   0.0000000000000000   0.0000000000000000   0.0000000000000000   0.0000000000000000   0.0000000000000000   0.0000000000000000   0.1729755106607081   0.1655212871713009   0.1730151631097553   0.0000000000000000   0.0000000000000000   0.0000000000000000   0.0000000000000000   0.0000000000000000   0.0000000000000000   0.0000000000000000   0.1682769775047282   0.1682024203524635   0.1681577530818787   0.1660716787216578   0.1662015316930688   0.1662345383614381   0.1659955050494590   0.1716111848707783   0.0000000000000000   0.0000000000000000   0.0000000000000000   0.0000000000000000   0.1730123076102561   0.1655772939410567   0.1730138097881123   0.0000000000000000   0.0000000000000000   0.0000000000000000   0.0000000000000000   0.0000000000000000   0.0000000000000000   0.0000000000000000   0.0000000000000000   0.0000000000000000   0.0000000000000000   0.0000000000000000   0.0000000000000000   0.0000000000000000   0.0000000000000000   0.0000000000000000   0.0000000000000000   0.0000000000000000   0.0000000000000000   0.0000000000000000   0.0000000000000000   0.0000000000000000   0.0000000000000000   0.0000000000000000   0.0000000000000000   0.0000000000000000   0.0000000000000000   0.0000000000000000   0.0000000000000000   0.0000000000000000   0.0000000000000000   0.0000000000000000   0.0000000000000000   0.0000000000000000   0.0000000000000000   0.0000000000000000   0.0000000000000000   0.0000000000000000   0.0000000000000000   0.0000000000000000   0.0000000000000000   0.0000000000000000   0.0000000000000000   0.0000000000000000   0.0000000000000000   0.0000000000000000   0.0000000000000000   0.1716700702748981   0.1680700120751006   0.1661294548256953   0.1662505600424106   0.1662700992006240   0.1662674814141800   0.1662673731240322   0.1662674454716984   0.1662674630651538   0.1662674647695481   0.1662674644470267   0.1662674644814487   0.1662674644775923   0.1662674644762157   0.1662674644744770   0.1662674644722084   0.1662674644691552   0.1662674644651701   0.1662674644601858   0.1662674644541591   0.1662674644473431   0.1662674644399523   0.1662674644366495   0.1662674644381223   0.1662674644037621   0.1662674642732555   0.1662674641514073   0.1662674642347494   0.1662674641882741   0.1662674637468483   0.1662674640939854   0.1662674648952840   0.1662674640874062   0.1662674640598399   0.1662674655101437   0.1662674639947573   0.1662674644536782   0.1662674639105717   0.1662674608373404   0.1662675264898442   0.1662674297796775   0.1662650856352753   0.1662712656060820   0.1663078800497077   0.1665262974374601   0.1618478802236868   0.1353774160144099   0.0988757383997606   0.0862050219684837   0.0804543643677424   0.0745744467608454   0.0667327021393133   0.0566101919188351   0.0426966734146885   0.0237344181068836   0.0037321497520976   0.0000000000000000   0.0000000000000000   0.0000000000000000   0.0000000000000000
   0.0000000000000000   0.0000000000000000   0.0000000000000000   0.0000000000000000   0.0000000000000000   0.0000000000000000   0.0000000000000000   0.0000000000000000   0.0000000000000000   0.0000000000000000   0.0000000000000000   0.0000000000000000   0.0000000000000000   0.0000000000000000   0.1701254871176275   0.1659808005584446   0.1701035151286372   0.0000000000000000   0.0000000000000000   0.0000000000000000   0.0000000000000000   0.0000000000000000   0.0000000000000000   0.0000000000000000   0.0000000000000000   0.0000000000000000   0.0000000000000000   0.0000000000000000   0.0000000000000000   0.0000000000000000   0.1729388735920375   0.1677911235049334   0.1716821406323927   0.0000000000000000   0.0000000000000000   0.0000000000000000   0.0000000000000000   0.0000000000000000   0.0000000000000000   0.1716786237531585   0.1679496683743321   0.1680673696765469   0.1682212605035061   0.1682689303353903   0.1682232927130674   0.1661268923029703   0.1661479619886655   0.1680630213102136   0.1716558920173051   0.0000000000000000   0.0000000000000000   0.0000000000000000   0.1730274624060695   0.1657083735185538   0.1716509618830789   0.0000000000000000   0.0000000000000000   0.0000000000000000   0.0000000000000000   0.0000000000000000   0.0000000000000000   0.0000000000000000   0.0000000000000000   0.0000000000000000   0.0000000000000000   0.0000000000000000   0.0000000000000000   0.0000000000000000   0.0000000000000000   0.0000000000000000   0.0000000000000000   0.0000000000000000   0.0000000000000000   0.0000000000000000   0.0000000000000000   0.0000000000000000   0.0000000000000000   0.0000000000000000   0.0000000000000000   0.0000000000000000   0.0000000000000000   0.0000000000000000   0.0000000000000000   0.0000000000000000   0.0000000000000000   0.0000000000000000   0.0000000000000000   0.0000000000000000   0.0000000000000000   0.0000000000000000   0.0000000000000000   0.0000000000000000   0.0000000000000000   0.0000000000000000   0.0000000000000000   0.0000000000000000   0.0000000000000000   0.0000000000000000   0.0000000000000000   0.0000000000000000   0.0000000000000000   0.1730014897023124   0.1658994182216336   0.1662611112401530   0.1662696159274755   0.1662675665512460   0.1662674286898922   0.1662674677425455   0.1662674660739725   0.1662674647177463   0.1662674644835825   0.1662674644735566   0.1662674644751191   0.1662674644718408   0.1662674644679213   0.1662674644628163   0.1662674644572481   0.1662674644520913   0.1662674644478774   0.1662674644440683   0.1662674644396578   0.1662674644336758   0.1662674644277974   0.1662674644295919   0.1662674644165503   0.1662674643204140   0.1662674641752087   0.1662674641842569   0.1662674642154326   0.1662674638750092   0.1662674639689341   0.1662674647509246   0.1662674641266808   0.1662674637687691   0.1662674650475097   0.1662674642756908   0.1662674640289762   0.1662674639027037   0.1662674597145234   0.1662675491096910   0.1662674368057124   0.1662627002219055   0.1662842552160709   0.1664160455053911   0.1655835007118878   0.1583984443103232   0.1115952711302895   0.0872701061903046   0.0774190523395314   0.0708375474736350   0.0640572571418096   0.0561575067634461   0.0462488929557405   0.0332837196283185   0.0179970898551745   0.0029908684753676   0.0000000000000000   0.0000000000000000   0.0000000000000000   0.0000000000000000   0.0000000000000000
   0.0000000000000000   0.0000000000000000   0.0000000000000000   0.0000000000000000   0.0000000000000000   0.0000000000000000   0.0000000000000000   0.0000000000000000   0.0000000000000000   0.0000000000000000   0.0000000000000000   0.0000000000000000   0.1700149455892354   0.1681624932543735   0.1682350713657086   0.1660846478454231   0.1681111829857957   0.1716924071763062   0.0000000000000000   0.0000000000000000   0.0000000000000000   0.0000000000000000   0.0000000000000000   0.0000000000000000   0.0000000000000000   0.0000000000000000   0.0000000000000000   0.0000000000000000   0.0000000000000000   0.0000000000000000   0.1729011326388958   0.1698118460762678   0.0000000000000000   0.0000000000000000   0.0000000000000000   0.0000000000000000   0.0000000000000000   0.0000000000000000   0.0000000000000000   0.1715843936861882   0.1697616983039678   0.1700623811033284   0.0000000000000000   0.0000000000000000   0.1701907446510795   0.1681994694708747   0.1661091849079766   0.1658418375809930   0.1730075103547401   0.0000000000000000   0.0000000000000000   0.0000000000000000   0.1716259952814936   0.1659150569100050   0.1682235598715447   0.1682484019562626   0.1683118808560304   0.0000000000000000   0.0000000000000000   0.0000000000000000   0.0000000000000000   0.0000000000000000   0.0000000000000000   0.0000000000000000   0.0000000000000000   0.0000000000000000   0.0000000000000000   0.0000000000000000   0.0000000000000000   0.0000000000000000   0.0000000000000000   0.0000000000000000   0.0000000000000000   0.0000000000000000   0.0000000000000000   0.0000000000000000   0.0000000000000000   0.1683359439109945   0.1661658869059457   0.1683189656479723   0.0000000000000000   0.0000000000000000   0.0000000000000000   0.0000000000000000   0.0000000000000000   0.0000000000000000   0.0000000000000000   0.0000000000000000   0.0000000000000000   0.0000000000000000   0.0000000000000000   0.0000000000000000   0.0000000000000000   0.0000000000000000   0.0000000000000000   0.0000000000000000   0.0000000000000000   0.0000000000000000   0.0000000000000000   0.0000000000000000   0.0000000000000000   0.1730199235634647   0.1659522694250829   0.1662832703004271   0.1662669540682696   0.1662674540928469   0.1662674640102296   0.1662674648575286   0.1662674643812681   0.1662674644511472   0.1662674644710340   0.1662674644711484   0.1662674644677896   0.1662674644644059   0.1662674644622434   0.1662674644618364   0.1662674644617700   0.1662674644594388   0.1662674644530746   0.1662674644432382   0.1662674644325360   0.1662674644226436   0.1662674644209350   0.1662674644253787   0.1662674643709060   0.1662674642292452   0.1662674641589302   0.1662674641982824   0.1662674640207902   0.1662674638979664   0.1662674645229204   0.1662674643623259   0.1662674637426135   0.1662674648878255   0.1662674644802273   0.1662674638200162   0.1662674633703059   0.1662674628819597   0.1662675614733369   0.1662674550429793   0.1662608423559998   0.1662921135932532   0.1665632625169450   0.1640103414221358   0.1465172984479510   0.0973191367914426   0.0786107880367996   0.0709731834474154   0.0643797362820557   0.0571567601328023   0.0492077458603154   0.0396683076621036   0.0284240421020274   0.0151495827046105   0.0023541301292777   0.0000000000000000   0.0000000000000000   0.0000000000000000   0.0000000000000000   0.0000000000000000   0.0000000000000000
   0.0000000000000000   0.0000000000000000   0.0000000000000000   0.0000000000000000   0.0000000000000000   0.0000000000000000   0.0000000000000000   0.0000000000000000   0.0000000000000000   0.0000000000000000   0.0000000000000000   0.0000000000000000   0.1717006436371418   0.1680293406236883   0.1660518039397738   0.1662144287256573   0.1659945890310345   0.1716243311968774   0.0000000000000000   0.0000000000000000   0.0000000000000000   0.0000000000000000   0.0000000000000000   0.0000000000000000   0.0000000000000000   0.0000000000000000   0.0000000000000000   0.0000000000000000   0.0000000000000000   0.0000000000000000   0.1729578940545248   0.1678172414221318   0.1717031080332276   0.0000000000000000   0.0000000000000000   0.0000000000000000   0.0000000000000000   0.0000000000000000   0.0000000000000000   0.0000000000000000   0.1756831369432500   0.0000000000000000   0.0000000000000000   0.0000000000000000   0.0000000000000000   0.1683116313549287   0.1682771858438065   0.1680300357428749   0.1715676665329660   0.0000000000000000   0.0000000000000000   0.1701553557442978   0.1681472094953755   0.1661375624445406   0.1662034894308290   0.1661187070619694   0.1681985264930574   0.1701908776454078   0.0000000000000000   0.0000000000000000   0.0000000000000000   0.0000000000000000   0.0000000000000000   0.0000000000000000   0.0000000000000000   0.0000000000000000   0.0000000000000000   0.0000000000000000   0.0000000000000000   0.0000000000000000   0.0000000000000000   0.0000000000000000   0.0000000000000000   0.0000000000000000   0.0000000000000000   0.0000000000000000   0.1701901032665464   0.1682223238125119   0.1661240758688266   0.1681501583811041   0.1717094975201517   0.0000000000000000   0.0000000000000000   0.0000000000000000   0.0000000000000000   0.0000000000000000   0.0000000000000000   0.0000000000000000   0.0000000000000000   0.0000000000000000   0.0000000000000000   0.0000000000000000   0.0000000000000000   0.0000000000000000   0.0000000000000000   0.0000000000000000   0.0000000000000000   0.0000000000000000   0.0000000000000000   0.0000000000000000   0.0000000000000000   0.1716081724204696   0.1660295950177736   0.1662784759302828   0.1662669252008757   0.1662674885616884   0.1662674638310476   0.1662674645021234   0.1662674644737439   0.1662674644767703   0.1662674644725773   0.1662674644696947   0.1662674644681572   0.1662674644679178   0.1662674644664479   0.1662674644609178   0.1662674644516929   0.1662674644430893   0.1662674644385947   0.1662674644364088   0.1662674644315329   0.1662674644235466   0.1662674644273273   0.1662674644105319   0.1662674642899131   0.1662674641662449   0.1662674641557071   0.1662674640951528   0.1662674639582430   0.1662674642157202   0.1662674645614928   0.1662674639450458   0.1662674646386832   0.1662674650946391   0.1662674638961476   0.1662674630336986   0.1662674744703912   0.1662675539499477   0.1662672000580147   0.1662603269424115   0.1662956138124542   0.1666873449061290   0.1626350326539907   0.1294901090177194   0.0851682029586171   0.0710900689124072   0.0653203488333765   0.0597774513794626   0.0528424048492268   0.0453304415983802   0.0362181454398041   0.0254907115658462   0.0114877907913724   0.0017654134700623   0.0000000000000000   0.0000000000000000   0.0000000000000000   0.0000000000000000   0.0000000000000000   0.0000000000000000   0.0000000000000000
   0.0000000000000000   0.0000000000000000   0.0000000000000000   0.0000000000000000   0.0000000000000000   0.0000000000000000   0.0000000000000000   0.0000000000000000   0.0000000000000000   0.0000000000000000   0.0000000000000000   0.0000000000000000   0.0000000000000000   0.1701386231047047   0.1681844486067119   0.1661826425311726   0.1661639528964154   0.1681456747185636   0.1701551662951507   0.0000000000000000   0.0000000000000000   0.0000000000000000   0.0000000000000000   0.0000000000000000   0.0000000000000000   0.0000000000000000   0.0000000000000000   0.0000000000000000   0.0000000000000000   0.0000000000000000   0.1716117373462207   0.1657431964276963   0.1716443244874411   0.0000000000000000   0.0000000000000000   0.0000000000000000   0.0000000000000000   0.0000000000000000   0.0000000000000000   0.0000000000000000   0.1731892562653894   0.0000000000000000   0.0000000000000000   0.0000000000000000   0.0000000000000000   0.0000000000000000   0.0000000000000000   0.1700413351481044   0.1680796550907276   0.1682769211606333   0.1682898239071014   0.1682232147031218   0.1661218180076593   0.1662511972266293   0.1662734742078041   0.1662510620676267   0.1661202622617044   0.1682229600384962   0.1682653901455063   0.1683330067905626   0.0000000000000000   0.0000000000000000   0.0000000000000000   0.0000000000000000   0.0000000000000000   0.0000000000000000   0.0000000000000000   0.0000000000000000   0.0000000000000000   0.0000000000000000   0.0000000000000000   0.0000000000000000   0.0000000000000000   0.0000000000000000   0.1683116810255428   0.1682663618214422   0.1682226554044269   0.1661199465630634   0.1662340114276409   0.1659912211622449   0.1716237612951380   0.0000000000000000   0.0000000000000000   0.0000000000000000   0.0000000000000000   0.0000000000000000   0.0000000000000000   0.0000000000000000   0.0000000000000000   0.0000000000000000   0.0000000000000000   0.0000000000000000   0.0000000000000000   0.0000000000000000   0.0000000000000000   0.0000000000000000   0.0000000000000000   0.0000000000000000   0.0000000000000000   0.0000000000000000   0.1716555434954892   0.1680592813217688   0.1661632102939805   0.1662730132925650   0.1662671794484366   0.1662674792101652   0.1662674637475287   0.1662674645113769   0.1662674644757583   0.1662674644734853   0.1662674644705295   0.1662674644687086   0.1662674644659830   0.1662674644592594   0.1662674644489060   0.1662674644404694   0.1662674644364733   0.1662674644321498   0.1662674644222934   0.1662674644098346   0.1662674644010212   0.1662674644064187   0.1662674644318790   0.1662674643837806   0.1662674642569192   0.1662674642636914   0.1662674642862940   0.1662674642892876   0.1662674643509787   0.1662674645765197   0.1662674643353459   0.1662674635485155   0.1662674635003555   0.1662674610822443   0.1662674576618023   0.1662674829742496   0.1662675527533968   0.1662663266727594   0.1662630989097576   0.1663117306317877   0.1666865392383222   0.1614246978340984   0.1121044684513798   0.0751099847869606   0.0645070220266827   0.0593828069334677   0.0551182984472136   0.0502460260976072   0.0428718488805252   0.0345821605930961   0.0211839902126251   0.0073265848881075   0.0010797104818576   0.0000000000000000   0.0000000000000000   0.0000000000000000   0.0000000000000000   0.0000000000000000   0.0000000000000000   0.0000000000000000   0.0000000000000000
   0.0000000000000000   0.0000000000000000   0.0000000000000000   0.0000000000000000   0.0000000000000000   0.0000000000000000   0.0000000000000000   0.0000000000000000   0.0000000000000000   0.0000000000000000   0.0000000000000000   0.0000000000000000   0.0000000000000000   0.0000000000000000   0.1701139429535544   0.1661249297153271   0.1662557382479258   0.1661213805680494   0.1682223882389354   0.1683138224941700   0.1661896092818835   0.1683564462823600   0.0000000000000000   0.0000000000000000   0.0000000000000000   0.0000000000000000   0.0000000000000000   0.0000000000000000   0.0000000000000000   0.1701360000573778   0.1681555313355036   0.1660054439198847   0.1685928006732613   0.1681614669173828   0.0000000000000000   0.0000000000000000   0.0000000000000000   0.0000000000000000   0.0000000000000000   0.0000000000000000   0.0000000000000000   0.0000000000000000   0.0000000000000000   0.1702316217046880   0.0000000000000000   0.0000000000000000   0.1701724785565509   0.1681601424558906   0.1661017792134903   0.1661729910348220   0.1661682012258685   0.1661957380930478   0.1662479296675217   0.1662701643700613   0.1662675890233587   0.1662701891683045   0.1662479090783247   0.1661977141946743   0.1661156023770431   0.1682638984794725   0.1683336017178424   0.1662417629169442   0.1662680437363005   0.1662690723858575   0.1662151153662443   0.1683558792147996   0.0000000000000000   0.0000000000000000   0.0000000000000000   0.0000000000000000   0.0000000000000000   0.0000000000000000   0.0000000000000000   0.1701904136513208   0.1681983576114479   0.1661184303529240   0.1661976056293254   0.1662479446548216   0.1662772367427119   0.1661596194289001   0.1681458151700548   0.1701562148730526   0.0000000000000000   0.0000000000000000   0.0000000000000000   0.0000000000000000   0.0000000000000000   0.0000000000000000   0.0000000000000000   0.0000000000000000   0.0000000000000000   0.0000000000000000   0.0000000000000000   0.0000000000000000   0.0000000000000000   0.0000000000000000   0.0000000000000000   0.0000000000000000   0.0000000000000000   0.0000000000000000   0.1730018182119851   0.1658994746437095   0.1662601144969382   0.1662686681306679   0.1662673748471653   0.1662674699526884   0.1662674640983937   0.1662674644400269   0.1662674644285817   0.1662674644420268   0.1662674644599526   0.1662674644808752   0.1662674645036637   0.1662674645334855   0.1662674645755732   0.1662674646251656   0.1662674646728260   0.1662674647174333   0.1662674647578755   0.1662674647786070   0.1662674647518126   0.1662674646634054   0.1662674644434541   0.1662674638911911   0.1662674631143845   0.1662674621545371   0.1662674607490268   0.1662674593586931   0.1662674583318628   0.1662674589104706   0.1662674621108351   0.1662674710630838   0.1662674876270630   0.1662675078398764   0.1662675597588091   0.1662676308260539   0.1662652796418021   0.1662664231676159   0.1663673076468984   0.1663202908308458   0.1591299983717855   0.0968373567156700   0.0679716591010400   0.0598513510927702   0.0548562271523325   0.0501231988525113   0.0451001387062344   0.0386882265774527   0.0315537446221022   0.0131760916137556   0.0037625507429154   0.0009325417429612   0.0001614785341585   0.0000000000000000   0.0000000000000000   0.0000000000000000   0.0000000000000000   0.0000000000000000   0.0000000000000000   0.0000000000000000   0.0000000000000000
   0.0000000000000000   0.0000000000000000   0.0000000000000000   0.0000000000000000   0.0000000000000000   0.0000000000000000   0.0000000000000000   0.0000000000000000   0.0000000000000000   0.0000000000000000   0.0000000000000000   0.0000000000000000   0.0000000000000000   0.1701522160303077   0.1681807601889316   0.1661745037944111   0.1662745695283841   0.1662477905238927   0.1661947739749171   0.1661950631030439   0.1661673229007537   0.1682863127995428   0.1683327507980912   0.1662434041043065   0.1662157384018099   0.1683561208184249   0.0000000000000000   0.0000000000000000   0.1701715398693324   0.1681561947681751   0.1661332512037128   0.1660882182004424   0.1689134531123169   0.1239885151539859   0.0000000000000000   0.0000000000000000   0.0000000000000000   0.0000000000000000   0.0000000000000000   0.0000000000000000   0.0000000000000000   0.1683342923461246   0.1682208768281156   0.1701111338045646   0.1682448534665053   0.1682902895801257   0.1682226376225411   0.1661217122152109   0.1662523504878659   0.1662735595963938   0.1662719336390845   0.1662707033205217   0.1662687742635962   0.1662676145459396   0.1662673837501991   0.1662676158385468   0.1662687149751381   0.1662719161655924   0.1662482682106798   0.1661936248747795   0.1661911544744564   0.1662433595598767   0.1662682653816326   0.1662702800867946   0.1661912742987151   0.1682854919300166   0.1683328286233740   0.1662417719593888   0.1662680986808139   0.1662674235560148   0.1662680921121458   0.1662420239207739   0.1683119753189130   0.1682210320548831   0.1661203517780547   0.1662511833917379   0.1662717892212710   0.1662685803937639   0.1662692365193979   0.1662498083813090   0.1661213975589453   0.1682271169563867   0.1682089766548228   0.1700372696367283   0.0000000000000000   0.0000000000000000   0.0000000000000000   0.0000000000000000   0.0000000000000000   0.0000000000000000   0.0000000000000000   0.0000000000000000   0.0000000000000000   0.0000000000000000   0.0000000000000000   0.1701767799492121   0.0000000000000000   0.0000000000000000   0.0000000000000000   0.0000000000000000   0.1730194686470033   0.1659519565718985   0.1662833450932840   0.1662669911751206   0.1662674712985859   0.1662674663837393   0.1662674655976701   0.1662674654924000   0.1662674652474761   0.1662674649362991   0.1662674645365070   0.1662674640346509   0.1662674634218522   0.1662674626837984   0.1662674617997445   0.1662674607656762   0.1662674596108007   0.1662674583976621   0.1662674572492302   0.1662674564112331   0.1662674563064782   0.1662674576152226   0.1662674612281597   0.1662674683929774   0.1662674809816056   0.1662674999077201   0.1662675248922675   0.1662675524982023   0.1662675707397303   0.1662675531571229   0.1662674470818586   0.1662671593079583   0.1662665280636296   0.1662653144966088   0.1662632972168971   0.1662568867089758   0.1662542902419326   0.1664158610371430   0.1657466855773475   0.1535022942108796   0.0868406847936362   0.0624701190771742   0.0555724137235070   0.0504928455363276   0.0446833411323877   0.0371053021559256   0.0270656679583546   0.0134381679165585   0.0000000000000000   0.0000000000000000   0.0000000000000000   0.0000000000000000   0.0000000000000000   0.0000000000000000   0.0000000000000000   0.0000000000000000   0.0000000000000000   0.0000000000000000   0.0000000000000000   0.0000000000000000   0.0000000000000000
   0.0000000000000000   0.0000000000000000   0.0000000000000000   0.0000000000000000   0.0000000000000000   0.0000000000000000   0.0000000000000000   0.0000000000000000   0.0000000000000000   0.0000000000000000   0.0000000000000000   0.0000000000000000   0.1701522869065470   0.1681570232585174   0.1661231317089675   0.1662489357626736   0.1662691422784916   0.1662687014207823   0.1662703802530340   0.1662720005940537   0.1662467069177584   0.1661924379537432   0.1661908052096529   0.1662462268750447   0.1661921546327887   0.1682862510663857   0.1683102117346821   0.1682893223705080   0.1682227625586465   0.1661210516233239   0.1662616721438291   0.1660300644863252   0.1719198816829781   0.0000000000000000   0.0000000000000000   0.0000000000000000   0.0000000000000000   0.0000000000000000   0.0000000000000000   0.1683327697515005   0.1682870330693723   0.1682667970760854   0.1660940010238693   0.1661251197802061   0.1661466709800919   0.1661692875518355   0.1661957183022063   0.1662479280877791   0.1662701417104614   0.1662673826581134   0.1662672378520171   0.1662673171232603   0.1662673948404781   0.1662674508267662   0.1662674683735874   0.1662674534160046   0.1662673775966801   0.1662675581145046   0.1662687853641718   0.1662704999649672   0.1662705935722544   0.1662689902124231   0.1662676545126662   0.1662689238317781   0.1662452279225380   0.1661921996160916   0.1661909517538828   0.1662433925739442   0.1662684007177755   0.1662674225459647   0.1662683962756120   0.1662436316392840   0.1661922570746654   0.1661949642304226   0.1662480553899065   0.1662702442465395   0.1662675209073912   0.1662673984921862   0.1662676067230285   0.1662703171751242   0.1662477108629051   0.1662028145725603   0.1659840517621145   0.1716519917228818   0.0000000000000000   0.0000000000000000   0.0000000000000000   0.0000000000000000   0.0000000000000000   0.0000000000000000   0.0000000000000000   0.0000000000000000   0.0000000000000000   0.0000000000000000   0.1716576204302355   0.1699242857007755   0.1701360009491904   0.0000000000000000   0.0000000000000000   0.0000000000000000   0.1716387210045687   0.1660270047286643   0.1662786006972879   0.1662668807385776   0.1662674545167571   0.1662674308229397   0.1662674334371002   0.1662674361100188   0.1662674399740906   0.1662674452008996   0.1662674520162300   0.1662674606718058   0.1662674714169236   0.1662674844716709   0.1662674999843958   0.1662675178918908   0.1662675376638205   0.1662675579100199   0.1662675757159153   0.1662675855481602   0.1662675775653826   0.1662675351158716   0.1662674309919960   0.1662672228033367   0.1662668462130424   0.1662662051995211   0.1662651634153398   0.1662635298883672   0.1662610433192802   0.1662573571430374   0.1662520215884136   0.1662444654214308   0.1662339623529576   0.1662198454342332   0.1661995850999453   0.1661676506372163   0.1663567690090887   0.1653346097508575   0.1467483762014372   0.0796289100097117   0.0583355440525426   0.0516455613835044   0.0459117464232807   0.0392401165531656   0.0309995620847944   0.0198078016048470   0.0076590695916282   0.0010712564359251   0.0000000000000000   0.0000000000000000   0.0000000000000000   0.0000000000000000   0.0000000000000000   0.0000000000000000   0.0000000000000000   0.0000000000000000   0.0000000000000000   0.0000000000000000   0.0000000000000000   0.0000000000000000   0.0000000000000000
   0.0000000000000000   0.0000000000000000   0.0000000000000000   0.0000000000000000   0.0000000000000000   0.0000000000000000   0.0000000000000000   0.0000000000000000   0.0000000000000000   0.0000000000000000   0.0000000000000000   0.1701524280476041   0.1681572556470785   0.1661243583794001   0.1662508417984662   0.1662701711509726   0.1662675766256338   0.1662673747049792   0.1662673151473775   0.1662675474678371   0.1662688303721313   0.1662705463158116   0.1662705292506280   0.1662704402013713   0.1662454269731936   0.1661930316370585   0.1661669145198779   0.1661679613804257   0.1661957850524596   0.1662474903723840   0.1662802474346892   0.1660389874427411   0.1716568271175488   0.0000000000000000   0.0000000000000000   0.1683561114839360   0.1662157284457905   0.1662433783427085   0.1683335467104393   0.1682636644842208   0.1661144905976764   0.1661966055235256   0.1662495219530608   0.1662751944086751   0.1662733286502048   0.1662722093445081   0.1662706299276865   0.1662687150181467   0.1662675462469402   0.1662673490682164   0.1662673788552804   0.1662673617444013   0.1662673411643900   0.1662673193971938   0.1662672967642109   0.1662672735194520   0.1662672464106722   0.1662671976998867   0.1662671095576977   0.1662670120694372   0.1662669667105552   0.1662669777298567   0.1662669586789622   0.1662671627818387   0.1662683345315618   0.1662699283783786   0.1662698983366684   0.1662681954648156   0.1662668551993045   0.1662664855636326   0.1662666793482666   0.1662678276001924   0.1662693096800511   0.1662691159018541   0.1662673483466615   0.1662660593352055   0.1662657557719566   0.1662656751680419   0.1662655040146011   0.1662655719319256   0.1662663473723963   0.1662736492772938   0.1661573992668514   0.1681428167970679   0.1701529419204334   0.0000000000000000   0.0000000000000000   0.0000000000000000   0.0000000000000000   0.0000000000000000   0.0000000000000000   0.0000000000000000   0.0000000000000000   0.0000000000000000   0.1716282594436410   0.1658426389007041   0.1682101343198563   0.1683136859453716   0.1662171218574066   0.1682954043637860   0.1682117843952309   0.1661557672362676   0.1662736863697565   0.1662674108633937   0.1662676748738902   0.1662675831039855   0.1662674848728919   0.1662673575155776   0.1662671964073048   0.1662669947916927   0.1662667443271080   0.1662664344750693   0.1662660517594771   0.1662655787719753   0.1662649927825124   0.1662642639237675   0.1662633529021386   0.1662622080726612   0.1662607618167427   0.1662589262221451   0.1662565879872556   0.1662536026684386   0.1662497882504756   0.1662449183691527   0.1662387143835830   0.1662308379188557   0.1662208854825678   0.1662083797478001   0.1661927666416934   0.1661734181522477   0.1661496347983837   0.1661206637153515   0.1660856606233894   0.1660448453729044   0.1659838167396961   0.1660492879859321   0.1659553169667891   0.1434711786024220   0.0743256661332603   0.0550447054272085   0.0480433101509535   0.0413927225690649   0.0340652948737347   0.0247700578831490   0.0134997294878705   0.0043685884268638   0.0004546921781734   0.0000000000000000   0.0000000000000000   0.0000000000000000   0.0000000000000000   0.0000000000000000   0.0000000000000000   0.0000000000000000   0.0000000000000000   0.0000000000000000   0.0000000000000000   0.0000000000000000   0.0000000000000000   0.0000000000000000   0.0000000000000000
   0.0000000000000000   0.0000000000000000   0.0000000000000000   0.0000000000000000   0.0000000000000000   0.0000000000000000   0.0000000000000000   0.0000000000000000   0.0000000000000000   0.0000000000000000   0.1701368761120030   0.1681584099916728   0.1661242623856152   0.1662507889324731   0.1662700950132621   0.1662675406345809   0.1662674262689458   0.1662674681475805   0.1662674687365523   0.1662674483569513   0.1662673920965584   0.1662673336013519   0.1662673072922542   0.1662676016039822   0.1662688679707618   0.1662708153367582   0.1662721038625763   0.1662720560306733   0.1662707165338720   0.1662684844741020   0.1662734339812737   0.1661548688948554   0.1682117473102206   0.1682714197543500   0.1683104048663646   0.1682862340041035   0.1661921344545562   0.1662461863163051   0.1661910173136286   0.1661936136078975   0.1662482719979436   0.1662718909995701   0.1662685707941910   0.1662673323021358   0.1662670802955588   0.1662671439768347   0.1662672040990571   0.1662672675206530   0.1662673015249974   0.1662672959280352   0.1662672700490502   0.1662672390553815   0.1662672045329453   0.1662671653607910   0.1662671210433696   0.1662670711168158   0.1662670153712801   0.1662669540135715   0.1662668868511669   0.1662668120868560   0.1662667272319121   0.1662666321048195   0.1662665255448351   0.1662663925618164   0.1662662170085516   0.1662660283825489   0.1662658861641491   0.1662657916049788   0.1662656857631604   0.1662655334802242   0.1662653332983794   0.1662650877109905   0.1662648323438973   0.1662646252120015   0.1662644634632491   0.1662642873235318   0.1662640683268558   0.1662638241510255   0.1662635681474790   0.1662632933353256   0.1662628527729408   0.1662643267994091   0.1662448076008200   0.1661161858658703   0.1682181016400066   0.1683107062203062   0.1661859257902735   0.1683511282739588   0.0000000000000000   0.0000000000000000   0.1683500224253267   0.1662076012764742   0.1662351100518121   0.1682861140844922   0.1682051997021357   0.1661258150970145   0.1661896393987763   0.1661796582139374   0.1662052740030737   0.1661776603691692   0.1661773954444548   0.1662278792803123   0.1662484636459024   0.1662446806091370   0.1662428176198153   0.1662406894282732   0.1662384281556714   0.1662360156032991   0.1662334382294781   0.1662306773022886   0.1662277084488998   0.1662245005498739   0.1662210143844879   0.1662172007800543   0.1662129982364419   0.1662083299952958   0.1662031004535590   0.1661971910887519   0.1661904562547177   0.1661827192295988   0.1661737688652591   0.1661633576571984   0.1661512016674783   0.1661369825976061   0.1661203538835999   0.1661009505964128   0.1660784022572993   0.1660523498647016   0.1660224693199218   0.1659884975489407   0.1659502576635356   0.1659076914541925   0.1658608109218621   0.1658126608299840   0.1657105506189912   0.1664181396161944   0.1542605439809882   0.0715433361109307   0.0515132523056508   0.0437363278688805   0.0361140969742191   0.0282486170599285   0.0181229899038443   0.0084903607535651   0.0025523140019107   0.0004350268753825   0.0000766160087126   0.0000000000000000   0.0000000000000000   0.0000000000000000   0.0000000000000000   0.0000000000000000   0.0000000000000000   0.0000000000000000   0.0000000000000000   0.0000000000000000   0.0000000000000000   0.0000000000000000   0.0000000000000000   0.0000000000000000   0.0000000000000000
   0.0000000000000000   0.0000000000000000   0.0000000000000000   0.0000000000000000   0.0000000000000000   0.0000000000000000   0.0000000000000000   0.0000000000000000   0.0000000000000000   0.1716928523704811   0.1680835524793934   0.1661279752911094   0.1662506170153628   0.1662701057087138   0.1662675433189318   0.1662674275222770   0.1662674653769565   0.1662674648130411   0.1662674645107993   0.1662674657029462   0.1662674680776797   0.1662674706369952   0.1662674687561999   0.1662674466840483   0.1662673876530678   0.1662673073260557   0.1662672515514293   0.1662672531726771   0.1662673185808252   0.1662672748106439   0.1662692604275915   0.1662469571121027   0.1661958556519252   0.1661685505304094   0.1661671188691411   0.1661930155777921   0.1662454176418516   0.1662704263869497   0.1662704953248331   0.1662704770405721   0.1662687563559722   0.1662675283664071   0.1662673493616935   0.1662674259855837   0.1662674395770254   0.1662674330801750   0.1662674219392033   0.1662674099688694   0.1662673977884172   0.1662673856544446   0.1662673728210979   0.1662673584439550   0.1662673421004250   0.1662673235814051   0.1662673026802029   0.1662672791692652   0.1662672528030864   0.1662672233238126   0.1662671904981612   0.1662671541515950   0.1662671141262991   0.1662670702347600   0.1662670224721871   0.1662669712452846   0.1662669166364321   0.1662668572338764   0.1662667910387871   0.1662667179479295   0.1662666398580381   0.1662665584174007   0.1662664741165127   0.1662663865765761   0.1662662942798981   0.1662661954829985   0.1662660904231753   0.1662659811549486   0.1662658690291336   0.1662657538418388   0.1662656350513330   0.1662655151903039   0.1662653670096291   0.1662653700711330   0.1662679131902571   0.1662455269071534   0.1661919129651103   0.1661917261397536   0.1661640383353302   0.1682729417733833   0.1682959679625411   0.1683048133706235   0.1682772774909214   0.1661757439479076   0.1662291312376724   0.1661732996025626   0.1661740186690036   0.1662254746930449   0.1662473947241309   0.1662435240101738   0.1662407998570726   0.1662384083831271   0.1662351446132084   0.1662303858166657   0.1662258530395583   0.1662220861007825   0.1662183531174857   0.1662143850344457   0.1662102109310710   0.1662058220415133   0.1662012074501841   0.1661963504733746   0.1661912281603993   0.1661858106940833   0.1661800607838919   0.1661739330436934   0.1661673731731864   0.1661603166084821   0.1661526871737311   0.1661443968001958   0.1661353457768622   0.1661254218797883   0.1661145001232769   0.1661024480402200   0.1660891337525943   0.1660744320203548   0.1660582325081952   0.1660404461086661   0.1660210151358719   0.1659999299734997   0.1659772322735905   0.1659530210039070   0.1659274597419394   0.1659007412736214   0.1658734876481707   0.1658451566428124   0.1657243801159095   0.1678773912573182   0.1146435037213087   0.0455762815061676   0.0364409834236643   0.0287141865985624   0.0208381721562812   0.0118493151557460   0.0050148630591080   0.0015324233652899   0.0003912489990304   0.0001508500436465   0.0000678214296923   0.0000000000000000   0.0000000000000000   0.0000000000000000   0.0000000000000000   0.0000000000000000   0.0000000000000000   0.0000000000000000   0.0000000000000000   0.0000000000000000   0.0000000000000000   0.0000000000000000   0.0000000000000000   0.0000000000000000   0.0000000000000000
   0.0000000000000000   0.0000000000000000   0.0000000000000000   0.0000000000000000   0.0000000000000000   0.0000000000000000   0.0000000000000000   0.0000000000000000   0.0000000000000000   0.1716108809446380   0.1659937742447496   0.1662560489890542   0.1662698724660842   0.1662675534825561   0.1662674269353987   0.1662674653627560   0.1662674649200271   0.1662674644669488   0.1662674644792147   0.1662674644240055   0.1662674643176657   0.1662674642413007   0.1662674645116630   0.1662674657921785   0.1662674685185109   0.1662674719442585   0.1662674743187855   0.1662674740968436   0.1662674737516597   0.1662674433344670   0.1662676523631899   0.1662688087877350   0.1662707047816417   0.1662720379742457   0.1662720916921514   0.1662708135224994   0.1662688686185782   0.1662676024524163   0.1662673091346335   0.1662673366492994   0.1662673950299625   0.1662674493033625   0.1662674674231546   0.1662674671597893   0.1662674659053129   0.1662674660551696   0.1662674665567178   0.1662674671325627   0.1662674677210513   0.1662674683179775   0.1662674689492878   0.1662674696506262   0.1662674704451792   0.1662674713455961   0.1662674723622273   0.1662674735062667   0.1662674747897198   0.1662674762248796   0.1662674778229548   0.1662674795931520   0.1662674815439906   0.1662674836824910   0.1662674860063807   0.1662674885043578   0.1662674911863845   0.1662674941120706   0.1662674973514598   0.1662675009088653   0.1662675047175508   0.1662675087070252   0.1662675128498220   0.1662675171681998   0.1662675217268240   0.1662675265862161   0.1662675317352935   0.1662675371040644   0.1662675426334697   0.1662675483205066   0.1662675541420687   0.1662675603967050   0.1662675665214659   0.1662675307023936   0.1662677248701079   0.1662689164742144   0.1662705163982570   0.1662721536073859   0.1662470408907623   0.1661907646195657   0.1661606766214314   0.1661600270148376   0.1661858246677774   0.1662377718431301   0.1662621656836584   0.1662614892881364   0.1662607014315146   0.1662581243827791   0.1662558953746777   0.1662545840596485   0.1662534475966794   0.1662521895782351   0.1662508667623914   0.1662494904360028   0.1662480192608871   0.1662464284822595   0.1662447358273255   0.1662429588597085   0.1662411011887852   0.1662391627425622   0.1662371417877166   0.1662350330587395   0.1662328286494160   0.1662305204125612   0.1662281001573926   0.1662255569517854   0.1662228744653835   0.1662200353233204   0.1662170313491292   0.1662138499543241   0.1662104416982091   0.1662067514757931   0.1662027947993128   0.1661986242755022   0.1661942144465585   0.1661894741620629   0.1661843476244825   0.1661788186136076   0.1661728705032177   0.1661664609204226   0.1661595246089509   0.1661519894009976   0.1661437513888058   0.1661347174081914   0.1661261238099914   0.1660879696729887   0.1663621643563018   0.1678229629793083   0.0458141376877150   0.0261343594804427   0.0188112925088578   0.0128650838429291   0.0067882208988337   0.0027839221943955   0.0009534918093285   0.0003423933586693   0.0001829638625217   0.0001103081773525   0.0000498018979504   0.0000000000000000   0.0000000000000000   0.0000000000000000   0.0000000000000000   0.0000000000000000   0.0000000000000000   0.0000000000000000   0.0000000000000000   0.0000000000000000   0.0000000000000000   0.0000000000000000   0.0000000000000000   0.0000000000000000   0.0000000000000000
   0.0000000000000000   0.0000000000000000   0.0000000000000000   0.0000000000000000   0.0000000000000000   0.0000000000000000   0.0000000000000000   0.0000000000000000   0.1716778033484225   0.1680728637113230   0.1661629509335846   0.1662740761119439   0.1662673634884475   0.1662674356200854   0.1662674649680224   0.1662674649396452   0.1662674644639514   0.1662674644929813   0.1662674644983772   0.1662674645007574   0.1662674645051319   0.1662674645053909   0.1662674644845615   0.1662674644165069   0.1662674642908922   0.1662674641422962   0.1662674640442122   0.1662674640149989   0.1662674644540704   0.1662674629936667   0.1662674444708769   0.1662673898976193   0.1662673116706073   0.1662672541337313   0.1662672520913024   0.1662673075083216   0.1662673876455650   0.1662674466325543   0.1662674686630650   0.1662674705021477   0.1662674679548916   0.1662674656594483   0.1662674645570699   0.1662674643727078   0.1662674644108641   0.1662674644162406   0.1662674643944934   0.1662674643668280   0.1662674643379307   0.1662674643082568   0.1662674642768165   0.1662674642420875   0.1662674642028535   0.1662674641584629   0.1662674641083469   0.1662674640519509   0.1662674639887369   0.1662674639180272   0.1662674638393659   0.1662674637522509   0.1662674636562790   0.1662674635511851   0.1662674634371023   0.1662674633142307   0.1662674631817341   0.1662674630371354   0.1662674628778706   0.1662674627037975   0.1662674625173680   0.1662674623215150   0.1662674621176454   0.1662674619046065   0.1662674616797030   0.1662674614411088   0.1662674611884223   0.1662674609251655   0.1662674606537966   0.1662674603741996   0.1662674600854708   0.1662674597706924   0.1662674600293310   0.1662674588242765   0.1662674402110787   0.1662673888802818   0.1662673067640814   0.1662675376684262   0.1662688322977934   0.1662709273924189   0.1662723837115948   0.1662724514271918   0.1662711707582014   0.1662692461294532   0.1662680099290013   0.1662677519957134   0.1662678180822999   0.1662679192142495   0.1662680225274229   0.1662680957173089   0.1662681548313498   0.1662682159148702   0.1662682807939548   0.1662683489030567   0.1662684214731082   0.1662684994253237   0.1662685823575403   0.1662686699484543   0.1662687595360042   0.1662688355978174   0.1662688823804691   0.1662689291714514   0.1662690352773174   0.1662692032190127   0.1662693757195043   0.1662695177227671   0.1662696803874456   0.1662699926382795   0.1662702640669902   0.1662700215627850   0.1662699334506114   0.1662714131098102   0.1662735010088979   0.1662736327080702   0.1662719749296167   0.1662707450176842   0.1662704594639547   0.1662702776440185   0.1662698274729986   0.1662690728349440   0.1662679328957440   0.1662663017065996   0.1662640237783574   0.1662615634389976   0.1662524416406715   0.1662028277096221   0.1678843320480904   0.1352682124148719   0.0159812662535626   0.0107326458965548   0.0067141549807935   0.0034270469801143   0.0014942833403169   0.0006328296739277   0.0003165294286542   0.0001967617022493   0.0001222376729523   0.0000630369905280   0.0000000000000000   0.0000000000000000   0.0000000000000000   0.0000000000000000   0.0000000000000000   0.0000000000000000   0.0000000000000000   0.0000000000000000   0.0000000000000000   0.0000000000000000   0.0000000000000000   0.0000000000000000   0.0000000000000000   0.0000000000000000   0.0000000000000000
   0.0000000000000000   0.0000000000000000   0.0000000000000000   0.0000000000000000   0.0000000000000000   0.0000000000000000   0.0000000000000000   0.0000000000000000   0.1716423757071365   0.1659913210045081   0.1662551434574952   0.1662688760095319   0.1662673469459521   0.1662674696745645   0.1662674646998954   0.1662674644758292   0.1662674644922857   0.1662674644972173   0.1662674644965441   0.1662674644963891   0.1662674644962493   0.1662674644964068   0.1662674644977429   0.1662674645012051   0.1662674645069608   0.1662674645134415   0.1662674645181962   0.1662674645144189   0.1662674645164441   0.1662674647592991   0.1662674658905273   0.1662674684348711   0.1662674717747691   0.1662674742091265   0.1662674742871292   0.1662674719335429   0.1662674685172178   0.1662674657947208   0.1662674645162472   0.1662674642473049   0.1662674643229173   0.1662674644258373   0.1662674644832809   0.1662674645003089   0.1662674645012020   0.1662674645007910   0.1662674645016123   0.1662674645028932   0.1662674645043007   0.1662674645057582   0.1662674645072970   0.1662674645090046   0.1662674645109209   0.1662674645130774   0.1662674645155378   0.1662674645182741   0.1662674645213587   0.1662674645248097   0.1662674645286570   0.1662674645329272   0.1662674645376235   0.1662674645427638   0.1662674645483581   0.1662674645543923   0.1662674645609372   0.1662674645680693   0.1662674645758820   0.1662674645844034   0.1662674645935235   0.1662674646031176   0.1662674646130908   0.1662674646235224   0.1662674646344499   0.1662674646461820   0.1662674646584106   0.1662674646710112   0.1662674646846943   0.1662674646983369   0.1662674647129083   0.1662674647216794   0.1662674647282161   0.1662674649689030   0.1662674660562187   0.1662674686437591   0.1662674688773312   0.1662674487859520   0.1662673880412590   0.1662673016020832   0.1662672383881174   0.1662672345775301   0.1662672896812435   0.1662673689842907   0.1662674265438630   0.1662674468607135   0.1662674467924673   0.1662674421195295   0.1662674374167402   0.1662674336265641   0.1662674305378298   0.1662674275171670   0.1662674243337034   0.1662674209691538   0.1662674173889112   0.1662674135660435   0.1662674093701609   0.1662674070703432   0.1662673764154313   0.1662675887443281   0.1662687714517478   0.1662704000103297   0.1662704557414508   0.1662688623706716   0.1662676169690803   0.1662673366723295   0.1662675490783263   0.1662644485313192   0.1662563889216052   0.1662658645894240   0.1662851810580337   0.1662533561377067   0.1661906094760108   0.1661934684506916   0.1662480972046690   0.1662717565326959   0.1662685339429748   0.1662673522807372   0.1662670368323095   0.1662669223464417   0.1662667062770716   0.1662663688749267   0.1662659764868971   0.1662659504353518   0.1662290521319602   0.1668124861053249   0.1656950749046162   0.0178829981841709   0.0057170399559462   0.0034687371937041   0.0017394568506947   0.0008535107269829   0.0004791011986097   0.0003193927523679   0.0002273407903433   0.0001476403302449   0.0000709205437627   0.0000000000000000   0.0000000000000000   0.0000000000000000   0.0000000000000000   0.0000000000000000   0.0000000000000000   0.0000000000000000   0.0000000000000000   0.0000000000000000   0.0000000000000000   0.0000000000000000   0.0000000000000000   0.0000000000000000   0.0000000000000000   0.0000000000000000   0.0000000000000000
   0.0000000000000000   0.0000000000000000   0.0000000000000000   0.0000000000000000   0.0000000000000000   0.1700364462538810   0.1660736570932514   0.1682783638713025   0.1682142340631723   0.1661567245086636   0.1662743817436136   0.1662673924051087   0.1662674526165420   0.1662674661264232   0.1662674643835541   0.1662674644976648   0.1662674644969378   0.1662674644966467   0.1662674644966128   0.1662674644966214   0.1662674644966357   0.1662674644966069   0.1662674644965501   0.1662674644963537   0.1662674644960822   0.1662674644957971   0.1662674644956454   0.1662674644957204   0.1662674644930557   0.1662674644737504   0.1662674644120472   0.1662674642939001   0.1662674641490362   0.1662674640458375   0.1662674640428599   0.1662674641430163   0.1662674642910004   0.1662674644163937   0.1662674644843387   0.1662674645050959   0.1662674645048715   0.1662674645005896   0.1662674644976856   0.1662674644965581   0.1662674644963441   0.1662674644963245   0.1662674644962776   0.1662674644962083   0.1662674644961148   0.1662674644960407   0.1662674644959488   0.1662674644958351   0.1662674644957273   0.1662674644955779   0.1662674644954575   0.1662674644952924   0.1662674644951368   0.1662674644949319   0.1662674644946845   0.1662674644944435   0.1662674644942015   0.1662674644939165   0.1662674644936287   0.1662674644933206   0.1662674644929739   0.1662674644925698   0.1662674644921785   0.1662674644917338   0.1662674644912482   0.1662674644907535   0.1662674644902427   0.1662674644896802   0.1662674644890436   0.1662674644884105   0.1662674644877956   0.1662674644868720   0.1662674644862132   0.1662674644857723   0.1662674644848844   0.1662674644849181   0.1662674644825852   0.1662674644633789   0.1662674644017278   0.1662674643151745   0.1662674645060073   0.1662674657294327   0.1662674685480461   0.1662674722393714   0.1662674749371526   0.1662674751299670   0.1662674728138364   0.1662674694388181   0.1662674667831291   0.1662674655882264   0.1662674654131953   0.1662674655938316   0.1662674658145355   0.1662674660022334   0.1662674661600723   0.1662674663091392   0.1662674664631948   0.1662674666263505   0.1662674668008132   0.1662674670051939   0.1662674668643521   0.1662674734289939   0.1662673606218947   0.1662691951544945   0.1662465735183072   0.1661943266576394   0.1661923670495100   0.1662437111066337   0.1662683683026550   0.1662674214269433   0.1662678463652512   0.1662574373867289   0.1665330052649462   0.1666041075809753   0.1654292023723982   0.1662523972344918   0.1683333725725066   0.1682639182637771   0.1661153176882647   0.1661964757317348   0.1662460546133087   0.1662691066978595   0.1662673350895575   0.1662674053221516   0.1662673519906514   0.1662672128249235   0.1662679951672458   0.1662568914839795   0.1663002255016663   0.1678904696689634   0.1126426871501644   0.0030996838215817   0.0018885012814077   0.0009743288592833   0.0006111134891684   0.0004392696873173   0.0003459192524630   0.0002706075739971   0.0001959260078044   0.0001242918810079   0.0000578626922932   0.0000000000000000   0.0000000000000000   0.0000000000000000   0.0000000000000000   0.0000000000000000   0.0000000000000000   0.0000000000000000   0.0000000000000000   0.0000000000000000   0.0000000000000000   0.0000000000000000   0.0000000000000000   0.0000000000000000   0.0000000000000000   0.0000000000000000   0.0000000000000000
   0.0000000000000000   0.0000000000000000   0.0000000000000000   0.0000000000000000   0.0000000000000000   0.1717193947811922   0.1680778951914016   0.1660512017635369   0.1661771372138654   0.1662486187209939   0.1662691140950177   0.1662673363511648   0.1662674690906602   0.1662674644743727   0.1662674644800539   0.1662674644984324   0.1662674644965524   0.1662674644966107   0.1662674644966134   0.1662674644966118   0.1662674644965962   0.1662674644966071   0.1662674644966146   0.1662674644966299   0.1662674644966497   0.1662674644966439   0.1662674644966559   0.1662674644966926   0.1662674644969827   0.1662674644982150   0.1662674645014122   0.1662674645068799   0.1662674645132196   0.1662674645176318   0.1662674645177419   0.1662674645134655   0.1662674645069779   0.1662674645011785   0.1662674644977450   0.1662674644964074   0.1662674644962247   0.1662674644963687   0.1662674644964894   0.1662674644965613   0.1662674644965558   0.1662674644965491   0.1662674644965372   0.1662674644965371   0.1662674644965214   0.1662674644965169   0.1662674644965210   0.1662674644964919   0.1662674644964898   0.1662674644964657   0.1662674644964605   0.1662674644964366   0.1662674644964197   0.1662674644963950   0.1662674644963901   0.1662674644963665   0.1662674644963315   0.1662674644963046   0.1662674644962870   0.1662674644962546   0.1662674644962714   0.1662674644962444   0.1662674644962552   0.1662674644962601   0.1662674644962333   0.1662674644962225   0.1662674644962170   0.1662674644962198   0.1662674644961933   0.1662674644961555   0.1662674644961556   0.1662674644960159   0.1662674644958422   0.1662674644960254   0.1662674644960759   0.1662674644959389   0.1662674644968240   0.1662674644984807   0.1662674645008498   0.1662674645020160   0.1662674644846823   0.1662674644174873   0.1662674642862161   0.1662674641255680   0.1662674640100145   0.1662674640007546   0.1662674640981729   0.1662674642437616   0.1662674643657653   0.1662674644293030   0.1662674644452884   0.1662674644393692   0.1662674644281605   0.1662674644180766   0.1662674644088412   0.1662674643987759   0.1662674643890196   0.1662674643801047   0.1662674643706654   0.1662674643925534   0.1662674637131015   0.1662674771349938   0.1662672065323292   0.1662726554811416   0.1661635930449050   0.1682284738702722   0.1683033302438354   0.1662421359468677   0.1662680908927673   0.1662674374894701   0.1662676794850823   0.1662605484361444   0.1665441444159452   0.1431861606094439   0.0000000000000000   0.0000000000000000   0.0000000000000000   0.1683330104235926   0.1682655337350883   0.1682473110261509   0.1661715768795028   0.1662718941214407   0.1662672513379257   0.1662674580485348   0.1662674352914087   0.1662673459826477   0.1662700786385571   0.1662149004148857   0.1671138293083520   0.1585521140147290   0.0055534049931647   0.0010059656380393   0.0008724736626846   0.0006167772460889   0.0004896293164403   0.0004044504268067   0.0003261957838426   0.0002482199615753   0.0001772078113865   0.0001140882139918   0.0000558744329116   0.0000000000000000   0.0000000000000000   0.0000000000000000   0.0000000000000000   0.0000000000000000   0.0000000000000000   0.0000000000000000   0.0000000000000000   0.0000000000000000   0.0000000000000000   0.0000000000000000   0.0000000000000000   0.0000000000000000   0.0000000000000000   0.0000000000000000   0.0000000000000000
   0.0000000000000000   0.0000000000000000   0.0000000000000000   0.0000000000000000   0.0000000000000000   0.0000000000000000   0.1701215268668385   0.1681504611702334   0.1661611213659731   0.1662746434375864   0.1662673527461405   0.1662674557782256   0.1662674659680152   0.1662674644116118   0.1662674644992012   0.1662674644967107   0.1662674644965781   0.1662674644966094   0.1662674644966206   0.1662674644966313   0.1662674644966185   0.1662674644966140   0.1662674644966031   0.1662674644966138   0.1662674644966205   0.1662674644966179   0.1662674644965933   0.1662674644965970   0.1662674644965841   0.1662674644965060   0.1662674644963636   0.1662674644961002   0.1662674644957989   0.1662674644956248   0.1662674644956166   0.1662674644958081   0.1662674644960811   0.1662674644963374   0.1662674644965084   0.1662674644965887   0.1662674644966126   0.1662674644965840   0.1662674644965715   0.1662674644965637   0.1662674644965509   0.1662674644965433   0.1662674644965338   0.1662674644965251   0.1662674644965129   0.1662674644965135   0.1662674644964805   0.1662674644964701   0.1662674644964554   0.1662674644964386   0.1662674644964104   0.1662674644963744   0.1662674644963786   0.1662674644963325   0.1662674644963299   0.1662674644962988   0.1662674644962629   0.1662674644962288   0.1662674644961911   0.1662674644961623   0.1662674644961240   0.1662674644960788   0.1662674644960552   0.1662674644960185   0.1662674644960098   0.1662674644959633   0.1662674644959166   0.1662674644958852   0.1662674644958237   0.1662674644957654   0.1662674644957292   0.1662674644956662   0.1662674644954882   0.1662674644953853   0.1662674644954923   0.1662674644953626   0.1662674644951858   0.1662674644957163   0.1662674644959759   0.1662674644954978   0.1662674644966082   0.1662674645007972   0.1662674645070929   0.1662674645136548   0.1662674645180377   0.1662674645179767   0.1662674645135534   0.1662674645069118   0.1662674645009074   0.1662674644972204   0.1662674644954411   0.1662674644947378   0.1662674644943026   0.1662674644937061   0.1662674644919377   0.1662674644899521   0.1662674644897779   0.1662674644912818   0.1662674644893204   0.1662674645340614   0.1662674635017522   0.1662674846803739   0.1662670438345264   0.1662763583660772   0.1660731499203037   0.1708853742297513   0.0000000000000000   0.0000000000000000   0.0000000000000000   0.0000000000000000   0.0000000000000000   0.0000000000000000   0.0000000000000000   0.0000000000000000   0.0000000000000000   0.0000000000000000   0.0000000000000000   0.0000000000000000   0.0000000000000000   0.1701329780570126   0.1661221143363055   0.1662734334510097   0.1662672048515404   0.1662674738743751   0.1662674209902539   0.1662678491772238   0.1662660438951638   0.1661741941074349   0.1688099085598449   0.0981068875204198   0.0009738241065151   0.0008641244383244   0.0007096420453058   0.0006135286669388   0.0005052893245868   0.0004055420212304   0.0003110669480900   0.0002277919528221   0.0001606982834182   0.0001046601407884   0.0000543859660500   0.0000000000000000   0.0000000000000000   0.0000000000000000   0.0000000000000000   0.0000000000000000   0.0000000000000000   0.0000000000000000   0.0000000000000000   0.0000000000000000   0.0000000000000000   0.0000000000000000   0.0000000000000000   0.0000000000000000   0.0000000000000000   0.0000000000000000   0.0000000000000000
   0.0000000000000000   0.0000000000000000   0.0000000000000000   0.0000000000000000   0.0000000000000000   0.0000000000000000   0.0000000000000000   0.1716217271979207   0.1660281477338238   0.1662785416572576   0.1662669159419966   0.1662674887659161   0.1662674635666130   0.1662674645187891   0.1662674644965776   0.1662674644965874   0.1662674644966187   0.1662674644966094   0.1662674644966008   0.1662674644966113   0.1662674644966184   0.1662674644966272   0.1662674644966130   0.1662674644965929   0.1662674644966066   0.1662674644966048   0.1662674644966085   0.1662674644966160   0.1662674644966189   0.1662674644965883   0.1662674644966270   0.1662674644966543   0.1662674644966521   0.1662674644966492   0.1662674644966462   0.1662674644966292   0.1662674644966363   0.1662674644966118   0.1662674644965988   0.1662674644965799   0.1662674644965754   0.1662674644965765   0.1662674644965736   0.1662674644965889   0.1662674644965551   0.1662674644965400   0.1662674644965511   0.1662674644965282   0.1662674644965133   0.1662674644964876   0.1662674644964827   0.1662674644964661   0.1662674644964577   0.1662674644964368   0.1662674644964104   0.1662674644963985   0.1662674644963827   0.1662674644963466   0.1662674644963102   0.1662674644963031   0.1662674644962568   0.1662674644962328   0.1662674644961972   0.1662674644961750   0.1662674644961273   0.1662674644960897   0.1662674644960475   0.1662674644960181   0.1662674644959581   0.1662674644959073   0.1662674644958843   0.1662674644958569   0.1662674644958237   0.1662674644958149   0.1662674644957602   0.1662674644956963   0.1662674644955928   0.1662674644953756   0.1662674644953255   0.1662674644954203   0.1662674644952162   0.1662674644950181   0.1662674644955064   0.1662674644960153   0.1662674644954547   0.1662674644945527   0.1662674644943567   0.1662674644943869   0.1662674644941480   0.1662674644937906   0.1662674644934828   0.1662674644933127   0.1662674644931416   0.1662674644926162   0.1662674644917051   0.1662674644907886   0.1662674644897688   0.1662674644886802   0.1662674644860957   0.1662674644844671   0.1662674644859809   0.1662674644874770   0.1662674644805980   0.1662674645360727   0.1662674631871387   0.1662674908076611   0.1662669217892017   0.1662786423836629   0.1660388204511784   0.1707583679961517   0.1000327709396851   0.0000000000000000   0.0000000000000000   0.0000000000000000   0.0000000000000000   0.0000000000000000   0.0000000000000000   0.0000000000000000   0.0000000000000000   0.0000000000000000   0.0000000000000000   0.0000000000000000   0.1701712528476773   0.1681791634268390   0.1661742468072289   0.1662717944344924   0.1662672633463049   0.1662674784231876   0.1662673288890131   0.1662697140221593   0.1662324780265560   0.1666765160786445   0.1670485541847329   0.0024311362442514   0.0009546832763190   0.0009030753163512   0.0007816662206535   0.0006614360829425   0.0005263394300684   0.0003994628222985   0.0002905675526861   0.0002045846290384   0.0001389809513901   0.0000862681938934   0.0000429755284686   0.0000000000000000   0.0000000000000000   0.0000000000000000   0.0000000000000000   0.0000000000000000   0.0000000000000000   0.0000000000000000   0.0000000000000000   0.0000000000000000   0.0000000000000000   0.0000000000000000   0.0000000000000000   0.0000000000000000   0.0000000000000000   0.0000000000000000   0.0000000000000000
   0.0000000000000000   0.0000000000000000   0.0000000000000000   0.0000000000000000   0.0000000000000000   0.0000000000000000   0.0000000000000000   0.1730194695440746   0.1659509307118842   0.1662822785565895   0.1662667457932941   0.1662674963759348   0.1662674632519839   0.1662674645367265   0.1662674644959305   0.1662674644965953   0.1662674644966245   0.1662674644966196   0.1662674644966170   0.1662674644966139   0.1662674644966131   0.1662674644966122   0.1662674644966035   0.1662674644966066   0.1662674644966227   0.1662674644966274   0.1662674644966111   0.1662674644966083   0.1662674644966060   0.1662674644966127   0.1662674644966017   0.1662674644966116   0.1662674644966098   0.1662674644966033   0.1662674644966017   0.1662674644966139   0.1662674644966036   0.1662674644965892   0.1662674644965934   0.1662674644965925   0.1662674644965987   0.1662674644965875   0.1662674644965680   0.1662674644965630   0.1662674644965826   0.1662674644965537   0.1662674644965616   0.1662674644965471   0.1662674644965342   0.1662674644965308   0.1662674644965243   0.1662674644965120   0.1662674644965016   0.1662674644964712   0.1662674644964603   0.1662674644964425   0.1662674644964184   0.1662674644963837   0.1662674644963539   0.1662674644963564   0.1662674644963312   0.1662674644962808   0.1662674644962547   0.1662674644962339   0.1662674644961931   0.1662674644961745   0.1662674644961435   0.1662674644961029   0.1662674644960810   0.1662674644960463   0.1662674644960174   0.1662674644959803   0.1662674644959385   0.1662674644959232   0.1662674644958964   0.1662674644958678   0.1662674644958154   0.1662674644956608   0.1662674644954627   0.1662674644954287   0.1662674644954811   0.1662674644952744   0.1662674644949170   0.1662674644951361   0.1662674644957797   0.1662674644958804   0.1662674644953063   0.1662674644947977   0.1662674644946010   0.1662674644943815   0.1662674644939235   0.1662674644932185   0.1662674644923315   0.1662674644914025   0.1662674644904255   0.1662674644897930   0.1662674644889684   0.1662674644872639   0.1662674644843413   0.1662674644847940   0.1662674644873479   0.1662674644866823   0.1662674644752516   0.1662674645386585   0.1662674629480036   0.1662674955751733   0.1662668303117697   0.1662803265568509   0.1660104231425633   0.1712383400542143   0.0000137654558460   0.0000000000000000   0.0000000000000000   0.0000000000000000   0.0000000000000000   0.0000000000000000   0.0000000000000000   0.0000000000000000   0.0000000000000000   0.0000000000000000   0.1682966628628239   0.1682701105672071   0.1682247941384832   0.1661205215068464   0.1662490840400364   0.1662689949005773   0.1662673726572348   0.1662674722938627   0.1662672712441764   0.1662732808841559   0.1661520464169096   0.1684797651514837   0.1219538080247783   0.0010949212185660   0.0010047970025020   0.0009250961631146   0.0008264520080724   0.0006840325805274   0.0005267322248539   0.0003840022641012   0.0002676564415141   0.0001783629568212   0.0001094085537426   0.0000540252398105   0.0000000000000000   0.0000000000000000   0.0000000000000000   0.0000000000000000   0.0000000000000000   0.0000000000000000   0.0000000000000000   0.0000000000000000   0.0000000000000000   0.0000000000000000   0.0000000000000000   0.0000000000000000   0.0000000000000000   0.0000000000000000   0.0000000000000000   0.0000000000000000   0.0000000000000000
   0.0000000000000000   0.0000000000000000   0.0000000000000000   0.0000000000000000   0.0000000000000000   0.0000000000000000   0.0000000000000000   0.1729987948525635   0.1659364886295119   0.1662846212877612   0.1662669124842754   0.1662674740967176   0.1662674648705379   0.1662674644392748   0.1662674645012258   0.1662674644963058   0.1662674644966073   0.1662674644966240   0.1662674644966203   0.1662674644966066   0.1662674644966179   0.1662674644966082   0.1662674644966331   0.1662674644966304   0.1662674644965931   0.1662674644966118   0.1662674644966204   0.1662674644966121   0.1662674644966096   0.1662674644966144   0.1662674644966217   0.1662674644966170   0.1662674644965974   0.1662674644966032   0.1662674644966106   0.1662674644966016   0.1662674644965958   0.1662674644966063   0.1662674644966166   0.1662674644965962   0.1662674644966023   0.1662674644966045   0.1662674644965878   0.1662674644965914   0.1662674644965825   0.1662674644965663   0.1662674644965671   0.1662674644965525   0.1662674644965472   0.1662674644965623   0.1662674644965325   0.1662674644965267   0.1662674644965153   0.1662674644965056   0.1662674644964981   0.1662674644964725   0.1662674644964696   0.1662674644964611   0.1662674644964264   0.1662674644963904   0.1662674644963941   0.1662674644963753   0.1662674644963629   0.1662674644963386   0.1662674644963091   0.1662674644962745   0.1662674644962605   0.1662674644962332   0.1662674644962094   0.1662674644961741   0.1662674644961527   0.1662674644961379   0.1662674644961117   0.1662674644960897   0.1662674644960679   0.1662674644960528   0.1662674644960234   0.1662674644959685   0.1662674644958208   0.1662674644956031   0.1662674644955673   0.1662674644956284   0.1662674644954427   0.1662674644949775   0.1662674644947180   0.1662674644949781   0.1662674644952918   0.1662674644951284   0.1662674644945983   0.1662674644940828   0.1662674644936324   0.1662674644930706   0.1662674644923709   0.1662674644916556   0.1662674644907891   0.1662674644907286   0.1662674644900048   0.1662674644873656   0.1662674644856321   0.1662674644874273   0.1662674644893155   0.1662674644877658   0.1662674644701050   0.1662674645422529   0.1662674627850730   0.1662674994562372   0.1662667491402824   0.1662821619742881   0.1659630094646591   0.1727586839869456   0.0000000000000000   0.0000000000000000   0.0000000000000000   0.0000000000000000   0.0000000000000000   0.0000000000000000   0.0000000000000000   0.0000000000000000   0.0000000000000000   0.1717183550715986   0.1680730673286496   0.1660470188250237   0.1661769744972456   0.1662497495548809   0.1662701795494356   0.1662675962167856   0.1662674404891534   0.1662674798175817   0.1662677136799665   0.1662682541913177   0.1660761923430911   0.1708224298106160   0.0230364655867225   0.0013219888731962   0.0010583455179468   0.0009350913996979   0.0008353579182571   0.0006909252988543   0.0005248143317757   0.0003748932829511   0.0002544522276788   0.0001616135462394   0.0000888609016300   0.0000363220686472   0.0000000000000000   0.0000000000000000   0.0000000000000000   0.0000000000000000   0.0000000000000000   0.0000000000000000   0.0000000000000000   0.0000000000000000   0.0000000000000000   0.0000000000000000   0.0000000000000000   0.0000000000000000   0.0000000000000000   0.0000000000000000   0.0000000000000000   0.0000000000000000   0.0000000000000000
   0.0000000000000000   0.0000000000000000   0.0000000000000000   0.0000000000000000   0.0000000000000000   0.0000000000000000   0.0000000000000000   0.1730022648057706   0.1659001149103093   0.1662602667793572   0.1662686499828160   0.1662673763536185   0.1662674699624851   0.1662674641832852   0.1662674645138072   0.1662674644957045   0.1662674644966596   0.1662674644966060   0.1662674644966299   0.1662674644966121   0.1662674644966173   0.1662674644965930   0.1662674644966104   0.1662674644966176   0.1662674644966141   0.1662674644966135   0.1662674644966150   0.1662674644966078   0.1662674644966268   0.1662674644966157   0.1662674644966131   0.1662674644966320   0.1662674644966082   0.1662674644966073   0.1662674644966255   0.1662674644966201   0.1662674644966093   0.1662674644966254   0.1662674644966068   0.1662674644966067   0.1662674644965823   0.1662674644965985   0.1662674644965917   0.1662674644965986   0.1662674644965872   0.1662674644965810   0.1662674644965834   0.1662674644965777   0.1662674644965697   0.1662674644965851   0.1662674644965606   0.1662674644965503   0.1662674644965456   0.1662674644965587   0.1662674644965265   0.1662674644965165   0.1662674644965026   0.1662674644964991   0.1662674644965025   0.1662674644964757   0.1662674644964664   0.1662674644964425   0.1662674644964298   0.1662674644964188   0.1662674644963972   0.1662674644963847   0.1662674644963706   0.1662674644963307   0.1662674644963457   0.1662674644963227   0.1662674644962915   0.1662674644962789   0.1662674644962671   0.1662674644962511   0.1662674644962428   0.1662674644962048   0.1662674644962222   0.1662674644962070   0.1662674644961518   0.1662674644960039   0.1662674644958189   0.1662674644957197   0.1662674644957946   0.1662674644957953   0.1662674644954333   0.1662674644948869   0.1662674644945916   0.1662674644946336   0.1662674644946511   0.1662674644943968   0.1662674644939362   0.1662674644934813   0.1662674644930699   0.1662674644926746   0.1662674644919237   0.1662674644925520   0.1662674644909487   0.1662674644877346   0.1662674644880479   0.1662674644890511   0.1662674644920222   0.1662674644883234   0.1662674644621307   0.1662674645544601   0.1662674626922375   0.1662675021787327   0.1662666917230333   0.1662833874758061   0.1659382910449634   0.1730024954465448   0.0000000000000000   0.0000000000000000   0.0000000000000000   0.0000000000000000   0.0000000000000000   0.0000000000000000   0.0000000000000000   0.0000000000000000   0.0000000000000000   0.1700143404108212   0.1681433506107344   0.1681966246194395   0.1661591149726092   0.1662745128836637   0.1662673269483063   0.1662674351481423   0.1662674463561756   0.1662677627018883   0.1662655119367707   0.1662446528741024   0.1667398413867698   0.1690631545904186   0.0001850027275657   0.0011511818133282   0.0010341086335866   0.0009360119123895   0.0008461363542528   0.0007104157609918   0.0005427989968407   0.0003873378458630   0.0002612570350080   0.0001615773379322   0.0000782235959775   0.0000000000000000   0.0000000000000000   0.0000000000000000   0.0000000000000000   0.0000000000000000   0.0000000000000000   0.0000000000000000   0.0000000000000000   0.0000000000000000   0.0000000000000000   0.0000000000000000   0.0000000000000000   0.0000000000000000   0.0000000000000000   0.0000000000000000   0.0000000000000000   0.0000000000000000   0.0000000000000000
   0.0000000000000000   0.0000000000000000   0.0000000000000000   0.0000000000000000   0.0000000000000000   0.0000000000000000   0.0000000000000000   0.1716555299539286   0.1680592590471244   0.1661631970649795   0.1662730103050082   0.1662671787898379   0.1662674789979103   0.1662674637671155   0.1662674645331759   0.1662674644948016   0.1662674644967075   0.1662674644965992   0.1662674644966226   0.1662674644966197   0.1662674644966131   0.1662674644966102   0.1662674644966002   0.1662674644966303   0.1662674644966133   0.1662674644966149   0.1662674644966136   0.1662674644966203   0.1662674644966113   0.1662674644965952   0.1662674644966048   0.1662674644966243   0.1662674644965977   0.1662674644966055   0.1662674644966173   0.1662674644966232   0.1662674644966138   0.1662674644966153   0.1662674644966192   0.1662674644966176   0.1662674644966090   0.1662674644966257   0.1662674644966138   0.1662674644966008   0.1662674644966154   0.1662674644966171   0.1662674644966104   0.1662674644966051   0.1662674644965977   0.1662674644966075   0.1662674644965985   0.1662674644965900   0.1662674644965905   0.1662674644965979   0.1662674644965924   0.1662674644965944   0.1662674644965803   0.1662674644965800   0.1662674644965726   0.1662674644965698   0.1662674644965740   0.1662674644965582   0.1662674644965622   0.1662674644965638   0.1662674644965468   0.1662674644965376   0.1662674644965376   0.1662674644965261   0.1662674644965197   0.1662674644965135   0.1662674644965196   0.1662674644965081   0.1662674644964863   0.1662674644964952   0.1662674644964844   0.1662674644964787   0.1662674644964822   0.1662674644964942   0.1662674644965025   0.1662674644964868   0.1662674644963648   0.1662674644961895   0.1662674644960396   0.1662674644960312   0.1662674644961429   0.1662674644961404   0.1662674644958328   0.1662674644953643   0.1662674644949498   0.1662674644947530   0.1662674644946554   0.1662674644944570   0.1662674644941137   0.1662674644937525   0.1662674644930169   0.1662674644947951   0.1662674644916626   0.1662674644897809   0.1662674644904029   0.1662674644906062   0.1662674644969334   0.1662674644856580   0.1662674644610118   0.1662674645717084   0.1662674626689796   0.1662675032756961   0.1662666693612598   0.1662837474849800   0.1659358541072865   0.1729990525053232   0.0000000000000000   0.0000000000000000   0.0000000000000000   0.0000000000000000   0.0000000000000000   0.0000000000000000   0.0000000000000000   0.0000000000000000   0.0000000000000000   0.0000000000000000   0.0000000000000000   0.1716626076083815   0.1660418280502163   0.1662771706299541   0.1662670128232495   0.1662674744763609   0.1662675515488398   0.1662680187144579   0.1662468385528793   0.1665033868638423   0.1668344032416646   0.1125951780984525   0.0014359574962652   0.0012191502976660   0.0011115437776026   0.0009894128705757   0.0008945313612649   0.0007615987184412   0.0005945285901005   0.0004355635557447   0.0003030495091412   0.0001970280106252   0.0001172988720660   0.0000652803184027   0.0000000000000000   0.0000000000000000   0.0000000000000000   0.0000000000000000   0.0000000000000000   0.0000000000000000   0.0000000000000000   0.0000000000000000   0.0000000000000000   0.0000000000000000   0.0000000000000000   0.0000000000000000   0.0000000000000000   0.0000000000000000   0.0000000000000000   0.0000000000000000   0.0000000000000000
   0.0000000000000000   0.0000000000000000   0.0000000000000000   0.0000000000000000   0.0000000000000000   0.0000000000000000   0.0000000000000000   0.0000000000000000   0.1716081874521376   0.1660296401043135   0.1662785170017539   0.1662669410088927   0.1662674895191080   0.1662674632883720   0.1662674645548930   0.1662674644938279   0.1662674644967536   0.1662674644966054   0.1662674644966191   0.1662674644966095   0.1662674644966087   0.1662674644966193   0.1662674644966111   0.1662674644966099   0.1662674644966146   0.1662674644966204   0.1662674644966254   0.1662674644966248   0.1662674644966191   0.1662674644966146   0.1662674644966232   0.1662674644966262   0.1662674644966181   0.1662674644966072   0.1662674644966109   0.1662674644966072   0.1662674644965966   0.1662674644965941   0.1662674644966223   0.1662674644966172   0.1662674644966006   0.1662674644966138   0.1662674644966105   0.1662674644966083   0.1662674644966076   0.1662674644966237   0.1662674644966159   0.1662674644966053   0.1662674644966147   0.1662674644966242   0.1662674644966060   0.1662674644965973   0.1662674644966044   0.1662674644966123   0.1662674644966015   0.1662674644965941   0.1662674644965921   0.1662674644966084   0.1662674644965961   0.1662674644965890   0.1662674644965943   0.1662674644965850   0.1662674644966059   0.1662674644965912   0.1662674644965862   0.1662674644965850   0.1662674644965789   0.1662674644965920   0.1662674644965806   0.1662674644965670   0.1662674644965771   0.1662674644965761   0.1662674644965918   0.1662674644965602   0.1662674644965711   0.1662674644965526   0.1662674644965646   0.1662674644965684   0.1662674644965962   0.1662674644966114   0.1662674644966016   0.1662674644965711   0.1662674644964329   0.1662674644962321   0.1662674644960822   0.1662674644960539   0.1662674644961646   0.1662674644962889   0.1662674644962493   0.1662674644960622   0.1662674644958242   0.1662674644956273   0.1662674644955373   0.1662674644955235   0.1662674644949812   0.1662674644978894   0.1662674644925419   0.1662674644934182   0.1662674644912620   0.1662674644945231   0.1662674644999197   0.1662674644839980   0.1662674644686034   0.1662674645768722   0.1662674627458083   0.1662675022511308   0.1662666835277491   0.1662836123939782   0.1659354057618459   0.1729991603702940   0.0000000000000000   0.0000000000000000   0.0000000000000000   0.0000000000000000   0.0000000000000000   0.1699888323312387   0.1682366329402674   0.0000000000000000   0.0000000000000000   0.0000000000000000   0.0000000000000000   0.1716608461004697   0.1660417856645004   0.1662772536871946   0.1662670142617039   0.1662674590839268   0.1662681308206223   0.1662580180575501   0.1662851467754868   0.1673952787259299   0.1421384979697337   0.0069583110651773   0.0016107121066174   0.0013387228326763   0.0011908925002834   0.0010637145025794   0.0009696794507986   0.0008469478723489   0.0006859199504276   0.0005247063163640   0.0003802941910529   0.0002519097103822   0.0001444877423663   0.0000651556953054   0.0000000000000000   0.0000000000000000   0.0000000000000000   0.0000000000000000   0.0000000000000000   0.0000000000000000   0.0000000000000000   0.0000000000000000   0.0000000000000000   0.0000000000000000   0.0000000000000000   0.0000000000000000   0.0000000000000000   0.0000000000000000   0.0000000000000000   0.0000000000000000   0.0000000000000000
   0.0000000000000000   0.0000000000000000   0.0000000000000000   0.0000000000000000   0.0000000000000000   0.0000000000000000   0.0000000000000000   0.0000000000000000   0.1730196795177822   0.1659511103579000   0.1662823005117433   0.1662667644096627   0.1662674980895378   0.1662674629126333   0.1662674645694959   0.1662674644934423   0.1662674644967444   0.1662674644965907   0.1662674644966131   0.1662674644966336   0.1662674644966227   0.1662674644966037   0.1662674644966145   0.1662674644966166   0.1662674644966129   0.1662674644966201   0.1662674644965990   0.1662674644966281   0.1662674644966136   0.1662674644966245   0.1662674644966121   0.1662674644966169   0.1662674644966070   0.1662674644966065   0.1662674644966129   0.1662674644966153   0.1662674644966120   0.1662674644966067   0.1662674644966266   0.1662674644965988   0.1662674644966063   0.1662674644966182   0.1662674644966037   0.1662674644966207   0.1662674644966224   0.1662674644966121   0.1662674644966220   0.1662674644966161   0.1662674644966041   0.1662674644966178   0.1662674644966162   0.1662674644966148   0.1662674644966055   0.1662674644966133   0.1662674644966139   0.1662674644966117   0.1662674644966175   0.1662674644966120   0.1662674644966170   0.1662674644966234   0.1662674644966273   0.1662674644966220   0.1662674644966062   0.1662674644965976   0.1662674644966335   0.1662674644966291   0.1662674644966199   0.1662674644966312   0.1662674644966154   0.1662674644966135   0.1662674644966157   0.1662674644966228   0.1662674644966027   0.1662674644966155   0.1662674644966149   0.1662674644966145   0.1662674644966112   0.1662674644966109   0.1662674644966141   0.1662674644966164   0.1662674644966507   0.1662674644966764   0.1662674644967021   0.1662674644966980   0.1662674644966192   0.1662674644964414   0.1662674644962689   0.1662674644961234   0.1662674644961041   0.1662674644961494   0.1662674644962232   0.1662674644962889   0.1662674644963348   0.1662674644963683   0.1662674644957208   0.1662674644992883   0.1662674644922649   0.1662674644953207   0.1662674644901451   0.1662674644977295   0.1662674644976112   0.1662674644883352   0.1662674644726803   0.1662674645698878   0.1662674629613080   0.1662674980061259   0.1662667621215728   0.1662823112636672   0.1659510192853968   0.1730117557650244   0.0000000000000000   0.0000000000000000   0.0000000000000000   0.0000000000000000   0.0000000000000000   0.1730116158231459   0.1680282465418904   0.1683429213976516   0.1662420669076878   0.1662428529041887   0.1682942498052851   0.1682108631414256   0.1661549154410745   0.1662734161726219   0.1662673865345711   0.1662681042068922   0.1662664512460822   0.1662351347500883   0.1670486354544307   0.1611261417326504   0.0142804840837586   0.0019002337809246   0.0015848847716688   0.0014452243865719   0.0012973549149868   0.0011790356241492   0.0010914611077044   0.0009747438903014   0.0008134218123305   0.0006450205682795   0.0004848944793308   0.0003252036720299   0.0001653315000888   0.0000482005904972   0.0000000000000000   0.0000000000000000   0.0000000000000000   0.0000000000000000   0.0000000000000000   0.0000000000000000   0.0000000000000000   0.0000000000000000   0.0000000000000000   0.0000000000000000   0.0000000000000000   0.0000000000000000   0.0000000000000000   0.0000000000000000   0.0000000000000000   0.0000000000000000   0.0000000000000000
   0.0000000000000000   0.0000000000000000   0.0000000000000000   0.0000000000000000   0.0000000000000000   0.0000000000000000   0.0000000000000000   0.0000000000000000   0.1729985381526929   0.1659352688260753   0.1662835699344141   0.1662666661262251   0.1662675003083528   0.1662674630114029   0.1662674645477810   0.1662674644949732   0.1662674644966730   0.1662674644966244   0.1662674644966228   0.1662674644966264   0.1662674644966232   0.1662674644966073   0.1662674644966279   0.1662674644966239   0.1662674644966180   0.1662674644966261   0.1662674644966013   0.1662674644966129   0.1662674644966215   0.1662674644966325   0.1662674644966220   0.1662674644966088   0.1662674644966161   0.1662674644966174   0.1662674644966227   0.1662674644966168   0.1662674644966246   0.1662674644966166   0.1662674644966166   0.1662674644966349   0.1662674644966152   0.1662674644966288   0.1662674644966251   0.1662674644966136   0.1662674644966185   0.1662674644966252   0.1662674644966166   0.1662674644966287   0.1662674644966147   0.1662674644966170   0.1662674644966164   0.1662674644966121   0.1662674644966243   0.1662674644966265   0.1662674644966283   0.1662674644966250   0.1662674644966357   0.1662674644966445   0.1662674644966322   0.1662674644966390   0.1662674644966324   0.1662674644966350   0.1662674644966456   0.1662674644966376   0.1662674644966456   0.1662674644966406   0.1662674644966414   0.1662674644966516   0.1662674644966374   0.1662674644966552   0.1662674644966544   0.1662674644966643   0.1662674644966551   0.1662674644966692   0.1662674644966676   0.1662674644966717   0.1662674644966637   0.1662674644966683   0.1662674644966673   0.1662674644966659   0.1662674644966802   0.1662674644966903   0.1662674644966830   0.1662674644967440   0.1662674644967979   0.1662674644968460   0.1662674644968875   0.1662674644968786   0.1662674644968279   0.1662674644967923   0.1662674644967196   0.1662674644966825   0.1662674644966498   0.1662674644966813   0.1662674644960165   0.1662674644997723   0.1662674644928305   0.1662674644947374   0.1662674644912056   0.1662674644964644   0.1662674644967961   0.1662674644928797   0.1662674644726050   0.1662674645512457   0.1662674633189034   0.1662674898792416   0.1662669361911087   0.1662785925542056   0.1660285776062254   0.1716321583362377   0.0000000000000000   0.0000000000000000   0.0000000000000000   0.0000000000000000   0.0000000000000000   0.1716047562361357   0.1659515622404365   0.1662028388166791   0.1662446897253002   0.1662450438426046   0.1661923198254033   0.1661935884841900   0.1662444123881728   0.1662652268870342   0.1662613706365454   0.1662611479372307   0.1662321579614145   0.1664831907869962   0.1668023445462708   0.0998854563013568   0.0019062176608518   0.0018362716403475   0.0017083743215337   0.0015774177930002   0.0014542117757455   0.0013505538411827   0.0012625456688102   0.0011357680335394   0.0009618145634355   0.0007815521913808   0.0006075836944233   0.0004351268337022   0.0002459270486651   0.0000000000000000   0.0000000000000000   0.0000000000000000   0.0000000000000000   0.0000000000000000   0.0000000000000000   0.0000000000000000   0.0000000000000000   0.0000000000000000   0.0000000000000000   0.0000000000000000   0.0000000000000000   0.0000000000000000   0.0000000000000000   0.0000000000000000   0.0000000000000000   0.0000000000000000   0.0000000000000000
   0.0000000000000000   0.0000000000000000   0.0000000000000000   0.0000000000000000   0.0000000000000000   0.0000000000000000   0.0000000000000000   0.0000000000000000   0.1729992473043100   0.1659371369019873   0.1662847771811869   0.1662668958314004   0.1662674764775838   0.1662674650291223   0.1662674644533768   0.1662674644969955   0.1662674644968044   0.1662674644965957   0.1662674644966175   0.1662674644966075   0.1662674644966116   0.1662674644966134   0.1662674644966239   0.1662674644966151   0.1662674644966141   0.1662674644966319   0.1662674644966305   0.1662674644966141   0.1662674644966094   0.1662674644966223   0.1662674644966163   0.1662674644966037   0.1662674644966196   0.1662674644966100   0.1662674644966121   0.1662674644966103   0.1662674644966105   0.1662674644966276   0.1662674644965983   0.1662674644966080   0.1662674644965979   0.1662674644966132   0.1662674644966272   0.1662674644966012   0.1662674644966190   0.1662674644966196   0.1662674644966043   0.1662674644966126   0.1662674644965951   0.1662674644966221   0.1662674644966188   0.1662674644966032   0.1662674644966230   0.1662674644966041   0.1662674644966226   0.1662674644966005   0.1662674644966026   0.1662674644966163   0.1662674644966110   0.1662674644965956   0.1662674644966169   0.1662674644965946   0.1662674644966134   0.1662674644966127   0.1662674644966131   0.1662674644966101   0.1662674644966100   0.1662674644966285   0.1662674644966087   0.1662674644965947   0.1662674644966073   0.1662674644965914   0.1662674644966067   0.1662674644966077   0.1662674644965933   0.1662674644965932   0.1662674644965987   0.1662674644966089   0.1662674644965867   0.1662674644965918   0.1662674644966080   0.1662674644966035   0.1662674644965898   0.1662674644965864   0.1662674644966101   0.1662674644966133   0.1662674644966241   0.1662674644966735   0.1662674644967344   0.1662674644967775   0.1662674644968437   0.1662674644968980   0.1662674644969604   0.1662674644970098   0.1662674644964587   0.1662674644997894   0.1662674644948945   0.1662674644923889   0.1662674644955582   0.1662674644916440   0.1662674645011282   0.1662674644957209   0.1662674644838801   0.1662674645325933   0.1662674637709009   0.1662674796936605   0.1662671664196754   0.1662732433685618   0.1661590667044218   0.1681093640379256   0.1701438759454649   0.0000000000000000   0.0000000000000000   0.0000000000000000   0.1701071873930000   0.1680831661436402   0.1660851312726634   0.1661947552842526   0.1661809067541252   0.1661746334662901   0.1661689303524988   0.1661612629815337   0.1661512192434854   0.1661407006499012   0.1661298918622861   0.1661231125101230   0.1660116896826909   0.1677202764335755   0.1407802629911996   0.0061385093511272   0.0022605496821160   0.0020386523869971   0.0018870835908268   0.0017642783242300   0.0016634128081485   0.0015747685668778   0.0014686086861615   0.0013112614814535   0.0011181930802138   0.0009273567663864   0.0007433933078097   0.0005633148518055   0.0003960284745571   0.0002752110956428   0.0000000000000000   0.0000000000000000   0.0000000000000000   0.0000000000000000   0.0000000000000000   0.0000000000000000   0.0000000000000000   0.0000000000000000   0.0000000000000000   0.0000000000000000   0.0000000000000000   0.0000000000000000   0.0000000000000000   0.0000000000000000   0.0000000000000000   0.0000000000000000   0.0000000000000000
   0.0000000000000000   0.0000000000000000   0.0000000000000000   0.0000000000000000   0.0000000000000000   0.0000000000000000   0.0000000000000000   0.0000000000000000   0.1730022508608350   0.1659000693015320   0.1662602102904792   0.1662686065507017   0.1662673591566460   0.1662674681053509   0.1662674645369800   0.1662674644798779   0.1662674644982768   0.1662674644964804   0.1662674644966160   0.1662674644966220   0.1662674644966053   0.1662674644966173   0.1662674644966176   0.1662674644966045   0.1662674644966008   0.1662674644966113   0.1662674644966093   0.1662674644966074   0.1662674644966035   0.1662674644966299   0.1662674644966027   0.1662674644966131   0.1662674644966223   0.1662674644966133   0.1662674644966106   0.1662674644966269   0.1662674644966194   0.1662674644966169   0.1662674644966163   0.1662674644966133   0.1662674644966154   0.1662674644966063   0.1662674644966130   0.1662674644966260   0.1662674644966102   0.1662674644966132   0.1662674644966236   0.1662674644966138   0.1662674644966114   0.1662674644966161   0.1662674644966152   0.1662674644966273   0.1662674644966136   0.1662674644966047   0.1662674644966125   0.1662674644966193   0.1662674644966116   0.1662674644966211   0.1662674644966008   0.1662674644966157   0.1662674644966248   0.1662674644966027   0.1662674644966182   0.1662674644966061   0.1662674644966187   0.1662674644966248   0.1662674644966042   0.1662674644966272   0.1662674644966067   0.1662674644966218   0.1662674644966244   0.1662674644966143   0.1662674644966037   0.1662674644966256   0.1662674644966047   0.1662674644966153   0.1662674644966197   0.1662674644966225   0.1662674644966150   0.1662674644966121   0.1662674644966061   0.1662674644966155   0.1662674644966127   0.1662674644966012   0.1662674644965893   0.1662674644965904   0.1662674644965768   0.1662674644965895   0.1662674644965801   0.1662674644965634   0.1662674644965855   0.1662674644965841   0.1662674644965665   0.1662674644965920   0.1662674644960879   0.1662674644985295   0.1662674644968511   0.1662674644900257   0.1662674644988873   0.1662674644896958   0.1662674645016839   0.1662674644982826   0.1662674644855553   0.1662674644960052   0.1662674641273520   0.1662674710511841   0.1662673538190356   0.1662691193366474   0.1662504576175013   0.1661162320344696   0.1681135484450293   0.1681999636097957   0.1661584675828310   0.1682646392479216   0.1681380264828019   0.1659713916893903   0.1660932986309200   0.1661017252359490   0.1660886198586574   0.1660773007910691   0.1660654260999977   0.1660529741050097   0.1660397411495233   0.1660255130559319   0.1660101191159178   0.1659982034461756   0.1658279236166193   0.1701217879122835   0.0188334590361110   0.0026127442060092   0.0024315218438728   0.0022112470875930   0.0020979341089698   0.0020087894427026   0.0019271940454629   0.0018279222444695   0.0016843978289401   0.0014873671648096   0.0012783417512676   0.0010808105870849   0.0008949489097682   0.0007224679073754   0.0005662375583647   0.0004183755053576   0.0002409927892505   0.0000000000000000   0.0000000000000000   0.0000000000000000   0.0000000000000000   0.0000000000000000   0.0000000000000000   0.0000000000000000   0.0000000000000000   0.0000000000000000   0.0000000000000000   0.0000000000000000   0.0000000000000000   0.0000000000000000   0.0000000000000000   0.0000000000000000   0.0000000000000000
   0.0000000000000000   0.0000000000000000   0.0000000000000000   0.0000000000000000   0.0000000000000000   0.0000000000000000   0.0000000000000000   0.0000000000000000   0.1716554893891583   0.1680595693680189   0.1661643469876505   0.1662740168169218   0.1662674078281621   0.1662674509071552   0.1662674659650179   0.1662674643876809   0.1662674645036223   0.1662674644962030   0.1662674644966304   0.1662674644966271   0.1662674644966095   0.1662674644966304   0.1662674644966208   0.1662674644966057   0.1662674644966113   0.1662674644966024   0.1662674644966032   0.1662674644966189   0.1662674644966184   0.1662674644966228   0.1662674644966128   0.1662674644966235   0.1662674644966043   0.1662674644966305   0.1662674644966135   0.1662674644966145   0.1662674644966146   0.1662674644966279   0.1662674644966195   0.1662674644966107   0.1662674644966167   0.1662674644966138   0.1662674644966098   0.1662674644966209   0.1662674644966025   0.1662674644966040   0.1662674644966181   0.1662674644966104   0.1662674644966098   0.1662674644966013   0.1662674644966059   0.1662674644966250   0.1662674644966040   0.1662674644966240   0.1662674644966081   0.1662674644966181   0.1662674644966148   0.1662674644966059   0.1662674644966146   0.1662674644966181   0.1662674644966037   0.1662674644966130   0.1662674644966219   0.1662674644966193   0.1662674644966140   0.1662674644966169   0.1662674644966111   0.1662674644966161   0.1662674644966097   0.1662674644966092   0.1662674644966153   0.1662674644966008   0.1662674644966249   0.1662674644966148   0.1662674644966045   0.1662674644966037   0.1662674644965915   0.1662674644966196   0.1662674644966189   0.1662674644966021   0.1662674644966225   0.1662674644965990   0.1662674644966241   0.1662674644966095   0.1662674644966085   0.1662674644966169   0.1662674644966143   0.1662674644966189   0.1662674644966136   0.1662674644966282   0.1662674644966401   0.1662674644966380   0.1662674644966304   0.1662674644966592   0.1662674644964149   0.1662674644982850   0.1662674645001397   0.1662674644921179   0.1662674644976855   0.1662674644874830   0.1662674644797863   0.1662674644767927   0.1662674644573901   0.1662674644576600   0.1662674643431557   0.1662674662853985   0.1662674436821527   0.1662675706164552   0.1662702561026590   0.1662500155624124   0.1661749330391983   0.1661459208381561   0.1661659184094145   0.1661331531899079   0.1661306061478636   0.1661806228535406   0.1661986976363746   0.1661910659915713   0.1661861645526923   0.1661814340942959   0.1661766049502251   0.1661716166910172   0.1661663995449014   0.1661608663798866   0.1661557560490223   0.1661411417598543   0.1662063486675489   0.1680073097951787   0.0026983284483943   0.0028257693670150   0.0026763970735557   0.0025225642966889   0.0024025929094372   0.0023093908298185   0.0022100088578223   0.0020780233072835   0.0018883462585611   0.0016616498097513   0.0014428354112244   0.0012421563546506   0.0010572975359952   0.0008861725310895   0.0007237223015354   0.0005634793100390   0.0004171242975532   0.0002912937297514   0.0001342733850744   0.0000722154411422   0.0000000000000000   0.0000000000000000   0.0000000000000000   0.0000000000000000   0.0000000000000000   0.0000000000000000   0.0000000000000000   0.0000000000000000   0.0000000000000000   0.0000000000000000   0.0000000000000000   0.0000000000000000   0.0000000000000000
   0.0000000000000000   0.0000000000000000   0.0000000000000000   0.0000000000000000   0.0000000000000000   0.0000000000000000   0.0000000000000000   0.0000000000000000   0.0000000000000000   0.1716116961088187   0.1659939417328826   0.1662550287609037   0.1662689254913903   0.1662673623094766   0.1662674706651444   0.1662674641484448   0.1662674645155419   0.1662674644956124   0.1662674644966667   0.1662674644966208   0.1662674644966124   0.1662674644966063   0.1662674644966171   0.1662674644966218   0.1662674644966242   0.1662674644966068   0.1662674644966288   0.1662674644966033   0.1662674644966210   0.1662674644966051   0.1662674644966053   0.1662674644966315   0.1662674644965990   0.1662674644966160   0.1662674644966144   0.1662674644966334   0.1662674644966220   0.1662674644966140   0.1662674644966185   0.1662674644965946   0.1662674644966055   0.1662674644966275   0.1662674644966096   0.1662674644966310   0.1662674644966012   0.1662674644966028   0.1662674644966050   0.1662674644965993   0.1662674644966173   0.1662674644966170   0.1662674644966034   0.1662674644966082   0.1662674644966128   0.1662674644966188   0.1662674644966142   0.1662674644966042   0.1662674644966131   0.1662674644966086   0.1662674644965948   0.1662674644966101   0.1662674644966099   0.1662674644966037   0.1662674644965927   0.1662674644966131   0.1662674644966091   0.1662674644966161   0.1662674644966137   0.1662674644966000   0.1662674644965982   0.1662674644966186   0.1662674644966058   0.1662674644966035   0.1662674644966126   0.1662674644966063   0.1662674644966268   0.1662674644966123   0.1662674644966153   0.1662674644965971   0.1662674644966082   0.1662674644966069   0.1662674644966105   0.1662674644965976   0.1662674644966127   0.1662674644966101   0.1662674644965881   0.1662674644965977   0.1662674644966180   0.1662674644966249   0.1662674644966257   0.1662674644966305   0.1662674644966352   0.1662674644966422   0.1662674644966314   0.1662674644967528   0.1662674644972393   0.1662674644994282   0.1662674645021941   0.1662674644911200   0.1662674644792176   0.1662674644660000   0.1662674644503081   0.1662674644657083   0.1662674644841736   0.1662674644905653   0.1662674644639458   0.1662674646997536   0.1662674646752290   0.1662674233107441   0.1662675799705188   0.1662689695907613   0.1662714724625614   0.1662728631715219   0.1662730940563263   0.1662737116432087   0.1662735763981188   0.1662721130770015   0.1662711361415748   0.1662711803358624   0.1662714590866536   0.1662716940222170   0.1662719316846033   0.1662721773876433   0.1662724411262887   0.1662725852933613   0.1662751734378480   0.1662338921537388   0.1669748347369117   0.1542484800146640   0.0034616072855896   0.0032159265069558   0.0030905116677422   0.0029061718816840   0.0027513049041336   0.0026270811956143   0.0024895151946627   0.0023071024272949   0.0020763150210849   0.0018350951428130   0.0016106292657799   0.0014065625646710   0.0012187271867047   0.0010418454189269   0.0008712765179125   0.0007071538466499   0.0005544107103644   0.0004074714311856   0.0002585451288281   0.0001292989311480   0.0000000000000000   0.0000000000000000   0.0000000000000000   0.0000000000000000   0.0000000000000000   0.0000000000000000   0.0000000000000000   0.0000000000000000   0.0000000000000000   0.0000000000000000   0.0000000000000000   0.0000000000000000   0.0000000000000000
   0.0000000000000000   0.0000000000000000   0.0000000000000000   0.0000000000000000   0.0000000000000000   0.0000000000000000   0.0000000000000000   0.0000000000000000   0.0000000000000000   0.1716783387854361   0.1680728334562992   0.1661617713248608   0.1662731089798306   0.1662671728330146   0.1662674793333450   0.1662674637489289   0.1662674645341188   0.1662674644947265   0.1662674644967232   0.1662674644966032   0.1662674644966086   0.1662674644966071   0.1662674644966105   0.1662674644966270   0.1662674644966216   0.1662674644966017   0.1662674644966111   0.1662674644966120   0.1662674644966174   0.1662674644966133   0.1662674644966136   0.1662674644966229   0.1662674644966175   0.1662674644965929   0.1662674644966045   0.1662674644966214   0.1662674644966131   0.1662674644965973   0.1662674644966065   0.1662674644966252   0.1662674644966170   0.1662674644966097   0.1662674644966103   0.1662674644965983   0.1662674644966312   0.1662674644966182   0.1662674644966052   0.1662674644966246   0.1662674644966168   0.1662674644966148   0.1662674644965993   0.1662674644966323   0.1662674644966200   0.1662674644966035   0.1662674644965924   0.1662674644966269   0.1662674644966144   0.1662674644966025   0.1662674644966028   0.1662674644965993   0.1662674644966112   0.1662674644966165   0.1662674644966119   0.1662674644966221   0.1662674644966055   0.1662674644966144   0.1662674644966148   0.1662674644965993   0.1662674644966085   0.1662674644966154   0.1662674644966115   0.1662674644966098   0.1662674644966025   0.1662674644966083   0.1662674644966042   0.1662674644966063   0.1662674644966110   0.1662674644966116   0.1662674644965922   0.1662674644966281   0.1662674644966106   0.1662674644966053   0.1662674644966160   0.1662674644966185   0.1662674644966068   0.1662674644965988   0.1662674644966134   0.1662674644966195   0.1662674644966396   0.1662674644966433   0.1662674644966472   0.1662674644966404   0.1662674644966923   0.1662674644974775   0.1662674644993386   0.1662674644999054   0.1662674644940108   0.1662674644725167   0.1662674644496998   0.1662674644509071   0.1662674644570928   0.1662674644561470   0.1662674644425060   0.1662674644038984   0.1662674643825949   0.1662674643812789   0.1662674649493521   0.1662674644895709   0.1662674447619845   0.1662673775391480   0.1662672804793374   0.1662672124903415   0.1662671828141478   0.1662671657783260   0.1662671798128114   0.1662672300217896   0.1662672724072864   0.1662672796354843   0.1662672686659608   0.1662672569326085   0.1662672449142379   0.1662672319444617   0.1662672325630881   0.1662669628848310   0.1662719838347620   0.1661740610859105   0.1680501626069097   0.1315217520159686   0.0040389025948566   0.0035877350331867   0.0034798845542204   0.0033110299975279   0.0031282280015958   0.0029501865691257   0.0027497200366437   0.0025114280090071   0.0022550122174609   0.0020068837028499   0.0017772285843067   0.0015668992675144   0.0013717595017811   0.0011867271291490   0.0010085203580728   0.0008355951557291   0.0006661345769164   0.0005004738428770   0.0003377801414452   0.0001660152132778   0.0000000000000000   0.0000000000000000   0.0000000000000000   0.0000000000000000   0.0000000000000000   0.0000000000000000   0.0000000000000000   0.0000000000000000   0.0000000000000000   0.0000000000000000   0.0000000000000000   0.0000000000000000   0.0000000000000000
   0.0000000000000000   0.0000000000000000   0.0000000000000000   0.0000000000000000   0.0000000000000000   0.0000000000000000   0.0000000000000000   0.0000000000000000   0.0000000000000000   0.0000000000000000   0.1716077114301359   0.1660295114336290   0.1662785361311495   0.1662669393866392   0.1662674896341578   0.1662674632822860   0.1662674645555551   0.1662674644938186   0.1662674644967399   0.1662674644966029   0.1662674644966208   0.1662674644966278   0.1662674644966014   0.1662674644965956   0.1662674644966191   0.1662674644966097   0.1662674644966098   0.1662674644966099   0.1662674644966001   0.1662674644966163   0.1662674644965978   0.1662674644966111   0.1662674644966096   0.1662674644966078   0.1662674644966291   0.1662674644966109   0.1662674644966124   0.1662674644966124   0.1662674644966105   0.1662674644966148   0.1662674644965940   0.1662674644965998   0.1662674644966197   0.1662674644966061   0.1662674644966127   0.1662674644966119   0.1662674644966218   0.1662674644966053   0.1662674644966203   0.1662674644966142   0.1662674644966175   0.1662674644965991   0.1662674644966171   0.1662674644966047   0.1662674644966185   0.1662674644965993   0.1662674644966317   0.1662674644966139   0.1662674644966023   0.1662674644966257   0.1662674644966056   0.1662674644966161   0.1662674644966188   0.1662674644966087   0.1662674644965837   0.1662674644966059   0.1662674644966064   0.1662674644966053   0.1662674644966104   0.1662674644966053   0.1662674644966077   0.1662674644966078   0.1662674644966226   0.1662674644966131   0.1662674644966135   0.1662674644965925   0.1662674644966167   0.1662674644966090   0.1662674644966092   0.1662674644966116   0.1662674644966188   0.1662674644966127   0.1662674644966049   0.1662674644966255   0.1662674644966139   0.1662674644966112   0.1662674644966176   0.1662674644966500   0.1662674644966421   0.1662674644966393   0.1662674644966524   0.1662674644966141   0.1662674644972587   0.1662674644996052   0.1662674645003351   0.1662674644897542   0.1662674644668675   0.1662674644487784   0.1662674644480819   0.1662674644539171   0.1662674644383909   0.1662674644111851   0.1662674644347515   0.1662674645033664   0.1662674645430874   0.1662674645271771   0.1662674644872639   0.1662674646982140   0.1662674659936425   0.1662674691044220   0.1662674732060325   0.1662674764496995   0.1662674782829091   0.1662674786801602   0.1662674782565813   0.1662674759807387   0.1662674742166112   0.1662674740791327   0.1662674740572032   0.1662674747336603   0.1662674754252849   0.1662674747140199   0.1662674956790107   0.1662670784031218   0.1662756052310581   0.1661017983605085   0.1696115453909606   0.0895384140173306   0.0046225331360149   0.0040404300605094   0.0039325493166167   0.0037726992694249   0.0035203616674215   0.0032557244150736   0.0029836773773493   0.0027025605018075   0.0024299630537677   0.0021745757993985   0.0019374285478724   0.0017178747091857   0.0015129137465629   0.0013184744172663   0.0011306329275871   0.0009453663079834   0.0007603200497229   0.0005777284455790   0.0004012233987119   0.0002411646555208   0.0001140498108879   0.0000000000000000   0.0000000000000000   0.0000000000000000   0.0000000000000000   0.0000000000000000   0.0000000000000000   0.0000000000000000   0.0000000000000000   0.0000000000000000   0.0000000000000000   0.0000000000000000   0.0000000000000000
   0.0000000000000000   0.0000000000000000   0.0000000000000000   0.0000000000000000   0.0000000000000000   0.0000000000000000   0.0000000000000000   0.0000000000000000   0.0000000000000000   0.0000000000000000   0.1730196879092995   0.1659511193602466   0.1662823014117672   0.1662667641072026   0.1662674980677629   0.1662674628946901   0.1662674645674946   0.1662674644937181   0.1662674644968029   0.1662674644966108   0.1662674644966219   0.1662674644966185   0.1662674644966163   0.1662674644966159   0.1662674644966197   0.1662674644966281   0.1662674644966105   0.1662674644966214   0.1662674644966216   0.1662674644966312   0.1662674644966036   0.1662674644966137   0.1662674644966198   0.1662674644966118   0.1662674644966138   0.1662674644966231   0.1662674644966136   0.1662674644966177   0.1662674644966217   0.1662674644966304   0.1662674644966081   0.1662674644966096   0.1662674644966260   0.1662674644966112   0.1662674644966148   0.1662674644966165   0.1662674644966179   0.1662674644966174   0.1662674644966152   0.1662674644966111   0.1662674644966176   0.1662674644966286   0.1662674644966073   0.1662674644966164   0.1662674644966146   0.1662674644966211   0.1662674644966134   0.1662674644966025   0.1662674644966083   0.1662674644966296   0.1662674644966034   0.1662674644966139   0.1662674644966177   0.1662674644966256   0.1662674644966083   0.1662674644966021   0.1662674644965970   0.1662674644966100   0.1662674644966142   0.1662674644966144   0.1662674644966031   0.1662674644966133   0.1662674644966176   0.1662674644966236   0.1662674644966079   0.1662674644966192   0.1662674644966288   0.1662674644966115   0.1662674644966136   0.1662674644966245   0.1662674644966101   0.1662674644966143   0.1662674644966076   0.1662674644966250   0.1662674644966350   0.1662674644966125   0.1662674644966543   0.1662674644966609   0.1662674644966516   0.1662674644966885   0.1662674644965908   0.1662674644968774   0.1662674644992579   0.1662674645015936   0.1662674644908852   0.1662674644614186   0.1662674644423758   0.1662674644542113   0.1662674644543485   0.1662674644209527   0.1662674644177602   0.1662674644667181   0.1662674644927151   0.1662674644550456   0.1662674644050981   0.1662674643882383   0.1662674643563533   0.1662674642242264   0.1662674639909307   0.1662674637451362   0.1662674635976584   0.1662674636067902   0.1662674637531166   0.1662674636877282   0.1662674639370098   0.1662674640447548   0.1662674641307889   0.1662674644863767   0.1662674643266778   0.1662674641918292   0.1662674643770861   0.1662674634123050   0.1662674852890493   0.1662669527593633   0.1662787962603097   0.1660306787407921   0.1712654652097354   0.0225691020433044   0.0051060049762119   0.0046191698312349   0.0045046955349004   0.0042578760777594   0.0038784752500249   0.0035284940229998   0.0032003780382332   0.0028897807057412   0.0026020004991923   0.0023356733261492   0.0020878115120152   0.0018567351163135   0.0016402928878205   0.0014349655499046   0.0012363497720125   0.0010403580227746   0.0008453848253718   0.0006538978679373   0.0004739018995982   0.0003123765351235   0.0001613818719225   0.0000000000000000   0.0000000000000000   0.0000000000000000   0.0000000000000000   0.0000000000000000   0.0000000000000000   0.0000000000000000   0.0000000000000000   0.0000000000000000   0.0000000000000000   0.0000000000000000   0.0000000000000000
   0.0000000000000000   0.0000000000000000   0.0000000000000000   0.0000000000000000   0.0000000000000000   0.0000000000000000   0.0000000000000000   0.0000000000000000   0.0000000000000000   0.0000000000000000   0.1729985379275648   0.1659352690871289   0.1662835713610601   0.1662666678089310   0.1662675012251693   0.1662674632238887   0.1662674645428442   0.1662674644881485   0.1662674644971689   0.1662674644966294   0.1662674644966121   0.1662674644966313   0.1662674644966088   0.1662674644966279   0.1662674644966153   0.1662674644966231   0.1662674644966195   0.1662674644966133   0.1662674644966282   0.1662674644966312   0.1662674644966202   0.1662674644966231   0.1662674644966105   0.1662674644966136   0.1662674644966178   0.1662674644966104   0.1662674644966234   0.1662674644966126   0.1662674644966163   0.1662674644966143   0.1662674644966157   0.1662674644966162   0.1662674644966005   0.1662674644966220   0.1662674644966057   0.1662674644966116   0.1662674644966143   0.1662674644966115   0.1662674644966047   0.1662674644966226   0.1662674644966106   0.1662674644966146   0.1662674644966293   0.1662674644966194   0.1662674644966317   0.1662674644966157   0.1662674644966087   0.1662674644966090   0.1662674644966064   0.1662674644966090   0.1662674644966225   0.1662674644966050   0.1662674644966174   0.1662674644966182   0.1662674644966223   0.1662674644966162   0.1662674644966124   0.1662674644966071   0.1662674644966138   0.1662674644966294   0.1662674644966226   0.1662674644966135   0.1662674644966199   0.1662674644966298   0.1662674644966312   0.1662674644966176   0.1662674644966349   0.1662674644966468   0.1662674644966273   0.1662674644966254   0.1662674644966284   0.1662674644966386   0.1662674644966358   0.1662674644966252   0.1662674644966032   0.1662674644966123   0.1662674644966074   0.1662674644965704   0.1662674644965690   0.1662674644964819   0.1662674644963123   0.1662674644978784   0.1662674645022256   0.1662674644955359   0.1662674644625681   0.1662674644368478   0.1662674644530700   0.1662674644549828   0.1662674644164004   0.1662674644284316   0.1662674644916558   0.1662674644895188   0.1662674644467978   0.1662674645030727   0.1662674646686542   0.1662674650504231   0.1662674663331500   0.1662674692484687   0.1662674730860544   0.1662674754456927   0.1662674744332538   0.1662674708423551   0.1662674671289771   0.1662674646027086   0.1662674632139743   0.1662674622879501   0.1662674612641405   0.1662674604325818   0.1662674599626433   0.1662674593273122   0.1662674586694934   0.1662674578000607   0.1662674596337142   0.1662671925950305   0.1662776029558933   0.1659926131200902   0.1721102957181821   0.0081350529893114   0.0056975310883460   0.0054020833145387   0.0051907229764810   0.0046812201797456   0.0041864519460226   0.0037735672014690   0.0034068025078841   0.0030733547345951   0.0027690104379848   0.0024884047243582   0.0022270400172853   0.0019826468641955   0.0017534959520225   0.0015366754240340   0.0013284643334817   0.0011257681176559   0.0009272037888352   0.0007337541189811   0.0005488384078550   0.0003762374008744   0.0002257120743877   0.0001087100242382   0.0000000000000000   0.0000000000000000   0.0000000000000000   0.0000000000000000   0.0000000000000000   0.0000000000000000   0.0000000000000000   0.0000000000000000   0.0000000000000000   0.0000000000000000   0.0000000000000000
   0.0000000000000000   0.0000000000000000   0.0000000000000000   0.0000000000000000   0.0000000000000000   0.0000000000000000   0.0000000000000000   0.0000000000000000   0.0000000000000000   0.0000000000000000   0.1729992525851402   0.1659371286663411   0.1662847389078911   0.1662668554761538   0.1662674599549974   0.1662674638735953   0.1662674650379792   0.1662674644761878   0.1662674644949625   0.1662674644969276   0.1662674644965733   0.1662674644966269   0.1662674644966304   0.1662674644966121   0.1662674644966116   0.1662674644966166   0.1662674644966181   0.1662674644966106   0.1662674644966199   0.1662674644966175   0.1662674644966050   0.1662674644966071   0.1662674644966271   0.1662674644966297   0.1662674644966259   0.1662674644966073   0.1662674644966330   0.1662674644966095   0.1662674644966104   0.1662674644966118   0.1662674644966155   0.1662674644966231   0.1662674644966345   0.1662674644966211   0.1662674644966179   0.1662674644966221   0.1662674644966222   0.1662674644966151   0.1662674644966179   0.1662674644966118   0.1662674644966195   0.1662674644966154   0.1662674644966137   0.1662674644966136   0.1662674644966148   0.1662674644966156   0.1662674644966166   0.1662674644966360   0.1662674644966205   0.1662674644966159   0.1662674644966223   0.1662674644966403   0.1662674644966314   0.1662674644966242   0.1662674644966220   0.1662674644966534   0.1662674644966380   0.1662674644966335   0.1662674644966505   0.1662674644966263   0.1662674644966155   0.1662674644966270   0.1662674644965994   0.1662674644965940   0.1662674644965794   0.1662674644965650   0.1662674644965129   0.1662674644964961   0.1662674644964552   0.1662674644964206   0.1662674644963704   0.1662674644963492   0.1662674644963120   0.1662674644962762   0.1662674644962661   0.1662674644963267   0.1662674644963571   0.1662674644964423   0.1662674644966482   0.1662674644966401   0.1662674644971932   0.1662674645022953   0.1662674645040957   0.1662674644738952   0.1662674644360454   0.1662674644542274   0.1662674644617737   0.1662674644098817   0.1662674644397954   0.1662674645265617   0.1662674645049684   0.1662674644778877   0.1662674646235901   0.1662674641665600   0.1662674623808627   0.1662674576431964   0.1662674359201231   0.1662673745121795   0.1662672825044546   0.1662672216099958   0.1662672475355698   0.1662673373369879   0.1662674205088531   0.1662674665300766   0.1662674919080829   0.1662675125513696   0.1662675303929980   0.1662675455600812   0.1662675589814361   0.1662675712147026   0.1662675840520467   0.1662675939483274   0.1662676054996333   0.1662684503751768   0.1662558382992408   0.1662679869127683   0.1713190504456602   0.0048012648006805   0.0064605485920893   0.0062974578589394   0.0057621235044176   0.0050361331637317   0.0044600899623696   0.0039988232996420   0.0036021705617226   0.0032486468084303   0.0029274641039289   0.0026311846360995   0.0023548117489107   0.0020960712934696   0.0018538291495668   0.0016262002703020   0.0014105793957220   0.0012044776648390   0.0010059546412835   0.0008138405572637   0.0006283382115858   0.0004522508657159   0.0002879390391273   0.0001340418336874   0.0000000000000000   0.0000000000000000   0.0000000000000000   0.0000000000000000   0.0000000000000000   0.0000000000000000   0.0000000000000000   0.0000000000000000   0.0000000000000000   0.0000000000000000   0.0000000000000000
   0.0000000000000000   0.0000000000000000   0.0000000000000000   0.0000000000000000   0.0000000000000000   0.0000000000000000   0.0000000000000000   0.0000000000000000   0.0000000000000000   0.0000000000000000   0.1730019338556794   0.1659000490064874   0.1662612570283598   0.1662695969703183   0.1662675662568768   0.1662674246448991   0.1662674645462092   0.1662674647227043   0.1662674644706084   0.1662674644987052   0.1662674644964829   0.1662674644966267   0.1662674644966299   0.1662674644966459   0.1662674644966161   0.1662674644966072   0.1662674644966299   0.1662674644966218   0.1662674644966104   0.1662674644966313   0.1662674644966318   0.1662674644966395   0.1662674644966419   0.1662674644966230   0.1662674644966230   0.1662674644966284   0.1662674644966317   0.1662674644966246   0.1662674644966234   0.1662674644966400   0.1662674644966331   0.1662674644966264   0.1662674644966231   0.1662674644966325   0.1662674644966347   0.1662674644966288   0.1662674644966319   0.1662674644966305   0.1662674644966230   0.1662674644966360   0.1662674644966344   0.1662674644966084   0.1662674644966153   0.1662674644966197   0.1662674644966246   0.1662674644966043   0.1662674644966186   0.1662674644966056   0.1662674644965843   0.1662674644965724   0.1662674644965692   0.1662674644965676   0.1662674644965321   0.1662674644964944   0.1662674644964643   0.1662674644964457   0.1662674644963983   0.1662674644963703   0.1662674644963441   0.1662674644963144   0.1662674644962845   0.1662674644962731   0.1662674644962821   0.1662674644962909   0.1662674644963374   0.1662674644963980   0.1662674644964856   0.1662674644966176   0.1662674644968062   0.1662674644970089   0.1662674644972542   0.1662674644975539   0.1662674644979258   0.1662674644982789   0.1662674644987421   0.1662674644992169   0.1662674644996614   0.1662674645001945   0.1662674645006164   0.1662674645005328   0.1662674645027577   0.1662674645113140   0.1662674644946355   0.1662674644406760   0.1662674644462930   0.1662674644731852   0.1662674644019770   0.1662674644222377   0.1662674645426212   0.1662674645137621   0.1662674644909166   0.1662674645710278   0.1662674647245692   0.1662674595064192   0.1662675095431284   0.1662675593298264   0.1662678233435720   0.1662690591990416   0.1662713009671214   0.1662729476890144   0.1662722601795096   0.1662699233135776   0.1662681140573323   0.1662673585205006   0.1662668982183350   0.1662664622578784   0.1662660944705658   0.1662657835795864   0.1662655103894578   0.1662652532410228   0.1662649902900438   0.1662646671954845   0.1662646848562393   0.1662625396626394   0.1662163480038979   0.1675267826398388   0.1489061121002356   0.0058849013848474   0.0071464374399103   0.0071409057858907   0.0062497588444519   0.0053720675017255   0.0047162094713855   0.0042075240748392   0.0037826109557055   0.0034099347748615   0.0030728949869262   0.0027617041559969   0.0024707108791997   0.0021979507807700   0.0019433149678430   0.0017061865474020   0.0014848484246805   0.0012769248173395   0.0010799249107697   0.0008915654926810   0.0007099181816999   0.0005330776386191   0.0003569560251034   0.0001750199546637   0.0000000000000000   0.0000000000000000   0.0000000000000000   0.0000000000000000   0.0000000000000000   0.0000000000000000   0.0000000000000000   0.0000000000000000   0.0000000000000000   0.0000000000000000   0.0000000000000000
   0.0000000000000000   0.0000000000000000   0.0000000000000000   0.0000000000000000   0.0000000000000000   0.0000000000000000   0.0000000000000000   0.0000000000000000   0.0000000000000000   0.0000000000000000   0.1716700538778143   0.1680699669964920   0.1661293861892766   0.1662505222202460   0.1662701468077528   0.1662675808589447   0.1662674428861311   0.1662674663204311   0.1662674643737072   0.1662674645040751   0.1662674644962115   0.1662674644966285   0.1662674644966068   0.1662674644966226   0.1662674644966182   0.1662674644966364   0.1662674644966300   0.1662674644966296   0.1662674644966144   0.1662674644966173   0.1662674644966222   0.1662674644966035   0.1662674644966088   0.1662674644966163   0.1662674644965982   0.1662674644966082   0.1662674644966128   0.1662674644965972   0.1662674644965920   0.1662674644965991   0.1662674644965821   0.1662674644965669   0.1662674644965617   0.1662674644965587   0.1662674644965784   0.1662674644965420   0.1662674644965314   0.1662674644965344   0.1662674644965069   0.1662674644964914   0.1662674644964873   0.1662674644964867   0.1662674644964803   0.1662674644964765   0.1662674644964616   0.1662674644964533   0.1662674644964572   0.1662674644964649   0.1662674644964686   0.1662674644965024   0.1662674644965368   0.1662674644966001   0.1662674644966922   0.1662674644967934   0.1662674644969256   0.1662674644970739   0.1662674644972646   0.1662674644974831   0.1662674644977319   0.1662674644980205   0.1662674644983131   0.1662674644986329   0.1662674644989679   0.1662674644993092   0.1662674644996280   0.1662674644999366   0.1662674645002103   0.1662674645004203   0.1662674645005801   0.1662674645006766   0.1662674645006487   0.1662674645005773   0.1662674645003505   0.1662674645000208   0.1662674644996239   0.1662674644989917   0.1662674644982926   0.1662674644974482   0.1662674644964621   0.1662674644945028   0.1662674644997904   0.1662674645050143   0.1662674644515232   0.1662674644183919   0.1662674644753379   0.1662674644068034   0.1662674643767875   0.1662674645425872   0.1662674645219409   0.1662674644839165   0.1662674645540159   0.1662674647410642   0.1662674626162454   0.1662674612406527   0.1662677684207740   0.1662631939578538   0.1662675763785669   0.1662404420273685   0.1661710862977994   0.1660996642120994   0.1660885262539528   0.1661397280909568   0.1661591428395525   0.1661536739171241   0.1661524934559128   0.1661529823538070   0.1661546509845918   0.1661571196993500   0.1661599652001509   0.1661628145232507   0.1661653634986670   0.1661673944240692   0.1661703964749977   0.1661428776879053   0.1664249083863861   0.1668422001810320   0.0731008016984079   0.0075450036989945   0.0082042988389583   0.0078160112351793   0.0067030650730909   0.0056953410867992   0.0049563809269106   0.0043975906300438   0.0039430323040815   0.0035514087602361   0.0032003634283681   0.0028768951064752   0.0025737775587038   0.0022889759431372   0.0020235343822500   0.0017781795735569   0.0015519801710496   0.0013427317723465   0.0011477339392211   0.0009640566376861   0.0007880275920214   0.0006145852683401   0.0004398918747186   0.0002716992675321   0.0001322212104078   0.0000000000000000   0.0000000000000000   0.0000000000000000   0.0000000000000000   0.0000000000000000   0.0000000000000000   0.0000000000000000   0.0000000000000000   0.0000000000000000   0.0000000000000000
   0.0000000000000000   0.0000000000000000   0.0000000000000000   0.0000000000000000   0.0000000000000000   0.0000000000000000   0.0000000000000000   0.0000000000000000   0.0000000000000000   0.0000000000000000   0.0000000000000000   0.1701375688391475   0.1681590351665124   0.1661243257269536   0.1662498139087941   0.1662691596670322   0.1662673536039501   0.1662674708620434   0.1662674641533379   0.1662674645144563   0.1662674644956694   0.1662674644966342   0.1662674644965967   0.1662674644965773   0.1662674644965696   0.1662674644965897   0.1662674644965731   0.1662674644965632   0.1662674644965786   0.1662674644965812   0.1662674644965773   0.1662674644965828   0.1662674644965815   0.1662674644965902   0.1662674644966040   0.1662674644966036   0.1662674644966021   0.1662674644966262   0.1662674644966473   0.1662674644966557   0.1662674644966882   0.1662674644967073   0.1662674644967283   0.1662674644967720   0.1662674644967901   0.1662674644968405   0.1662674644968887   0.1662674644969570   0.1662674644970138   0.1662674644971073   0.1662674644971650   0.1662674644972856   0.1662674644973703   0.1662674644974861   0.1662674644976332   0.1662674644977932   0.1662674644979525   0.1662674644981178   0.1662674644983146   0.1662674644985053   0.1662674644986875   0.1662674644989012   0.1662674644990693   0.1662674644992468   0.1662674644994036   0.1662674644994833   0.1662674644995487   0.1662674644995626   0.1662674644994737   0.1662674644993283   0.1662674644990906   0.1662674644987625   0.1662674644983476   0.1662674644978549   0.1662674644972859   0.1662674644966564   0.1662674644959830   0.1662674644952795   0.1662674644945958   0.1662674644939328   0.1662674644933016   0.1662674644927703   0.1662674644922280   0.1662674644918681   0.1662674644915715   0.1662674644913076   0.1662674644912646   0.1662674644910724   0.1662674644909235   0.1662674644891680   0.1662674645039953   0.1662674644896216   0.1662674644079067   0.1662674644569954   0.1662674644543604   0.1662674643256931   0.1662674645032450   0.1662674645431899   0.1662674644442734   0.1662674645532275   0.1662674645003155   0.1662674652170766   0.1662674486544104   0.1662676522552463   0.1662667229251992   0.1662535524393483   0.1666259451241462   0.1656160077219354   0.1643676699805455   0.1682369649289897   0.1680681597412836   0.1658726972026028   0.1660029339503695   0.1660194884148796   0.1660173825113723   0.1660204152574800   0.1660257066574295   0.1660325147269599   0.1660399584638623   0.1660472900427754   0.1660539842473100   0.1660599193263698   0.1660599252580429   0.1659996223194742   0.1677988401889626   0.1370782250814365   0.0106945718479467   0.0091935026460733   0.0091274555819251   0.0084072220035129   0.0070988019067505   0.0059826547599951   0.0051689589664869   0.0045607517666788   0.0040764283456296   0.0036672807308202   0.0033053899957703   0.0029738841811870   0.0026629189674339   0.0023694193936878   0.0020952674128091   0.0018427106133057   0.0016119604954970   0.0014013807085893   0.0012082587843552   0.0010291852088686   0.0008601627714196   0.0006973127419806   0.0005389547742342   0.0003832314971740   0.0002113314440176   0.0000000000000000   0.0000000000000000   0.0000000000000000   0.0000000000000000   0.0000000000000000   0.0000000000000000   0.0000000000000000   0.0000000000000000   0.0000000000000000   0.0000000000000000
   0.0000000000000000   0.0000000000000000   0.0000000000000000   0.0000000000000000   0.0000000000000000   0.0000000000000000   0.0000000000000000   0.0000000000000000   0.0000000000000000   0.0000000000000000   0.0000000000000000   0.0000000000000000   0.1701362539604780   0.1681459703768326   0.1661575166869020   0.1662731357194258   0.1662671847594368   0.1662674780452152   0.1662674638458238   0.1662674645278975   0.1662674644952719   0.1662674644968603   0.1662674644968243   0.1662674644968492   0.1662674644968896   0.1662674644969079   0.1662674644969319   0.1662674644969732   0.1662674644970064   0.1662674644970260   0.1662674644970554   0.1662674644970933   0.1662674644971344   0.1662674644971747   0.1662674644972051   0.1662674644972363   0.1662674644972746   0.1662674644973049   0.1662674644973409   0.1662674644973559   0.1662674644974244   0.1662674644974435   0.1662674644974702   0.1662674644974853   0.1662674644975063   0.1662674644975200   0.1662674644975543   0.1662674644975456   0.1662674644975433   0.1662674644975137   0.1662674644975179   0.1662674644974755   0.1662674644974236   0.1662674644973629   0.1662674644972791   0.1662674644971516   0.1662674644970081   0.1662674644968172   0.1662674644966279   0.1662674644963747   0.1662674644960748   0.1662674644957453   0.1662674644953932   0.1662674644950168   0.1662674644945887   0.1662674644941768   0.1662674644937726   0.1662674644933869   0.1662674644930310   0.1662674644927332   0.1662674644924989   0.1662674644923406   0.1662674644922726   0.1662674644922515   0.1662674644923143   0.1662674644923942   0.1662674644925106   0.1662674644925422   0.1662674644925495   0.1662674644923934   0.1662674644920679   0.1662674644915463   0.1662674644906350   0.1662674644895712   0.1662674644879401   0.1662674644860663   0.1662674644837139   0.1662674644809201   0.1662674644775582   0.1662674644723922   0.1662674644957147   0.1662674644297828   0.1662674643756077   0.1662674644835424   0.1662674643114723   0.1662674643704007   0.1662674645617662   0.1662674643992086   0.1662674645161676   0.1662674644954195   0.1662674647447490   0.1662674627973906   0.1662674444582227   0.1662683663205103   0.1662523297099689   0.1663854794675935   0.1664184084713224   0.1345316893355912   0.0000000000000000   0.0000000000000000   0.1700785849223611   0.1680237057444501   0.1660100906745139   0.1661265204507717   0.1661210100089476   0.1661235598317575   0.1661270227532071   0.1661312351007586   0.1661357029585175   0.1661400829910222   0.1661442670915005   0.1661435798788075   0.1661331246043900   0.1666288791846758   0.1666871577530026   0.0512819743501447   0.0096185466159582   0.0095886006715246   0.0094522752891878   0.0086166098580691   0.0073214541207280   0.0061886386323535   0.0053314251143373   0.0046839172391978   0.0041747436903338   0.0037525795707805   0.0033848012332158   0.0030506324367769   0.0027370752470271   0.0024389831316349   0.0021584565535910   0.0018995818384301   0.0016643653504867   0.0014522292870192   0.0012607062406485   0.0010862860803774   0.0009253298654289   0.0007745312713003   0.0006297558522128   0.0004853964934670   0.0003450849319069   0.0002281845039543   0.0000938824548548   0.0000000000000000   0.0000000000000000   0.0000000000000000   0.0000000000000000   0.0000000000000000   0.0000000000000000   0.0000000000000000   0.0000000000000000
   0.0000000000000000   0.0000000000000000   0.0000000000000000   0.0000000000000000   0.0000000000000000   0.0000000000000000   0.0000000000000000   0.0000000000000000   0.0000000000000000   0.0000000000000000   0.0000000000000000   0.0000000000000000   0.0000000000000000   0.1716443086627832   0.1660433366023579   0.1662771579408747   0.1662670347943461   0.1662674838665636   0.1662674636131134   0.1662674645375645   0.1662674644949653   0.1662674644969329   0.1662674644968100   0.1662674644968129   0.1662674644967887   0.1662674644967577   0.1662674644967330   0.1662674644966994   0.1662674644966678   0.1662674644966130   0.1662674644965832   0.1662674644965385   0.1662674644964904   0.1662674644964491   0.1662674644963925   0.1662674644963476   0.1662674644962785   0.1662674644962346   0.1662674644961855   0.1662674644961150   0.1662674644960427   0.1662674644959851   0.1662674644958961   0.1662674644958361   0.1662674644957742   0.1662674644956856   0.1662674644956012   0.1662674644955339   0.1662674644954646   0.1662674644953837   0.1662674644953026   0.1662674644952280   0.1662674644951529   0.1662674644950692   0.1662674644949899   0.1662674644949177   0.1662674644948472   0.1662674644947753   0.1662674644946840   0.1662674644946077   0.1662674644945298   0.1662674644944036   0.1662674644942727   0.1662674644940829   0.1662674644938367   0.1662674644935179   0.1662674644931060   0.1662674644925475   0.1662674644918630   0.1662674644910166   0.1662674644899418   0.1662674644887249   0.1662674644873094   0.1662674644856751   0.1662674644839192   0.1662674644819832   0.1662674644799656   0.1662674644778210   0.1662674644757182   0.1662674644734977   0.1662674644714259   0.1662674644692561   0.1662674644671935   0.1662674644652144   0.1662674644630929   0.1662674644611180   0.1662674644588757   0.1662674644566536   0.1662674644535467   0.1662674644505792   0.1662674644846414   0.1662674643505961   0.1662674644173097   0.1662674644315016   0.1662674642171662   0.1662674645303699   0.1662674644185488   0.1662674644266692   0.1662674645386922   0.1662674644167255   0.1662674655293954   0.1662674441570389   0.1662676892733336   0.1662666288363032   0.1662296367916267   0.1672956181635812   0.1535235644293722   0.0077003380667928   0.0000000000000000   0.0000000000000000   0.0000000000000000   0.1716349163256573   0.1660214393362045   0.1662564480980800   0.1662465704165751   0.1662475260137596   0.1662481077426238   0.1662487395850964   0.1662494002448699   0.1662501549189227   0.1662466220574813   0.1662414139889897   0.1665903732642213   0.1659903461845569   0.1189611964503807   0.0126361332989434   0.0121764433823361   0.0113852581380796   0.0103278318310350   0.0089385681227255   0.0074945849772599   0.0063235958803974   0.0054339834198604   0.0047585542853807   0.0042327891165077   0.0038041011249090   0.0034360821163283   0.0031047075970974   0.0027939975886785   0.0024959414729183   0.0022118570348340   0.0019478130866344   0.0017083114790390   0.0014943824682798   0.0013041505359902   0.0011340798099278   0.0009802178868688   0.0008388755442790   0.0007063254495824   0.0005786482832969   0.0004523465874400   0.0003214262808503   0.0001633196544247   0.0000000000000000   0.0000000000000000   0.0000000000000000   0.0000000000000000   0.0000000000000000   0.0000000000000000   0.0000000000000000   0.0000000000000000
   0.0000000000000000   0.0000000000000000   0.0000000000000000   0.0000000000000000   0.0000000000000000   0.0000000000000000   0.0000000000000000   0.0000000000000000   0.0000000000000000   0.0000000000000000   0.0000000000000000   0.0000000000000000   0.0000000000000000   0.1716306400641383   0.1660445614126130   0.1662770832408672   0.1662670387376523   0.1662674836701746   0.1662674636217071   0.1662674645362980   0.1662674644941643   0.1662674644961009   0.1662674644960116   0.1662674644959837   0.1662674644959889   0.1662674644959960   0.1662674644959776   0.1662674644959768   0.1662674644959950   0.1662674644959862   0.1662674644960045   0.1662674644960154   0.1662674644959983   0.1662674644959954   0.1662674644960048   0.1662674644960007   0.1662674644960045   0.1662674644959920   0.1662674644959687   0.1662674644959383   0.1662674644958843   0.1662674644958532   0.1662674644957827   0.1662674644957314   0.1662674644956299   0.1662674644955133   0.1662674644953644   0.1662674644951961   0.1662674644949937   0.1662674644947346   0.1662674644944582   0.1662674644941045   0.1662674644937018   0.1662674644932120   0.1662674644926535   0.1662674644919908   0.1662674644912326   0.1662674644903644   0.1662674644893439   0.1662674644882358   0.1662674644869637   0.1662674644855772   0.1662674644840752   0.1662674644824402   0.1662674644807343   0.1662674644789309   0.1662674644770812   0.1662674644752556   0.1662674644734063   0.1662674644716289   0.1662674644699238   0.1662674644683147   0.1662674644667902   0.1662674644653735   0.1662674644640226   0.1662674644627162   0.1662674644614220   0.1662674644600789   0.1662674644586778   0.1662674644570270   0.1662674644553897   0.1662674644532575   0.1662674644511578   0.1662674644485370   0.1662674644457869   0.1662674644427320   0.1662674644394280   0.1662674644358730   0.1662674644310439   0.1662674644306697   0.1662674644638065   0.1662674642716879   0.1662674644996403   0.1662674642616026   0.1662674643054725   0.1662674645345389   0.1662674643109043   0.1662674645366062   0.1662674644481252   0.1662674646318608   0.1662674639120021   0.1662674256074279   0.1662686851905102   0.1662484716507213   0.1664576244664895   0.1666966522804014   0.0857431474897932   0.0000000000000000   0.0000000000000000   0.0000000000000000   0.0000000000000000   0.1716288756995407   0.1660394033320854   0.1662724881267530   0.1662624773696139   0.1662630359611813   0.1662631354019021   0.1662633257420800   0.1662635940387521   0.1662591232255226   0.1662596561253834   0.1665863552242781   0.1656949877955147   0.1346788070021961   0.0220363996297800   0.0163501900917002   0.0146852779630439   0.0129055846427306   0.0110320376280622   0.0091962456676294   0.0076176920838685   0.0064033941813232   0.0054846018619189   0.0047867133061233   0.0042494456230145   0.0038189743925197   0.0034552663639321   0.0031314651373127   0.0028289747044157   0.0025363786072145   0.0022526860348714   0.0019854559586552   0.0017422510176676   0.0015262923567889   0.0013366348599733   0.0011697193990268   0.0010209524350797   0.0008861890169771   0.0007624906155013   0.0006461076035594   0.0005269988789303   0.0003907759865026   0.0002393406043761   0.0001100728160683   0.0000000000000000   0.0000000000000000   0.0000000000000000   0.0000000000000000   0.0000000000000000   0.0000000000000000   0.0000000000000000
   0.0000000000000000   0.0000000000000000   0.0000000000000000   0.0000000000000000   0.0000000000000000   0.0000000000000000   0.0000000000000000   0.0000000000000000   0.0000000000000000   0.0000000000000000   0.0000000000000000   0.0000000000000000   0.1716548277435616   0.1680580011125981   0.1661624160330325   0.1662728892018736   0.1662671966904195   0.1662674774742852   0.1662674638677909   0.1662674645221308   0.1662674644908359   0.1662674644923834   0.1662674644923442   0.1662674644923474   0.1662674644923531   0.1662674644923419   0.1662674644923263   0.1662674644923004   0.1662674644922243   0.1662674644921590   0.1662674644920798   0.1662674644919984   0.1662674644918943   0.1662674644917810   0.1662674644916814   0.1662674644915296   0.1662674644913887   0.1662674644912228   0.1662674644910492   0.1662674644908594   0.1662674644906618   0.1662674644904160   0.1662674644901556   0.1662674644898559   0.1662674644895639   0.1662674644892072   0.1662674644888437   0.1662674644883976   0.1662674644879455   0.1662674644874453   0.1662674644868613   0.1662674644862288   0.1662674644855426   0.1662674644847552   0.1662674644838928   0.1662674644829741   0.1662674644819253   0.1662674644808109   0.1662674644795678   0.1662674644782319   0.1662674644767864   0.1662674644752395   0.1662674644735707   0.1662674644717416   0.1662674644698486   0.1662674644678167   0.1662674644656650   0.1662674644634133   0.1662674644610510   0.1662674644586470   0.1662674644561832   0.1662674644536747   0.1662674644512107   0.1662674644487875   0.1662674644464806   0.1662674644442718   0.1662674644422152   0.1662674644402823   0.1662674644385411   0.1662674644367930   0.1662674644353361   0.1662674644335582   0.1662674644321330   0.1662674644301546   0.1662674644283689   0.1662674644259155   0.1662674644234559   0.1662674644202831   0.1662674644151108   0.1662674644208767   0.1662674644370280   0.1662674642384565   0.1662674645499485   0.1662674641087649   0.1662674644715361   0.1662674643862459   0.1662674643758019   0.1662674645219523   0.1662674643855552   0.1662674656491236   0.1662674474586466   0.1662676334648419   0.1662675282420319   0.1662109328043923   0.1675106324995737   0.1451949578795198   0.0016116251028806   0.0000000000000000   0.0000000000000000   0.0000000000000000   0.1716778383132490   0.1680709647077370   0.1661596875360658   0.1662716030335617   0.1662658513918665   0.1662661721825724   0.1662663042434314   0.1662664609054761   0.1662608926598345   0.1662688671236787   0.1666151631582331   0.1652486295832140   0.1358592756275943   0.0299057134941096   0.0194345592744661   0.0179866852873276   0.0160263905979154   0.0136287524164775   0.0113063616569623   0.0092811991708666   0.0076601862438845   0.0064239729939560   0.0054839747934936   0.0047686728516286   0.0042234246015298   0.0037943788233218   0.0034383142982718   0.0031258999158849   0.0028364508938862   0.0025551604333992   0.0022770465999902   0.0020096592349043   0.0017637738548720   0.0015453664175542   0.0013548877730212   0.0011891555785661   0.0010431512107475   0.0009118364620436   0.0007920529530481   0.0006816803818842   0.0005746356334754   0.0004577556249965   0.0003201617221699   0.0001730307846304   0.0000000000000000   0.0000000000000000   0.0000000000000000   0.0000000000000000   0.0000000000000000   0.0000000000000000   0.0000000000000000
   0.0000000000000000   0.0000000000000000   0.0000000000000000   0.0000000000000000   0.0000000000000000   0.0000000000000000   0.0000000000000000   0.0000000000000000   0.0000000000000000   0.0000000000000000   0.0000000000000000   0.0000000000000000   0.1730229403660623   0.1659153092276709   0.1662588213716249   0.1662687595488337   0.1662673716546986   0.1662674700376979   0.1662674641886534   0.1662674645100116   0.1662674644927311   0.1662674644932977   0.1662674644929799   0.1662674644927973   0.1662674644925857   0.1662674644923660   0.1662674644922070   0.1662674644920084   0.1662674644918012   0.1662674644916070   0.1662674644913967   0.1662674644911595   0.1662674644909054   0.1662674644906450   0.1662674644903669   0.1662674644900713   0.1662674644897601   0.1662674644894413   0.1662674644890688   0.1662674644887108   0.1662674644883092   0.1662674644878739   0.1662674644874152   0.1662674644869278   0.1662674644863938   0.1662674644858260   0.1662674644851726   0.1662674644844636   0.1662674644836955   0.1662674644828135   0.1662674644818898   0.1662674644808197   0.1662674644796745   0.1662674644784022   0.1662674644769682   0.1662674644754576   0.1662674644737896   0.1662674644719949   0.1662674644700645   0.1662674644679991   0.1662674644658284   0.1662674644635610   0.1662674644612071   0.1662674644588233   0.1662674644563937   0.1662674644539542   0.1662674644515147   0.1662674644491398   0.1662674644468149   0.1662674644445251   0.1662674644422769   0.1662674644400869   0.1662674644379603   0.1662674644357971   0.1662674644336692   0.1662674644315371   0.1662674644293726   0.1662674644271963   0.1662674644250355   0.1662674644227834   0.1662674644206974   0.1662674644183978   0.1662674644164556   0.1662674644141998   0.1662674644123363   0.1662674644102146   0.1662674644085019   0.1662674644067282   0.1662674644024272   0.1662674644187082   0.1662674644052856   0.1662674642714858   0.1662674645115182   0.1662674641345207   0.1662674644913359   0.1662674643858854   0.1662674643912848   0.1662674645677316   0.1662674642055185   0.1662674686626446   0.1662673915985294   0.1662686297997183   0.1662508501215874   0.1664239170074620   0.1677154936211681   0.0788214081426124   0.0000000000000000   0.0000000000000000   0.0000000000000000   0.0000000000000000   0.1716111572114965   0.1659936379417123   0.1662548958672309   0.1662687612934401   0.1662672051357997   0.1662674498235382   0.1662671650232760   0.1662590069799081   0.1662770595806254   0.1666716023111597   0.1645754509290398   0.1321653418587436   0.0346898580697770   0.0222141285433447   0.0206600651495827   0.0188652607458520   0.0163021207602564   0.0135748306268974   0.0111336549360758   0.0091208879929390   0.0075495199843924   0.0063405106407058   0.0054092022005000   0.0046937800994721   0.0041493401913278   0.0037265601296621   0.0033816962947525   0.0030840722032141   0.0028117263460818   0.0025471798642247   0.0022804406671093   0.0020166978078553   0.0017693811101243   0.0015477419898515   0.0013543432833942   0.0011871959245644   0.0010414907605328   0.0009111245841153   0.0007921641823327   0.0006855059991742   0.0005915128091029   0.0005042632075888   0.0004076006836653   0.0003005276529471   0.0001885656829668   0.0000000000000000   0.0000000000000000   0.0000000000000000   0.0000000000000000   0.0000000000000000   0.0000000000000000
   0.0000000000000000   0.0000000000000000   0.0000000000000000   0.0000000000000000   0.0000000000000000   0.0000000000000000   0.0000000000000000   0.0000000000000000   0.0000000000000000   0.0000000000000000   0.0000000000000000   0.0000000000000000   0.1716084672509187   0.1660308122815486   0.1662795249753542   0.1662671693923654   0.1662674613164417   0.1662674654880296   0.1662674644161242   0.1662674645059321   0.1662674644994565   0.1662674644993093   0.1662674644987589   0.1662674644982136   0.1662674644976403   0.1662674644970808   0.1662674644965325   0.1662674644959856   0.1662674644954549   0.1662674644949036   0.1662674644943503   0.1662674644937692   0.1662674644931915   0.1662674644925995   0.1662674644919945   0.1662674644913514   0.1662674644907157   0.1662674644900504   0.1662674644893647   0.1662674644886439   0.1662674644879197   0.1662674644871611   0.1662674644863768   0.1662674644855665   0.1662674644847026   0.1662674644837997   0.1662674644828378   0.1662674644818370   0.1662674644807479   0.1662674644795861   0.1662674644783239   0.1662674644769679   0.1662674644755004   0.1662674644739401   0.1662674644722211   0.1662674644703757   0.1662674644683863   0.1662674644662065   0.1662674644639295   0.1662674644614666   0.1662674644588730   0.1662674644561219   0.1662674644532735   0.1662674644503109   0.1662674644472617   0.1662674644442049   0.1662674644411590   0.1662674644381527   0.1662674644352555   0.1662674644325069   0.1662674644300062   0.1662674644277522   0.1662674644257896   0.1662674644241285   0.1662674644227842   0.1662674644217476   0.1662674644209236   0.1662674644203476   0.1662674644198379   0.1662674644194018   0.1662674644189803   0.1662674644183325   0.1662674644176385   0.1662674644166629   0.1662674644154973   0.1662674644142736   0.1662674644127889   0.1662674644114724   0.1662674644060555   0.1662674644297488   0.1662674643793044   0.1662674643454710   0.1662674643995346   0.1662674642947714   0.1662674643477826   0.1662674645077408   0.1662674643322216   0.1662674645929837   0.1662674639445469   0.1662674741567964   0.1662672758130814   0.1662710174876176   0.1662031188629602   0.1674227408789727   0.1469852122347436   0.0000000000000000   0.0000000000000000   0.0000000000000000   0.0000000000000000   0.1716780841460541   0.1680730241614450   0.1661629374131826   0.1662741030134874   0.1662674356510431   0.1662674706096968   0.1662663621991414   0.1662587698887830   0.1663127750485514   0.1668153872450406   0.1635875016564187   0.1248266625742153   0.0372526739868963   0.0247618209889724   0.0232753007718604   0.0214862977523263   0.0187929672197654   0.0157031149356361   0.0129013186861906   0.0105609778361384   0.0086891950153814   0.0072380091964215   0.0061072599303680   0.0052246816466566   0.0045383135603471   0.0040127638538441   0.0036065807895784   0.0032793656030296   0.0030012530376097   0.0027502028076587   0.0025072493871720   0.0022575831202315   0.0020016471430748   0.0017541679409233   0.0015281341840092   0.0013291812528535   0.0011576283011699   0.0010099267580844   0.0008790076516651   0.0007583998802287   0.0006512057854767   0.0005645334254405   0.0005026488143281   0.0004460592422771   0.0003951229533723   0.0003579956655234   0.0003266729539823   0.0002323548070435   0.0001297800356031   0.0000000000000000   0.0000000000000000   0.0000000000000000
   0.0000000000000000   0.0000000000000000   0.0000000000000000   0.0000000000000000   0.0000000000000000   0.0000000000000000   0.0000000000000000   0.0000000000000000   0.0000000000000000   0.0000000000000000   0.0000000000000000   0.1716550417895652   0.1680586809947125   0.1661630074531695   0.1662729878820060   0.1662671597543122   0.1662674772995880   0.1662674641313860   0.1662674645164166   0.1662674645136865   0.1662674645123985   0.1662674645119102   0.1662674645112326   0.1662674645105013   0.1662674645097060   0.1662674645088771   0.1662674645079879   0.1662674645070601   0.1662674645061140   0.1662674645051408   0.1662674645041780   0.1662674645031781   0.1662674645021604   0.1662674645011500   0.1662674645000747   0.1662674644989958   0.1662674644978830   0.1662674644967389   0.1662674644955683   0.1662674644943523   0.1662674644931171   0.1662674644918292   0.1662674644905217   0.1662674644891803   0.1662674644877803   0.1662674644863215   0.1662674644848145   0.1662674644832414   0.1662674644816129   0.1662674644799015   0.1662674644781215   0.1662674644762664   0.1662674644743174   0.1662674644722844   0.1662674644701698   0.1662674644679758   0.1662674644657070   0.1662674644633764   0.1662674644610055   0.1662674644585813   0.1662674644561310   0.1662674644537081   0.1662674644512723   0.1662674644488871   0.1662674644465201   0.1662674644442177   0.1662674644419823   0.1662674644397879   0.1662674644376818   0.1662674644356432   0.1662674644336639   0.1662674644317738   0.1662674644300077   0.1662674644283176   0.1662674644268209   0.1662674644255135   0.1662674644244063   0.1662674644235680   0.1662674644229203   0.1662674644225491   0.1662674644222193   0.1662674644220276   0.1662674644216890   0.1662674644213932   0.1662674644203651   0.1662674644187699   0.1662674644154790   0.1662674644109992   0.1662674644000819   0.1662674644216206   0.1662674643384954   0.1662674643815545   0.1662674642736763   0.1662674643936619   0.1662674642733979   0.1662674645224903   0.1662674645464879   0.1662674646391885   0.1662674640614652   0.1662674812200569   0.1662671212187714   0.1662746234076571   0.1661212609041834   0.1691020251798823   0.0931547784576281   0.0000000000000000   0.0000000000000000   0.0000000000000000   0.0000000000000000   0.1716249670778794   0.1659925805810575   0.1662551811250417   0.1662692203768383   0.1662677866284280   0.1662640027134260   0.1662747813625502   0.1663593750788336   0.1666709901791069   0.1607465399579607   0.1109560542540461   0.0387428895533664   0.0275849240953214   0.0262203087285906   0.0244161695518683   0.0214143444087121   0.0178138655981118   0.0144755062563752   0.0118104974860163   0.0096974017460940   0.0080345539097386   0.0067373686354675   0.0057155623943635   0.0049114379334991   0.0042820087671570   0.0037971517875789   0.0034223026213851   0.0031225781687021   0.0028709328327113   0.0026463916832881   0.0024295978881471   0.0022020843720315   0.0019581038850178   0.0017117591968368   0.0014801059430481   0.0012728975234672   0.0010938809323864   0.0009419243434410   0.0008090623851448   0.0006822842325270   0.0005646311301062   0.0004729629845329   0.0004273653012438   0.0003922205320702   0.0003674433095309   0.0003520073175344   0.0003387485029667   0.0003072504695222   0.0002341596258651   0.0001377396693141   0.0000000000000000   0.0000000000000000
   0.0000000000000000   0.0000000000000000   0.0000000000000000   0.0000000000000000   0.0000000000000000   0.0000000000000000   0.0000000000000000   0.0000000000000000   0.0000000000000000   0.0000000000000000   0.0000000000000000   0.1730227353531509   0.1659151459221655   0.1662588157979371   0.1662687489510837   0.1662673716943073   0.1662674705508271   0.1662674642120938   0.1662674645462310   0.1662674645311918   0.1662674645311966   0.1662674645306128   0.1662674645299482   0.1662674645291693   0.1662674645283105   0.1662674645272972   0.1662674645262391   0.1662674645250649   0.1662674645238328   0.1662674645225868   0.1662674645212712   0.1662674645198946   0.1662674645185199   0.1662674645171016   0.1662674645156423   0.1662674645141346   0.1662674645126431   0.1662674645110530   0.1662674645094600   0.1662674645078362   0.1662674645061658   0.1662674645044309   0.1662674645026666   0.1662674645008682   0.1662674644990179   0.1662674644971101   0.1662674644951450   0.1662674644931263   0.1662674644910549   0.1662674644888920   0.1662674644866803   0.1662674644843955   0.1662674644820183   0.1662674644795779   0.1662674644770676   0.1662674644744808   0.1662674644718715   0.1662674644691924   0.1662674644665099   0.1662674644638182   0.1662674644611769   0.1662674644585826   0.1662674644560889   0.1662674644536870   0.1662674644514733   0.1662674644493972   0.1662674644474857   0.1662674644457165   0.1662674644440039   0.1662674644422828   0.1662674644403743   0.1662674644380860   0.1662674644351727   0.1662674644313784   0.1662674644263364   0.1662674644197933   0.1662674644114921   0.1662674644013892   0.1662674643894841   0.1662674643764309   0.1662674643631133   0.1662674643515953   0.1662674643442699   0.1662674643452004   0.1662674643586634   0.1662674643908777   0.1662674644479669   0.1662674645362049   0.1662674646541006   0.1662674648359010   0.1662674649256761   0.1662674651572938   0.1662674650940914   0.1662674651371659   0.1662674647374476   0.1662674639485480   0.1662674628788080   0.1662674608068477   0.1662674573903500   0.1662674763024913   0.1662670003722379   0.1662774585309583   0.1660430154946798   0.1713274063758046  -0.0014553763870092   0.0000000000000000   0.0000000000000000   0.0000000000000000   0.1701566532438800   0.1681455644755662   0.1661573016240340   0.1662692681299212   0.1662579311998938   0.1662453156045111   0.1662635376534949   0.1665069685186011   0.1649961013574833   0.1551242422514429   0.0809345937369710   0.0397389740012066   0.0307598593087176   0.0294185111365873   0.0277303998560705   0.0245593072850487   0.0202821879501277   0.0161445586623508   0.0129005490180593   0.0104721806582314   0.0086334117602741   0.0072069153832418   0.0060801483634668   0.0051825918386880   0.0044725334709687   0.0039188291686817   0.0034930459406418   0.0031643557084595   0.0029032917196235   0.0026865520085163   0.0024946833420348   0.0023083903968426   0.0021070179766789   0.0018788029290313   0.0016354066965450   0.0013979891609957   0.0011811968708267   0.0009929891597353   0.0008359086505417   0.0007022510696702   0.0005666941397919   0.0004270752099082   0.0003213028602172   0.0002762967377885   0.0002370307104755   0.0002276986704746   0.0002325058172840   0.0002437678093156   0.0002642130142989   0.0002040000246440   0.0001444638456768   0.0000000000000000   0.0000000000000000
   0.0000000000000000   0.0000000000000000   0.0000000000000000   0.0000000000000000   0.0000000000000000   0.0000000000000000   0.0000000000000000   0.0000000000000000   0.0000000000000000   0.0000000000000000   0.0000000000000000   0.1716219413577062   0.1660294522921468   0.1662796194416244   0.1662671644526378   0.1662674617660642   0.1662674655045947   0.1662674644577235   0.1662674645527986   0.1662674645465556   0.1662674645469015   0.1662674645467190   0.1662674645463640   0.1662674645458303   0.1662674645451369   0.1662674645442881   0.1662674645433201   0.1662674645421934   0.1662674645410108   0.1662674645397466   0.1662674645384081   0.1662674645370028   0.1662674645355954   0.1662674645341265   0.1662674645326539   0.1662674645311246   0.1662674645295943   0.1662674645280054   0.1662674645263841   0.1662674645247557   0.1662674645230730   0.1662674645213434   0.1662674645195952   0.1662674645177594   0.1662674645159019   0.1662674645139725   0.1662674645119688   0.1662674645098686   0.1662674645076511   0.1662674645053062   0.1662674645027696   0.1662674645000503   0.1662674644970451   0.1662674644937036   0.1662674644899851   0.1662674644857454   0.1662674644809332   0.1662674644753685   0.1662674644689558   0.1662674644615203   0.1662674644529331   0.1662674644430732   0.1662674644318916   0.1662674644193770   0.1662674644056947   0.1662674643912726   0.1662674643768278   0.1662674643634692   0.1662674643529149   0.1662674643475004   0.1662674643504144   0.1662674643655787   0.1662674643978230   0.1662674644524780   0.1662674645351652   0.1662674646511753   0.1662674648046572   0.1662674649972697   0.1662674652262297   0.1662674654820465   0.1662674657449992   0.1662674659814188   0.1662674661384443   0.1662674661407768   0.1662674658876264   0.1662674652555012   0.1662674641092127   0.1662674623227930   0.1662674598154041   0.1662674566570165   0.1662674529792559   0.1662674495715169   0.1662674472046617   0.1662674476680952   0.1662674529625779   0.1662674647783015   0.1662674847888108   0.1662675110644004   0.1662675351126139   0.1662675620276208   0.1662670721224846   0.1662767066587634   0.1660541565130304   0.1713786382777344   0.0000000000000000   0.0000000000000000   0.1682687688665658   0.1681856330951633   0.1681329134628899   0.1659980449198654   0.1661045181527721   0.1660959711378417   0.1660550433192202   0.1660257888607257   0.1663999585300359   0.1630927933934342   0.1369072764444605   0.0694696606238957   0.0395585034206470   0.0335725975631616   0.0323054436407424   0.0307963838760978   0.0278374106454643   0.0230103802160477   0.0181480160524012   0.0141508021337357   0.0111553374802676   0.0089932774882215   0.0074287021369554   0.0062394780520669   0.0052913670959721   0.0045256168584450   0.0039175327369319   0.0034514498009697   0.0030983749945389   0.0028284388453736   0.0026167615856922   0.0024438723986064   0.0022912777129972   0.0021393246284739   0.0019667160614615   0.0017578557406478   0.0015212501086621   0.0012816326815071   0.0010584793334797   0.0008639341013712   0.0007050519714513   0.0005771630487669   0.0004333359920685   0.0002373324580959   0.0000704298001017   0.0000000000000000   0.0000000000000000   0.0000000000000000   0.0000000000000000   0.0000000000000000   0.0000000000000000   0.0000719124767650   0.0000722747680672   0.0000000000000000   0.0000000000000000
   0.0000000000000000   0.0000000000000000   0.0000000000000000   0.0000000000000000   0.0000000000000000   0.0000000000000000   0.0000000000000000   0.0000000000000000   0.0000000000000000   0.0000000000000000   0.1701363469864193   0.1681466633417534   0.1661581112042050   0.1662732358673819   0.1662671475703592   0.1662674779262570   0.1662674641449968   0.1662674645629591   0.1662674645596538   0.1662674645597546   0.1662674645606205   0.1662674645610920   0.1662674645612245   0.1662674645609410   0.1662674645602092   0.1662674645590160   0.1662674645573054   0.1662674645550829   0.1662674645523492   0.1662674645490484   0.1662674645452362   0.1662674645409049   0.1662674645360054   0.1662674645305039   0.1662674645244167   0.1662674645177189   0.1662674645103908   0.1662674645024123   0.1662674644938419   0.1662674644846175   0.1662674644748347   0.1662674644645396   0.1662674644537778   0.1662674644426942   0.1662674644314281   0.1662674644201269   0.1662674644091328   0.1662674643986864   0.1662674643892550   0.1662674643813748   0.1662674643757028   0.1662674643730882   0.1662674643746560   0.1662674643817168   0.1662674643959673   0.1662674644194619   0.1662674644546220   0.1662674645041498   0.1662674645710813   0.1662674646587093   0.1662674647702650   0.1662674649086723   0.1662674650759274   0.1662674652721434   0.1662674654945486   0.1662674657358105   0.1662674659823392   0.1662674662119637   0.1662674663914497   0.1662674664738893   0.1662674663963132   0.1662674660779476   0.1662674654210623   0.1662674643153233   0.1662674626446651   0.1662674602968991   0.1662674571807073   0.1662674532530646   0.1662674485571490   0.1662674432731241   0.1662674377833823   0.1662674327531130   0.1662674292223671   0.1662674286977624   0.1662674332146400   0.1662674453009413   0.1662674677220383   0.1662675030192269   0.1662675526498724   0.1662676154324686   0.1662676849630455   0.1662677463842700   0.1662677712425777   0.1662677117927034   0.1662674942206542   0.1662670104344220   0.1662661117185049   0.1662646024870920   0.1662622345058804   0.1662587236860066   0.1662534073217697   0.1662522048552767   0.1661312194350665   0.1680511773318908   0.1680806664546829   0.1681985231274047   0.1680929764441508   0.1658245967038516   0.1658632362568077   0.1658601189354010   0.1658217527913803   0.1657455569265385   0.1656739177845185   0.1660210533351114   0.1637465793184303   0.1185986489568548   0.0603213037561214   0.0404125756176673   0.0354591318905344   0.0341393862618728   0.0330941371592110   0.0309502780910101   0.0254086136906145   0.0198327573519478   0.0154595908767257   0.0120039611466691   0.0093156089767615   0.0074265341158576   0.0061164902743794   0.0051531111308287   0.0043844811162275   0.0037539828048698   0.0032539329248152   0.0028854455274860   0.0026155284044389   0.0024143453653941   0.0022619786334580   0.0021424889205812   0.0020360698657415   0.0019213529841090   0.0017790441460498   0.0015939289895044   0.0013721412404575   0.0011405121421044   0.0009222236039216   0.0007331099887244   0.0005859816822495   0.0004887693281380   0.0003830932112955   0.0002261949194375   0.0000000000000000   0.0000000000000000   0.0000000000000000   0.0000000000000000   0.0000000000000000   0.0000000000000000   0.0000000000000000   0.0000095688276600   0.0000399633607867   0.0000000000000000   0.0000000000000000
   0.0000000000000000   0.0000000000000000   0.0000000000000000   0.0000000000000000   0.0000000000000000   0.0000000000000000   0.0000000000000000   0.0000000000000000   0.0000000000000000   0.1701525847680252   0.1681577509412487   0.1661243927729410   0.1662497835947145   0.1662691507678786   0.1662673534169721   0.1662674712762214   0.1662674640477444   0.1662674644082397   0.1662674643786598   0.1662674643692558   0.1662674643626100   0.1662674643594585   0.1662674643602569   0.1662674643654546   0.1662674643755006   0.1662674643909759   0.1662674644124146   0.1662674644404650   0.1662674644757819   0.1662674645189580   0.1662674645706342   0.1662674646313347   0.1662674647015836   0.1662674647819350   0.1662674648727913   0.1662674649745470   0.1662674650874472   0.1662674652115406   0.1662674653467342   0.1662674654926743   0.1662674656486514   0.1662674658136189   0.1662674659859529   0.1662674661635363   0.1662674663434145   0.1662674665216712   0.1662674666932512   0.1662674668516416   0.1662674669884378   0.1662674670929777   0.1662674671516993   0.1662674671475136   0.1662674670587804   0.1662674668585065   0.1662674665129496   0.1662674659806865   0.1662674652127449   0.1662674641539028   0.1662674627429870   0.1662674609133970   0.1662674585970350   0.1662674557324445   0.1662674522764382   0.1662674482211730   0.1662674436172313   0.1662674386042824   0.1662674334492980   0.1662674285918836   0.1662674246956650   0.1662674227024722   0.1662674238844713   0.1662674298836527   0.1662674427132465   0.1662674646502364   0.1662674980879166   0.1662675453845713   0.1662676085177793   0.1662676885180018   0.1662677847019665   0.1662678936196055   0.1662680076548363   0.1662681132249524   0.1662681885320582   0.1662682008463886   0.1662681033405263   0.1662678315342110   0.1662672994587210   0.1662663959041999   0.1662649810120909   0.1662628834433002   0.1662598984295843   0.1662557873049594   0.1662502782789503   0.1662430687932056   0.1662338299093775   0.1662222116095876   0.1662078498788283   0.1661903760819375   0.1661694266267088   0.1661446637453507   0.1661156455455202   0.1660841787647169   0.1660258043990055   0.1659043022262559   0.1657973767842328   0.1657388639775468   0.1657070362322638   0.1657020103486716   0.1656614680334468   0.1655894002990459   0.1655187990252427   0.1654279200236907   0.1657158660979226   0.1642402192160639   0.1256288090381599   0.0548252831865185   0.0410323317248451   0.0368596335411545   0.0352640564317087   0.0344000301892526   0.0326925301878409   0.0273885207418652   0.0211629544477413   0.0159970986149068   0.0124581888239811   0.0096682280731769   0.0073690874467383   0.0057763096610198   0.0047153825435649   0.0039652003373072   0.0033700802814106   0.0028773295840930   0.0024933963126350   0.0022314275670430   0.0020498545779204   0.0019228570100637   0.0018396634467955   0.0017862765161286   0.0017341853116242   0.0016569623868794   0.0015459274673872   0.0013903677780554   0.0011943675100187   0.0009835783767306   0.0007819919504515   0.0006072653228085   0.0004781644920438   0.0004333761271209   0.0003925063615188   0.0003325830131766   0.0002699426399541   0.0000000000000000   0.0000000000000000   0.0000000000000000  -0.0000173038309737   0.0000000000000000   0.0000000000000000   0.0000000000000000   0.0000000000000000   0.0000000000000000   0.0000000000000000
   0.0000000000000000   0.0000000000000000   0.0000000000000000   0.0000000000000000   0.0000000000000000   0.0000000000000000   0.0000000000000000   0.0000000000000000   0.1701373991665084   0.1681585141761936   0.1661242282340509   0.1662507969716195   0.1662701347914310   0.1662675835923419   0.1662674448671652   0.1662674686145052   0.1662674670229797   0.1662674674714189   0.1662674677281019   0.1662674679400272   0.1662674680894240   0.1662674681676266   0.1662674681650302   0.1662674680715202   0.1662674678763154   0.1662674675679794   0.1662674671344875   0.1662674665629591   0.1662674658399796   0.1662674649525067   0.1662674638893754   0.1662674626402355   0.1662674611943767   0.1662674595413559   0.1662674576720486   0.1662674555790637   0.1662674532574135   0.1662674507051041   0.1662674479242010   0.1662674449217854   0.1662674417112908   0.1662674383141379   0.1662674347616968   0.1662674310975716   0.1662674273807299   0.1662674236892759   0.1662674201248434   0.1662674168188288   0.1662674139395603   0.1662674117016297   0.1662674103774960   0.1662674103117851   0.1662674119389202   0.1662674158040416   0.1662674225873447   0.1662674331289959   0.1662674484402749   0.1662674696448078   0.1662674979790462   0.1662675348226960   0.1662675815982037   0.1662676396087968   0.1662677098091935   0.1662677924674813   0.1662678866950083   0.1662679898264204   0.1662680966408840   0.1662681984294880   0.1662682819336619   0.1662683282001139   0.1662683114179289   0.1662681978155592   0.1662679446871280   0.1662674995704882   0.1662667997218496   0.1662657719706888   0.1662643327707782   0.1662623883920249   0.1662598352195833   0.1662565599999063   0.1662524399034459   0.1662473422932218   0.1662411241302447   0.1662336310077984   0.1662246959057554   0.1662141378719271   0.1662017609482627   0.1661873535849230   0.1661706890570895   0.1661515275968952   0.1661296207058354   0.1661047183166606   0.1660765792328878   0.1660449849740583   0.1660097573000012   0.1659707786137710   0.1659280136651171   0.1658815317147888   0.1658315265895163   0.1657783339850992   0.1657224033531600   0.1656646003105409   0.1656068527342192   0.1655505655814018   0.1654946851159564   0.1654384504032320   0.1653828494586980   0.1653297132372502   0.1652816134495942   0.1652406785105002   0.1651953371668698   0.1652224186503936   0.1660784762144244   0.1352379588437110   0.0550040589565635   0.0415693093385150   0.0381417799036734   0.0363340017138560   0.0351530162000221   0.0331241699144560   0.0279848102425252   0.0215170750754469   0.0162380902800806   0.0122694235876112   0.0092242302190664   0.0069954805880564   0.0052500582979723   0.0040506717926437   0.0032661172334857   0.0027038083449415   0.0022724506480571   0.0019200022767915   0.0016623010344395   0.0014993733902161   0.0013990898850121   0.0013349661356535   0.0013291747855170   0.0013687401738744   0.0013976101974343   0.0013480544202596   0.0012701929536179   0.0011503824719834   0.0009880961821797   0.0008042353707834   0.0006207584848824   0.0004554478094476   0.0003341484612924   0.0003437051670637   0.0003605295684927   0.0003591858786313   0.0003090490745852   0.0002206417013985   0.0000000000000000   0.0000000000000000   0.0000569154596931   0.0000570453134027   0.0000000000000000   0.0000000000000000   0.0000000000000000   0.0000000000000000   0.0000000000000000
   0.0000000000000000   0.0000000000000000   0.0000000000000000   0.0000000000000000   0.0000000000000000   0.0000000000000000   0.0000000000000000   0.1716700716131800   0.1680700035804648   0.1661294173844839   0.1662505156754207   0.1662700972117178   0.1662675186202668   0.1662673942583520   0.1662674246032837   0.1662674170362129   0.1662674096072713   0.1662674032453174   0.1662673977884088   0.1662673934312729   0.1662673903419647   0.1662673887024954   0.1662673887063258   0.1662673905589568   0.1662673944784238   0.1662674006957835   0.1662674094557472   0.1662674210174346   0.1662674356549733   0.1662674536511779   0.1662674752232604   0.1662675005675877   0.1662675299171626   0.1662675634858022   0.1662676014618363   0.1662676439982135   0.1662676912006641   0.1662677431126700   0.1662677996976790   0.1662678608172440   0.1662679262047481   0.1662679954332366   0.1662680678761035   0.1662681426585561   0.1662682185975907   0.1662682941268914   0.1662683672030107   0.1662684351870743   0.1662684946963118   0.1662685414171866   0.1662685698717487   0.1662685731277676   0.1662685424429688   0.1662684668349066   0.1662683325704203   0.1662681225710852   0.1662678157267656   0.1662673860800840   0.1662668020459261   0.1662660256843405   0.1662650119305082   0.1662637079331590   0.1662620525915331   0.1662599763446190   0.1662574012807871   0.1662542416169285   0.1662504045682313   0.1662457915985635   0.1662403000052258   0.1662338247465380   0.1662262603857499   0.1662175030113237   0.1662074519971433   0.1661960115133315   0.1661830915716566   0.1661686084616514   0.1661524847191100   0.1661346486578615   0.1661150335120055   0.1660935764176130   0.1660702175039599   0.1660448994202439   0.1660175676053558   0.1659881718201782   0.1659566692568534   0.1659230292353260   0.1658872397665609   0.1658493161200808   0.1658093106692398   0.1657673232712178   0.1657235114848916   0.1656780994261897   0.1656313841407965   0.1655837383640524   0.1655356083797135   0.1654875066223565   0.1654399998095104   0.1653936996300379   0.1653492104870349   0.1653071251130709   0.1652680184007375   0.1652323717562479   0.1652005429095955   0.1651728099196134   0.1651494259947119   0.1651305343344310   0.1651161122887187   0.1651059848333258   0.1650995683942330   0.1650991354462865   0.1650547703205392   0.1656883042783947   0.1590490723512508   0.0604999587345243   0.0423575680288403   0.0390297734654391   0.0368587400592994   0.0351704564999350   0.0327151059658399   0.0274344641515297   0.0204709519791869   0.0152212403621152   0.0115376383079509   0.0088147580779018   0.0054032570212366   0.0038964872717095   0.0031050436260807   0.0024546872027736   0.0019693140634388   0.0014237536362416   0.0012080338228573   0.0010325750597008   0.0009101846478506   0.0007544237009947   0.0007357741709589   0.0006865024332349   0.0006870945913595   0.0007491509381138   0.0010167443541125   0.0010020856541360   0.0009640762170125   0.0008837140488382   0.0007567952469502   0.0005989054057885   0.0004278951080675   0.0002558699925552   0.0001167990564642   0.0001531619321686   0.0002147300039740   0.0003353750819646   0.0003164803625728   0.0002943920872704   0.0002820293026327   0.0002663472765729   0.0001529403136669   0.0000781364106081   0.0000000000000000   0.0000000000000000   0.0000000000000000   0.0000000000000000   0.0000000000000000
   0.0000000000000000   0.0000000000000000   0.0000000000000000   0.0000000000000000   0.0000000000000000   0.0000000000000000   0.0000000000000000   0.1730013931366064   0.1658991847537519   0.1662609862353468   0.1662696678488036   0.1662678058776036   0.1662678494882077   0.1662680664251072   0.1662682358252740   0.1662683947957051   0.1662685411440141   0.1662686715084631   0.1662687828496389   0.1662688719139811   0.1662689352265474   0.1662689690879865   0.1662689695639020   0.1662689324747512   0.1662688533853524   0.1662687275938417   0.1662685501202295   0.1662683156943347   0.1662680187428155   0.1662676533676297   0.1662672132553128   0.1662666917067469   0.1662660816780584   0.1662653757045476   0.1662645658715743   0.1662636437781761   0.1662626004930421   0.1662614265030262   0.1662601116516273   0.1662586450626271   0.1662570150455429   0.1662552089815728   0.1662532131848835   0.1662510127343000   0.1662485912684718   0.1662459307405032   0.1662430111260811   0.1662398100808768   0.1662363025436814   0.1662324602852712   0.1662282514040110   0.1662236397759804   0.1662185844706491   0.1662130391503102   0.1662069514783197   0.1662002625717267   0.1661929065528800   0.1661848103039008   0.1661758933400177   0.1661660678864998   0.1661552393809159   0.1661433073814977   0.1661301669300441   0.1661157104462709   0.1660998301950467   0.1660824212891547   0.1660633853188180   0.1660426344656801   0.1660200958715250   0.1659957161624753   0.1659694660755476   0.1659413448283145   0.1659113837526008   0.1658796491046725   0.1658462437043496   0.1658113071063659   0.1657750143368185   0.1657375732388196   0.1656992205209107   0.1656602166040647   0.1656208397276537   0.1655813798975756   0.1655421336589813   0.1655034042733307   0.1654654742415914   0.1654286170787276   0.1653931113835210   0.1653592157104636   0.1653271717081172   0.1652972035693036   0.1652695161511879   0.1652442925836453   0.1652216913696547   0.1652018372716981   0.1651848170071999   0.1651706860459997   0.1651594537556626   0.1651511034327723   0.1651454039044832   0.1651423562247095   0.1651417142004163   0.1651432424927958   0.1651466796682305   0.1651517469452259   0.1651581527071217   0.1651656267022018   0.1651739101143939   0.1651827278747004   0.1651923645359343   0.1652005210904498   0.1651341531480451   0.1671601729568701   0.1248562381897131   0.0427087862259840   0.0382786159543586   0.0360753840349428   0.0339442394618507   0.0310282963210624   0.0253392180003426   0.0183255459594842   0.0122788335202446   0.0074107953055057   0.0025234517022542   0.0000000000000000   0.0000000000000000   0.0000000000000000   0.0003506092240631   0.0002750767221973   0.0000000000000000   0.0000000000000000   0.0000000000000000   0.0000708074594056   0.0000000000000000   0.0000000000000000   0.0000000000000000   0.0000431069909060   0.0000000000000000   0.0000000000000000   0.0000000000000000   0.0005237074137149   0.0006246779076988   0.0006088048569742   0.0005349064169648   0.0004216326288895   0.0002887534096933   0.0001498107043940   0.0000000000000000   0.0000000000000000   0.0000000000000000   0.0000000000000000   0.0001599179533656   0.0002355790983883   0.0002881881400243   0.0002572381769511   0.0001112121750435   0.0000000000000000   0.0000000000000000   0.0000000000000000   0.0000000000000000   0.0000000000000000   0.0000000000000000
   0.1682329219352900   0.1682329219352900   0.0000000000000000   0.0000000000000000   0.0000000000000000   0.0000000000000000   0.0000000000000000   0.1730221678771543   0.1659553396527968   0.1662838772367666   0.1662634616458845   0.1662599777288063   0.1662558962852698   0.1662517129598417   0.1662474302610284   0.1662430461549138   0.1662385559015488   0.1662339552113648   0.1662292395994362   0.1662244043744333   0.1662194446248261   0.1662143552015183   0.1662091306956875   0.1662037654143053   0.1661982533536779   0.1661925881713451   0.1661867631568342   0.1661807712018803   0.1661746047701664   0.1661682558755942   0.1661617161301098   0.1661549766649829   0.1661480280350130   0.1661408602350807   0.1661334626459903   0.1661258239826414   0.1661179322484062   0.1661097746475210   0.1661013374360440   0.1660926058117014   0.1660835638399782   0.1660741942979377   0.1660644784634412   0.1660543958906307   0.1660439241636692   0.1660330386264669   0.1660217120948338   0.1660099145620036   0.1659976129155313   0.1659847706904150   0.1659713478925013   0.1659573009358558   0.1659425827448281   0.1659271430810382   0.1659109291588664   0.1658938866128966   0.1658759608878522   0.1658570991632891   0.1658372526937343   0.1658163795142328   0.1657944476540665   0.1657714387249472   0.1657473516455171   0.1657222063181791   0.1656960470642752   0.1656689454973381   0.1656410067494928   0.1656123588031970   0.1655831562512228   0.1655535910102862   0.1655238792342273   0.1654942560030415   0.1654649712336034   0.1654362832000134   0.1654084514245399   0.1653817294187578   0.1653563579024503   0.1653325593442989   0.1653105282360333   0.1652904297431513   0.1652724001067927   0.1652565397395646   0.1652429191134057   0.1652315876851185   0.1652224423531948   0.1652155559255756   0.1652108251729936   0.1652081500574316   0.1652074075220735   0.1652084512840120   0.1652111099388360   0.1652151890439016   0.1652204783612286   0.1652267652117186   0.1652338418023618   0.1652414916399646   0.1652495065647046   0.1652576887304883   0.1652658850313557   0.1652739636669158   0.1652818019878918   0.1652893193216919   0.1652964646630593   0.1653032148662366   0.1653095715594446   0.1653155569113688   0.1653212106719059   0.1653264984704827   0.1653335415881895   0.1653088227714529   0.1656356488419354   0.1663141431312035   0.0564039276275419   0.0364524900686876   0.0333192590500674   0.0307085909432202   0.0276694895364319   0.0217389345989627   0.0143523246671461   0.0079328368950795   0.0030931900033677   0.0000000000000000   0.0000000000000000   0.0000000000000000   0.0000000000000000   0.0000000000000000   0.0000000000000000   0.0000000000000000   0.0000000000000000   0.0000000000000000   0.0000000000000000   0.0000000000000000   0.0000000000000000   0.0000000000000000   0.0000000000000000   0.0000000000000000   0.0000000000000000   0.0000000000000000   0.0000000000000000   0.0001807599520420   0.0004065249626216   0.0004076474097687   0.0003777514769410   0.0003175303859692   0.0002416842935189   0.0001586530445871   0.0000000000000000   0.0000000000000000   0.0000000000000000   0.0000000000000000   0.0000101528839319   0.0000166891102069   0.0000000000000000   0.0000000000000000   0.0000000000000000   0.0000000000000000   0.0000000000000000   0.0000000000000000   0.0000000000000000   0.0000000000000000   0.0000000000000000
   0.1679200475177913   0.1679594277305710   0.1680775683686721   0.1679058361530264   0.0000000000000000   0.0000000000000000   0.0000000000000000   0.1714603466727872   0.1657438561351416   0.1659968745961029   0.1659756450194473   0.1659674223951415   0.1659584401588479   0.1659493812943098   0.1659402153431830   0.1659309431577645   0.1659215645115896   0.1659120792160792   0.1659024871343225   0.1658927882984203   0.1658829830050661   0.1658730718799034   0.1658630559005470   0.1658529363865343   0.1658427149660051   0.1658323935320810   0.1658219741997226   0.1658114592712447   0.1658008512163648   0.1657901526760337   0.1657793665537995   0.1657684959982043   0.1657575443921654   0.1657465155083344   0.1657354138591337   0.1657242451049842   0.1657130122359233   0.1657017162071401   0.1656903618716583   0.1656789560038107   0.1656675043037861   0.1656560119977190   0.1656444841214224   0.1656329255037041   0.1656213407152266   0.1656097340333156   0.1655981094404755   0.1655864706745020   0.1655748213472837   0.1655631651486588   0.1655515061494379   0.1655398492158922   0.1655282005419366   0.1655165682980688   0.1655049633894994   0.1654934003121333   0.1654818981239334   0.1654704813536832   0.1654591797183085   0.1654480297637395   0.1654370767506901   0.1654263727531527   0.1654159771785073   0.1654059562483057   0.1653963820779576   0.1653873322285030   0.1653789024252085   0.1653711104207635   0.1653640874671578   0.1653578945608540   0.1653525882890557   0.1653482188756657   0.1653448231108726   0.1653424224521975   0.1653410217664938   0.1653406087807079   0.1653411544232916   0.1653426116571024   0.1653449212482069   0.1653480128717079   0.1653518021427611   0.1653561973269390   0.1653610997202376   0.1653664034089153   0.1653720175663055   0.1653778507032032   0.1653838176588649   0.1653898513631678   0.1653958442342068   0.1654016205097276   0.1654070376751564   0.1654120920006553   0.1654168004754112   0.1654210510892879   0.1654246762121187   0.1654276100773218   0.1654298867959398   0.1654315522331676   0.1654326422307406   0.1654331998896585   0.1654332807265052   0.1654329486418694   0.1654322724652664   0.1654313232152664   0.1654301706865154   0.1654288812602882   0.1654275044077499   0.1654261656533161   0.1654264748549667   0.1653429023264427   0.1670554177969729   0.1344101275111184   0.0331786617128941   0.0288069086209476   0.0253612575390845   0.0223139027833000   0.0170438346239440   0.0105081314219006   0.0051525411017555   0.0011365080965140   0.0000000000000000   0.0000000000000000   0.0000000000000000   0.0000000000000000   0.0000000000000000   0.0000000000000000   0.0000000000000000   0.0000000000000000   0.0000000000000000   0.0000000000000000   0.0000000000000000   0.0000000000000000   0.0000000000000000   0.0000000000000000   0.0000000000000000   0.0000000000000000   0.0000000000000000   0.0000000000000000   0.0000000000000000   0.0000000000000000   0.0002804678984522   0.0002798736406225   0.0002766760973350   0.0002591475496702   0.0002321592614988   0.0002069432801833   0.0002015797069751   0.0001046583812076   0.0000000000000000   0.0000000000000000  -0.0000173899755709   0.0000000000000000   0.0000000000000000   0.0000000000000000   0.0000000000000000   0.0000000000000000   0.0000000000000000   0.0000000000000000   0.0000000000000000   0.0000000000000000   0.0000000000000000
   0.1655908317124454   0.1655716309207400   0.1655140285449739   0.1675650618484203   0.1677132877540005   0.1657247330846770   0.1678883198163703   0.1676586217945051   0.1653558390245436   0.1654911821218071   0.1654796892714458   0.1654764402225214   0.1654728692130887   0.1654694615931917   0.1654662111414981   0.1654631316874037   0.1654602298381048   0.1654575075151026   0.1654549635337093   0.1654525952548177   0.1654503998914241   0.1654483753200056   0.1654465204083654   0.1654448349615349   0.1654433194203845   0.1654419744437401   0.1654408004817333   0.1654397974189817   0.1654389643400241   0.1654382994375251   0.1654378000609794   0.1654374628894594   0.1654372842202334   0.1654372604665528   0.1654373893229095   0.1654376670601712   0.1654380720389159   0.1654386130680322   0.1654392952563506   0.1654401105394234   0.1654410558806062   0.1654421288751807   0.1654433272275298   0.1654446488597519   0.1654460918174790   0.1654476542403258   0.1654493343767804   0.1654511306382176   0.1654530416865334   0.1654550665438097   0.1654572047157424   0.1654594563164062   0.1654618221755283   0.1654643039008408   0.1654669038677500   0.1654696251093127   0.1654724710543791   0.1654754448407394   0.1654785500111477   0.1654817896580768   0.1654851636699962   0.1654886697340634   0.1654923023850160   0.1654960521300934   0.1654999048213704   0.1655038407520765   0.1655078321324141   0.1655118547959185   0.1655158812670168   0.1655198720016035   0.1655237880444914   0.1655275913491223   0.1655312450388230   0.1655347149890962   0.1655379712382419   0.1655409891661590   0.1655437503845053   0.1655462432541709   0.1655484629192735   0.1655504110717017   0.1655520955080305   0.1655535293069095   0.1655547299907972   0.1655557179057533   0.1655565094729506   0.1655572073148636   0.1655576058999904   0.1655564955029858   0.1655542895318538   0.1655532998489215   0.1655535433791745   0.1655512529290329   0.1655428795160951   0.1655304553373554   0.1655184533537883   0.1655079575872626   0.1654978979493176   0.1654878642941821   0.1654779490785032   0.1654682063657022   0.1654586896514676   0.1654494573953870   0.1654405706255261   0.1654320844037618   0.1654240403626755   0.1654164653440230   0.1654093222258428   0.1654033658641753   0.1653875306218648   0.1654557506981466   0.1677840001193759   0.0693622499475499   0.0248916794706216   0.0197663009403633   0.0158501488906614   0.0114182346126561   0.0058369508792107   0.0020255379282517   0.0000000000000000   0.0000000000000000   0.0000000000000000   0.0000000000000000   0.0000000000000000   0.0000000000000000   0.0000000000000000   0.0000000000000000   0.0000000000000000   0.0000000000000000   0.0000000000000000   0.0000000000000000   0.0000000000000000   0.0000000000000000   0.0000000000000000   0.0000000000000000   0.0000000000000000   0.0000000000000000   0.0000000000000000   0.0000000000000000   0.0000000000000000   0.0000000000000000   0.0000000000000000   0.0001564404724052   0.0001861897234234   0.0001966246169604   0.0001993004028849   0.0001977058885856   0.0001997296971467   0.0001242065117584   0.0000000000000000   0.0000000000000000   0.0000000000000000   0.0000000000000000   0.0000000000000000   0.0000000000000000   0.0000000000000000   0.0000000000000000   0.0000000000000000   0.0000000000000000   0.0000000000000000   0.0000000000000000   0.0000000000000000
   0.1654450088589869   0.1654364890539275   0.1654109296379000   0.1652872603193467   0.1652125632304085   0.1652334158748447   0.1651992693898787   0.1652032830873731   0.1652674946146369   0.1652933520385307   0.1652898026258622   0.1652893770709735   0.1652893273336205   0.1652899472913628   0.1652912847118142   0.1652933605162994   0.1652961598823015   0.1652996427054981   0.1653037551560517   0.1653084401781843   0.1653136449651171   0.1653193247487113   0.1653254434857779   0.1653319725262279   0.1653388883394059   0.1653461700454123   0.1653537971882444   0.1653617479564875   0.1653699979024202   0.1653785191679050   0.1653872802461870   0.1653962462955413   0.1654053798919671   0.1654146419373489   0.1654239923490250   0.1654333911653305   0.1654428027840327   0.1654521947226675   0.1654615330208940   0.1654707843192630   0.1654799175299295   0.1654889041461896   0.1654977179895571   0.1655063347151116   0.1655147316528473   0.1655228877419390   0.1655307834933902   0.1655384009673863   0.1655457237554160   0.1655527369801497   0.1655594273215821   0.1655657830587910   0.1655717941056296   0.1655774520237671   0.1655827500347162   0.1655876830254268   0.1655922475347646   0.1655964417197232   0.1656002653053305   0.1656037195879714   0.1656068074792248   0.1656095335170110   0.1656119039061086   0.1656139266206110   0.1656156115443843   0.1656169706872884   0.1656180182526701   0.1656187704753616   0.1656192459632300   0.1656194660816739   0.1656194547200048   0.1656192380669725   0.1656188444476498   0.1656183040230587   0.1656176483932394   0.1656169101126002   0.1656161221272188   0.1656153171760895   0.1656145271735260   0.1656137825975907   0.1656131119434704   0.1656125411634466   0.1656120939078272   0.1656117846683962   0.1656116590919193   0.1656119551453429   0.1656068641938097   0.1656236400428472   0.1657215750663537   0.1657411184930417   0.1655427692706886   0.1652873045489083   0.1652023814997507   0.1652667457660014   0.1652892504763513   0.1652779614173900   0.1652704075568593   0.1652646173751250   0.1652597600188217   0.1652554715234933   0.1652518535944187   0.1652489696389776   0.1652468748494583   0.1652456070696387   0.1652451722872555   0.1652455450531671   0.1652465712874541   0.1652500319845525   0.1652178536234306   0.1659011231321887   0.1535935232877564   0.0213117128113553   0.0152442563355609   0.0100619640719980   0.0068860898533047   0.0024139205586560   0.0006517899700901   0.0000000000000000   0.0000000000000000   0.0000000000000000   0.0000000000000000   0.0000000000000000   0.0000000000000000   0.0014500244878190   0.0023414001385137   0.0027118630990425   0.0026415361340042   0.0023431776672197   0.0019665325933919   0.0015874629955794   0.0012371740397609   0.0009268256620511   0.0006593133180729   0.0004311987402031   0.0002366981320560   0.0000000000000000   0.0000000000000000   0.0000000000000000   0.0000000000000000   0.0000000000000000   0.0000000000000000   0.0000657158324783   0.0000935510585147   0.0001138172762213   0.0001265608164171   0.0001306314492267   0.0001384437991044   0.0000925957775044   0.0000000000000000   0.0000000000000000   0.0000000000000000   0.0000000000000000   0.0000000000000000   0.0000000000000000   0.0000000000000000   0.0000000000000000   0.0000000000000000   0.0000000000000000   0.0000000000000000   0.0000000000000000   0.0000000000000000
   0.1646902490146639   0.1646342081521824   0.1644660855635844   0.1644692254321636   0.1644831343430932   0.1644916464926406   0.1644982605712493   0.1645036054308360   0.1645077009533901   0.1645142911184704   0.1645248629345564   0.1645384742053621   0.1645547131948372   0.1645734282382497   0.1645942654767555   0.1646167780105732   0.1646405079147755   0.1646650605899931   0.1646901349359680   0.1647155090443490   0.1647410115303361   0.1647665019864063   0.1647918667245138   0.1648170236560765   0.1648419260783544   0.1648665618036539   0.1648909466196683   0.1649151125936532   0.1649390959260433   0.1649629293171881   0.1649866381232573   0.1650102375182044   0.1650337300984386   0.1650571047973789   0.1650803376737470   0.1651033939872937   0.1651262307250412   0.1651487992620043   0.1651710477796886   0.1651929230869013   0.1652143720089301   0.1652353425472144   0.1652557848450825   0.1652756519805539   0.1652949006062233   0.1653134914643388   0.1653313898048778   0.1653485657253199   0.1653649944478319   0.1653806565430641   0.1653955380984714   0.1654096308260060   0.1654229321052486   0.1654354449600257   0.1654471779658692   0.1654581450841726   0.1654683654259086   0.1654778629515417   0.1654866661113185   0.1654948074295409   0.1655023230428404   0.1655092522055785   0.1655156367718727   0.1655215206620713   0.1655269493202831   0.1655319691702600   0.1655366270854232   0.1655409698806962   0.1655450438191409   0.1655488941574030   0.1655525645381857   0.1655560961228869   0.1655595279287295   0.1655628969602644   0.1655662372540418   0.1655695796155422   0.1655729516123321   0.1655763775342586   0.1655798784351590   0.1655834722469477   0.1655871738513166   0.1655909951441625   0.1655949479089907   0.1655990054692310   0.1656035726392100   0.1656054324026550   0.1656034651430301   0.1659852047745679   0.1640788413232943   0.1557524167360879   0.1557306373968137   0.1678531266526750   0.1674226589956846   0.1649315968728751   0.1650697720002577   0.1651495382912819   0.1651961801590981   0.1652121162725347   0.1652305854473049   0.1652485982477365   0.1652660522933690   0.1652830970751179   0.1652998329460386   0.1653163356592075   0.1653326464789917   0.1653487748299971   0.1653645807029338   0.1653824729919791   0.1653472789774395   0.1665454178529200   0.1401043166968376   0.0124493228026212   0.0059136058371824   0.0024974063446033   0.0000000000000000   0.0000000000000000   0.0000000000000000   0.0000000000000000   0.0000000000000000   0.0000000000000000   0.0000000000000000   0.0031179741012899   0.0052673980341677   0.0057030100271714   0.0056383109162008   0.0052655803449519   0.0047381636728480   0.0041461860512303   0.0035463118917605   0.0029721706197791   0.0024421695344997   0.0019630059534242   0.0015334556703752   0.0011494276078640   0.0007906336952105   0.0004470265302490   0.0001818600514914   0.0000000000000000   0.0000000000000000   0.0000000000000000   0.0000000000000000   0.0000122934979929   0.0000318213476457   0.0000488895979192   0.0000512679831459   0.0000343046807708   0.0000224951863477   0.0000000000000000   0.0000000000000000   0.0000000000000000   0.0000000000000000   0.0000000000000000   0.0000000000000000   0.0000000000000000   0.0000000000000000   0.0000000000000000   0.0000000000000000   0.0000000000000000   0.0000000000000000   0.0000000000000000   0.0000000000000000
   0.1628358363285951   0.1630230260823609   0.1635845953443063   0.1635952571931664   0.1635758139091646   0.1635881972958871   0.1636167907457174   0.1636502651200352   0.1636835366027850   0.1637151813209052   0.1637453719289203   0.1637746344957864   0.1638032658691283   0.1638313514679613   0.1638591028968601   0.1638871127738318   0.1639164041085700   0.1639475111545089   0.1639804198037359   0.1640147823868448   0.1640500990132141   0.1640859885543034   0.1641221820888732   0.1641585149796692   0.1641948855578123   0.1642312124017647   0.1642674070358815   0.1643034274937513   0.1643393956050614   0.1643755814472202   0.1644122383372065   0.1644494910780975   0.1644873436800308   0.1645257270081309   0.1645645325911096   0.1646036307088969   0.1646428808706802   0.1646821389408384   0.1647212623430392   0.1647601137922891   0.1647985637869274   0.1648364920977290   0.1648737885175742   0.1649103531201010   0.1649460962302793   0.1649809382538911   0.1650148094645136   0.1650476498042177   0.1650794087226559   0.1651100450561189   0.1651395269309202   0.1651678316663216   0.1651949456479720   0.1652208641417206   0.1652455910240120   0.1652691384104825   0.1652915261728446   0.1653127813444183   0.1653329374226878   0.1653520335858233   0.1653701138453304   0.1653872261603015   0.1654034215380226   0.1654187531411777   0.1654332754214907   0.1654470433536032   0.1654601118794410   0.1654725353056651   0.1654843667325841   0.1654956576040418   0.1655064559626888   0.1655168066051408   0.1655267584101688   0.1655363528799615   0.1655456282034735   0.1655546211006407   0.1655633658816281   0.1655718944397574   0.1655802363198328   0.1655884187524628   0.1655964668413049   0.1656044031316632   0.1656122553479128   0.1656199265470408   0.1656292756805660   0.1656140683006026   0.1658574905200149   0.1652803547233505   0.1326812101122827   0.0491776496521939   0.0000000000000000   0.0000000000000000   0.1679711134808450   0.1678551023523526   0.1678058529272666   0.1656265595390065   0.1657774172015374   0.1658096364107202   0.1658187177622970   0.1658297719480994   0.1658404923879545   0.1658507387604672   0.1658605922411431   0.1658700950211889   0.1658792757798631   0.1658881531487358   0.1658966498875109   0.1659065480594872   0.1658785485873712   0.1666841242806066   0.1546971950545456   0.0075554006902625   0.0028680943940314   0.0020548159805886   0.0000000000000000   0.0000000000000000   0.0000000000000000   0.0000000000000000   0.0000000000000000   0.0066866905754177   0.0092011709295716   0.0087026371018361   0.0085961000347462   0.0081784610334569   0.0076266032127255   0.0069259828431128   0.0061470520826224   0.0053641865637620   0.0046127898718475   0.0039062546118148   0.0032549167998892   0.0026650848946650   0.0021344563321097   0.0016471214337542   0.0011717683447029   0.0007346060356980   0.0003527185714791   0.0000000000000000   0.0000000000000000   0.0000000000000000  -0.0000773622360215  -0.0000076097785201   0.0000237144098396   0.0000432732819296   0.0000461692711209   0.0000278540538497   0.0000000000000000   0.0000000000000000   0.0000000000000000   0.0000000000000000   0.0000000000000000   0.0000000000000000   0.0000000000000000   0.0000000000000000   0.0000000000000000   0.0000000000000000   0.0000000000000000   0.0000000000000000   0.0000000000000000   0.0000000000000000   0.0000000000000000
   0.1633838267610193   0.1633935686085535   0.1634227941553731   0.1634524583576536   0.1634735013612646   0.1635015444950195   0.1635356813582777   0.1635718037262212   0.1636071494627178   0.1636406056441707   0.1636720224392826   0.1637015652795674   0.1637293087039008   0.1637551014389581   0.1637786681224814   0.1637998727548708   0.1638191514894854   0.1638374226933119   0.1638558231788894   0.1638755081131546   0.1638973925354607   0.1639219920914772   0.1639492970708600   0.1639789775826587   0.1640107798195261   0.1640445653548284   0.1640801978926561   0.1641175988649364   0.1641567175504447   0.1641972805114451   0.1642388560368512   0.1642811162119924   0.1643238540443135   0.1643669131661167   0.1644101570325802   0.1644534614530224   0.1644967121891677   0.1645398035502863   0.1645826375253581   0.1646251232622534   0.1646671766825987   0.1647087200890774   0.1647496817162215   0.1647899952441917   0.1648295993263488   0.1648684371860356   0.1649064563248015   0.1649436083705620   0.1649798490725675   0.1650151384359338   0.1650494409726145   0.1650827260348178   0.1651149681896502   0.1651461475906005   0.1651762503014038   0.1652052685344658   0.1652332007721301   0.1652600517533740   0.1652858323176734   0.1653105591113113   0.1653342541701465   0.1653569444004035   0.1653786609843965   0.1653994387426958   0.1654193154938932   0.1654383314183342   0.1654565282822714   0.1654739487789083   0.1654906360593199   0.1655066331892134   0.1655219830525112   0.1655367282701076   0.1655509100253167   0.1655645676644550   0.1655777392235812   0.1655904611495392   0.1656027680731029   0.1656146926913684   0.1656262657147480   0.1656375158056938   0.1656484695685758   0.1656591507427398   0.1656695963539402   0.1656795522838965   0.1656940976613438   0.1656228827441214   0.1670029241949077   0.1453274379586861   0.0281535497372121   0.0034376795748454   0.0000000000000000   0.0000000000000000   0.0000000000000000   0.0000000000000000   0.1701378267898707   0.1680979940089910   0.1660539715006190   0.1661817860913588   0.1662027288498881   0.1662018385854783   0.1662026410207991   0.1662033096800157   0.1662039579237408   0.1662045854288117   0.1662051953518087   0.1662057870138966   0.1662063230125820   0.1662074514760774   0.1661980157955923   0.1663264315738949   0.1665224270436905   0.0092033412641144   0.0079572615093025   0.0081769499279446   0.0087349334666524   0.0091634333443446   0.0099881896168742   0.0114993592371176   0.0143448649214588   0.0112916425980234   0.0108669665547854   0.0104944489544679   0.0101856597328111   0.0097196866937939   0.0090353755826568   0.0081352252765046   0.0071534076940492   0.0062123419814443   0.0053424722314721   0.0045402836079968   0.0038021386093654   0.0031312963639113   0.0025300413591794   0.0019909482661843   0.0015033285953465   0.0010740368372936   0.0006710864642539   0.0003058657583252   0.0000000000000000   0.0000000000000000   0.0000284922016963   0.0000655041299872   0.0000740712359526   0.0000793405845904   0.0000953115771040   0.0001261780374028   0.0001671358141311   0.0001044612796328   0.0000000000000000   0.0000000000000000   0.0000000000000000   0.0000000000000000   0.0000000000000000   0.0000000000000000   0.0000000000000000   0.0000000000000000   0.0000000000000000   0.0000000000000000   0.0000000000000000   0.0000000000000000   0.0000000000000000
   0.1630149135885998   0.1630636308642703   0.1632097827006897   0.1633120088623907   0.1633713878084967   0.1634176039354060   0.1634603906160960   0.1635010922609876   0.1635403734135367   0.1635784691184906   0.1636154981648271   0.1636517326663484   0.1636877716058736   0.1637244790409995   0.1637626479521935   0.1638025276555894   0.1638439516513405   0.1638861793438305   0.1639288867752555   0.1639719692279393   0.1640167701192366   0.1640637774702131   0.1641110325360726   0.1641581990139004   0.1642067564467398   0.1642566346726036   0.1643067101749025   0.1643565259543794   0.1644059431510617   0.1644545767870579   0.1645020460779005   0.1645481362294099   0.1645927737873239   0.1646359612909050   0.1646777392682260   0.1647181682626947   0.1647573194862818   0.1647952689841175   0.1648320934954349   0.1648678674278198   0.1649026607169992   0.1649365374107843   0.1649695548194198   0.1650017630902506   0.1650332050915847   0.1650639165249529   0.1650939262119629   0.1651232565228642   0.1651519239242930   0.1651799396284328   0.1652073103253661   0.1652340389789152   0.1652601256612206   0.1652855684002136   0.1653103640119364   0.1653345088911997   0.1653579997348169   0.1653808341776763   0.1654030113244117   0.1654245321669093   0.1654453998832003   0.1654656200189739   0.1654852005589292   0.1655041518990184   0.1655224867336669   0.1655402198762945   0.1655573680325187   0.1655739495367920   0.1655899840658472   0.1656054923394901   0.1656204958129108   0.1656350163955725   0.1656490762265407   0.1656626974378517   0.1656759019022553   0.1656887110775653   0.1657011458258491   0.1657132262375513   0.1657249715924287   0.1657364001603148   0.1657475292629456   0.1657583739141072   0.1657689733781988   0.1657788581043277   0.1657976874793551   0.1656335310122660   0.1690688153101895   0.0789009866981370   0.0022453514300965   0.0001509468962283   0.0000000000000000   0.0000000000000000   0.0000000000000000   0.0000000000000000   0.0000000000000000   0.1701449570330999   0.1681695760185229   0.1661605941096123   0.1662580211192669   0.1662535301464277   0.1662537499656436   0.1662537556858108   0.1662537732452430   0.1662537936024951   0.1662538159168902   0.1662538383249506   0.1662538561881588   0.1662537734190300   0.1662612846187954   0.1660398949552009   0.1722617833320612   0.0121986048088335   0.0102315827936937   0.0113068164337955   0.0114940911936988   0.0114825090991894   0.0114970437810211   0.0114993315670960   0.0114990965798462   0.0111875132619914   0.0110832649905240   0.0109517422741762   0.0107844928797929   0.0104868035132863   0.0099112405257157   0.0089476317454922   0.0078079189708985   0.0067345480671069   0.0057734290851408   0.0049094110480185   0.0041233885594722   0.0034052660802443   0.0027546213447825   0.0021800375791471   0.0016969582515729   0.0013142150930747   0.0010242045661031   0.0008322477800952   0.0007290685718232   0.0005616351004512   0.0004221802186753   0.0002398621265852   0.0001437692350053   0.0001027771894353   0.0001043249004059   0.0001484291955512   0.0001842698359149   0.0001115876247183   0.0000000000000000   0.0000000000000000   0.0000000000000000   0.0000000000000000   0.0000000000000000   0.0000000000000000   0.0000000000000000   0.0000000000000000   0.0000000000000000   0.0000000000000000   0.0000000000000000   0.0000000000000000   0.0000000000000000
   0.1620561978074660   0.1623267636254947   0.1631384610890250   0.1633376310374151   0.1634109997308623   0.1634878305413028   0.1635606348279629   0.1636314430389994   0.1637043086773846   0.1637804529577118   0.1638587046699169   0.1639373059590540   0.1640148843169813   0.1640907288252154   0.1641648464936431   0.1642375099548604   0.1643110767569244   0.1643497376252045   0.1643736981995783   0.1644552704317871   0.1645405620797351   0.1645854523969163   0.1646632961177594   0.1647792281965259   0.1648536572190436   0.1648941713961093   0.1649356914484711   0.1649752167415262   0.1650127307018373   0.1650484404852409   0.1650824951307385   0.1651150213755933   0.1651461225977560   0.1651758859093689   0.1652043883642222   0.1652317013434563   0.1652578933852689   0.1652830317986548   0.1653071833450740   0.1653304142488510   0.1653527897695073   0.1653743735301043   0.1653952267525202   0.1654154075107003   0.1654349700765615   0.1654539644041811   0.1654724357732786   0.1654904245947050   0.1655079663676355   0.1655250917703843   0.1655418268634962   0.1655581933827526   0.1655742091015275   0.1655898882422827   0.1656052419205829   0.1656202786049555   0.1656350045778839   0.1656494243850234   0.1656635412609093   0.1656773575210372   0.1656908749131859   0.1657040949222106   0.1657170190260182   0.1657296489019220   0.1657419865851938   0.1657540345827836   0.1657657959469249   0.1657772743143763   0.1657884739162654   0.1657993995652110   0.1658100566243277   0.1658204509598153   0.1658305888950667   0.1658404771201576   0.1658501226342584   0.1658595327560672   0.1658687149149997   0.1658776766653852   0.1658864256591166   0.1658949693951116   0.1659033155430976   0.1659114698216024   0.1659194720900902   0.1659266572879871   0.1659468961104709   0.1656919582652475   0.1712248175588650   0.0040730886702961   0.0001963313438799   0.0000180963751267   0.0000224604337456   0.0000000000000000   0.0000000000000000   0.0000000000000000   0.0000000000000000   0.0000000000000000   0.1700977498857669   0.1661221993473203   0.1662708247692009   0.1662647660876236   0.1662650281049988   0.1662650204814310   0.1662650248683926   0.1662650288692219   0.1662650312344517   0.1662650294172168   0.1662651239259135   0.1662650755588162   0.1662670012484430   0.1660174251819520   0.1719876121645776   0.0122227694576223   0.0106387800374085   0.0122890396767895   0.0125802358109034   0.0122693911823378   0.0118497542013140   0.0115081670457110   0.0112245868771311   0.0110227437377128   0.0109364345451387   0.0108585743717024   0.0107714640985677   0.0106205405539784   0.0102359965847185   0.0093160688474466   0.0080846522453382   0.0069206845645273   0.0059046085610568   0.0050131314143885   0.0042204876757842   0.0035006019770569   0.0028416673218152   0.0022572592949236   0.0017702499906849   0.0013874848218216   0.0011005883062689   0.0008770957011859   0.0007258479098501   0.0004631685516672   0.0003683432532278   0.0002522063628186   0.0001454016139457   0.0000524977641966   0.0000244904012316   0.0000213652601507   0.0000000000000000   0.0000000000000000   0.0000000000000000   0.0000000000000000   0.0000000000000000   0.0000000000000000   0.0000000000000000   0.0000000000000000   0.0000000000000000   0.0000000000000000   0.0000000000000000   0.0000000000000000   0.0000000000000000   0.0000000000000000   0.0000000000000000
   0.1667418044556151   0.1667223489603593   0.1666639824745981   0.1640612346510078   0.1642281030306428   0.1644370442192392   0.1645849291032358   0.1646831533869124   0.1647692855727414   0.1648432229536283   0.1649078266929147   0.1649655006927137   0.1650178474879649   0.1650659023113359   0.1651103362290587   0.1651511961158412   0.1651965079143025   0.1650971655183371   0.1673944806659589   0.1676617071139321   0.1656068817222330   0.1678306883489490   0.1676799152417210   0.1654370673228532   0.1655996795434249   0.1656381650140594   0.1656531864012966   0.1656693771778040   0.1656845639704730   0.1656989686250657   0.1657126490559353   0.1657256688027829   0.1657380865598088   0.1657499562942278   0.1657613269889894   0.1657722427681891   0.1657827432874938   0.1657928642536357   0.1658026379549361   0.1658120937304639   0.1658212583492108   0.1658301563018026   0.1658388100221408   0.1658472400577201   0.1658554652044680   0.1658635026157600   0.1658713678906983   0.1658790751458686   0.1658866370722830   0.1658940649821755   0.1659013688493011   0.1659085573484916   0.1659156378992898   0.1659226167181122   0.1659294988825936   0.1659362884093472   0.1659429883451613   0.1659496008702539   0.1659561274105818   0.1659625687555782   0.1659689251772235   0.1659751965464060   0.1659813824432318   0.1659874822576184   0.1659934952786092   0.1659994207701281   0.1660052580332644   0.1660110064537879   0.1660166655368078   0.1660222349282577   0.1660277144262043   0.1660331039782039   0.1660384037014864   0.1660436137841327   0.1660487345951382   0.1660537666459367   0.1660587103553995   0.1660635664173439   0.1660683354527305   0.1660730181536600   0.1660776153984045   0.1660821258928645   0.1660865883708442   0.1660902212509477   0.1661092177054916   0.1658070446887368   0.1722089644831044   0.0041755345870518   0.0004264927216542   0.0000653642184774   0.0000250119634938   0.0000000000000000   0.0000000000000000   0.0000000000000000   0.0000000000000000   0.1716699051528681   0.1680932191385199   0.1661789606278671   0.1662710426461455   0.1662668103732580   0.1662670043655292   0.1662669955970415   0.1662669952991891   0.1662669942628990   0.1662670036891059   0.1662671394068931   0.1662671642800775   0.1662601579667817   0.1662668450375412   0.1668169560223567   0.1674211504467143   0.0101912881949052   0.0107609753741231   0.0118574896884510   0.0121209603418894   0.0118392240387755   0.0114435329071536   0.0111269142263797   0.0109235052522613   0.0108109562836433   0.0107327769385002   0.0106563033780455   0.0105624698396993   0.0104259561997636   0.0100988148503636   0.0091687993844904   0.0079312169048598   0.0067510385791252   0.0057367494760436   0.0048597080809196   0.0040998079404181   0.0034234784237274   0.0028030361884111   0.0022360150662924   0.0017336177285296   0.0012869115276439   0.0008629197684222   0.0004335766191653   0.0000000000000000   0.0000000000000000   0.0000000000000000   0.0000882484199882   0.0000553000546902  -0.0000196851350223  -0.0000151885735362   0.0000000000000000   0.0000000000000000   0.0000000000000000   0.0000000000000000   0.0000000000000000   0.0000000000000000   0.0000000000000000   0.0000000000000000   0.0000000000000000   0.0000000000000000   0.0000000000000000   0.0000000000000000   0.0000000000000000   0.0000000000000000   0.0000000000000000   0.0000000000000000
   0.0000000000000000   0.0000000000000000   0.1679106271026466   0.1677785896450106   0.1677382217613516   0.1655527664159949   0.1657143519077412   0.1657545784231405   0.1657706990660671   0.1657882307960247   0.1658049030436236   0.1658205277169904   0.1658351785450022   0.1658489465125245   0.1658619415157311   0.1658737202054709   0.1658955564093993   0.1656715272450586   0.1714260212374414   0.0000000000000000   0.0000000000000000   0.0000000000000000   0.1700558982258245   0.1679905004570718   0.1659765537090787   0.1660978798828643   0.1660949035219820   0.1660983797133657   0.1661013316839173   0.1661041365692083   0.1661067896838465   0.1661093063659704   0.1661117015331208   0.1661139906220515   0.1661161892326266   0.1661183126864002   0.1661203755366819   0.1661223911208708   0.1661243712225839   0.1661263258788797   0.1661282633356209   0.1661301901318114   0.1661321112774055   0.1661340304853730   0.1661359504206213   0.1661378729368828   0.1661397992817656   0.1661417302597032   0.1661436663504602   0.1661456077879800   0.1661475546058010   0.1661495066590040   0.1661514636309666   0.1661534250330607   0.1661553902033451   0.1661573583082104   0.1661593283499465   0.1661612991805691   0.1661632695219477   0.1661652379910276   0.1661672031287510   0.1661691634305084   0.1661711173771033   0.1661730634633491   0.1661750002243318   0.1661769262571026   0.1661788402373775   0.1661807409309026   0.1661826271989484   0.1661844979986827   0.1661863523783435   0.1661881894626915   0.1661900084896367   0.1661918086070015   0.1661935892391160   0.1661953496410957   0.1661970890684394   0.1661988070713324   0.1662005028893096   0.1662021758791637   0.1662038253271667   0.1662054486493194   0.1662070853006551   0.1662079151423702   0.1662247412974605   0.1659138596165316   0.1722433335070323   0.0068560262820367   0.0005296817280523   0.0000343165762679   0.0000000000000000   0.0000000000000000   0.0000000000000000   0.0000000000000000   0.0000000000000000   0.1730012856992315   0.1658981275573362   0.1662592375614540   0.1662684487692309   0.1662673296164110   0.1662674039436809   0.1662674011195217   0.1662674108930964   0.1662674993784550   0.1662674094668693   0.1662665979120261   0.1662576759551427   0.1662880850864132   0.1667643834838303   0.1644225955787295   0.1003858238268266   0.0115228306929639   0.0114419378235928   0.0116102973443515   0.0115674425917606   0.0113819892052132   0.0111290086454082   0.0108960822461811   0.0107224174656930   0.0106013555824113   0.0105099116711708   0.0104177190064765   0.0102839465055531   0.0100554956966789   0.0094633283786980   0.0084495969880504   0.0073182971270707   0.0062251042586356   0.0052822883777262   0.0044709192482776   0.0037822547389114   0.0031846261482048   0.0026363252250665   0.0021076947554605   0.0015961614276139   0.0011174689775983   0.0007012734861472   0.0004017186628336   0.0002174562271327   0.0000000000000000   0.0000000000000000   0.0000139258468104  -0.0000121430381351  -0.0000581311480067   0.0000000000000000   0.0000000000000000   0.0000000000000000   0.0000000000000000   0.0000000000000000   0.0000000000000000   0.0000000000000000   0.0000000000000000   0.0000000000000000   0.0000000000000000   0.0000000000000000   0.0000000000000000   0.0000000000000000   0.0000000000000000   0.0000000000000000   0.0000000000000000   0.0000000000000000
   0.0000000000000000   0.0000000000000000   0.0000000000000000   0.0000000000000000   0.1701275856667330   0.1680808640520174   0.1660336032522129   0.1661639046955629   0.1661876575742442   0.1661872711189780   0.1661867078795832   0.1661865218537601   0.1661873614964865   0.1661884249291329   0.1661894138748987   0.1661899110103629   0.1662001940896149   0.1659879814183924   0.1709402872217429   0.0000000000000000   0.0000000000000000   0.0000000000000000   0.0000000000000000   0.1716082260941668   0.1659979752828251   0.1662500106770285   0.1662383699891774   0.1662390801623200   0.1662391974659851   0.1662393383533941   0.1662394746497508   0.1662396092191869   0.1662397435841738   0.1662398794078576   0.1662400183446950   0.1662401619721816   0.1662403117348908   0.1662404689074902   0.1662406345769623   0.1662408096419801   0.1662409948238847   0.1662411906855700   0.1662413976527281   0.1662416160345266   0.1662418460401587   0.1662420877910009   0.1662423413273130   0.1662426066109495   0.1662428835247700   0.1662431718703602   0.1662434713658790   0.1662437816447682   0.1662441022564375   0.1662444326698963   0.1662447722799224   0.1662451204159487   0.1662454763532412   0.1662458393259853   0.1662462085412732   0.1662465831937869   0.1662469624802969   0.1662473456133218   0.1662477318339541   0.1662481204221235   0.1662485107059870   0.1662489020675690   0.1662492939469235   0.1662496858430410   0.1662500773121210   0.1662504679630438   0.1662508574522207   0.1662512454675341   0.1662516317865584   0.1662520159680786   0.1662523980149944   0.1662527774335542   0.1662531540897314   0.1662535279173753   0.1662538983127484   0.1662542649861727   0.1662546278548473   0.1662549847239654   0.1662553752438844   0.1662549783522123   0.1662705436898866   0.1659610767499532   0.1722525440085844   0.0098728922339459   0.0008735936286140  -0.0000467821053768   0.0000000000000000   0.0000000000000000   0.0000000000000000   0.0000000000000000   0.0000000000000000   0.1730197421183539   0.1659522005175313   0.1662833731345491   0.1662670014352809   0.1662674388618277   0.1662673913354957   0.1662673759875969   0.1662673335214244   0.1662665034742430   0.1662615465785362   0.1662805772652226   0.1663281589016683   0.1668537911823227   0.1624708604750842   0.1119151520400316   0.0167740713689057   0.0120785776691794   0.0117446983982119   0.0116586364119708   0.0115245401683957   0.0113082033220371   0.0110383235831521   0.0107659935455225   0.0105433180102909   0.0103865636985537   0.0102619940120778   0.0101151542630515   0.0098587170856463   0.0093013935865339   0.0082661785458027   0.0072083114991347   0.0062861507565597   0.0053686425589974   0.0045678323029968   0.0038784608189633   0.0032989255649250   0.0028049780145326   0.0023516527413516   0.0018963103810338   0.0014313716898187   0.0010016645367449   0.0006571684013611   0.0004095919875390   0.0002140216351933   0.0000000000000000   0.0000000000000000   0.0000449204595979   0.0000135641808941   0.0000000000000000   0.0000000000000000   0.0000000000000000   0.0000000000000000   0.0000000000000000   0.0000000000000000   0.0000000000000000   0.0000000000000000   0.0000000000000000   0.0000000000000000   0.0000000000000000   0.0000000000000000   0.0000000000000000   0.0000000000000000   0.0000000000000000   0.0000000000000000   0.0000000000000000   0.0000000000000000
   0.0000000000000000   0.0000000000000000   0.0000000000000000   0.0000000000000000   0.0000000000000000   0.1701617943863570   0.1682077976077767   0.1661526398904652   0.1661769668237827   0.1661767415926355   0.1662317214091636   0.1662555240673893   0.1662523523750539   0.1662512344414973   0.1662511021651448   0.1662510239523933   0.1662562871466630   0.1661593779791335   0.1678448371358737   0.1715414478781858   0.0000000000000000   0.0000000000000000   0.0000000000000000   0.1730183181801103   0.1659438306271807   0.1662762516131674   0.1662608514761795   0.1662616101864705   0.1662616141678067   0.1662616511319817   0.1662616845319900   0.1662617164088531   0.1662617470518152   0.1662617768714194   0.1662618062850066   0.1662618357028057   0.1662618655139284   0.1662618960756524   0.1662619277072694   0.1662619606882700   0.1662619952589093   0.1662620316232540   0.1662620699530237   0.1662621103917556   0.1662621530580481   0.1662621980481344   0.1662622454373234   0.1662622952804598   0.1662623476113552   0.1662624024422566   0.1662624597633321   0.1662625195425506   0.1662625817258641   0.1662626462380833   0.1662627129838850   0.1662627818496590   0.1662628527059794   0.1662629254106010   0.1662629998119042   0.1662630757524078   0.1662631530721698   0.1662632316119942   0.1662633112168355   0.1662633917378084   0.1662634730351895   0.1662635549789727   0.1662636374507694   0.1662637203430892   0.1662638035593398   0.1662638870126783   0.1662639706261194   0.1662640543181796   0.1662641380759713   0.1662642215848007   0.1662643051454203   0.1662643883442416   0.1662644713922545   0.1662645541581079   0.1662646361845632   0.1662647178841113   0.1662647991956668   0.1662648776298474   0.1662649922047458   0.1662643436114243   0.1662793526627401   0.1659729603752670   0.1722328162189591   0.0131902660363746   0.0013035621756760  -0.0001461221286174   0.0000000000000000   0.0000000000000000   0.0000000000000000   0.0000000000000000   0.0000000000000000   0.1716216824801814   0.1660280072506568   0.1662783703454084   0.1662669655400314   0.1662681118582027   0.1662690636259666   0.1662698080780177   0.1662687042795210   0.1662750069230983   0.1663378230013633   0.1665549434152767   0.1645073944083525   0.1567780850686979   0.0921074053368039   0.0211387924409879   0.0130360693756799   0.0120951957803572   0.0118242428508120   0.0116675677234123   0.0114705298802795   0.0112137021653276   0.0109163530659117   0.0106179952249296   0.0103674605281691   0.0101588616650563   0.0099065093611473   0.0095213654342776   0.0090000623394789   0.0078364263275978   0.0065078940428587   0.0055508784388608   0.0049139896678374   0.0042344523194008   0.0036446567770441   0.0031288056230929   0.0026947088597925   0.0023283764303765   0.0019925174779723   0.0016472547389769   0.0012773015116255   0.0009209871333211   0.0006114693693476   0.0003599124931051   0.0001679930699786   0.0000000000000000   0.0000000000000000   0.0000000000000000   0.0000151702659626   0.0000000000000000   0.0000000000000000   0.0000000000000000   0.0000000000000000   0.0000000000000000   0.0000000000000000   0.0000000000000000   0.0000000000000000   0.0000000000000000   0.0000000000000000   0.0000000000000000   0.0000000000000000   0.0000000000000000   0.0000000000000000   0.0000000000000000   0.0000000000000000   0.0000000000000000   0.0000000000000000
   0.0000000000000000   0.0000000000000000   0.0000000000000000   0.0000000000000000   0.0000000000000000   0.0000000000000000   0.1683334341249437   0.1661876548696152   0.1683327898216746   0.1682611905142430   0.1661112510767713   0.1661922465064735   0.1662436713448208   0.1662691475204313   0.1662675647438561   0.1662658519181424   0.1662658839775565   0.1662552696743553   0.1659534096427532   0.1710919199705483   0.0000000000000000   0.0000000000000000   0.0000000000000000   0.1730198246352457   0.1659508259030307   0.1662828585441772   0.1662669018120566   0.1662671662510152   0.1662667007845920   0.1662662958674946   0.1662659144554372   0.1662655581927208   0.1662652268692898   0.1662649203144776   0.1662646382897217   0.1662643804870424   0.1662641465230959   0.1662639359367253   0.1662637481881037   0.1662635826607924   0.1662634386650195   0.1662633154426903   0.1662632121735615   0.1662631279824194   0.1662630619468048   0.1662630131047513   0.1662629804628191   0.1662629630040893   0.1662629596965105   0.1662629695016564   0.1662629913826073   0.1662630243103250   0.1662630672694976   0.1662631192646195   0.1662631793262475   0.1662632465166858   0.1662633199341969   0.1662633987161644   0.1662634820412954   0.1662635691321032   0.1662636592561537   0.1662637517268912   0.1662638459041377   0.1662639411929134   0.1662640370432047   0.1662641329473805   0.1662642284387220   0.1662643230881680   0.1662644165024104   0.1662645083202070   0.1662645982088988   0.1662646858415998   0.1662647709745970   0.1662648530972414   0.1662649324201869   0.1662650082823522   0.1662650806725684   0.1662651492741144   0.1662652139620457   0.1662652747335641   0.1662653308021043   0.1662653804504509   0.1662654600882233   0.1662648261541211   0.1662788773209811   0.1659874594646909   0.1720528461162111   0.0216410861976230  -0.0002902994629276   0.0000000000000000   0.0000000000000000   0.0000000000000000   0.0000000000000000   0.0000000000000000   0.1701225912389842   0.1681505893609410   0.1661627285304302   0.1662783120585766   0.1662678041514000   0.1662559712693935   0.1662348511881798   0.1661994289241690   0.1662001282909465   0.1662656912598091   0.1654917492916998   0.1589675154207331   0.1307438541183634   0.0660445278890262   0.0219922363360959   0.0140193917077532   0.0126561573678987   0.0120908724358981   0.0118174790730346   0.0116106608570045   0.0113715278612204   0.0110935278711634   0.0107898476166947   0.0104806361413292   0.0101519851582551   0.0096891293545848   0.0090488118643386   0.0082069963738494   0.0073560179842750   0.0051793566614750   0.0040412295606461   0.0034416001959395   0.0032602738590042   0.0029542701298070   0.0026087120099475   0.0022996895698718   0.0020384149627800   0.0018167069941912   0.0016085075891695   0.0013794571273775   0.0011106660756446   0.0008217996090405   0.0005331449370082   0.0002770225039773   0.0001049289951018   0.0000000000000000   0.0000000000000000   0.0000000000000000   0.0000103693311677   0.0000000000000000   0.0000000000000000   0.0000000000000000   0.0000000000000000   0.0000000000000000   0.0000000000000000   0.0000000000000000   0.0000000000000000   0.0000000000000000   0.0000000000000000   0.0000000000000000   0.0000000000000000   0.0000000000000000   0.0000000000000000   0.0000000000000000   0.0000000000000000   0.0000000000000000   0.0000000000000000
   0.0000000000000000   0.0000000000000000   0.0000000000000000   0.0000000000000000   0.0000000000000000   0.0000000000000000   0.0000000000000000   0.0000000000000000   0.0000000000000000   0.1683324216884916   0.1682858475724227   0.1682877922756671   0.1661664534521620   0.1661932401459222   0.1661917874358703   0.1662461845904716   0.1662714117876314   0.1662766783215511   0.1661747145759928   0.1679186201655193   0.1697868442966306   0.0000000000000000   0.0000000000000000   0.1715719016714410   0.1659256440225380   0.1661813268226844   0.1661700071440815   0.1661713240134932   0.1661720957603330   0.1661729510180472   0.1661738587931732   0.1661748196336567   0.1661758323971114   0.1661768958400400   0.1661780085328296   0.1661791688483958   0.1661803749471882   0.1661816247701161   0.1661829160363589   0.1661842462475790   0.1661856126972307   0.1661870124856950   0.1661884425402007   0.1661898996392856   0.1661913804403766   0.1661928815096384   0.1661943993542187   0.1661959304557334   0.1661974713025165   0.1661990184182700   0.1662005683880162   0.1662021178838144   0.1662036636881129   0.1662052027121772   0.1662067320082702   0.1662082487780277   0.1662097503795334   0.1662112343315563   0.1662126983137156   0.1662141401630710   0.1662155578690240   0.1662169495659797   0.1662183135249582   0.1662196481433075   0.1662209519339607   0.1662222235124018   0.1662234615848479   0.1662246649354937   0.1662258324141619   0.1662269629229577   0.1662280553993491   0.1662291087919029   0.1662301221577115   0.1662310943835761   0.1662320248817265   0.1662329122773835   0.1662337558981084   0.1662345552335966   0.1662353091802166   0.1662360167405083   0.1662366776707007   0.1662372902765066   0.1662378839757024   0.1662378294517929   0.1662502024469945   0.1660020740444239   0.1712286077920739   0.0525268062044190  -0.0033630617663487   0.0000000000000000   0.0000000000000000   0.0000000000000000   0.0000000000000000   0.1716761397782781   0.1680379814941022   0.1660686739345636   0.1661288056121759   0.1660173455444995   0.1658596873779932   0.1656881538569002   0.1655065175420476   0.1653188440148888   0.1654392703292401   0.1619599203369221   0.1456614462465547   0.0906911129161927   0.0530698480371182   0.0249238186606043   0.0164043049843139   0.0136603169324725   0.0125071877984076   0.0120176212469285   0.0117141045052935   0.0114711647082761   0.0112075826516180   0.0108963344358649   0.0105262095083965   0.0100271408195659   0.0091550472074724   0.0076351161300198   0.0053635726991631   0.0025811447778746   0.0000000000000000   0.0000000000000000   0.0000000000000000   0.0000000000000000   0.0000000000000000   0.0008657768728926   0.0011872227766113   0.0012973550866365   0.0013083523998845   0.0012750941209832   0.0012128756077349   0.0010790812932055   0.0009030465870884   0.0006863875771167   0.0004325220790699   0.0001751695534252   0.0000000000000000   0.0000000000000000   0.0000000000000000   0.0000000000000000   0.0000000000000000   0.0000000000000000   0.0000000000000000   0.0000000000000000   0.0000000000000000   0.0000000000000000   0.0000000000000000   0.0000000000000000   0.0000000000000000   0.0000000000000000   0.0000000000000000   0.0000000000000000   0.0000000000000000   0.0000000000000000   0.0000000000000000   0.0000000000000000   0.0000000000000000   0.0000000000000000   0.0000000000000000
   0.0000000000000000   0.0000000000000000   0.0000000000000000   0.0000000000000000   0.0000000000000000   0.0000000000000000   0.0000000000000000   0.0000000000000000   0.0000000000000000   0.0000000000000000   0.0000000000000000   0.1683569159327755   0.1661892397352693   0.1683341749082060   0.1682861731228610   0.1661669878869445   0.1661938033200369   0.1661947981468013   0.1662341397506006   0.1660845248903150   0.1679243330049229   0.1680028566467408   0.1681894192414935   0.1680791557723222   0.1659433646880824   0.1660712513502150   0.1660675999936387   0.1660710234684713   0.1660741055013104   0.1660772299054620   0.1660803756572723   0.1660835423898084   0.1660867285915645   0.1660899326803127   0.1660931529271988   0.1660963874314966   0.1660996340968363   0.1661028906166964   0.1661061544677249   0.1661094229110650   0.1661126930014434   0.1661159616035772   0.1661192254152050   0.1661224809951464   0.1661257247957143   0.1661289531998936   0.1661321625605663   0.1661353492372081   0.1661385096289337   0.1661416402080879   0.1661447375545925   0.1661477983828277   0.1661508195593405   0.1661537981177280   0.1661567312722850   0.1661596164255971   0.1661624511677806   0.1661652332724739   0.1661679606920143   0.1661706315494982   0.1661732441270918   0.1661757968514166   0.1661782882782818   0.1661807170766876   0.1661830820110703   0.1661853819238243   0.1661876157182335   0.1661897823406094   0.1661918807625458   0.1661939099592712   0.1661958688939393   0.1661977565264143   0.1661995719077664   0.1662013139028924   0.1662029814991641   0.1662045736067309   0.1662060894034366   0.1662075280723287   0.1662088879057143   0.1662101689388909   0.1662113706359603   0.1662124905784732   0.1662135518320672   0.1662140916972746   0.1662235828815082   0.1660477638217482   0.1696500105629993   0.1091411984341231   0.0000000000000000   0.0000000000000000   0.0000000000000000   0.0000000000000000   0.0000000000000000   0.1716510764238873   0.1677834881097795   0.1651812950437485   0.1645509809797317   0.1639582304166438   0.1635509390473990   0.1632278470849491   0.1629575193776130   0.1628318294441670   0.1620617462099005   0.1237614545261578   0.0766694136719092   0.0437862832374496   0.0246090787980258   0.0180020242300378   0.0158306578785984   0.0143150051869933   0.0128617238936727   0.0118904367131310   0.0115208409426090   0.0112221198324231   0.0108914088254429   0.0104709834982329   0.0098739253003700   0.0088823508587736   0.0071674319495267   0.0048489372490901   0.0025905003996234   0.0009932910637004   0.0000000000000000   0.0000000000000000   0.0000000000000000   0.0000000000000000   0.0000000000000000   0.0000000000000000   0.0002069610566191   0.0003922453747509   0.0005039614073015   0.0006040069913614   0.0007631333474640   0.0007378937592952   0.0006636842120142   0.0005408758263557   0.0003633820537075   0.0001530977993083   0.0000000000000000   0.0000000000000000   0.0000000000000000   0.0000000000000000   0.0000000000000000   0.0000000000000000   0.0000000000000000   0.0000000000000000   0.0000000000000000   0.0000000000000000   0.0000000000000000   0.0000000000000000   0.0000000000000000   0.0000000000000000   0.0000000000000000   0.0000000000000000   0.0000000000000000   0.0000000000000000   0.0000000000000000   0.0000000000000000   0.0000000000000000   0.0000000000000000   0.0000000000000000
   0.0000000000000000   0.0000000000000000   0.0000000000000000   0.0000000000000000   0.0000000000000000   0.0000000000000000   0.0000000000000000   0.0000000000000000   0.0000000000000000   0.0000000000000000   0.0000000000000000   0.0000000000000000   0.0000000000000000   0.0000000000000000   0.1683564238815601   0.1661893338163580   0.1683350287322573   0.1682636589593226   0.1661176220857623   0.1661827801887012   0.1661331941029761   0.1660744060412996   0.1660693148124696   0.1660963805587528   0.1661518227357630   0.1661767724314291   0.1661763155870769   0.1661780350050269   0.1661796121768836   0.1661811963421910   0.1661827782328381   0.1661843578287664   0.1661859345901163   0.1661875079872881   0.1661890774567821   0.1661906423904620   0.1661922021254404   0.1661937559363114   0.1661953030317393   0.1661968425534193   0.1661983735783225   0.1661998951235168   0.1662014061524149   0.1662029055837605   0.1662043923048541   0.1662058651854545   0.1662073230864184   0.1662087648687955   0.1662101894111852   0.1662115956263250   0.1662129824658398   0.1662143489239566   0.1662156940484057   0.1662170169468819   0.1662183167856748   0.1662195927917431   0.1662208442571356   0.1662220705363230   0.1662232710389696   0.1662244452258609   0.1662255926058439   0.1662267127307920   0.1662278051886886   0.1662288695966853   0.1662299055943429   0.1662309128385125   0.1662318909951551   0.1662328397309387   0.1662337587006448   0.1662346475403976   0.1662355058969011   0.1662363334359863   0.1662371298363018   0.1662378945452998   0.1662386271697599   0.1662393276451131   0.1662399952326181   0.1662406292558034   0.1662412301086686   0.1662417972718246   0.1662423297495520   0.1662428276283052   0.1662433033319539   0.1662434855728672   0.1662487934883759   0.1661541992344212   0.1680043168556986   0.1294354792422468   0.0000000000000000   0.0000000000000000   0.0000000000000000   0.0000000000000000   0.0000000000000000   0.0000000000000000   0.1617430661597182   0.1554317708880462   0.1591697078544567   0.1602955217998189   0.1606260731019316   0.1608956956591027   0.1609341886026840   0.1612606791846363   0.1497587189087098   0.0721579710290234   0.0366152465260037   0.0230353871192814   0.0178419256082081   0.0162127182405489   0.0155357483934744   0.0147964288984999   0.0131814431019710   0.0118966421516728   0.0111903244299133   0.0107120069375857   0.0102377705542311   0.0096116306142297   0.0086773063043938   0.0071843543754988   0.0051212986703468   0.0031251738559863   0.0016792788125099   0.0008550649831508   0.0004566193082331   0.0000000000000000   0.0000000000000000   0.0000000000000000   0.0000000000000000   0.0000000000000000   0.0000000000000000   0.0000000000000000   0.0000000000000000   0.0000000000000000   0.0000000000000000   0.0003080748038034   0.0003913729013686   0.0003958499784670   0.0003086040353507   0.0001479755739962   0.0000000000000000   0.0000000000000000   0.0000000000000000   0.0000000000000000   0.0000000000000000   0.0000000000000000   0.0000000000000000   0.0000000000000000   0.0000000000000000   0.0000000000000000   0.0000000000000000   0.0000000000000000   0.0000000000000000   0.0000000000000000   0.0000000000000000   0.0000000000000000   0.0000000000000000   0.0000000000000000   0.0000000000000000   0.0000000000000000   0.0000000000000000   0.0000000000000000   0.0000000000000000
   0.0000000000000000   0.0000000000000000   0.0000000000000000   0.0000000000000000   0.0000000000000000   0.0000000000000000   0.0000000000000000   0.0000000000000000   0.0000000000000000   0.0000000000000000   0.0000000000000000   0.0000000000000000   0.0000000000000000   0.0000000000000000   0.0000000000000000   0.0000000000000000   0.0000000000000000   0.1683327111038864   0.1682871110166076   0.1682674975572502   0.1661215430290104   0.1662065286673435   0.1662562996952783   0.1662773238956905   0.1662733716395236   0.1662722144530444   0.1662719091351938   0.1662718585932537   0.1662717782536504   0.1662717006239639   0.1662716229227000   0.1662715453393442   0.1662714678961802   0.1662713906197131   0.1662713135375631   0.1662712366802161   0.1662711600806702   0.1662710837745958   0.1662710078008314   0.1662709322016683   0.1662708570229311   0.1662707823127260   0.1662707081199618   0.1662706344971249   0.1662705615018077   0.1662704891900391   0.1662704176133551   0.1662703468275923   0.1662702768936405   0.1662702078659867   0.1662701397916342   0.1662700727165624   0.1662700066847334   0.1662699417396079   0.1662698779278182   0.1662698152911124   0.1662697538611798   0.1662696936669142   0.1662696347383981   0.1662695771032278   0.1662695207852229   0.1662694658064995   0.1662694121870691   0.1662693599438202   0.1662693090927990   0.1662692596528965   0.1662692116409866   0.1662691650644357   0.1662691199219166   0.1662690762420537   0.1662690340837039   0.1662689934432692   0.1662689543333332   0.1662689167209871   0.1662688806667098   0.1662688465293609   0.1662688135695465   0.1662687825731867   0.1662687535238204   0.1662687253423783   0.1662686993868156   0.1662686732451783   0.1662686582071145   0.1662686179589743   0.1662702374084771   0.1662351182722322   0.1667214980409886   0.1700690913189319   0.1693231037220268   0.1638685440261715   0.1628276119876989   0.1606654959531907   0.1548391689498415   0.1434304655119099   0.1415313644858677   0.1399612174803249   0.1508893922309991   0.1657031494070328   0.1649711415830293   0.1622424013297373   0.1626979816993626   0.1633191364178284   0.1582853995262753   0.0413094997306894   0.0216276063781137   0.0171601050602590   0.0159353426853929   0.0153471616303564   0.0149406828471239   0.0143884664048105   0.0131619076122584   0.0116722508918749   0.0105440543211086   0.0097698915961485   0.0091182956505658   0.0083553206270007   0.0071837954659737   0.0054966708328644   0.0038386783627799   0.0024331059396963   0.0013814438964710   0.0007336474913107   0.0003739954322858   0.0000000000000000   0.0000000000000000   0.0000000000000000   0.0000000000000000   0.0000000000000000   0.0000000000000000   0.0000000000000000   0.0000000000000000   0.0000000000000000   0.0000000000000000   0.0000000000000000   0.0001094655006151   0.0002580180583314   0.0002439181518846   0.0001382958378048   0.0000000000000000   0.0000000000000000   0.0000000000000000   0.0000000000000000   0.0000000000000000   0.0000000000000000   0.0000000000000000   0.0000000000000000   0.0000000000000000   0.0000000000000000   0.0000000000000000   0.0000000000000000   0.0000000000000000   0.0000000000000000   0.0000000000000000   0.0000000000000000   0.0000000000000000   0.0000000000000000   0.0000000000000000   0.0000000000000000   0.0000000000000000   0.0000000000000000   0.0000000000000000
   0.0000000000000000   0.0000000000000000   0.0000000000000000   0.0000000000000000   0.0000000000000000   0.0000000000000000   0.0000000000000000   0.0000000000000000   0.0000000000000000   0.0000000000000000   0.0000000000000000   0.0000000000000000   0.0000000000000000   0.0000000000000000   0.0000000000000000   0.0000000000000000   0.0000000000000000   0.0000000000000000   0.0000000000000000   0.1683336316001090   0.1682475896100061   0.1682134148124382   0.1661560935923573   0.1662739657836427   0.1662669827494435   0.1662671383324325   0.1662672250780356   0.1662672478320361   0.1662672522707294   0.1662672555657045   0.1662672594076916   0.1662672632293313   0.1662672670422994   0.1662672708474914   0.1662672746429814   0.1662672784278288   0.1662672822005170   0.1662672859592004   0.1662672897019816   0.1662672934274082   0.1662672971334453   0.1662673008155805   0.1662673044704041   0.1662673080991370   0.1662673116993277   0.1662673152626048   0.1662673187882527   0.1662673222769891   0.1662673257095243   0.1662673290573817   0.1662673323206015   0.1662673355495082   0.1662673388071392   0.1662673420927193   0.1662673453380656   0.1662673484891629   0.1662673515447647   0.1662673545224833   0.1662673574321903   0.1662673602739519   0.1662673630334290   0.1662673656871272   0.1662673682381736   0.1662673707419534   0.1662673732612945   0.1662673757898954   0.1662673782477198   0.1662673805660246   0.1662673827632491   0.1662673849072900   0.1662673869523405   0.1662673888461140   0.1662673907982512   0.1662673927175727   0.1662673945264444   0.1662673965141324   0.1662673978133883   0.1662673996640298   0.1662674010272798   0.1662674018873694   0.1662674023517364   0.1662674109764201   0.1662675074362912   0.1662669545061838   0.1662617496285256   0.1663011604016496   0.1663099729669857   0.1645853843136287   0.1567113364297217   0.1460601777321806   0.1513196146731441   0.1633364770496027   0.1671672932596729   0.1225206658713141   0.0820353773118473   0.0474301786714931   0.0000000000000000   0.0000000000000000   0.1710070926847815   0.1648605317775423   0.1652645811665303   0.1651978380600067   0.1710838184966599   0.0502040492007311   0.0174491569216433   0.0154203036280064   0.0148582052497927   0.0144518997711107   0.0140631622009729   0.0135796127551191   0.0123614650670448   0.0107629000675772   0.0094223603817831   0.0084572480873888   0.0077318324569491   0.0069435681094567   0.0056518946624177   0.0041479975989615   0.0030244757956266   0.0020199203439446   0.0010568463857787   0.0003406724750788   0.0000000000000000   0.0000000000000000   0.0000000000000000   0.0000000000000000   0.0000000000000000   0.0000000000000000   0.0000000000000000   0.0000000000000000   0.0000000000000000   0.0000000000000000   0.0000000000000000   0.0000000000000000   0.0000000000000000   0.0000000000000000   0.0001374587188101   0.0000944459000112   0.0000000000000000   0.0000000000000000   0.0000000000000000   0.0000000000000000   0.0000000000000000   0.0000000000000000   0.0000000000000000   0.0000000000000000   0.0000000000000000   0.0000000000000000   0.0000000000000000   0.0000000000000000   0.0000000000000000   0.0000000000000000   0.0000000000000000   0.0000000000000000   0.0000000000000000   0.0000000000000000   0.0000000000000000   0.0000000000000000   0.0000000000000000   0.0000000000000000   0.0000000000000000
   0.0000000000000000   0.0000000000000000   0.0000000000000000   0.0000000000000000   0.0000000000000000   0.0000000000000000   0.0000000000000000   0.0000000000000000   0.0000000000000000   0.0000000000000000   0.0000000000000000   0.0000000000000000   0.0000000000000000   0.0000000000000000   0.0000000000000000   0.0000000000000000   0.0000000000000000   0.0000000000000000   0.0000000000000000   0.0000000000000000   0.0000000000000000   0.1716416764741274   0.1659900821667185   0.1662564926617812   0.1662715807926959   0.1662687440227810   0.1662676242208604   0.1662674327019387   0.1662674749321537   0.1662674748485989   0.1662674744322107   0.1662674742766169   0.1662674740891237   0.1662674739041419   0.1662674737192106   0.1662674735349168   0.1662674733513334   0.1662674731684244   0.1662674729866898   0.1662674728071123   0.1662674726278536   0.1662674724467020   0.1662674722682681   0.1662674720936755   0.1662674719155402   0.1662674717385743   0.1662674715665910   0.1662674714089280   0.1662674715016997   0.1662674724687191   0.1662674745596387   0.1662674765116045   0.1662674764331457   0.1662674742532731   0.1662674718144637   0.1662674704569514   0.1662674700059083   0.1662674698455776   0.1662674697065084   0.1662674695862289   0.1662674697553181   0.1662674708366962   0.1662674729991137   0.1662674748827036   0.1662674746420305   0.1662674723655808   0.1662674699610008   0.1662674687099112   0.1662674683748331   0.1662674682518696   0.1662674680354953   0.1662674679928088   0.1662674681496566   0.1662674679213874   0.1662674678916362   0.1662674678890483   0.1662674674967347   0.1662674679959150   0.1662674669826373   0.1662674648661562   0.1662674980049897   0.1662675146027134   0.1662666618867027   0.1662620583455512   0.1663236987339765   0.1665630515557039   0.1625217798342285   0.1438632239361493   0.0980079330589955   0.0634423478684923   0.0000000000000000   0.0000000000000000   0.0000000000000000   0.0477511134004521   0.0179070440694134   0.0030174369892213   0.0000000000000000   0.0000000000000000   0.1730450805612309   0.1657942254562702   0.1661197349435728   0.1658595555385625   0.1712185506994897   0.0399924104995723   0.0152800825393542   0.0141432639644269   0.0136714067364858   0.0132557744734166   0.0127940423055580   0.0121975967453323   0.0106911466622021   0.0092024132689315   0.0080092998461207   0.0070380316060171   0.0062564163380605   0.0053463634387634   0.0040862275060565   0.0029824780948812   0.0022578731116729   0.0015563180262055   0.0008241811263268   0.0000000000000000   0.0000000000000000   0.0000000000000000   0.0000000000000000   0.0000000000000000   0.0000000000000000   0.0000000000000000   0.0000000000000000   0.0000000000000000   0.0000000000000000   0.0000000000000000   0.0000000000000000   0.0000000000000000   0.0000000000000000   0.0000000000000000   0.0000000000000000   0.0000216269240662   0.0000000000000000   0.0000000000000000   0.0000000000000000   0.0000000000000000   0.0000000000000000   0.0000000000000000   0.0000000000000000   0.0000000000000000   0.0000000000000000   0.0000000000000000   0.0000000000000000   0.0000000000000000   0.0000000000000000   0.0000000000000000   0.0000000000000000   0.0000000000000000   0.0000000000000000   0.0000000000000000   0.0000000000000000   0.0000000000000000   0.0000000000000000   0.0000000000000000   0.0000000000000000
   0.0000000000000000   0.0000000000000000   0.0000000000000000   0.0000000000000000   0.0000000000000000   0.0000000000000000   0.0000000000000000   0.0000000000000000   0.0000000000000000   0.0000000000000000   0.0000000000000000   0.0000000000000000   0.0000000000000000   0.0000000000000000   0.0000000000000000   0.0000000000000000   0.0000000000000000   0.0000000000000000   0.0000000000000000   0.0000000000000000   0.0000000000000000   0.1717099190163120   0.1681257445928032   0.1661220347411916   0.1661973704812346   0.1662478850984874   0.1662702595554236   0.1662675779292229   0.1662674436121603   0.1662674659955335   0.1662674638576443   0.1662674640020229   0.1662674640112907   0.1662674640209955   0.1662674640304537   0.1662674640400204   0.1662674640494814   0.1662674640588786   0.1662674640693241   0.1662674640802984   0.1662674640874741   0.1662674640947538   0.1662674641062377   0.1662674641117443   0.1662674641154329   0.1662674641313888   0.1662674641134260   0.1662674644505822   0.1662674627851314   0.1662674435999375   0.1662673910548266   0.1662673342091061   0.1662673320737694   0.1662673869000572   0.1662674408488566   0.1662674620213956   0.1662674644729940   0.1662674642158681   0.1662674642240506   0.1662674644963200   0.1662674620462873   0.1662674408041240   0.1662673867915940   0.1662673323665954   0.1662673355865865   0.1662673933448506   0.1662674456588026   0.1662674638493132   0.1662674647262430   0.1662674640497299   0.1662674641127057   0.1662674643407538   0.1662674641441173   0.1662674639518595   0.1662674644537650   0.1662674641513461   0.1662674644387602   0.1662674636446851   0.1662674597865412   0.1662675204063288   0.1662675084410342   0.1662648694323535   0.1662703816181872   0.1663376796384822   0.1664393712892889   0.1600394368394336   0.1141158107917318   0.0618855089913826   0.0242023076226617   0.0000000000000000   0.0000000000000000   0.0000000000000000   0.0000000000000000   0.0000000000000000   0.0010020219548018   0.0001529385090202   0.0000000000000000   0.0000000000000000   0.1700151489345033   0.1660798064772634   0.1662254859204066   0.1661161058371147   0.1691201782639029   0.0169764157669379   0.0127302774346562   0.0123557976288431   0.0117282544233237   0.0111329908536768   0.0101557921244738   0.0095656987378375   0.0084243418668347   0.0073144320512617   0.0063965416393508   0.0054425966837421   0.0044712890774018   0.0031182749857617   0.0023269637205419   0.0017255990691089   0.0013147286695384   0.0010589123969816   0.0008154693023494   0.0006393918283861   0.0000000000000000   0.0000000000000000   0.0000000000000000   0.0000000000000000   0.0000000000000000   0.0000000000000000   0.0000000000000000   0.0000000000000000   0.0000000000000000   0.0000000000000000   0.0000000000000000   0.0000000000000000   0.0000000000000000   0.0000000000000000   0.0000000000000000  -0.0000009614883823   0.0000000000000000   0.0000000000000000   0.0000000000000000   0.0000000000000000   0.0000000000000000   0.0000000000000000   0.0000000000000000   0.0000000000000000   0.0000000000000000   0.0000000000000000   0.0000000000000000   0.0000000000000000   0.0000000000000000   0.0000000000000000   0.0000000000000000   0.0000000000000000   0.0000000000000000   0.0000000000000000   0.0000000000000000   0.0000000000000000   0.0000000000000000   0.0000000000000000   0.0000000000000000
   0.0000000000000000   0.0000000000000000   0.0000000000000000   0.0000000000000000   0.0000000000000000   0.0000000000000000   0.0000000000000000   0.0000000000000000   0.0000000000000000   0.0000000000000000   0.0000000000000000   0.0000000000000000   0.0000000000000000   0.0000000000000000   0.0000000000000000   0.0000000000000000   0.0000000000000000   0.0000000000000000   0.0000000000000000   0.0000000000000000   0.0000000000000000   0.0000000000000000   0.1682946296425280   0.1682677155659117   0.1682242561144330   0.1661215542172633   0.1662498578250879   0.1662691029815343   0.1662673370076209   0.1662674702205976   0.1662674647502285   0.1662674645196373   0.1662674645219009   0.1662674645245172   0.1662674645237863   0.1662674645236144   0.1662674645232353   0.1662674645230908   0.1662674645248064   0.1662674645238079   0.1662674645196354   0.1662674645223806   0.1662674645203605   0.1662674645121556   0.1662674645163639   0.1662674645265876   0.1662674643947077   0.1662674664020397   0.1662674401455142   0.1662676564997079   0.1662688428280089   0.1662704757728377   0.1662705375485367   0.1662689510197931   0.1662677116321823   0.1662674477458056   0.1662674653703938   0.1662674644760490   0.1662674644746417   0.1662674653734618   0.1662674476608834   0.1662677129181180   0.1662689566577821   0.1662705387061054   0.1662704495420440   0.1662687893481524   0.1662676104789613   0.1662674222789364   0.1662674644340019   0.1662674645702482   0.1662674645059579   0.1662674643612621   0.1662674643175177   0.1662674648429809   0.1662674647757524   0.1662674646014417   0.1662674639484714   0.1662674580328120   0.1662675433102023   0.1662675463504535   0.1662627797735273   0.1662783025060877   0.1664465593027038   0.1655439268085716   0.1555906670834185   0.0844441938393741   0.0403174676711198   0.0155495241735759   0.0013791727195537   0.0000000000000000   0.0000000000000000   0.0000000000000000   0.0000000000000000   0.0000000000000000   0.0000000000000000   0.0000000000000000   0.0000000000000000   0.0000000000000000   0.0000000000000000   0.0000000000000000   0.0000000000000000   0.0000000000000000   0.0000000000000000   0.0000000000000000   0.0000000000000000   0.0000000000000000   0.0000000000000000   0.0000000000000000   0.0000000000000000   0.0000000000000000   0.0016066445103135   0.0021416423039868   0.0019891916752741   0.0010394154376825   0.0000000000000000   0.0000000000000000   0.0001776372720012   0.0000000000000000   0.0000000000000000   0.0003495442006674   0.0006099564854494   0.0005069999648682   0.0000000000000000   0.0000000000000000   0.0000000000000000   0.0000000000000000   0.0000000000000000   0.0000000000000000   0.0000000000000000   0.0000000000000000   0.0000000000000000   0.0000000000000000   0.0000000000000000   0.0000000000000000   0.0000000000000000   0.0000000000000000   0.0000000000000000   0.0000008073156366   0.0000000000000000   0.0000000000000000   0.0000000000000000   0.0000000000000000   0.0000000000000000   0.0000000000000000   0.0000000000000000   0.0000000000000000   0.0000000000000000   0.0000000000000000   0.0000000000000000   0.0000000000000000   0.0000000000000000   0.0000000000000000   0.0000000000000000   0.0000000000000000   0.0000000000000000   0.0000000000000000   0.0000000000000000   0.0000000000000000   0.0000000000000000   0.0000000000000000   0.0000000000000000
   0.0000000000000000   0.0000000000000000   0.0000000000000000   0.0000000000000000   0.0000000000000000   0.0000000000000000   0.0000000000000000   0.0000000000000000   0.0000000000000000   0.0000000000000000   0.0000000000000000   0.0000000000000000   0.0000000000000000   0.0000000000000000   0.0000000000000000   0.0000000000000000   0.0000000000000000   0.0000000000000000   0.0000000000000000   0.0000000000000000   0.0000000000000000   0.0000000000000000   0.0000000000000000   0.0000000000000000   0.1701556228835439   0.1681458302641980   0.1661593649725633   0.1662742445100894   0.1662673541588890   0.1662674343898102   0.1662674640911909   0.1662674647504704   0.1662674644774474   0.1662674645065778   0.1662674645043527   0.1662674645048260   0.1662674645046488   0.1662674645056065   0.1662674645074987   0.1662674645030337   0.1662674645038898   0.1662674645077713   0.1662674644963449   0.1662674644990034   0.1662674645042645   0.1662674645132900   0.1662674642086576   0.1662674704657772   0.1662673563322534   0.1662692010776944   0.1662466132075251   0.1661943881277315   0.1661924054401503   0.1662437165440048   0.1662683626865810   0.1662674309659506   0.1662674657908797   0.1662674644507410   0.1662674644490338   0.1662674657979960   0.1662674307982164   0.1662683671986692   0.1662435971772696   0.1661921976706248   0.1661948725200368   0.1662479833554923   0.1662702540066410   0.1662675767418081   0.1662674431339099   0.1662674663732749   0.1662674642538307   0.1662674644643608   0.1662674649284602   0.1662674645650412   0.1662674645107010   0.1662674636987848   0.1662674558305981   0.1662675616600254   0.1662676238486630   0.1662607421950316   0.1662834535554746   0.1665862895578561   0.1644268490811505   0.1438463687121584   0.0665371594983244   0.0279764334649226   0.0102479751125087   0.0004491914517640   0.0000607914679101   0.0000000000000000   0.0000000000000000   0.0000000000000000   0.0000000000000000   0.0000000000000000   0.0000000000000000   0.0000000000000000   0.0000000000000000   0.0000000000000000   0.0000000000000000   0.0000000000000000   0.0000000000000000   0.0000000000000000   0.0000000000000000   0.0000000000000000   0.0000000000000000   0.0000000000000000   0.0000000000000000   0.0000000000000000   0.0000000000000000   0.0000000000000000   0.0004785326215409   0.0005554047252064   0.0004614547438152   0.0000000000000000   0.0000000000000000   0.0000000000000000   0.0000000000000000   0.0000000000000000   0.0000000000000000   0.0000000000000000   0.0000000000000000   0.0001470585156841   0.0000000000000000   0.0000000000000000   0.0000000000000000   0.0000000000000000   0.0000000000000000   0.0000000000000000   0.0000000000000000   0.0000000000000000   0.0000000000000000   0.0000000000000000   0.0000000000000000   0.0000000000000000   0.0000000000000000   0.0000000000000000   0.0000000000000000   0.0000122968374880   0.0000000000000000   0.0000000000000000   0.0000000000000000   0.0000000000000000   0.0000000000000000   0.0000000000000000   0.0000000000000000   0.0000000000000000   0.0000000000000000   0.0000000000000000   0.0000000000000000   0.0000000000000000   0.0000000000000000   0.0000000000000000   0.0000000000000000   0.0000000000000000   0.0000000000000000   0.0000000000000000   0.0000000000000000   0.0000000000000000   0.0000000000000000   0.0000000000000000   0.0000000000000000
   0.0000000000000000   0.0000000000000000   0.0000000000000000   0.0000000000000000   0.0000000000000000   0.0000000000000000   0.0000000000000000   0.0000000000000000   0.0000000000000000   0.0000000000000000   0.0000000000000000   0.0000000000000000   0.0000000000000000   0.0000000000000000   0.0000000000000000   0.0000000000000000   0.0000000000000000   0.0000000000000000   0.0000000000000000   0.0000000000000000   0.0000000000000000   0.0000000000000000   0.0000000000000000   0.0000000000000000   0.0000000000000000   0.1716246582657152   0.1659925497304626   0.1662561280651060   0.1662699046761766   0.1662675922262964   0.1662674425095855   0.1662674663412136   0.1662674643774845   0.1662674645142296   0.1662674645058662   0.1662674645066459   0.1662674645061051   0.1662674645080937   0.1662674645073347   0.1662674645023907   0.1662674645107567   0.1662674645027112   0.1662674644956071   0.1662674645084799   0.1662674645016879   0.1662674645130450   0.1662674641589263   0.1662674745979434   0.1662672203640058   0.1662727054746590   0.1661626810128284   0.1682267490176497   0.1683024678900248   0.1662421467809548   0.1662680906011091   0.1662674451933094   0.1662674651639424   0.1662674644754480   0.1662674644746329   0.1662674651677187   0.1662674450963725   0.1662680937219069   0.1662420215734502   0.1683123739949275   0.1682224450932307   0.1661216565719508   0.1662498976427505   0.1662691431416457   0.1662673526486464   0.1662674709822623   0.1662674640803425   0.1662674648084982   0.1662674643107550   0.1662674644167688   0.1662674637669797   0.1662674536881018   0.1662675756888158   0.1662677312493658   0.1662589196758862   0.1662849377014332   0.1667347789819758   0.1634501499356480   0.1290380692254657   0.0485845910335439   0.0175557240724568   0.0042472709224583   0.0000000000000000   0.0000000000000000   0.0000000000000000   0.0000000000000000   0.0000000000000000   0.0000000000000000   0.0000000000000000   0.0000000000000000   0.0000000000000000   0.0000000000000000   0.0000000000000000   0.0000000000000000   0.0000000000000000   0.0000000000000000   0.0000000000000000   0.0000000000000000   0.0000000000000000   0.0000000000000000   0.0000000000000000   0.0000000000000000   0.0000000000000000   0.0000000000000000   0.0000000000000000   0.0000000000000000   0.0000839722589465   0.0000000000000000   0.0000000000000000   0.0000000000000000   0.0000000000000000   0.0000000000000000   0.0000000000000000   0.0000000000000000   0.0000000000000000   0.0000000000000000   0.0000000000000000   0.0000000000000000   0.0000000000000000   0.0000000000000000   0.0000000000000000   0.0000000000000000   0.0000000000000000   0.0000000000000000   0.0000000000000000   0.0000000000000000   0.0000000000000000   0.0000000000000000   0.0000000000000000   0.0000000000000000   0.0000000000000000   0.0000000000000000   0.0000000000000000   0.0000000000000000   0.0000000000000000   0.0000000000000000   0.0000000000000000   0.0000000000000000   0.0000000000000000   0.0000000000000000   0.0000000000000000   0.0000000000000000   0.0000000000000000   0.0000000000000000   0.0000000000000000   0.0000000000000000   0.0000000000000000   0.0000000000000000   0.0000000000000000   0.0000000000000000   0.0000000000000000   0.0000000000000000   0.0000000000000000   0.0000000000000000   0.0000000000000000   0.0000000000000000   0.0000000000000000
   0.0000000000000000   0.0000000000000000   0.0000000000000000   0.0000000000000000   0.0000000000000000   0.0000000000000000   0.0000000000000000   0.0000000000000000   0.0000000000000000   0.0000000000000000   0.0000000000000000   0.0000000000000000   0.0000000000000000   0.0000000000000000   0.0000000000000000   0.0000000000000000   0.0000000000000000   0.0000000000000000   0.0000000000000000   0.0000000000000000   0.0000000000000000   0.0000000000000000   0.0000000000000000   0.0000000000000000   0.0000000000000000   0.1716927791114879   0.1680839251576576   0.1661280470713063   0.1662496132935760   0.1662691587128792   0.1662673530426415   0.1662674713320791   0.1662674641334392   0.1662674645206364   0.1662674645047017   0.1662674645048001   0.1662674645033682   0.1662674645066375   0.1662674645014458   0.1662674645030253   0.1662674645087459   0.1662674644914076   0.1662674645040036   0.1662674645045265   0.1662674644998506   0.1662674644752571   0.1662674649349947   0.1662674655156077   0.1662672649164312   0.1662747754446997   0.1660739665944408   0.1709593311370957   0.0000000000000000   0.0000000000000000   0.0000000000000000   0.0000000000000000   0.0000000000000000   0.0000000000000000   0.0000000000000000   0.0000000000000000   0.0000000000000000   0.0000000000000000   0.0000000000000000   0.0000000000000000   0.1701552168038173   0.1681455608881077   0.1661582430080401   0.1662732858510524   0.1662671661833308   0.1662674794419584   0.1662674640517282   0.1662674644778758   0.1662674647813661   0.1662674639160883   0.1662674515339333   0.1662675867767473   0.1662678576261916   0.1662573396501295   0.1662831425987680   0.1668800365535160   0.1627525623479435   0.1134077129803069   0.0329435281243847   0.0104121162481024   0.0012213690789591   0.0000000000000000   0.0000000000000000   0.0000000000000000   0.0000000000000000   0.0000000000000000   0.0000000000000000   0.0000000000000000   0.0000000000000000   0.0000000000000000   0.0000000000000000   0.0000000000000000   0.0000000000000000   0.0000000000000000   0.0000000000000000   0.0000000000000000   0.0000000000000000   0.0000000000000000   0.0000000000000000   0.0000000000000000   0.0000000000000000   0.0000000000000000   0.0000000000000000   0.0000000000000000   0.0000000000000000   0.0000000000000000   0.0000000000000000   0.0000000000000000   0.0000000000000000   0.0000000000000000   0.0000000000000000   0.0000000000000000   0.0000000000000000   0.0000000000000000   0.0000000000000000   0.0000000000000000   0.0000000000000000   0.0000000000000000   0.0000000000000000   0.0000000000000000   0.0000000000000000   0.0000000000000000   0.0000000000000000   0.0000000000000000   0.0000000000000000   0.0000000000000000   0.0000000000000000   0.0000000000000000   0.0000000000000000   0.0000000000000000   0.0000000000000000   0.0000000000000000   0.0000000000000000   0.0000000000000000   0.0000000000000000   0.0000000000000000   0.0000000000000000   0.0000000000000000   0.0000000000000000   0.0000000000000000   0.0000000000000000   0.0000000000000000   0.0000000000000000   0.0000000000000000   0.0000000000000000   0.0000000000000000   0.0000000000000000   0.0000000000000000   0.0000000000000000   0.0000000000000000   0.0000000000000000   0.0000000000000000   0.0000000000000000   0.0000000000000000   0.0000000000000000   0.0000000000000000   0.0000000000000000
   0.0000000000000000   0.0000000000000000   0.0000000000000000   0.0000000000000000   0.0000000000000000   0.0000000000000000   0.0000000000000000   0.0000000000000000   0.0000000000000000   0.0000000000000000   0.0000000000000000   0.0000000000000000   0.0000000000000000   0.0000000000000000   0.0000000000000000   0.0000000000000000   0.0000000000000000   0.0000000000000000   0.0000000000000000   0.0000000000000000   0.0000000000000000   0.0000000000000000   0.0000000000000000   0.0000000000000000   0.0000000000000000   0.0000000000000000   0.1701209325180392   0.1681478071050333   0.1661580378878083   0.1662732414311735   0.1662671488835409   0.1662674786575823   0.1662674641966218   0.1662674644557929   0.1662674644916964   0.1662674645117737   0.1662674645081854   0.1662674645128553   0.1662674645066378   0.1662674645197472   0.1662674645108590   0.1662674645028585   0.1662674645126902   0.1662674644982140   0.1662674644990163   0.1662674644659203   0.1662674666885386   0.1662674158151806   0.1662681040834781   0.1662623321316189   0.1661917965194770   0.1702630606777914   0.0916601653141021   0.0000000000000000   0.0000000000000000   0.0000453039616301   0.0000330126955513   0.0000000000000000   0.0000000000000000   0.0000000000000000   0.0000000000000000   0.0000000000000000   0.0000000000000000   0.0000000000000000   0.0000000000000000   0.1716210301263637   0.1660276871451385   0.1662784674987367   0.1662669550342115   0.1662674885678775   0.1662674634006480   0.1662674648336592   0.1662674638528676   0.1662674510262660   0.1662675994805006   0.1662679857774448   0.1662559578314904   0.1662789819109466   0.1670172813657620   0.1623370672289845   0.0980183765826049   0.0211818556579333   0.0055845697102032   0.0002548283843019   0.0000000000000000   0.0000000000000000   0.0000000000000000   0.0000000000000000   0.0000000000000000   0.0000000000000000   0.0000000000000000   0.0000000000000000   0.0000000000000000   0.0000000000000000   0.0000000000000000   0.0000000000000000   0.0000000000000000   0.0000000000000000   0.0000000000000000   0.0000000000000000   0.0000000000000000   0.0000000000000000   0.0000000000000000   0.0000000000000000   0.0000000000000000   0.0000000000000000   0.0000000000000000   0.0000000000000000   0.0000000000000000   0.0000000000000000   0.0000000000000000   0.0000000000000000   0.0000000000000000   0.0000000000000000   0.0000000000000000   0.0000000000000000   0.0000000000000000   0.0000000000000000   0.0000000000000000   0.0000000000000000   0.0000000000000000   0.0000000000000000   0.0000000000000000   0.0000000000000000   0.0000000000000000   0.0000000000000000   0.0000000000000000   0.0000000000000000   0.0000000000000000   0.0000000000000000   0.0000000000000000   0.0000000000000000   0.0000000000000000   0.0000000000000000   0.0000000000000000   0.0000000000000000   0.0000000000000000   0.0000000000000000   0.0000000000000000   0.0000000000000000   0.0000000000000000   0.0000000000000000   0.0000000000000000   0.0000000000000000   0.0000000000000000   0.0000000000000000   0.0000000000000000   0.0000000000000000   0.0000000000000000   0.0000000000000000   0.0000000000000000   0.0000000000000000   0.0000000000000000   0.0000000000000000   0.0000000000000000   0.0000000000000000   0.0000000000000000   0.0000000000000000   0.0000000000000000   0.0000000000000000   0.0000000000000000
   0.0000000000000000   0.0000000000000000   0.0000000000000000   0.0000000000000000   0.0000000000000000   0.0000000000000000   0.0000000000000000   0.0000000000000000   0.0000000000000000   0.0000000000000000   0.0000000000000000   0.0000000000000000   0.0000000000000000   0.0000000000000000   0.0000000000000000   0.0000000000000000   0.0000000000000000   0.0000000000000000   0.0000000000000000   0.0000000000000000   0.0000000000000000   0.0000000000000000   0.0000000000000000   0.0000000000000000   0.0000000000000000   0.0000000000000000   0.0000000000000000   0.1716220788576177   0.1660294272039864   0.1662795830286503   0.1662671264055104   0.1662674484257607   0.1662674666155024   0.1662674658014412   0.1662674644256148   0.1662674643008576   0.1662674643775908   0.1662674643918739   0.1662674643044995   0.1662674642448374   0.1662674642348725   0.1662674643294425   0.1662674644220050   0.1662674644781184   0.1662674644658624   0.1662674649823235   0.1662674621815008   0.1662673948861907   0.1662702970628694   0.1662156982542828   0.1670956686408234   0.1584760247953479   0.0004370272740520   0.0002720860257597   0.0002101500028697   0.0001219634415514   0.0000619007315329   0.0000000000000000   0.0000000000000000   0.0000000000000000   0.0000000000000000   0.0000000000000000   0.0000000000000000   0.0000000000000000   0.0000000000000000   0.1730399458472257   0.1659659949342439   0.1662808773248272   0.1662668602440927   0.1662674921391766   0.1662674632612760   0.1662674644737507   0.1662674503681176   0.1662675875716802   0.1662680065492434   0.1662546699562513   0.1662741764007344   0.1671447907052038   0.1621440563452708   0.0836643114797852   0.0131309584029259   0.0026697293949128   0.0001979136251647   0.0000394268193691   0.0000000000000000   0.0000000000000000   0.0000000000000000   0.0000000000000000   0.0000000000000000   0.0000000000000000   0.0000000000000000   0.0000000000000000   0.0000000000000000   0.0000000000000000   0.0000000000000000   0.0000000000000000   0.0000000000000000   0.0000000000000000   0.0000000000000000   0.0000000000000000   0.0000000000000000   0.0000000000000000   0.0000000000000000   0.0000000000000000   0.0000000000000000   0.0000000000000000   0.0000000000000000   0.0000000000000000   0.0000000000000000   0.0000000000000000   0.0000000000000000   0.0000000000000000   0.0000000000000000   0.0000000000000000   0.0000000000000000   0.0000000000000000   0.0000000000000000   0.0000000000000000   0.0000000000000000   0.0000000000000000   0.0000000000000000   0.0000000000000000   0.0000000000000000   0.0000000000000000   0.0000000000000000   0.0000000000000000   0.0000000000000000   0.0000000000000000   0.0000000000000000   0.0000000000000000   0.0000000000000000   0.0000000000000000   0.0000000000000000   0.0000000000000000   0.0000000000000000   0.0000000000000000   0.0000000000000000   0.0000000000000000   0.0000000000000000   0.0000000000000000   0.0000000000000000   0.0000000000000000   0.0000000000000000   0.0000000000000000   0.0000000000000000   0.0000000000000000   0.0000000000000000   0.0000000000000000   0.0000000000000000   0.0000000000000000   0.0000000000000000   0.0000000000000000   0.0000000000000000   0.0000000000000000   0.0000000000000000   0.0000000000000000   0.0000000000000000   0.0000000000000000   0.0000000000000000   0.0000000000000000   0.0000000000000000
   0.0000000000000000   0.0000000000000000   0.0000000000000000   0.0000000000000000   0.0000000000000000   0.0000000000000000   0.0000000000000000   0.0000000000000000   0.0000000000000000   0.0000000000000000   0.0000000000000000   0.0000000000000000   0.0000000000000000   0.0000000000000000   0.0000000000000000   0.0000000000000000   0.0000000000000000   0.0000000000000000   0.0000000000000000   0.0000000000000000   0.0000000000000000   0.0000000000000000   0.0000000000000000   0.0000000000000000   0.0000000000000000   0.0000000000000000   0.0000000000000000   0.1730224249834421   0.1659151428704843   0.1662598550581474   0.1662696831696355   0.1662675020171016   0.1662673774431563   0.1662674530174844   0.1662674698800461   0.1662674688601295   0.1662674663084020   0.1662674663487224   0.1662674683229670   0.1662674703225482   0.1662674701972784   0.1662674680495982   0.1662674658044366   0.1662674647019031   0.1662674644432155   0.1662674662219512   0.1662674266755736   0.1662679008272171   0.1662658260008802   0.1661581181961884   0.1689272640289044   0.0974524874224044   0.0003228010111110   0.0002900031366532   0.0002415614658506   0.0001754364503094   0.0001157591250220   0.0000626260980007   0.0000000000000000   0.0000000000000000   0.0000000000000000   0.0000000000000000   0.0000000000000000   0.0000000000000000   0.0000000000000000   0.1716210260861769   0.1660276876290306   0.1662784675088847   0.1662669552703708   0.1662674881606529   0.1662674636315833   0.1662674547159460   0.1662675252514316   0.1662681994150067   0.1662552284306840   0.1662737089935609   0.1672558103003814   0.1620534230959691   0.0708673101554606   0.0081284189216830   0.0010838893856027   0.0001830991384652   0.0000865749616945   0.0000407872553562   0.0000000000000000   0.0000000000000000   0.0000000000000000   0.0000000000000000   0.0000000000000000   0.0000000000000000   0.0000000000000000   0.0000000000000000   0.0000000000000000   0.0000000000000000   0.0000000000000000   0.0000000000000000   0.0000000000000000   0.0000000000000000   0.0000000000000000   0.0000000000000000   0.0000000000000000   0.0000000000000000   0.0000000000000000   0.0000000000000000   0.0000000000000000   0.0000000000000000   0.0000000000000000   0.0000000000000000   0.0000000000000000   0.0000000000000000   0.0000000000000000   0.0000000000000000   0.0000000000000000   0.0000000000000000   0.0000000000000000   0.0000000000000000   0.0000000000000000   0.0000000000000000   0.0000000000000000   0.0000000000000000   0.0000000000000000   0.0000000000000000   0.0000000000000000   0.0000000000000000   0.0000000000000000   0.0000000000000000   0.0000000000000000   0.0000000000000000   0.0000000000000000   0.0000000000000000   0.0000000000000000   0.0000000000000000   0.0000000000000000   0.0000000000000000   0.0000000000000000   0.0000000000000000   0.0000000000000000   0.0000000000000000   0.0000000000000000   0.0000000000000000   0.0000000000000000   0.0000000000000000   0.0000000000000000   0.0000000000000000   0.0000000000000000   0.0000000000000000   0.0000000000000000   0.0000000000000000   0.0000000000000000   0.0000000000000000   0.0000000000000000   0.0000000000000000   0.0000000000000000   0.0000000000000000   0.0000000000000000   0.0000000000000000   0.0000000000000000   0.0000000000000000   0.0000000000000000   0.0000000000000000   0.0000000000000000
   0.0000000000000000   0.0000000000000000   0.0000000000000000   0.0000000000000000   0.0000000000000000   0.0000000000000000   0.0000000000000000   0.0000000000000000   0.0000000000000000   0.0000000000000000   0.0000000000000000   0.0000000000000000   0.0000000000000000   0.0000000000000000   0.0000000000000000   0.0000000000000000   0.0000000000000000   0.0000000000000000   0.0000000000000000   0.0000000000000000   0.0000000000000000   0.0000000000000000   0.0000000000000000   0.0000000000000000   0.0000000000000000   0.0000000000000000   0.0000000000000000   0.1716693936811799   0.1680684917607859   0.1661280097354519   0.1662508238266643   0.1662717902043763   0.1662686479172603   0.1662674843938468   0.1662672907130678   0.1662673879612020   0.1662674392507159   0.1662674388365987   0.1662673872641499   0.1662673325887356   0.1662673358260100   0.1662673935690135   0.1662674459053033   0.1662674640312677   0.1662674656201381   0.1662674626769107   0.1662674108437458   0.1662697054675377   0.1662298468751246   0.1667316165873504   0.1678231051950557   0.0018433931050915   0.0003148822092054   0.0002786574994073   0.0002370555433000   0.0001928345360783   0.0001536270740384   0.0001187457154905   0.0000830641860553   0.0000436476843118   0.0000000000000000   0.0000000000000000   0.0000000000000000   0.0000000000000000   0.1701556786187838   0.1681455306075547   0.1661582448953838   0.1662732860700630   0.1662671662909621   0.1662674796520821   0.1662674592477134   0.1662674875795418   0.1662680823383008   0.1662599586233386   0.1662484253520964   0.1672601296079430   0.1619014143631903   0.0599641367500570   0.0052088759806734   0.0005673039436569   0.0002200731269509   0.0001601740886057   0.0001020941545978   0.0000467722279924   0.0000000000000000   0.0000000000000000   0.0000000000000000   0.0000000000000000   0.0000000000000000   0.0000000000000000   0.0000000000000000   0.0000000000000000   0.0000000000000000   0.0000000000000000   0.0000000000000000   0.0000000000000000   0.0000000000000000   0.0000000000000000   0.0000000000000000   0.0000000000000000   0.0000000000000000   0.0000000000000000   0.0000000000000000   0.0000000000000000   0.0000000000000000   0.0000000000000000   0.0000000000000000   0.0000000000000000   0.0000000000000000   0.0000000000000000   0.0000000000000000   0.0000000000000000   0.0000000000000000   0.0000000000000000   0.0000000000000000   0.0000000000000000   0.0000000000000000   0.0000000000000000   0.0000000000000000   0.0000000000000000   0.0000000000000000   0.0000000000000000   0.0000000000000000   0.0000000000000000   0.0000000000000000   0.0000000000000000   0.0000000000000000   0.0000000000000000   0.0000000000000000   0.0000000000000000   0.0000000000000000   0.0000000000000000   0.0000000000000000   0.0000000000000000   0.0000000000000000   0.0000000000000000   0.0000000000000000   0.0000000000000000   0.0000000000000000   0.0000000000000000   0.0000000000000000   0.0000000000000000   0.0000000000000000   0.0000000000000000   0.0000000000000000   0.0000000000000000   0.0000000000000000   0.0000000000000000   0.0000000000000000   0.0000000000000000   0.0000000000000000   0.0000000000000000   0.0000000000000000   0.0000000000000000   0.0000000000000000   0.0000000000000000   0.0000000000000000   0.0000000000000000   0.0000000000000000   0.0000000000000000   0.0000000000000000
   0.0000000000000000   0.0000000000000000   0.0000000000000000   0.0000000000000000   0.0000000000000000   0.0000000000000000   0.0000000000000000   0.0000000000000000   0.0000000000000000   0.0000000000000000   0.0000000000000000   0.0000000000000000   0.0000000000000000   0.0000000000000000   0.0000000000000000   0.0000000000000000   0.0000000000000000   0.0000000000000000   0.0000000000000000   0.0000000000000000   0.0000000000000000   0.0000000000000000   0.0000000000000000   0.0000000000000000   0.0000000000000000   0.0000000000000000   0.0000000000000000   0.0000000000000000   0.1701567464055295   0.1682007508357187   0.1661182220673823   0.1661977419068067   0.1662492521885615   0.1662732561812587   0.1662706352034405   0.1662689236343399   0.1662676954968848   0.1662676960967464   0.1662689573048980   0.1662705381640514   0.1662704490727377   0.1662687896994675   0.1662676118385445   0.1662674241012242   0.1662674668406106   0.1662674157149730   0.1662678407215359   0.1662660820152405   0.1661721381253606   0.1685577893083752   0.1138532206094437   0.0003263322221864   0.0002773206489756   0.0002397348424396   0.0002042903466210   0.0001710917291654   0.0001434677933148   0.0001179792843169   0.0000891749085671   0.0000487949369229   0.0000000000000000   0.0000000000000000   0.1683120455491309   0.1682667158859025   0.1682243218847933   0.1661215709721919   0.1662499016951735   0.1662691432660300   0.1662673529518204   0.1662674678845348   0.1662674673470680   0.1662677805663122   0.1662637678593593   0.1662407073922078   0.1669546394065269   0.1644787111462995   0.0524525815523611   0.0035380602947117   0.0004739867563275   0.0002869434140074   0.0002284822133899   0.0001701670628243   0.0001181767381202   0.0000713530914681   0.0000341777210755   0.0000000000000000   0.0000000000000000   0.0000000000000000   0.0000000000000000   0.0000000000000000   0.0000000000000000   0.0000000000000000   0.0000000000000000   0.0000000000000000   0.0000000000000000   0.0000000000000000   0.0000000000000000   0.0000000000000000   0.0000000000000000   0.0000000000000000   0.0000000000000000   0.0000000000000000   0.0000000000000000   0.0000000000000000   0.0000000000000000   0.0000000000000000   0.0000000000000000   0.0000000000000000   0.0000000000000000   0.0000000000000000   0.0000000000000000   0.0000000000000000   0.0000000000000000   0.0000000000000000   0.0000000000000000   0.0000000000000000   0.0000000000000000   0.0000000000000000   0.0000000000000000   0.0000000000000000   0.0000000000000000   0.0000000000000000   0.0000000000000000   0.0000000000000000   0.0000000000000000   0.0000000000000000   0.0000000000000000   0.0000000000000000   0.0000000000000000   0.0000000000000000   0.0000000000000000   0.0000000000000000   0.0000000000000000   0.0000000000000000   0.0000000000000000   0.0000000000000000   0.0000000000000000   0.0000000000000000   0.0000000000000000   0.0000000000000000   0.0000000000000000   0.0000000000000000   0.0000000000000000   0.0000000000000000   0.0000000000000000   0.0000000000000000   0.0000000000000000   0.0000000000000000   0.0000000000000000   0.0000000000000000   0.0000000000000000   0.0000000000000000   0.0000000000000000   0.0000000000000000   0.0000000000000000   0.0000000000000000   0.0000000000000000   0.0000000000000000   0.0000000000000000   0.0000000000000000   0.0000000000000000
   0.0000000000000000   0.0000000000000000   0.0000000000000000   0.0000000000000000   0.0000000000000000   0.0000000000000000   0.0000000000000000   0.0000000000000000   0.0000000000000000   0.0000000000000000   0.0000000000000000   0.0000000000000000   0.0000000000000000   0.0000000000000000   0.0000000000000000   0.0000000000000000   0.0000000000000000   0.0000000000000000   0.0000000000000000   0.0000000000000000   0.0000000000000000   0.0000000000000000   0.0000000000000000   0.0000000000000000   0.0000000000000000   0.0000000000000000   0.0000000000000000   0.0000000000000000   0.0000000000000000   0.1683120374924219   0.1682666302137978   0.1682259341546298   0.1661007677993900   0.1661771639779242   0.1661944424654848   0.1662437156935893   0.1662683290561178   0.1662683335801476   0.1662436004940011   0.1661922082826860   0.1661948885412693   0.1662479800910647   0.1662702216000436   0.1662675430875592   0.1662674033190858   0.1662675041885713   0.1662705302484777   0.1662328354604578   0.1666640375686879   0.1679301101846391   0.0051461449705749   0.0002892709875607   0.0002247929546410   0.0001832539196071   0.0001479348673009   0.0001159576169770   0.0000860656272255   0.0000623099694158   0.0000417073300577   0.0000000000000000   0.0000000000000000   0.1701562140653526   0.1682006284809884   0.1661182628443842   0.1661975461009279   0.1662478766243539   0.1662702587271418   0.1662675766937419   0.1662674442717633   0.1662674409867292   0.1662677466920675   0.1662660429750221   0.1662522196500378   0.1666453468987933   0.1662686726169835   0.0984441802257125   0.0020834999884076   0.0004536186370563   0.0003317021923367   0.0002760005670138   0.0002237989386363   0.0001740979543863   0.0001265804129745   0.0000812826756250   0.0000396242789457   0.0000000000000000   0.0000000000000000   0.0000000000000000   0.0000000000000000   0.0000000000000000   0.0000000000000000   0.0000000000000000   0.0000000000000000   0.0000000000000000   0.0000000000000000   0.0000000000000000   0.0000000000000000   0.0000000000000000   0.0000000000000000   0.0000000000000000   0.0000000000000000   0.0000000000000000   0.0000000000000000   0.0000000000000000   0.0000000000000000   0.0000000000000000   0.0000000000000000   0.0000000000000000   0.0000000000000000   0.0000000000000000   0.0000000000000000   0.0000000000000000   0.0000000000000000   0.0000000000000000   0.0000000000000000   0.0000000000000000   0.0000000000000000   0.0000000000000000   0.0000000000000000   0.0000000000000000   0.0000000000000000   0.0000000000000000   0.0000000000000000   0.0000000000000000   0.0000000000000000   0.0000000000000000   0.0000000000000000   0.0000000000000000   0.0000000000000000   0.0000000000000000   0.0000000000000000   0.0000000000000000   0.0000000000000000   0.0000000000000000   0.0000000000000000   0.0000000000000000   0.0000000000000000   0.0000000000000000   0.0000000000000000   0.0000000000000000   0.0000000000000000   0.0000000000000000   0.0000000000000000   0.0000000000000000   0.0000000000000000   0.0000000000000000   0.0000000000000000   0.0000000000000000   0.0000000000000000   0.0000000000000000   0.0000000000000000   0.0000000000000000   0.0000000000000000   0.0000000000000000   0.0000000000000000   0.0000000000000000   0.0000000000000000   0.0000000000000000   0.0000000000000000   0.0000000000000000   0.0000000000000000
   0.0000000000000000   0.0000000000000000   0.0000000000000000   0.0000000000000000   0.0000000000000000   0.0000000000000000   0.0000000000000000   0.0000000000000000   0.0000000000000000   0.0000000000000000   0.0000000000000000   0.0000000000000000   0.0000000000000000   0.0000000000000000   0.0000000000000000   0.0000000000000000   0.0000000000000000   0.0000000000000000   0.0000000000000000   0.0000000000000000   0.0000000000000000   0.0000000000000000   0.0000000000000000   0.0000000000000000   0.0000000000000000   0.0000000000000000   0.0000000000000000   0.0000000000000000   0.0000000000000000   0.0000000000000000   0.0000000000000000   0.1701593160284472   0.1680394259600115   0.1681082944684987   0.1682984626987675   0.1662421735377391   0.1662680708805576   0.1662680743619044   0.1662420244599421   0.1683121917571430   0.1682219489311819   0.1661215835847354   0.1662508311307533   0.1662699409911811   0.1662675868961084   0.1662693369288248   0.1662542275099771   0.1661240729382451   0.1685530777880457   0.1203576898367242   0.0003124315962516   0.0001978743871073   0.0001597202045059   0.0001202643975320   0.0000805399957891   0.0000425362986629   0.0000000000000000   0.0000000000000000   0.0000000000000000   0.0000000000000000   0.1716921715313597   0.1680823340667608   0.1661267649391581   0.1662509013609952   0.1662718065981650   0.1662687212172995   0.1662676138891272   0.1662674233827270   0.1662674643636945   0.1662674329770567   0.1662689257090441   0.1662452561846914   0.1664536890554266   0.1663807032013478   0.1307543267923844   0.0048366623895671   0.0005648832373060   0.0003527072675040   0.0002999735930346   0.0002526583309134   0.0002097113188451   0.0001688803201876   0.0001276271684812   0.0000850395271378   0.0000412917658112   0.0000000000000000   0.0000000000000000   0.0000000000000000   0.0000000000000000   0.0000000000000000   0.0000000000000000   0.0000000000000000   0.0000000000000000   0.0000000000000000   0.0000000000000000   0.0000000000000000   0.0000000000000000   0.0000000000000000   0.0000000000000000   0.0000000000000000   0.0000000000000000   0.0000000000000000   0.0000000000000000   0.0000000000000000   0.0000000000000000   0.0000000000000000   0.0000000000000000   0.0000000000000000   0.0000000000000000   0.0000000000000000   0.0000000000000000   0.0000000000000000   0.0000000000000000   0.0000000000000000   0.0000000000000000   0.0000000000000000   0.0000000000000000   0.0000000000000000   0.0000000000000000   0.0000000000000000   0.0000000000000000   0.0000000000000000   0.0000000000000000   0.0000000000000000   0.0000000000000000   0.0000000000000000   0.0000000000000000   0.0000000000000000   0.0000000000000000   0.0000000000000000   0.0000000000000000   0.0000000000000000   0.0000000000000000   0.0000000000000000   0.0000000000000000   0.0000000000000000   0.0000000000000000   0.0000000000000000   0.0000000000000000   0.0000000000000000   0.0000000000000000   0.0000000000000000   0.0000000000000000   0.0000000000000000   0.0000000000000000   0.0000000000000000   0.0000000000000000   0.0000000000000000   0.0000000000000000   0.0000000000000000   0.0000000000000000   0.0000000000000000   0.0000000000000000   0.0000000000000000   0.0000000000000000   0.0000000000000000   0.0000000000000000   0.0000000000000000   0.0000000000000000   0.0000000000000000   0.0000000000000000
   0.0000000000000000   0.0000000000000000   0.0000000000000000   0.0000000000000000   0.0000000000000000   0.0000000000000000   0.0000000000000000   0.0000000000000000   0.0000000000000000   0.0000000000000000   0.0000000000000000   0.0000000000000000   0.0000000000000000   0.0000000000000000   0.0000000000000000   0.0000000000000000   0.0000000000000000   0.0000000000000000   0.0000000000000000   0.0000000000000000   0.0000000000000000   0.0000000000000000   0.0000000000000000   0.0000000000000000   0.0000000000000000   0.0000000000000000   0.0000000000000000   0.0000000000000000   0.0000000000000000   0.0000000000000000   0.0000000000000000   0.0000000000000000   0.1715145227701189   0.1715327923449842   0.0000000000000000   0.0000000000000000   0.0000000000000000   0.0000000000000000   0.0000000000000000   0.0000000000000000   0.1701711133832094   0.1681563073532758   0.1661257742470179   0.1662537553811490   0.1662746099134595   0.1662486932939485   0.1661757381835795   0.1678085588950199   0.1695134442780627   0.0156505007842938   0.0001822011419318   0.0001447573796234   0.0001077035398373   0.0000713371554270   0.0000348988459447   0.0000000000000000   0.0000000000000000   0.0000000000000000   0.0000000000000000   0.0000000000000000   0.1716419979493108   0.1659912905435141   0.1662562102590268   0.1662698509141242   0.1662674929950268   0.1662673747945105   0.1662674471796103   0.1662674444192918   0.1662674280510047   0.1662676666323996   0.1662664092085542   0.1662013709954157   0.1677663302232393   0.1462618396013207   0.0100052278242694   0.0007947126361448   0.0003834432649464   0.0003205427207104   0.0002617601978728   0.0002163231139665   0.0001813586722070   0.0001514141462405   0.0001203364708780   0.0000865808878757   0.0000472559168330   0.0000000000000000   0.0000000000000000   0.0000000000000000   0.0000000000000000   0.0000000000000000   0.0000000000000000   0.0000000000000000   0.0000000000000000   0.0000000000000000   0.0000000000000000   0.0000000000000000   0.0000000000000000   0.0000000000000000   0.0000000000000000   0.0000000000000000   0.0000000000000000   0.0000000000000000   0.0000000000000000   0.0000000000000000   0.0000000000000000   0.0000000000000000   0.0000000000000000   0.0000000000000000   0.0000000000000000   0.0000000000000000   0.0000000000000000   0.0000000000000000   0.0000000000000000   0.0000000000000000   0.0000000000000000   0.0000000000000000   0.0000000000000000   0.0000000000000000   0.0000000000000000   0.0000000000000000   0.0000000000000000   0.0000000000000000   0.0000000000000000   0.0000000000000000   0.0000000000000000   0.0000000000000000   0.0000000000000000   0.0000000000000000   0.0000000000000000   0.0000000000000000   0.0000000000000000   0.0000000000000000   0.0000000000000000   0.0000000000000000   0.0000000000000000   0.0000000000000000   0.0000000000000000   0.0000000000000000   0.0000000000000000   0.0000000000000000   0.0000000000000000   0.0000000000000000   0.0000000000000000   0.0000000000000000   0.0000000000000000   0.0000000000000000   0.0000000000000000   0.0000000000000000   0.0000000000000000   0.0000000000000000   0.0000000000000000   0.0000000000000000   0.0000000000000000   0.0000000000000000   0.0000000000000000   0.0000000000000000   0.0000000000000000   0.0000000000000000   0.0000000000000000   0.0000000000000000   0.0000000000000000
   0.0000000000000000   0.0000000000000000   0.0000000000000000   0.0000000000000000   0.0000000000000000   0.0000000000000000   0.0000000000000000   0.0000000000000000   0.0000000000000000   0.0000000000000000   0.0000000000000000   0.0000000000000000   0.0000000000000000   0.0000000000000000   0.0000000000000000   0.0000000000000000   0.0000000000000000   0.0000000000000000   0.0000000000000000   0.0000000000000000   0.0000000000000000   0.0000000000000000   0.0000000000000000   0.0000000000000000   0.0000000000000000   0.0000000000000000   0.0000000000000000   0.0000000000000000   0.0000000000000000   0.0000000000000000   0.0000000000000000   0.0000000000000000   0.1699617701038357   0.1699616110943037   0.0000000000000000   0.0000000000000000   0.0000000000000000   0.0000000000000000   0.0000000000000000   0.0000000000000000   0.0000000000000000   0.1701529411273137   0.1681378202267957   0.1660503446356196   0.1661762531737641   0.1661729802684212   0.1681831241141843   0.1669943467037922   0.0000000000000000   0.0000000000000000   0.0000000000000000   0.0000391126589057   0.0000403318349501   0.0000273682760352   0.0000000000000000   0.0000000000000000   0.0000000000000000   0.1700356720133391   0.1660723864710947   0.1682785940962594   0.1682157558153537   0.1661579021055156   0.1662745528705828   0.1662673257984952   0.1662674408067224   0.1662674671331343   0.1662674273283424   0.1662675860246842   0.1662688631521674   0.1662671001208557   0.1662518889166012   0.1665319991516582   0.1677402686445016   0.0489789306537697   0.0006816605734529   0.0004127368988158   0.0003345156892542   0.0002594380330532   0.0002026839077698   0.0001609779189584   0.0001334032682478   0.0001150298288334   0.0000964677426388   0.0000793295200019   0.0000625211845938   0.0000427762564887   0.0000000000000000   0.0000000000000000   0.0000000000000000   0.0000000000000000   0.0000000000000000   0.0000000000000000   0.0000000000000000   0.0000000000000000   0.0000000000000000   0.0000000000000000   0.0000000000000000   0.0000000000000000   0.0000000000000000   0.0000000000000000   0.0000000000000000   0.0000000000000000   0.0000000000000000   0.0000000000000000   0.0000000000000000   0.0000000000000000   0.0000000000000000   0.0000000000000000   0.0000000000000000   0.0000000000000000   0.0000000000000000   0.0000000000000000   0.0000000000000000   0.0000000000000000   0.0000000000000000   0.0000000000000000   0.0000000000000000   0.0000000000000000   0.0000000000000000   0.0000000000000000   0.0000000000000000   0.0000000000000000   0.0000000000000000   0.0000000000000000   0.0000000000000000   0.0000000000000000   0.0000000000000000   0.0000000000000000   0.0000000000000000   0.0000000000000000   0.0000000000000000   0.0000000000000000   0.0000000000000000   0.0000000000000000   0.0000000000000000   0.0000000000000000   0.0000000000000000   0.0000000000000000   0.0000000000000000   0.0000000000000000   0.0000000000000000   0.0000000000000000   0.0000000000000000   0.0000000000000000   0.0000000000000000   0.0000000000000000   0.0000000000000000   0.0000000000000000   0.0000000000000000   0.0000000000000000   0.0000000000000000   0.0000000000000000   0.0000000000000000   0.0000000000000000   0.0000000000000000   0.0000000000000000   0.0000000000000000   0.0000000000000000   0.0000000000000000   0.0000000000000000   0.0000000000000000
   0.0000000000000000   0.0000000000000000   0.0000000000000000   0.0000000000000000   0.0000000000000000   0.0000000000000000   0.0000000000000000   0.0000000000000000   0.0000000000000000   0.0000000000000000   0.0000000000000000   0.0000000000000000   0.0000000000000000   0.0000000000000000   0.0000000000000000   0.0000000000000000   0.0000000000000000   0.0000000000000000   0.0000000000000000   0.0000000000000000   0.0000000000000000   0.0000000000000000   0.0000000000000000   0.0000000000000000   0.0000000000000000   0.0000000000000000   0.0000000000000000   0.0000000000000000   0.0000000000000000   0.0000000000000000   0.0000000000000000   0.0000000000000000   0.0000000000000000   0.0000000000000000   0.0000000000000000   0.0000000000000000   0.0000000000000000   0.0000000000000000   0.0000000000000000   0.0000000000000000   0.0000000000000000   0.0000000000000000   0.1701120559056473   0.1700504316007728   0.1682713901065355   0.1661936151327889   0.1682163476095865   0.0000000000000000   0.0000000000000000   0.0000000000000000   0.0000000000000000   0.0000000000000000   0.0000000000000000   0.0000000000000000   0.0000000000000000   0.0000000000000000   0.0000000000000000   0.1717367877442028   0.1681200927381978   0.1660457535709421   0.1661248117257749   0.1662263200742274   0.1662710360008540   0.1662672136730359   0.1662674788568881   0.1662674422978286   0.1662675897703019   0.1662700267009300   0.1662501599792160   0.1661913889689869   0.1664942585216752   0.1666378984353019   0.1381070298516488   0.0017345669496477   0.0000000000000000   0.0000000000000000   0.0001522082283149   0.0001443967372981   0.0001182888667452   0.0000878179517680   0.0000634645164603   0.0000519142041687   0.0000429885158418   0.0000378027507496   0.0000346339254257   0.0000275928952403   0.0000000000000000   0.0000000000000000   0.0000000000000000   0.0000000000000000   0.0000000000000000   0.0000000000000000   0.0000000000000000   0.0000000000000000   0.0000000000000000   0.0000000000000000   0.0000000000000000   0.0000000000000000   0.0000000000000000   0.0000000000000000   0.0000000000000000   0.0000000000000000   0.0000000000000000   0.0000000000000000   0.0000000000000000   0.0000000000000000   0.0000000000000000   0.0000000000000000   0.0000000000000000   0.0000000000000000   0.0000000000000000   0.0000000000000000   0.0000000000000000   0.0000000000000000   0.0000000000000000   0.0000000000000000   0.0000000000000000   0.0000000000000000   0.0000000000000000   0.0000000000000000   0.0000000000000000   0.0000000000000000   0.0000000000000000   0.0000000000000000   0.0000000000000000   0.0000000000000000   0.0000000000000000   0.0000000000000000   0.0000000000000000   0.0000000000000000   0.0000000000000000   0.0000000000000000   0.0000000000000000   0.0000000000000000   0.0000000000000000   0.0000000000000000   0.0000000000000000   0.0000000000000000   0.0000000000000000   0.0000000000000000   0.0000000000000000   0.0000000000000000   0.0000000000000000   0.0000000000000000   0.0000000000000000   0.0000000000000000   0.0000000000000000   0.0000000000000000   0.0000000000000000   0.0000000000000000   0.0000000000000000   0.0000000000000000   0.0000000000000000   0.0000000000000000   0.0000000000000000   0.0000000000000000   0.0000000000000000   0.0000000000000000   0.0000000000000000   0.0000000000000000   0.0000000000000000
   0.0000000000000000   0.0000000000000000   0.0000000000000000   0.0000000000000000   0.0000000000000000   0.0000000000000000   0.0000000000000000   0.0000000000000000   0.0000000000000000   0.0000000000000000   0.0000000000000000   0.0000000000000000   0.0000000000000000   0.0000000000000000   0.0000000000000000   0.0000000000000000   0.0000000000000000   0.0000000000000000   0.0000000000000000   0.0000000000000000   0.0000000000000000   0.0000000000000000   0.0000000000000000   0.0000000000000000   0.0000000000000000   0.0000000000000000   0.0000000000000000   0.0000000000000000   0.0000000000000000   0.0000000000000000   0.0000000000000000   0.0000000000000000   0.0000000000000000   0.0000000000000000   0.0000000000000000   0.0000000000000000   0.0000000000000000   0.0000000000000000   0.0000000000000000   0.0000000000000000   0.0000000000000000   0.0000000000000000   0.0000000000000000   0.1702117631111126   0.0000000000000000   0.0000000000000000   0.0000000000000000   0.0000000000000000   0.0000000000000000   0.0000000000000000   0.0000000000000000   0.0000000000000000   0.0000000000000000   0.0000000000000000   0.0000000000000000   0.0000000000000000   0.0000000000000000   0.0000000000000000   0.1682955205709853   0.1682524847726038   0.1682160578358462   0.1661567457643813   0.1662735913344461   0.1662671409416520   0.1662674927039743   0.1662673519421290   0.1662691683223937   0.1662493218726186   0.1661360074471312   0.1680359792012969   0.1683573736513400   0.1400994855352092   0.0000000000000000   0.0000000000000000   0.0000000000000000   0.0000000000000000   0.0000000000000000   0.0000514505730757   0.0000479546394266   0.0000270285885639   0.0000000000000000   0.0000000000000000   0.0000000000000000   0.0000000000000000   0.0000000000000000   0.0000000000000000   0.0000000000000000   0.0000000000000000   0.0000000000000000   0.0000000000000000   0.0000000000000000   0.0000000000000000   0.0000000000000000   0.0000000000000000   0.0000000000000000   0.0000000000000000   0.0000000000000000   0.0000000000000000   0.0000000000000000   0.0000000000000000   0.0000000000000000   0.0000000000000000   0.0000000000000000   0.0000000000000000   0.0000000000000000   0.0000000000000000   0.0000000000000000   0.0000000000000000   0.0000000000000000   0.0000000000000000   0.0000000000000000   0.0000000000000000   0.0000000000000000   0.0000000000000000   0.0000000000000000   0.0000000000000000   0.0000000000000000   0.0000000000000000   0.0000000000000000   0.0000000000000000   0.0000000000000000   0.0000000000000000   0.0000000000000000   0.0000000000000000   0.0000000000000000   0.0000000000000000   0.0000000000000000   0.0000000000000000   0.0000000000000000   0.0000000000000000   0.0000000000000000   0.0000000000000000   0.0000000000000000   0.0000000000000000   0.0000000000000000   0.0000000000000000   0.0000000000000000   0.0000000000000000   0.0000000000000000   0.0000000000000000   0.0000000000000000   0.0000000000000000   0.0000000000000000   0.0000000000000000   0.0000000000000000   0.0000000000000000   0.0000000000000000   0.0000000000000000   0.0000000000000000   0.0000000000000000   0.0000000000000000   0.0000000000000000   0.0000000000000000   0.0000000000000000   0.0000000000000000   0.0000000000000000   0.0000000000000000   0.0000000000000000   0.0000000000000000   0.0000000000000000   0.0000000000000000
   0.0000000000000000   0.0000000000000000   0.0000000000000000   0.0000000000000000   0.0000000000000000   0.0000000000000000   0.0000000000000000   0.0000000000000000   0.0000000000000000   0.0000000000000000   0.0000000000000000   0.0000000000000000   0.0000000000000000   0.0000000000000000   0.0000000000000000   0.0000000000000000   0.0000000000000000   0.0000000000000000   0.0000000000000000   0.0000000000000000   0.0000000000000000   0.0000000000000000   0.0000000000000000   0.0000000000000000   0.0000000000000000   0.0000000000000000   0.0000000000000000   0.0000000000000000   0.0000000000000000   0.0000000000000000   0.0000000000000000   0.0000000000000000   0.0000000000000000   0.0000000000000000   0.0000000000000000   0.0000000000000000   0.0000000000000000   0.0000000000000000   0.0000000000000000   0.0000000000000000   0.0000000000000000   0.0000000000000000   0.0000000000000000   0.0000000000000000   0.0000000000000000   0.0000000000000000   0.0000000000000000   0.0000000000000000   0.0000000000000000   0.0000000000000000   0.0000000000000000   0.0000000000000000   0.0000000000000000   0.0000000000000000   0.0000000000000000   0.0000000000000000   0.0000000000000000   0.0000000000000000   0.0000000000000000   0.0000000000000000   0.1716390921027988   0.1660269495792408   0.1662785458294870   0.1662667987310146   0.1662674305294737   0.1662671435755647   0.1662733033734532   0.1661576182235705   0.1681609543391070   0.1694556859086517   0.0000000000000000   0.0000000000000000   0.0000000000000000   0.0000000000000000   0.0000000000000000   0.0000000000000000   0.0000000000000000   0.0000254404794884   0.0000211600706332   0.0000110764795212   0.0000000000000000   0.0000000000000000   0.0000000000000000   0.0000000000000000   0.0000000000000000   0.0000000000000000   0.0000000000000000   0.0000000000000000   0.0000000000000000   0.0000000000000000   0.0000000000000000   0.0000000000000000   0.0000000000000000   0.0000000000000000   0.0000000000000000   0.0000000000000000   0.0000000000000000   0.0000000000000000   0.0000000000000000   0.0000000000000000   0.0000000000000000   0.0000000000000000   0.0000000000000000   0.0000000000000000   0.0000000000000000   0.0000000000000000   0.0000000000000000   0.0000000000000000   0.0000000000000000   0.0000000000000000   0.0000000000000000   0.0000000000000000   0.0000000000000000   0.0000000000000000   0.0000000000000000   0.0000000000000000   0.0000000000000000   0.0000000000000000   0.0000000000000000   0.0000000000000000   0.0000000000000000   0.0000000000000000   0.0000000000000000   0.0000000000000000   0.0000000000000000   0.0000000000000000   0.0000000000000000   0.0000000000000000   0.0000000000000000   0.0000000000000000   0.0000000000000000   0.0000000000000000   0.0000000000000000   0.0000000000000000   0.0000000000000000   0.0000000000000000   0.0000000000000000   0.0000000000000000   0.0000000000000000   0.0000000000000000   0.0000000000000000   0.0000000000000000   0.0000000000000000   0.0000000000000000   0.0000000000000000   0.0000000000000000   0.0000000000000000   0.0000000000000000   0.0000000000000000   0.0000000000000000   0.0000000000000000   0.0000000000000000   0.0000000000000000   0.0000000000000000   0.0000000000000000   0.0000000000000000   0.0000000000000000   0.0000000000000000   0.0000000000000000   0.0000000000000000   0.0000000000000000
   0.0000000000000000   0.0000000000000000   0.0000000000000000   0.0000000000000000   0.0000000000000000   0.0000000000000000   0.0000000000000000   0.0000000000000000   0.0000000000000000   0.0000000000000000   0.0000000000000000   0.0000000000000000   0.0000000000000000   0.0000000000000000   0.0000000000000000   0.0000000000000000   0.0000000000000000   0.0000000000000000   0.0000000000000000   0.0000000000000000   0.0000000000000000   0.0000000000000000   0.0000000000000000   0.0000000000000000   0.0000000000000000   0.0000000000000000   0.0000000000000000   0.0000000000000000   0.0000000000000000   0.0000000000000000   0.0000000000000000   0.0000000000000000   0.0000000000000000   0.0000000000000000   0.0000000000000000   0.0000000000000000   0.0000000000000000   0.0000000000000000   0.0000000000000000   0.0000000000000000   0.0000000000000000   0.0000000000000000   0.0000000000000000   0.0000000000000000   0.0000000000000000   0.0000000000000000   0.0000000000000000   0.0000000000000000   0.0000000000000000   0.0000000000000000   0.0000000000000000   0.0000000000000000   0.0000000000000000   0.0000000000000000   0.0000000000000000   0.0000000000000000   0.0000000000000000   0.0000000000000000   0.0000000000000000   0.0000000000000000   0.1730184545777017   0.1659509914597268   0.1662851720571211   0.1662699014960327   0.1662689376277108   0.1662670854039263   0.1662785078294438   0.1660278851429733   0.1716249343178530   0.0000000000000000   0.0000000000000000   0.0000000000000000   0.0000000000000000   0.0000000000000000   0.0000000000000000   0.0000000000000000   0.0000000000000000   0.0000000000000000   0.0000049796740263   0.0000000000000000   0.0000000000000000   0.0000000000000000   0.0000000000000000   0.0000000000000000   0.0000000000000000   0.0000000000000000   0.0000000000000000   0.0000000000000000   0.0000000000000000   0.0000000000000000   0.0000000000000000   0.0000000000000000   0.0000000000000000   0.0000000000000000   0.0000000000000000   0.0000000000000000   0.0000000000000000   0.0000000000000000   0.0000000000000000   0.0000000000000000   0.0000000000000000   0.0000000000000000   0.0000000000000000   0.0000000000000000   0.0000000000000000   0.0000000000000000   0.0000000000000000   0.0000000000000000   0.0000000000000000   0.0000000000000000   0.0000000000000000   0.0000000000000000   0.0000000000000000   0.0000000000000000   0.0000000000000000   0.0000000000000000   0.0000000000000000   0.0000000000000000   0.0000000000000000   0.0000000000000000   0.0000000000000000   0.0000000000000000   0.0000000000000000   0.0000000000000000   0.0000000000000000   0.0000000000000000   0.0000000000000000   0.0000000000000000   0.0000000000000000   0.0000000000000000   0.0000000000000000   0.0000000000000000   0.0000000000000000   0.0000000000000000   0.0000000000000000   0.0000000000000000   0.0000000000000000   0.0000000000000000   0.0000000000000000   0.0000000000000000   0.0000000000000000   0.0000000000000000   0.0000000000000000   0.0000000000000000   0.0000000000000000   0.0000000000000000   0.0000000000000000   0.0000000000000000   0.0000000000000000   0.0000000000000000   0.0000000000000000   0.0000000000000000   0.0000000000000000   0.0000000000000000   0.0000000000000000   0.0000000000000000   0.0000000000000000   0.0000000000000000   0.0000000000000000   0.0000000000000000   0.0000000000000000
   0.0000000000000000   0.0000000000000000   0.0000000000000000   0.0000000000000000   0.0000000000000000   0.0000000000000000   0.0000000000000000   0.0000000000000000   0.0000000000000000   0.0000000000000000   0.0000000000000000   0.0000000000000000   0.0000000000000000   0.0000000000000000   0.0000000000000000   0.0000000000000000   0.0000000000000000   0.0000000000000000   0.0000000000000000   0.0000000000000000   0.0000000000000000   0.0000000000000000   0.0000000000000000   0.0000000000000000   0.0000000000000000   0.0000000000000000   0.0000000000000000   0.0000000000000000   0.0000000000000000   0.0000000000000000   0.0000000000000000   0.0000000000000000   0.0000000000000000   0.0000000000000000   0.0000000000000000   0.0000000000000000   0.0000000000000000   0.0000000000000000   0.0000000000000000   0.0000000000000000   0.0000000000000000   0.0000000000000000   0.0000000000000000   0.0000000000000000   0.0000000000000000   0.0000000000000000   0.0000000000000000   0.0000000000000000   0.0000000000000000   0.0000000000000000   0.0000000000000000   0.0000000000000000   0.0000000000000000   0.0000000000000000   0.0000000000000000   0.0000000000000000   0.0000000000000000   0.0000000000000000   0.0000000000000000   0.0000000000000000   0.1730432337304871   0.1659432484611080   0.1662040324014435   0.1661915985529212   0.1662454966536651   0.1662699217440027   0.1662836980471998   0.1659540654515433   0.1730236815674902   0.0000000000000000   0.0000000000000000   0.0000000000000000   0.0000000000000000   0.0000000000000000   0.0000000000000000   0.0000000000000000   0.0000000000000000   0.0000000000000000   0.0000000000000000   0.0000000000000000   0.0000000000000000   0.0000000000000000   0.0000000000000000   0.0000000000000000   0.0000000000000000   0.0000000000000000   0.0000000000000000   0.0000000000000000   0.0000000000000000   0.0000000000000000   0.0000000000000000   0.0000000000000000   0.0000000000000000   0.0000000000000000   0.0000000000000000   0.0000000000000000   0.0000000000000000   0.0000000000000000   0.0000000000000000   0.0000000000000000   0.0000000000000000   0.0000000000000000   0.0000000000000000   0.0000000000000000   0.0000000000000000   0.0000000000000000   0.0000000000000000   0.0000000000000000   0.0000000000000000   0.0000000000000000   0.0000000000000000   0.0000000000000000   0.0000000000000000   0.0000000000000000   0.0000000000000000   0.0000000000000000   0.0000000000000000   0.0000000000000000   0.0000000000000000   0.0000000000000000   0.0000000000000000   0.0000000000000000   0.0000000000000000   0.0000000000000000   0.0000000000000000   0.0000000000000000   0.0000000000000000   0.0000000000000000   0.0000000000000000   0.0000000000000000   0.0000000000000000   0.0000000000000000   0.0000000000000000   0.0000000000000000   0.0000000000000000   0.0000000000000000   0.0000000000000000   0.0000000000000000   0.0000000000000000   0.0000000000000000   0.0000000000000000   0.0000000000000000   0.0000000000000000   0.0000000000000000   0.0000000000000000   0.0000000000000000   0.0000000000000000   0.0000000000000000   0.0000000000000000   0.0000000000000000   0.0000000000000000   0.0000000000000000   0.0000000000000000   0.0000000000000000   0.0000000000000000   0.0000000000000000   0.0000000000000000   0.0000000000000000   0.0000000000000000   0.0000000000000000   0.0000000000000000
   0.0000000000000000   0.0000000000000000   0.0000000000000000   0.0000000000000000   0.0000000000000000   0.0000000000000000   0.0000000000000000   0.0000000000000000   0.0000000000000000   0.0000000000000000   0.0000000000000000   0.0000000000000000   0.0000000000000000   0.0000000000000000   0.0000000000000000   0.0000000000000000   0.0000000000000000   0.0000000000000000   0.0000000000000000   0.0000000000000000   0.0000000000000000   0.0000000000000000   0.0000000000000000   0.0000000000000000   0.0000000000000000   0.0000000000000000   0.0000000000000000   0.0000000000000000   0.0000000000000000   0.0000000000000000   0.0000000000000000   0.0000000000000000   0.0000000000000000   0.0000000000000000   0.0000000000000000   0.0000000000000000   0.0000000000000000   0.0000000000000000   0.0000000000000000   0.0000000000000000   0.0000000000000000   0.0000000000000000   0.0000000000000000   0.0000000000000000   0.0000000000000000   0.0000000000000000   0.0000000000000000   0.0000000000000000   0.0000000000000000   0.0000000000000000   0.0000000000000000   0.0000000000000000   0.0000000000000000   0.0000000000000000   0.0000000000000000   0.0000000000000000   0.0000000000000000   0.0000000000000000   0.0000000000000000   0.0000000000000000   0.1700333774428860   0.1661100195809158   0.1683376081068873   0.1682852120299320   0.1661921757284928   0.1662470153765831   0.1661926664096032   0.1660175824785320   0.1726725721881220   0.0000000000000000   0.0000000000000000   0.0000000000000000   0.0000000000000000   0.0000000000000000   0.0000000000000000   0.0000000000000000   0.0000000000000000   0.0000000000000000   0.0000000000000000   0.0000000000000000   0.0000000000000000   0.0000000000000000   0.0000000000000000   0.0000000000000000   0.0000000000000000   0.0000000000000000   0.0000000000000000   0.0000000000000000   0.0000000000000000   0.0000000000000000   0.0000000000000000   0.0000000000000000   0.0000000000000000   0.0000000000000000   0.0000000000000000   0.0000000000000000   0.0000000000000000   0.0000000000000000   0.0000000000000000   0.0000000000000000   0.0000000000000000   0.0000000000000000   0.0000000000000000   0.0000000000000000   0.0000000000000000   0.0000000000000000   0.0000000000000000   0.0000000000000000   0.0000000000000000   0.0000000000000000   0.0000000000000000   0.0000000000000000   0.0000000000000000   0.0000000000000000   0.0000000000000000   0.0000000000000000   0.0000000000000000   0.0000000000000000   0.0000000000000000   0.0000000000000000   0.0000000000000000   0.0000000000000000   0.0000000000000000   0.0000000000000000   0.0000000000000000   0.0000000000000000   0.0000000000000000   0.0000000000000000   0.0000000000000000   0.0000000000000000   0.0000000000000000   0.0000000000000000   0.0000000000000000   0.0000000000000000   0.0000000000000000   0.0000000000000000   0.0000000000000000   0.0000000000000000   0.0000000000000000   0.0000000000000000   0.0000000000000000   0.0000000000000000   0.0000000000000000   0.0000000000000000   0.0000000000000000   0.0000000000000000   0.0000000000000000   0.0000000000000000   0.0000000000000000   0.0000000000000000   0.0000000000000000   0.0000000000000000   0.0000000000000000   0.0000000000000000   0.0000000000000000   0.0000000000000000   0.0000000000000000   0.0000000000000000   0.0000000000000000   0.0000000000000000   0.0000000000000000
   0.0000000000000000   0.0000000000000000   0.0000000000000000   0.0000000000000000   0.0000000000000000   0.0000000000000000   0.0000000000000000   0.0000000000000000   0.0000000000000000   0.0000000000000000   0.0000000000000000   0.0000000000000000   0.0000000000000000   0.0000000000000000   0.0000000000000000   0.0000000000000000   0.0000000000000000   0.0000000000000000   0.0000000000000000   0.0000000000000000   0.0000000000000000   0.0000000000000000   0.0000000000000000   0.0000000000000000   0.0000000000000000   0.0000000000000000   0.0000000000000000   0.0000000000000000   0.0000000000000000   0.0000000000000000   0.0000000000000000   0.0000000000000000   0.0000000000000000   0.0000000000000000   0.0000000000000000   0.0000000000000000   0.0000000000000000   0.0000000000000000   0.0000000000000000   0.0000000000000000   0.0000000000000000   0.0000000000000000   0.0000000000000000   0.0000000000000000   0.0000000000000000   0.0000000000000000   0.0000000000000000   0.0000000000000000   0.0000000000000000   0.0000000000000000   0.0000000000000000   0.0000000000000000   0.0000000000000000   0.0000000000000000   0.0000000000000000   0.0000000000000000   0.0000000000000000   0.0000000000000000   0.0000000000000000   0.0000000000000000   0.0000000000000000   0.0000000000000000   0.0000000000000000   0.1683558095017374   0.1662157319861625   0.1662444062190866   0.1682535040015029   0.1689401134196121   0.1604228052387615   0.0000000000000000   0.0000000000000000   0.0000000000000000   0.0000000000000000   0.0000000000000000   0.0000000000000000   0.0000000000000000   0.0000000000000000   0.0000000000000000   0.0000000000000000   0.0000000000000000   0.0000000000000000   0.0000000000000000   0.0000000000000000   0.0000000000000000   0.0000000000000000   0.0000000000000000   0.0000000000000000   0.0000000000000000   0.0000000000000000   0.0000000000000000   0.0000000000000000   0.0000000000000000   0.0000000000000000   0.0000000000000000   0.0000000000000000   0.0000000000000000   0.0000000000000000   0.0000000000000000   0.0000000000000000   0.0000000000000000   0.0000000000000000   0.0000000000000000   0.0000000000000000   0.0000000000000000   0.0000000000000000   0.0000000000000000   0.0000000000000000   0.0000000000000000   0.0000000000000000   0.0000000000000000   0.0000000000000000   0.0000000000000000   0.0000000000000000   0.0000000000000000   0.0000000000000000   0.0000000000000000   0.0000000000000000   0.0000000000000000   0.0000000000000000   0.0000000000000000   0.0000000000000000   0.0000000000000000   0.0000000000000000   0.0000000000000000   0.0000000000000000   0.0000000000000000   0.0000000000000000   0.0000000000000000   0.0000000000000000   0.0000000000000000   0.0000000000000000   0.0000000000000000   0.0000000000000000   0.0000000000000000   0.0000000000000000   0.0000000000000000   0.0000000000000000   0.0000000000000000   0.0000000000000000   0.0000000000000000   0.0000000000000000   0.0000000000000000   0.0000000000000000   0.0000000000000000   0.0000000000000000   0.0000000000000000   0.0000000000000000   0.0000000000000000   0.0000000000000000   0.0000000000000000   0.0000000000000000   0.0000000000000000   0.0000000000000000   0.0000000000000000   0.0000000000000000   0.0000000000000000   0.0000000000000000   0.0000000000000000   0.0000000000000000   0.0000000000000000   0.0000000000000000
   0.0000000000000000   0.0000000000000000   0.0000000000000000   0.0000000000000000   0.0000000000000000   0.0000000000000000   0.0000000000000000   0.0000000000000000   0.0000000000000000   0.0000000000000000   0.0000000000000000   0.0000000000000000   0.0000000000000000   0.0000000000000000   0.0000000000000000   0.0000000000000000   0.0000000000000000   0.0000000000000000   0.0000000000000000   0.0000000000000000   0.0000000000000000   0.0000000000000000   0.0000000000000000   0.0000000000000000   0.0000000000000000   0.0000000000000000   0.0000000000000000   0.0000000000000000   0.0000000000000000   0.0000000000000000   0.0000000000000000   0.0000000000000000   0.0000000000000000   0.0000000000000000   0.0000000000000000   0.0000000000000000   0.0000000000000000   0.0000000000000000   0.0000000000000000   0.0000000000000000   0.0000000000000000   0.0000000000000000   0.0000000000000000   0.0000000000000000   0.0000000000000000   0.0000000000000000   0.0000000000000000   0.0000000000000000   0.0000000000000000   0.0000000000000000   0.0000000000000000   0.0000000000000000   0.0000000000000000   0.0000000000000000   0.0000000000000000   0.0000000000000000   0.0000000000000000   0.0000000000000000   0.0000000000000000   0.0000000000000000   0.0000000000000000   0.0000000000000000   0.0000000000000000   0.0000000000000000   0.0000000000000000   0.0000000000000000   0.0000000000000000   0.1737296320052545   0.0946050820584551   0.0000000000000000   0.0000000000000000   0.0000000000000000   0.0000000000000000   0.0000000000000000   0.0000000000000000   0.0000000000000000   0.0000000000000000   0.0000000000000000   0.0000000000000000   0.0000000000000000   0.0000000000000000   0.0000000000000000   0.0000000000000000   0.0000000000000000   0.0000000000000000   0.0000000000000000   0.0000000000000000   0.0000000000000000   0.0000000000000000   0.0000000000000000   0.0000000000000000   0.0000000000000000   0.0000000000000000   0.0000000000000000   0.0000000000000000   0.0000000000000000   0.0000000000000000   0.0000000000000000   0.0000000000000000   0.0000000000000000   0.0000000000000000   0.0000000000000000   0.0000000000000000   0.0000000000000000   0.0000000000000000   0.0000000000000000   0.0000000000000000   0.0000000000000000   0.0000000000000000   0.0000000000000000   0.0000000000000000   0.0000000000000000   0.0000000000000000   0.0000000000000000   0.0000000000000000   0.0000000000000000   0.0000000000000000   0.0000000000000000   0.0000000000000000   0.0000000000000000   0.0000000000000000   0.0000000000000000   0.0000000000000000   0.0000000000000000   0.0000000000000000   0.0000000000000000   0.0000000000000000   0.0000000000000000   0.0000000000000000   0.0000000000000000   0.0000000000000000   0.0000000000000000   0.0000000000000000   0.0000000000000000   0.0000000000000000   0.0000000000000000   0.0000000000000000   0.0000000000000000   0.0000000000000000   0.0000000000000000   0.0000000000000000   0.0000000000000000   0.0000000000000000   0.0000000000000000   0.0000000000000000   0.0000000000000000   0.0000000000000000   0.0000000000000000   0.0000000000000000   0.0000000000000000   0.0000000000000000   0.0000000000000000   0.0000000000000000   0.0000000000000000   0.0000000000000000   0.0000000000000000   0.0000000000000000   0.0000000000000000   0.0000000000000000   0.0000000000000000   0.0000000000000000
   0.0000000000000000   0.0000000000000000   0.0000000000000000   0.0000000000000000   0.0000000000000000   0.0000000000000000   0.0000000000000000   0.0000000000000000   0.0000000000000000   0.0000000000000000   0.0000000000000000   0.0000000000000000   0.0000000000000000   0.0000000000000000   0.0000000000000000   0.0000000000000000   0.0000000000000000   0.0000000000000000   0.0000000000000000   0.0000000000000000   0.0000000000000000   0.0000000000000000   0.0000000000000000   0.0000000000000000   0.0000000000000000   0.0000000000000000   0.0000000000000000   0.0000000000000000   0.0000000000000000   0.0000000000000000   0.0000000000000000   0.0000000000000000   0.0000000000000000   0.0000000000000000   0.0000000000000000   0.0000000000000000   0.0000000000000000   0.0000000000000000   0.0000000000000000   0.0000000000000000   0.0000000000000000   0.0000000000000000   0.0000000000000000   0.0000000000000000   0.0000000000000000   0.0000000000000000   0.0000000000000000   0.0000000000000000   0.0000000000000000   0.0000000000000000   0.0000000000000000   0.0000000000000000   0.0000000000000000   0.0000000000000000   0.0000000000000000   0.0000000000000000   0.0000000000000000   0.0000000000000000   0.0000000000000000   0.0000000000000000   0.0000000000000000   0.0000000000000000   0.0000000000000000   0.0000000000000000   0.0000000000000000   0.0000000000000000   0.0000000000000000   0.1718016645423185   0.0004667579085295   0.0000000000000000   0.0000000000000000   0.0000000000000000   0.0000000000000000   0.0000000000000000   0.0000000000000000   0.0000000000000000   0.0000000000000000   0.0000000000000000   0.0000000000000000   0.0000000000000000   0.0000000000000000   0.0000000000000000   0.0000000000000000   0.0000000000000000   0.0000000000000000   0.0000000000000000   0.0000000000000000   0.0000000000000000   0.0000000000000000   0.0000000000000000   0.0000000000000000   0.0000000000000000   0.0000000000000000   0.0000000000000000   0.0000000000000000   0.0000000000000000   0.0000000000000000   0.0000000000000000   0.0000000000000000   0.0000000000000000   0.0000000000000000   0.0000000000000000   0.0000000000000000   0.0000000000000000   0.0000000000000000   0.0000000000000000   0.0000000000000000   0.0000000000000000   0.0000000000000000   0.0000000000000000   0.0000000000000000   0.0000000000000000   0.0000000000000000   0.0000000000000000   0.0000000000000000   0.0000000000000000   0.0000000000000000   0.0000000000000000   0.0000000000000000   0.0000000000000000   0.0000000000000000   0.0000000000000000   0.0000000000000000   0.0000000000000000   0.0000000000000000   0.0000000000000000   0.0000000000000000   0.0000000000000000   0.0000000000000000   0.0000000000000000   0.0000000000000000   0.0000000000000000   0.0000000000000000   0.0000000000000000   0.0000000000000000   0.0000000000000000   0.0000000000000000   0.0000000000000000   0.0000000000000000   0.0000000000000000   0.0000000000000000   0.0000000000000000   0.0000000000000000   0.0000000000000000   0.0000000000000000   0.0000000000000000   0.0000000000000000   0.0000000000000000   0.0000000000000000   0.0000000000000000   0.0000000000000000   0.0000000000000000   0.0000000000000000   0.0000000000000000   0.0000000000000000   0.0000000000000000   0.0000000000000000   0.0000000000000000   0.0000000000000000   0.0000000000000000   0.0000000000000000
   0.0000000000000000   0.0000000000000000   0.0000000000000000   0.0000000000000000   0.0000000000000000   0.0000000000000000   0.0000000000000000   0.0000000000000000   0.0000000000000000   0.0000000000000000   0.0000000000000000   0.0000000000000000   0.0000000000000000   0.0000000000000000   0.0000000000000000   0.0000000000000000   0.0000000000000000   0.0000000000000000   0.0000000000000000   0.0000000000000000   0.0000000000000000   0.0000000000000000   0.0000000000000000   0.0000000000000000   0.0000000000000000   0.0000000000000000   0.0000000000000000   0.0000000000000000   0.0000000000000000   0.0000000000000000   0.0000000000000000   0.0000000000000000   0.0000000000000000   0.0000000000000000   0.0000000000000000   0.0000000000000000   0.0000000000000000   0.0000000000000000   0.0000000000000000   0.0000000000000000   0.0000000000000000   0.0000000000000000   0.0000000000000000   0.0000000000000000   0.0000000000000000   0.0000000000000000   0.0000000000000000   0.0000000000000000   0.0000000000000000   0.0000000000000000   0.0000000000000000   0.0000000000000000   0.0000000000000000   0.0000000000000000   0.0000000000000000   0.0000000000000000   0.0000000000000000   0.0000000000000000   0.0000000000000000   0.0000000000000000   0.0000000000000000   0.0000000000000000   0.0000000000000000   0.0000000000000000   0.0000000000000000   0.0000000000000000   0.0000000000000000   0.0000000000000000   0.0000000000000000   0.0000000000000000   0.0000000000000000   0.0000000000000000   0.0000000000000000   0.0000000000000000   0.0000000000000000   0.0000000000000000   0.0000000000000000   0.0000000000000000   0.0000000000000000   0.0000000000000000   0.0000000000000000   0.0000000000000000   0.0000000000000000   0.0000000000000000   0.0000000000000000   0.0000000000000000   0.0000000000000000   0.0000000000000000   0.0000000000000000   0.0000000000000000   0.0000000000000000   0.0000000000000000   0.0000000000000000   0.0000000000000000   0.0000000000000000   0.0000000000000000   0.0000000000000000   0.0000000000000000   0.0000000000000000   0.0000000000000000   0.0000000000000000   0.0000000000000000   0.0000000000000000   0.0000000000000000   0.0000000000000000   0.0000000000000000   0.0000000000000000   0.0000000000000000   0.0000000000000000   0.0000000000000000   0.0000000000000000   0.0000000000000000   0.0000000000000000   0.0000000000000000   0.0000000000000000   0.0000000000000000   0.0000000000000000   0.0000000000000000   0.0000000000000000   0.0000000000000000   0.0000000000000000   0.0000000000000000   0.0000000000000000   0.0000000000000000   0.0000000000000000   0.0000000000000000   0.0000000000000000   0.0000000000000000   0.0000000000000000   0.0000000000000000   0.0000000000000000   0.0000000000000000   0.0000000000000000   0.0000000000000000   0.0000000000000000   0.0000000000000000   0.0000000000000000   0.0000000000000000   0.0000000000000000   0.0000000000000000   0.0000000000000000   0.0000000000000000   0.0000000000000000   0.0000000000000000   0.0000000000000000   0.0000000000000000   0.0000000000000000   0.0000000000000000   0.0000000000000000   0.0000000000000000   0.0000000000000000   0.0000000000000000   0.0000000000000000   0.0000000000000000   0.0000000000000000   0.0000000000000000   0.0000000000000000   0.0000000000000000   0.0000000000000000   0.0000000000000000   0.0000000000000000
