   0.0000000000000000   0.0000000000000000   0.0000000000000000   0.0000000000000000   0.0000000000000000   0.0000000000000000   0.0000000000000000   0.0000000000000000   0.0000000000000000   0.0000000000000000   0.0000000000000000   0.0000000000000000   0.0000000000000000   0.0000000000000000   0.0000000000000000   0.0000000000000000   0.0000000000000000   0.0000000000000000   0.0000000000000000   0.0000000000000000   0.0000000000000000   0.0000000000000000   0.0000000000000000   0.0000000000000000   0.0000000000000000   0.0000000000000000   0.0000000000000000   0.0000000000000000   0.0000000000000000   0.0000000000000000   0.0000000000000000   0.0000000000000000   0.0000000000000000   0.0000000000000000   0.0000000000000000   0.0000000000000000   0.0000000000000000   0.0000000000000000   0.0000000000000000   0.0000000000000000   0.0000000000000000   0.0000000000000000   0.0000000000000000   0.0000000000000000   0.0000000000000000   0.0000000000000000   0.0000000000000000   0.0000000000000000   0.0000000000000000   0.0000000000000000   0.0000000000000000   0.0000000000000000   0.0000000000000000   0.0000000000000000   0.0000000000000000   0.0000000000000000   0.0000000000000000   0.0000000000000000   0.0000000000000000   0.0000000000000000   0.0000000000000000   0.0000000000000000   0.0000000000000000   0.0000000000000000   0.0000000000000000   0.0000000000000000   0.0000000000000000   0.0000000000000000   0.0000000000000000   0.0000000000000000   0.0000000000000000   0.0000000000000000   0.0000000000000000   0.0000000000000000   0.0000000000000000   0.0000000000000000   0.0000000000000000   0.0000000000000000   0.0000000000000000   0.0000000000000000   0.0000000000000000   0.0000000000000000   0.0000000000000000   0.0000000000000000   0.0000000000000000   0.0000000000000000   0.0000000000000000   0.0000000000000000   0.0000000000000000   0.0000000000000000   0.0000000000000000   0.0000000000000000   0.0000000000000000   0.0000000000000000   0.0000000000000000   0.0000000000000000   0.0000000000000000   0.0000000000000000   0.0000000000000000   0.0000000000000000   0.0000000000000000   0.0000000000000000   0.0000000000000000   0.0000000000000000   0.0000000000000000   0.0000000000000000   0.0000000000000000   0.0000000000000000   0.0000000000000000   0.0000000000000000   0.0000000000000000   0.0000000000000000   0.0000000000000000   0.0731494711134996  -0.0030224829936553   0.0004867941535517   0.0001428405330023  -0.0000109171510515  -0.0000016805236573   0.0000001271437478  -0.0000000076631464  -0.0000000000403099   0.0000000018492898  -0.0000000457614240   0.0000008864482226   0.0000000000000000   0.0000000000000000   0.0000000000000000   0.0000000000000000   0.0000000000000000   0.0000000000000000   0.0000000000000000   0.0000000000000000   0.0000000000000000   0.0000000000000000   0.0000000000000000   0.0000000000000000   0.0000000000000000   0.0736764816690584  -0.0162143667461391   0.0003415816158685  -0.0000008285694624  -0.0000005527320426   0.0000000503014372  -0.0000000034069537   0.0000000002031787  -0.0000000000152726  -0.0000000000036031  -0.0000000000046288  -0.0000000000048156  -0.0000000000049542  -0.0000000000051007  -0.0000000000052413  -0.0000000000053800  -0.0000000000055136  -0.0000000000056459  -0.0000000000057477  -0.0000000000058754  -0.0000000000059462  -0.0000000000059774
   0.0000000000000000   0.0000000000000000   0.0000000000000000   0.0000000000000000   0.0000000000000000   0.0000000000000000   0.0000000000000000   0.0000000000000000   0.0000000000000000   0.0000000000000000   0.0000000000000000   0.0000000000000000   0.0000000000000000   0.0000000000000000   0.0000000000000000   0.0000000000000000   0.0000000000000000   0.0000000000000000   0.0000000000000000   0.0000000000000000   0.0000000000000000   0.0000000000000000   0.0000000000000000   0.0000000000000000   0.0000000000000000   0.0000000000000000   0.0000000000000000   0.0000000000000000   0.0000000000000000   0.0000000000000000   0.0000000000000000   0.0000000000000000   0.0000000000000000   0.0000000000000000   0.0000000000000000   0.0000000000000000   0.0000000000000000   0.0000000000000000   0.0000000000000000   0.0000000000000000   0.0000000000000000   0.0000000000000000   0.0000000000000000   0.0000000000000000   0.0000000000000000   0.0000000000000000   0.0000000000000000   0.0000000000000000   0.0000000000000000   0.0000000000000000   0.0000000000000000   0.0000000000000000   0.0000000000000000   0.0000000000000000   0.0000000000000000   0.0000000000000000   0.0000000000000000   0.0000000000000000   0.0000000000000000   0.0000000000000000   0.0000000000000000   0.0000000000000000   0.0000000000000000   0.0000000000000000   0.0000000000000000   0.0000000000000000   0.0000000000000000   0.0000000000000000   0.0000000000000000   0.0000000000000000   0.0000000000000000   0.0000000000000000   0.0000000000000000   0.0000000000000000   0.0000000000000000   0.0000000000000000   0.0000000000000000   0.0000000000000000   0.0000000000000000   0.0000000000000000   0.0000000000000000   0.0000000000000000   0.0000000000000000   0.0000000000000000   0.0000000000000000   0.0000000000000000   0.0000000000000000   0.0000000000000000   0.0000000000000000   0.0000000000000000   0.0000000000000000   0.0000000000000000   0.0000000000000000   0.0000000000000000   0.0000000000000000   0.0000000000000000   0.0000000000000000   0.0000000000000000   0.0000000000000000   0.0000000000000000   0.0000000000000000   0.0000000000000000   0.0000000000000000   0.0000000000000000   0.0000000000000000   0.0000000000000000   0.0000000000000000   0.0000000000000000   0.0000000000000000   0.0000000000000000   0.0000000000000000   0.0000000000000000   0.0000000000000000   0.0733341284542074  -0.0029658755566339   0.0001641994922257   0.0000061487803573   0.0000023949072044  -0.0000004986502009   0.0000000012711829   0.0000000025526359  -0.0000000004233025   0.0000000015227900  -0.0000000353293077   0.0000006285473895   0.0000000000000000   0.0000000000000000   0.0000000000000000   0.0000000000000000   0.0000000000000000   0.0000000000000000   0.0000000000000000   0.0000000000000000   0.0000000000000000   0.0000000000000000   0.0000000000000000   0.0000000000000000   0.0000000000000000   0.0736764816690584  -0.0028590482803915  -0.0001402328501453   0.0000179000427642  -0.0000013045089115   0.0000000811378056  -0.0000000046872212   0.0000000002568332  -0.0000000000172956  -0.0000000000032788  -0.0000000000044229  -0.0000000000046055  -0.0000000000047468  -0.0000000000048868  -0.0000000000050199  -0.0000000000051531  -0.0000000000052768  -0.0000000000053932  -0.0000000000054866  -0.0000000000055867  -0.0000000000056471  -0.0000000000056740
   0.0000000000000000   0.0000000000000000   0.0000000000000000   0.0000000000000000   0.0000000000000000   0.0000000000000000   0.0000000000000000   0.0000000000000000   0.0000000000000000   0.0000000000000000   0.0000000000000000   0.0000000000000000   0.0000000000000000   0.0000000000000000   0.0000000000000000   0.0000000000000000   0.0000000000000000   0.0000000000000000   0.0000000000000000   0.0000000000000000   0.0000000000000000   0.0000000000000000   0.0000000000000000   0.0000000000000000   0.0000000000000000   0.0000000000000000   0.0000000000000000   0.0000000000000000   0.0000000000000000   0.0000000000000000   0.0000000000000000   0.0000000000000000   0.0000000000000000   0.0000000000000000   0.0000000000000000   0.0000000000000000   0.0000000000000000   0.0000000000000000   0.0000000000000000   0.0000000000000000   0.0000000000000000   0.0000000000000000   0.0000000000000000   0.0000000000000000   0.0000000000000000   0.0000000000000000   0.0000000000000000   0.0000000000000000   0.0000000000000000   0.0000000000000000   0.0000000000000000   0.0000000000000000   0.0000000000000000   0.0000000000000000   0.0000000000000000   0.0000000000000000   0.0000000000000000   0.0000000000000000   0.0000000000000000   0.0000000000000000   0.0000000000000000   0.0000000000000000   0.0000000000000000   0.0000000000000000   0.0000000000000000   0.0000000000000000   0.0000000000000000   0.0000000000000000   0.0000000000000000   0.0000000000000000   0.0000000000000000   0.0000000000000000   0.0000000000000000   0.0000000000000000   0.0000000000000000   0.0000000000000000   0.0000000000000000   0.0000000000000000   0.0000000000000000   0.0000000000000000   0.0000000000000000   0.0000000000000000   0.0000000000000000   0.0000000000000000   0.0000000000000000   0.0000000000000000   0.0000000000000000   0.0000000000000000   0.0000000000000000   0.0000000000000000   0.0000000000000000   0.0000000000000000   0.0000000000000000   0.0000000000000000   0.0000000000000000   0.0000000000000000   0.0000000000000000   0.0000000000000000   0.0000000000000000   0.0000000000000000   0.0000000000000000   0.0000000000000000   0.0000000000000000   0.0000000000000000   0.0000000000000000   0.0000000000000000   0.0000000000000000   0.0000000000000000   0.0000000000000000   0.0000000000000000   0.0000000000000000   0.0000000000000000   0.0000000000000000   0.0738881004763338  -0.0027960532455694  -0.0008035844917524  -0.0004039264775777   0.0000423310819722   0.0000030469701688  -0.0000003763465110   0.0000000331999813  -0.0000000015722836   0.0000000005432899  -0.0000000040329530  -0.0000001451551054  -0.0000010902634274   0.0000268463962332  -0.0008871040772006   0.0379755948896752   0.0000000000000000   0.0000000000000000   0.0000000000000000   0.0000000000000000   0.0000000000000000   0.0000000000000000   0.0000000000000000   0.0000000000000000   0.0000000000000000   0.0000000000000000   0.0372069071168313  -0.0015856762482205   0.0000740858794022  -0.0000035598395478   0.0000001736468825  -0.0000000085280608   0.0000000004177528  -0.0000000000234095  -0.0000000000023501  -0.0000000000038492  -0.0000000000040206  -0.0000000000041716  -0.0000000000042938  -0.0000000000044062  -0.0000000000045238  -0.0000000000046189  -0.0000000000046882  -0.0000000000047563  -0.0000000000047741  -0.0000000000048031  -0.0000000000048164
   0.0000000000000000   0.0000000000000000   0.0000000000000000   0.0000000000000000   0.0000000000000000   0.0000000000000000   0.0000000000000000   0.0000000000000000   0.0000000000000000   0.0000000000000000   0.0000000000000000   0.0000000000000000   0.0000000000000000   0.0000000000000000   0.0000000000000000   0.0000000000000000   0.0000000000000000   0.0000000000000000   0.0000000000000000   0.0000000000000000   0.0000000000000000   0.0000000000000000   0.0000000000000000   0.0000000000000000   0.0000000000000000   0.0000000000000000   0.0000000000000000   0.0000000000000000   0.0000000000000000   0.0000000000000000   0.0000000000000000   0.0000000000000000   0.0000000000000000   0.0000000000000000   0.0000000000000000   0.0000000000000000   0.0000000000000000   0.0000000000000000   0.0000000000000000   0.0000000000000000   0.0000000000000000   0.0000000000000000   0.0000000000000000   0.0000000000000000   0.0000000000000000   0.0000000000000000   0.0000000000000000   0.0000000000000000   0.0000000000000000   0.0000000000000000   0.0000000000000000   0.0000000000000000   0.0000000000000000   0.0000000000000000   0.0000000000000000   0.0000000000000000   0.0000000000000000   0.0000000000000000   0.0000000000000000   0.0000000000000000   0.0000000000000000   0.0000000000000000   0.0000000000000000   0.0000000000000000   0.0000000000000000   0.0000000000000000   0.0000000000000000   0.0000000000000000   0.0000000000000000   0.0000000000000000   0.0000000000000000   0.0000000000000000   0.0000000000000000   0.0000000000000000   0.0000000000000000   0.0000000000000000   0.0000000000000000   0.0000000000000000   0.0000000000000000   0.0000000000000000   0.0000000000000000   0.0000000000000000   0.0000000000000000   0.0000000000000000   0.0000000000000000   0.0000000000000000   0.0000000000000000   0.0000000000000000   0.0000000000000000   0.0000000000000000   0.0000000000000000   0.0000000000000000   0.0000000000000000   0.0000000000000000   0.0000000000000000   0.0000000000000000   0.0000000000000000   0.0000000000000000   0.0000000000000000   0.0000000000000000   0.0000000000000000   0.0000000000000000   0.0000000000000000   0.0000000000000000   0.0000000000000000   0.0000000000000000   0.0000000000000000   0.0000000000000000   0.0000000000000000   0.0000000000000000   0.0000000000000000   0.0000000000000000   0.0000000000000000   0.0000000000000000   0.0000000000000000   0.0383618903029801  -0.0017620213974025  -0.0003743043509414   0.0000273324397040  -0.0000019242958753   0.0000000484481023   0.0000000015577498  -0.0000000002704719   0.0000000007579297   0.0000000414029998  -0.0000008120442662   0.0000187116189315  -0.0003538264690838  -0.0028762520723197   0.0738307532503909   0.0000000000000000   0.0000000000000000   0.0000000000000000   0.0000000000000000   0.0000000000000000   0.0000000000000000   0.0000000000000000   0.0000000000000000   0.0000000000000000   0.0735931515728684  -0.0026764073772460   0.0001235024880189  -0.0000057071058028   0.0000002656185616  -0.0000000124299330   0.0000000005952307  -0.0000000000179506   0.0000000000111397   0.0000000000099144   0.0000000000102327   0.0000000000105321   0.0000000000107164   0.0000000000107602   0.0000000000106288   0.0000000000103133   0.0000000000097832   0.0000000000090664   0.0000000000081316   0.0000000000071671   0.0000000000065500
   0.0000000000000000   0.0000000000000000   0.0000000000000000   0.0000000000000000   0.0000000000000000   0.0000000000000000   0.0000000000000000   0.0000000000000000   0.0000000000000000   0.0000000000000000   0.0000000000000000   0.0000000000000000   0.0000000000000000   0.0000000000000000   0.0000000000000000   0.0000000000000000   0.0000000000000000   0.0000000000000000   0.0000000000000000   0.0000000000000000   0.0000000000000000   0.0000000000000000   0.0000000000000000   0.0000000000000000   0.0000000000000000   0.0000000000000000   0.0000000000000000   0.0000000000000000   0.0000000000000000   0.0000000000000000   0.0000000000000000   0.0000000000000000   0.0000000000000000   0.0000000000000000   0.0000000000000000   0.0000000000000000   0.0000000000000000   0.0000000000000000   0.0000000000000000   0.0000000000000000   0.0000000000000000   0.0000000000000000   0.0000000000000000   0.0000000000000000   0.0000000000000000   0.0000000000000000   0.0000000000000000   0.0000000000000000   0.0000000000000000   0.0000000000000000   0.0000000000000000   0.0000000000000000   0.0000000000000000   0.0000000000000000   0.0000000000000000   0.0000000000000000   0.0000000000000000   0.0000000000000000   0.0000000000000000   0.0000000000000000   0.0000000000000000   0.0000000000000000   0.0000000000000000   0.0000000000000000   0.0000000000000000   0.0000000000000000   0.0000000000000000   0.0000000000000000   0.0000000000000000   0.0000000000000000   0.0000000000000000   0.0000000000000000   0.0000000000000000   0.0000000000000000   0.0000000000000000   0.0000000000000000   0.0000000000000000   0.0000000000000000   0.0000000000000000   0.0000000000000000   0.0000000000000000   0.0000000000000000   0.0000000000000000   0.0000000000000000   0.0000000000000000   0.0000000000000000   0.0000000000000000   0.0000000000000000   0.0000000000000000   0.0000000000000000   0.0000000000000000   0.0000000000000000   0.0000000000000000   0.0000000000000000   0.0000000000000000   0.0000000000000000   0.0000000000000000   0.0000000000000000   0.0000000000000000   0.0000000000000000   0.0000000000000000   0.0000000000000000   0.0000000000000000   0.0000000000000000   0.0000000000000000   0.0000000000000000   0.0000000000000000   0.0000000000000000   0.0000000000000000   0.0000000000000000   0.0000000000000000   0.0000000000000000   0.0000000000000000   0.0000000000000000   0.0000000000000000   0.0000000000000000   0.0375535931354835  -0.0015930813011770   0.0000905888417151   0.0000009655617576  -0.0000002961343038   0.0000000250019326  -0.0000000016418169  -0.0000000008481121   0.0000000148719442  -0.0000002339207618   0.0000014301932008   0.0000916443911715  -0.0015927591625331   0.0375570079942003   0.0000000000000000   0.0000000000000000   0.0000000000000000   0.0000000000000000   0.0000000000000000   0.0000000000000000   0.0000000000000000   0.0000000000000000   0.0000000000000000   0.0733300441086576  -0.0029838289618253   0.0001410171795131  -0.0000065386016908   0.0000003029365549  -0.0000000142835381   0.0000000004514880  -0.0000000002507845  -0.0000000002320032  -0.0000000002457392  -0.0000000002561135  -0.0000000002644022  -0.0000000002701692  -0.0000000002730153  -0.0000000002724689  -0.0000000002681246  -0.0000000002596440  -0.0000000002464633  -0.0000000002281612  -0.0000000002077375  -0.0000000001946053
   0.0000000000000000   0.0000000000000000   0.0000000000000000   0.0000000000000000   0.0000000000000000   0.0000000000000000   0.0000000000000000   0.0000000000000000   0.0000000000000000   0.0000000000000000   0.0000000000000000   0.0000000000000000   0.0000000000000000   0.0000000000000000   0.0000000000000000   0.0000000000000000   0.0000000000000000   0.0000000000000000   0.0000000000000000   0.0000000000000000   0.0000000000000000   0.0000000000000000   0.0000000000000000   0.0000000000000000   0.0000000000000000   0.0000000000000000   0.0000000000000000   0.0000000000000000   0.0000000000000000   0.0000000000000000   0.0000000000000000   0.0000000000000000   0.0000000000000000   0.0000000000000000   0.0000000000000000   0.0000000000000000   0.0000000000000000   0.0000000000000000   0.0000000000000000   0.0000000000000000   0.0000000000000000   0.0000000000000000   0.0000000000000000   0.0000000000000000   0.0000000000000000   0.0000000000000000   0.0000000000000000   0.0000000000000000   0.0000000000000000   0.0000000000000000   0.0000000000000000   0.0000000000000000   0.0000000000000000   0.0000000000000000   0.0000000000000000   0.0000000000000000   0.0000000000000000   0.0000000000000000   0.0000000000000000   0.0000000000000000   0.0000000000000000   0.0000000000000000   0.0000000000000000   0.0000000000000000   0.0000000000000000   0.0000000000000000   0.0000000000000000   0.0000000000000000   0.0000000000000000   0.0000000000000000   0.0000000000000000   0.0000000000000000   0.0000000000000000   0.0000000000000000   0.0000000000000000   0.0000000000000000   0.0000000000000000   0.0000000000000000   0.0000000000000000   0.0000000000000000   0.0000000000000000   0.0000000000000000   0.0000000000000000   0.0000000000000000   0.0000000000000000   0.0000000000000000   0.0000000000000000   0.0000000000000000   0.0000000000000000   0.0000000000000000   0.0000000000000000   0.0000000000000000   0.0000000000000000   0.0000000000000000   0.0000000000000000   0.0000000000000000   0.0000000000000000   0.0000000000000000   0.0000000000000000   0.0000000000000000   0.0000000000000000   0.0000000000000000   0.0000000000000000   0.0000000000000000   0.0000000000000000   0.0000000000000000   0.0000000000000000   0.0000000000000000   0.0000000000000000   0.0000000000000000   0.0000000000000000   0.0000000000000000   0.0000000000000000   0.0000000000000000   0.0000000000000000   0.0000000000000000   0.0738390772913417  -0.0028522287855787  -0.0003291029090407   0.0000258617011254  -0.0000015638795442   0.0000000865698314  -0.0000000046745857   0.0000000000608165   0.0000000011572031   0.0000000418285949  -0.0000019549356717   0.0000274097557942  -0.0003765791145555  -0.0017205820993136   0.0375578493916732   0.0000000000000000   0.0000000000000000   0.0000000000000000   0.0000000000000000   0.0000000000000000   0.0000000000000000   0.0000000000000000   0.0000000000000000   0.0735905870744850  -0.0026793567689908   0.0001236933492861  -0.0000057448035053   0.0000002726166110  -0.0000000087810474   0.0000000047434434   0.0000000043940472   0.0000000046821103   0.0000000049156215   0.0000000051184967   0.0000000052800265   0.0000000053907950   0.0000000054413302   0.0000000054225609   0.0000000053260017   0.0000000051440176   0.0000000048727911   0.0000000044854833   0.0000000040083269   0.0000000036683196
   0.0000000000000000   0.0000000000000000   0.0000000000000000   0.0000000000000000   0.0000000000000000   0.0000000000000000   0.0000000000000000   0.0000000000000000   0.0000000000000000   0.0000000000000000   0.0000000000000000   0.0000000000000000   0.0000000000000000   0.0000000000000000   0.0000000000000000   0.0000000000000000   0.0000000000000000   0.0000000000000000   0.0000000000000000   0.0000000000000000   0.0000000000000000   0.0000000000000000   0.0000000000000000   0.0000000000000000   0.0000000000000000   0.0000000000000000   0.0000000000000000   0.0000000000000000   0.0000000000000000   0.0000000000000000   0.0000000000000000   0.0000000000000000   0.0000000000000000   0.0000000000000000   0.0000000000000000   0.0000000000000000   0.0000000000000000   0.0000000000000000   0.0000000000000000   0.0000000000000000   0.0000000000000000   0.0000000000000000   0.0000000000000000   0.0000000000000000   0.0000000000000000   0.0000000000000000   0.0000000000000000   0.0000000000000000   0.0000000000000000   0.0000000000000000   0.0000000000000000   0.0000000000000000   0.0000000000000000   0.0000000000000000   0.0000000000000000   0.0000000000000000   0.0000000000000000   0.0000000000000000   0.0000000000000000   0.0000000000000000   0.0000000000000000   0.0000000000000000   0.0000000000000000   0.0000000000000000   0.0000000000000000   0.0000000000000000   0.0000000000000000   0.0000000000000000   0.0000000000000000   0.0000000000000000   0.0000000000000000   0.0000000000000000   0.0000000000000000   0.0000000000000000   0.0000000000000000   0.0000000000000000   0.0000000000000000   0.0000000000000000   0.0000000000000000   0.0000000000000000   0.0000000000000000   0.0000000000000000   0.0000000000000000   0.0000000000000000   0.0000000000000000   0.0000000000000000   0.0000000000000000   0.0000000000000000   0.0000000000000000   0.0000000000000000   0.0000000000000000   0.0000000000000000   0.0000000000000000   0.0000000000000000   0.0000000000000000   0.0000000000000000   0.0000000000000000   0.0000000000000000   0.0000000000000000   0.0000000000000000   0.0000000000000000   0.0000000000000000   0.0000000000000000   0.0000000000000000   0.0000000000000000   0.0000000000000000   0.0000000000000000   0.0000000000000000   0.0000000000000000   0.0000000000000000   0.0000000000000000   0.0000000000000000   0.0000000000000000   0.0000000000000000   0.0000000000000000   0.0000000000000000   0.0000000000000000   0.0372073900837676  -0.0015812425058351   0.0000762510821106  -0.0000036933231033   0.0000001852758479  -0.0000000085802350   0.0000000003913981  -0.0000000015064766   0.0000000341537738  -0.0000003813112825   0.0000032452974660   0.0000376644655728  -0.0003036734917003  -0.0031565413144677   0.0735704457720465   0.0000000000000000   0.0000000000000000   0.0000000000000000   0.0000000000000000   0.0000000000000000   0.0000000000000000   0.0000000000000000   0.0375547113664760  -0.0016002904753192   0.0000772172964968  -0.0000038323737199   0.0000001079773866  -0.0000000906738059  -0.0000000874331877  -0.0000000938763745  -0.0000000995492724  -0.0000001047916614  -0.0000001094028799  -0.0000001131965168  -0.0000001159783866  -0.0000001175533847  -0.0000001177318081  -0.0000001163364340  -0.0000001132101821  -0.0000001082122817  -0.0000001014033069  -0.0000000907448815  -0.0000000826530983
   0.0000000000000000   0.0000000000000000   0.0000000000000000   0.0000000000000000   0.0000000000000000   0.0000000000000000   0.0000000000000000   0.0000000000000000   0.0000000000000000   0.0000000000000000   0.0000000000000000   0.0000000000000000   0.0000000000000000   0.0000000000000000   0.0000000000000000   0.0000000000000000   0.0000000000000000   0.0000000000000000   0.0000000000000000   0.0000000000000000   0.0000000000000000   0.0000000000000000   0.0000000000000000   0.0000000000000000   0.0000000000000000   0.0000000000000000   0.0000000000000000   0.0000000000000000   0.0000000000000000   0.0000000000000000   0.0000000000000000   0.0000000000000000   0.0000000000000000   0.0000000000000000   0.0000000000000000   0.0000000000000000   0.0000000000000000   0.0000000000000000   0.0000000000000000   0.0000000000000000   0.0000000000000000   0.0000000000000000   0.0000000000000000   0.0000000000000000   0.0000000000000000   0.0000000000000000   0.0000000000000000   0.0000000000000000   0.0000000000000000   0.0000000000000000   0.0000000000000000   0.0000000000000000   0.0000000000000000   0.0000000000000000   0.0000000000000000   0.0000000000000000   0.0000000000000000   0.0000000000000000   0.0000000000000000   0.0000000000000000   0.0000000000000000   0.0000000000000000   0.0000000000000000   0.0000000000000000   0.0000000000000000   0.0000000000000000   0.0000000000000000   0.0000000000000000   0.0000000000000000   0.0000000000000000   0.0000000000000000   0.0000000000000000   0.0000000000000000   0.0000000000000000   0.0000000000000000   0.0000000000000000   0.0000000000000000   0.0000000000000000   0.0000000000000000   0.0000000000000000   0.0000000000000000   0.0000000000000000   0.0000000000000000   0.0000000000000000   0.0000000000000000   0.0000000000000000   0.0000000000000000   0.0000000000000000   0.0000000000000000   0.0000000000000000   0.0000000000000000   0.0000000000000000   0.0000000000000000   0.0000000000000000   0.0000000000000000   0.0000000000000000   0.0000000000000000   0.0000000000000000   0.0000000000000000   0.0000000000000000   0.0000000000000000   0.0000000000000000   0.0000000000000000   0.0000000000000000   0.0000000000000000   0.0000000000000000   0.0000000000000000   0.0000000000000000   0.0000000000000000   0.0000000000000000   0.0000000000000000   0.0000000000000000   0.0000000000000000   0.0000000000000000   0.0000000000000000   0.0000000000000000   0.0000000000000000   0.0735929940186707  -0.0026770831083212   0.0001227377467072  -0.0000060283100667   0.0000002300675000  -0.0000000065738935   0.0000000001015892  -0.0000000005134017   0.0000000046229563  -0.0000000223338482  -0.0000004762974535  -0.0000015151401678   0.0001369801013405  -0.0026760567497230   0.0735558387051624   0.0000000000000000   0.0000000000000000   0.0000000000000000   0.0000000000000000   0.0000000000000000   0.0000000000000000   0.0383362774938021  -0.0017595845771880  -0.0003730707616034   0.0000289003334274  -0.0000004763832126   0.0000013616524148   0.0000013619906058   0.0000014599915950   0.0000015470390688   0.0000016257832966   0.0000016926436322   0.0000017440727571   0.0000017763173371   0.0000017855354059   0.0000017679141700   0.0000017198032233   0.0000016378567126   0.0000015191768926   0.0000013614794110   0.0000011627037801   0.0000009313327469   0.0000005088478207
   0.0000000000000000   0.0000000000000000   0.0000000000000000   0.0000000000000000   0.0000000000000000   0.0000000000000000   0.0000000000000000   0.0000000000000000   0.0000000000000000   0.0000000000000000   0.0000000000000000   0.0000000000000000   0.0000000000000000   0.0000000000000000   0.0000000000000000   0.0000000000000000   0.0000000000000000   0.0000000000000000   0.0000000000000000   0.0000000000000000   0.0000000000000000   0.0000000000000000   0.0000000000000000   0.0000000000000000   0.0000000000000000   0.0000000000000000   0.0000000000000000   0.0000000000000000   0.0000000000000000   0.0000000000000000   0.0000000000000000   0.0000000000000000   0.0000000000000000   0.0000000000000000   0.0000000000000000   0.0000000000000000   0.0000000000000000   0.0000000000000000   0.0000000000000000   0.0000000000000000   0.0000000000000000   0.0000000000000000   0.0000000000000000   0.0000000000000000   0.0000000000000000   0.0000000000000000   0.0000000000000000   0.0000000000000000   0.0000000000000000   0.0000000000000000   0.0000000000000000   0.0000000000000000   0.0000000000000000   0.0000000000000000   0.0000000000000000   0.0000000000000000   0.0000000000000000   0.0000000000000000   0.0000000000000000   0.0000000000000000   0.0000000000000000   0.0000000000000000   0.0000000000000000   0.0000000000000000   0.0000000000000000   0.0000000000000000   0.0000000000000000   0.0000000000000000   0.0000000000000000   0.0000000000000000   0.0000000000000000   0.0000000000000000   0.0000000000000000   0.0000000000000000   0.0000000000000000   0.0000000000000000   0.0000000000000000   0.0000000000000000   0.0000000000000000   0.0000000000000000   0.0000000000000000   0.0000000000000000   0.0000000000000000   0.0000000000000000   0.0000000000000000   0.0000000000000000   0.0000000000000000   0.0000000000000000   0.0000000000000000   0.0000000000000000   0.0000000000000000   0.0000000000000000   0.0000000000000000   0.0000000000000000   0.0000000000000000   0.0000000000000000   0.0000000000000000   0.0000000000000000   0.0000000000000000   0.0000000000000000   0.0000000000000000   0.0000000000000000   0.0000000000000000   0.0000000000000000   0.0000000000000000   0.0000000000000000   0.0000000000000000   0.0000000000000000   0.0000000000000000   0.0000000000000000   0.0000000000000000   0.0000000000000000   0.0000000000000000   0.0000000000000000   0.0000000000000000   0.0000000000000000   0.0000000000000000   0.0733331343577973  -0.0029686984774411   0.0001573398929605  -0.0000021585182397  -0.0000001536859595   0.0000000180560224  -0.0000000012884110   0.0000000000265660   0.0000000001977031   0.0000000015063517   0.0000001560597374  -0.0000040589202301   0.0000776906474530  -0.0016186596469189   0.0379376958010066   0.0000000000000000   0.0387418862654480  -0.0009434739813539   0.0000095902469959  -0.0000112385635758  -0.0004714020718775  -0.0009237055905047  -0.0004301572953130   0.0000085545052376  -0.0000341780498647  -0.0000416719996111  -0.0000456735107998  -0.0000504674272297  -0.0000555787572100  -0.0000610434045715  -0.0000668558243395  -0.0000730080789445  -0.0000794870426144  -0.0000862743031036  -0.0000933460289995  -0.0001006729764674  -0.0001082206364479  -0.0001159495274859  -0.0001238156346391  -0.0001317709450389  -0.0001397649761645  -0.0001477262979701  -0.0001560289980873
   0.0000000000000000   0.0000000000000000   0.0000000000000000   0.0000000000000000   0.0000000000000000   0.0000000000000000   0.0000000000000000   0.0000000000000000   0.0000000000000000   0.0000000000000000   0.0000000000000000   0.0000000000000000   0.0000000000000000   0.0000000000000000   0.0000000000000000   0.0000000000000000   0.0000000000000000   0.0000000000000000   0.0000000000000000   0.0000000000000000   0.0000000000000000   0.0000000000000000   0.0000000000000000   0.0000000000000000   0.0000000000000000   0.0000000000000000   0.0000000000000000   0.0000000000000000   0.0000000000000000   0.0000000000000000   0.0000000000000000   0.0000000000000000   0.0000000000000000   0.0000000000000000   0.0000000000000000   0.0000000000000000   0.0000000000000000   0.0000000000000000   0.0000000000000000   0.0000000000000000   0.0000000000000000   0.0000000000000000   0.0000000000000000   0.0000000000000000   0.0000000000000000   0.0000000000000000   0.0000000000000000   0.0000000000000000   0.0000000000000000   0.0000000000000000   0.0000000000000000   0.0000000000000000   0.0000000000000000   0.0000000000000000   0.0000000000000000   0.0000000000000000   0.0000000000000000   0.0000000000000000   0.0000000000000000   0.0000000000000000   0.0000000000000000   0.0000000000000000   0.0000000000000000   0.0000000000000000   0.0000000000000000   0.0000000000000000   0.0000000000000000   0.0000000000000000   0.0000000000000000   0.0000000000000000   0.0000000000000000   0.0000000000000000   0.0000000000000000   0.0000000000000000   0.0000000000000000   0.0000000000000000   0.0000000000000000   0.0000000000000000   0.0000000000000000   0.0000000000000000   0.0000000000000000   0.0000000000000000   0.0000000000000000   0.0000000000000000   0.0000000000000000   0.0000000000000000   0.0000000000000000   0.0000000000000000   0.0000000000000000   0.0000000000000000   0.0000000000000000   0.0000000000000000   0.0000000000000000   0.0000000000000000   0.0000000000000000   0.0000000000000000   0.0000000000000000   0.0000000000000000   0.0000000000000000   0.0000000000000000   0.0000000000000000   0.0000000000000000   0.0000000000000000   0.0000000000000000   0.0000000000000000   0.0000000000000000   0.0000000000000000   0.0000000000000000   0.0000000000000000   0.0000000000000000   0.0000000000000000   0.0000000000000000   0.0000000000000000   0.0000000000000000   0.0000000000000000   0.0000000000000000   0.0000000000000000   0.0735875005384874  -0.0031396417512062  -0.0003054750175082   0.0000246229119953  -0.0000014607799424   0.0000000784441475  -0.0000000040273898   0.0000000001958486   0.0000000001179826  -0.0000000048956551   0.0000000968077276  -0.0000016920067837   0.0000291002754475  -0.0004047281772526  -0.0008912567017497  -0.0009092680028575  -0.0009204413485184  -0.0004471988697091   0.0000027863968549  -0.0000172927170895  -0.0000016694238979   0.0000066647755372  -0.0000089370609854  -0.0000292427378707  -0.0000371634196352  -0.0000404490230421  -0.0000447314944142  -0.0000493625802056  -0.0000543184802933  -0.0000596034056010  -0.0000652106693742  -0.0000711293519162  -0.0000773434116285  -0.0000838315819319  -0.0000905673502166  -0.0000975190829143  -0.0001046502983109  -0.0001119200876716  -0.0001192836775600  -0.0001266930791965  -0.0001340986797448  -0.0001414317193473  -0.0001490432242986
   0.0000000000000000   0.0000000000000000   0.0000000000000000   0.0000000000000000   0.0000000000000000   0.0000000000000000   0.0000000000000000   0.0000000000000000   0.0000000000000000   0.0000000000000000   0.0000000000000000   0.0000000000000000   0.0000000000000000   0.0000000000000000   0.0000000000000000   0.0000000000000000   0.0000000000000000   0.0000000000000000   0.0000000000000000   0.0000000000000000   0.0000000000000000   0.0000000000000000   0.0000000000000000   0.0000000000000000   0.0000000000000000   0.0000000000000000   0.0000000000000000   0.0000000000000000   0.0000000000000000   0.0000000000000000   0.0000000000000000   0.0000000000000000   0.0000000000000000   0.0000000000000000   0.0000000000000000   0.0000000000000000   0.0000000000000000   0.0000000000000000   0.0000000000000000   0.0000000000000000   0.0000000000000000   0.0000000000000000   0.0000000000000000   0.0000000000000000   0.0000000000000000   0.0000000000000000   0.0000000000000000   0.0000000000000000   0.0000000000000000   0.0000000000000000   0.0000000000000000   0.0000000000000000   0.0000000000000000   0.0000000000000000   0.0000000000000000   0.0000000000000000   0.0000000000000000   0.0000000000000000   0.0000000000000000   0.0000000000000000   0.0000000000000000   0.0000000000000000   0.0000000000000000   0.0000000000000000   0.0000000000000000   0.0000000000000000   0.0000000000000000   0.0000000000000000   0.0000000000000000   0.0000000000000000   0.0000000000000000   0.0000000000000000   0.0000000000000000   0.0000000000000000   0.0000000000000000   0.0000000000000000   0.0000000000000000   0.0000000000000000   0.0000000000000000   0.0000000000000000   0.0000000000000000   0.0000000000000000   0.0000000000000000   0.0000000000000000   0.0000000000000000   0.0000000000000000   0.0000000000000000   0.0000000000000000   0.0000000000000000   0.0000000000000000   0.0000000000000000   0.0000000000000000   0.0000000000000000   0.0000000000000000   0.0000000000000000   0.0000000000000000   0.0000000000000000   0.0000000000000000   0.0000000000000000   0.0000000000000000   0.0000000000000000   0.0000000000000000   0.0000000000000000   0.0000000000000000   0.0000000000000000   0.0000000000000000   0.0000000000000000   0.0000000000000000   0.0000000000000000   0.0000000000000000   0.0000000000000000   0.0000000000000000   0.0000000000000000   0.0000000000000000   0.0000000000000000   0.0000000000000000   0.0000000000000000   0.0000000000000000   0.0372107271667348  -0.0015870365166344   0.0000729104635667  -0.0000033372066255   0.0000001534620926  -0.0000000070954465   0.0000000003241802   0.0000000001023671  -0.0000000019767502   0.0000000308327915  -0.0000004313743903   0.0000039946577099   0.0000205383504050   0.0000383941704008   0.0000449943040918   0.0000396563973664   0.0000222885718539   0.0000053615591175   0.0000002956389707   0.0000001748688834  -0.0000000524109198   0.0000004906219250   0.0000012925437686   0.0000017757520244   0.0000020009935417   0.0000022024116440   0.0000024300384886   0.0000026737331431   0.0000029334826510   0.0000032090423914   0.0000034998647893   0.0000038051616597   0.0000041238884790   0.0000044547442941   0.0000047961778811   0.0000051464010486   0.0000055034093601   0.0000058650081369   0.0000062288688962   0.0000065921111129   0.0000069600036559   0.0000072091363482
   0.0000000000000000   0.0000000000000000   0.0000000000000000   0.0000000000000000   0.0000000000000000   0.0000000000000000   0.0000000000000000   0.0000000000000000   0.0000000000000000   0.0000000000000000   0.0000000000000000   0.0000000000000000   0.0000000000000000   0.0000000000000000   0.0000000000000000   0.0000000000000000   0.0000000000000000   0.0000000000000000   0.0000000000000000   0.0000000000000000   0.0000000000000000   0.0000000000000000   0.0000000000000000   0.0000000000000000   0.0000000000000000   0.0000000000000000   0.0000000000000000   0.0000000000000000   0.0000000000000000   0.0000000000000000   0.0000000000000000   0.0000000000000000   0.0000000000000000   0.0000000000000000   0.0000000000000000   0.0000000000000000   0.0000000000000000   0.0000000000000000   0.0000000000000000   0.0000000000000000   0.0000000000000000   0.0000000000000000   0.0000000000000000   0.0000000000000000   0.0000000000000000   0.0000000000000000   0.0000000000000000   0.0000000000000000   0.0000000000000000   0.0000000000000000   0.0000000000000000   0.0000000000000000   0.0000000000000000   0.0000000000000000   0.0000000000000000   0.0000000000000000   0.0000000000000000   0.0000000000000000   0.0000000000000000   0.0000000000000000   0.0000000000000000   0.0000000000000000   0.0000000000000000   0.0000000000000000   0.0000000000000000   0.0000000000000000   0.0000000000000000   0.0000000000000000   0.0000000000000000   0.0000000000000000   0.0000000000000000   0.0000000000000000   0.0000000000000000   0.0000000000000000   0.0000000000000000   0.0000000000000000   0.0000000000000000   0.0000000000000000   0.0000000000000000   0.0000000000000000   0.0000000000000000   0.0000000000000000   0.0000000000000000   0.0000000000000000   0.0000000000000000   0.0000000000000000   0.0000000000000000   0.0000000000000000   0.0000000000000000   0.0000000000000000   0.0000000000000000   0.0000000000000000   0.0000000000000000   0.0000000000000000   0.0000000000000000   0.0000000000000000   0.0000000000000000   0.0000000000000000   0.0000000000000000   0.0000000000000000   0.0000000000000000   0.0000000000000000   0.0000000000000000   0.0000000000000000   0.0000000000000000   0.0000000000000000   0.0000000000000000   0.0000000000000000   0.0000000000000000   0.0000000000000000   0.0000000000000000   0.0000000000000000   0.0000000000000000   0.0000000000000000   0.0000000000000000   0.0000000000000000   0.0000000000000000   0.0000000000000000   0.0738467641042233  -0.0023864849766810   0.0000994226290871  -0.0000042785701010   0.0000001888660484  -0.0000000084813686   0.0000000003826906   0.0000000000182043  -0.0000000004908997   0.0000000055849296  -0.0000000326331203  -0.0000003361435763  -0.0000010244056534  -0.0000017582793963  -0.0000020782703741  -0.0000018115031880  -0.0000011005199512  -0.0000004005494740  -0.0000000689920307  -0.0000000058123438  -0.0000000064248278  -0.0000000270052486  -0.0000000598044388  -0.0000000843576504  -0.0000000981287774  -0.0000001085493158  -0.0000001196058518  -0.0000001315863492  -0.0000001443499284  -0.0000001578871361  -0.0000001721717102  -0.0000001871647045  -0.0000002028148050  -0.0000002190582323  -0.0000002358188920  -0.0000002530090852  -0.0000002705305704  -0.0000002882764311  -0.0000003061235582  -0.0000003240721354  -0.0000003407588702  -0.0000003509856241
   0.0000000000000000   0.0000000000000000   0.0000000000000000   0.0000000000000000   0.0000000000000000   0.0000000000000000   0.0000000000000000   0.0000000000000000   0.0000000000000000   0.0000000000000000   0.0000000000000000   0.0000000000000000   0.0000000000000000   0.0000000000000000   0.0000000000000000   0.0000000000000000   0.0000000000000000   0.0000000000000000   0.0000000000000000   0.0000000000000000   0.0000000000000000   0.0000000000000000   0.0000000000000000   0.0000000000000000   0.0000000000000000   0.0000000000000000   0.0000000000000000   0.0000000000000000   0.0000000000000000   0.0000000000000000   0.0000000000000000   0.0000000000000000   0.0000000000000000   0.0000000000000000   0.0000000000000000   0.0000000000000000   0.0000000000000000   0.0000000000000000   0.0000000000000000   0.0000000000000000   0.0000000000000000   0.0000000000000000   0.0000000000000000   0.0000000000000000   0.0000000000000000   0.0000000000000000   0.0000000000000000   0.0000000000000000   0.0000000000000000   0.0000000000000000   0.0000000000000000   0.0000000000000000   0.0000000000000000   0.0000000000000000   0.0000000000000000   0.0000000000000000   0.0000000000000000   0.0000000000000000   0.0000000000000000   0.0000000000000000   0.0000000000000000   0.0000000000000000   0.0000000000000000   0.0000000000000000   0.0000000000000000   0.0000000000000000   0.0000000000000000   0.0000000000000000   0.0000000000000000   0.0000000000000000   0.0000000000000000   0.0000000000000000   0.0000000000000000   0.0000000000000000   0.0000000000000000   0.0000000000000000   0.0000000000000000   0.0000000000000000   0.0000000000000000   0.0000000000000000   0.0000000000000000   0.0000000000000000   0.0000000000000000   0.0000000000000000   0.0000000000000000   0.0000000000000000   0.0000000000000000   0.0000000000000000   0.0000000000000000   0.0000000000000000   0.0000000000000000   0.0000000000000000   0.0000000000000000   0.0000000000000000   0.0000000000000000   0.0000000000000000   0.0000000000000000   0.0000000000000000   0.0000000000000000   0.0000000000000000   0.0000000000000000   0.0000000000000000   0.0000000000000000   0.0000000000000000   0.0000000000000000   0.0000000000000000   0.0000000000000000   0.0000000000000000   0.0000000000000000   0.0000000000000000   0.0000000000000000   0.0000000000000000   0.0000000000000000   0.0000000000000000   0.0000000000000000   0.0000000000000000   0.0000000000000000   0.0000000000000000   0.0372109867527353  -0.0015868708747234   0.0000729398178023  -0.0000033415613427   0.0000001538219536  -0.0000000071187318   0.0000000003304101  -0.0000000000088752  -0.0000000000627803   0.0000000001739793   0.0000000045856788   0.0000000209299695   0.0000000508886183   0.0000000817331167   0.0000000955307457   0.0000000840044847   0.0000000542377878   0.0000000239115780   0.0000000064057123   0.0000000009526286   0.0000000005304944   0.0000000014684118   0.0000000028440996   0.0000000040250127   0.0000000047881850   0.0000000053446691   0.0000000058902138   0.0000000064771104   0.0000000071041758   0.0000000077690928   0.0000000084706557   0.0000000092069660   0.0000000099754588   0.0000000107729345   0.0000000115957036   0.0000000124394413   0.0000000132993794   0.0000000141701126   0.0000000150476178   0.0000000159152435   0.0000000166763776   0.0000000171213022
   0.0000000000000000   0.0000000000000000   0.0000000000000000   0.0000000000000000   0.0000000000000000   0.0000000000000000   0.0000000000000000   0.0000000000000000   0.0000000000000000   0.0000000000000000   0.0000000000000000   0.0000000000000000   0.0000000000000000   0.0000000000000000   0.0000000000000000   0.0000000000000000   0.0000000000000000   0.0000000000000000   0.0000000000000000   0.0000000000000000   0.0000000000000000   0.0000000000000000   0.0000000000000000   0.0000000000000000   0.0000000000000000   0.0000000000000000   0.0000000000000000   0.0000000000000000   0.0000000000000000   0.0000000000000000   0.0000000000000000   0.0000000000000000   0.0000000000000000   0.0000000000000000   0.0000000000000000   0.0000000000000000   0.0000000000000000   0.0000000000000000   0.0000000000000000   0.0000000000000000   0.0000000000000000   0.0000000000000000   0.0000000000000000   0.0000000000000000   0.0000000000000000   0.0000000000000000   0.0000000000000000   0.0000000000000000   0.0000000000000000   0.0000000000000000   0.0000000000000000   0.0000000000000000   0.0000000000000000   0.0000000000000000   0.0000000000000000   0.0000000000000000   0.0000000000000000   0.0000000000000000   0.0000000000000000   0.0000000000000000   0.0000000000000000   0.0000000000000000   0.0000000000000000   0.0000000000000000   0.0000000000000000   0.0000000000000000   0.0000000000000000   0.0000000000000000   0.0000000000000000   0.0000000000000000   0.0000000000000000   0.0000000000000000   0.0000000000000000   0.0000000000000000   0.0000000000000000   0.0000000000000000   0.0000000000000000   0.0000000000000000   0.0000000000000000   0.0000000000000000   0.0000000000000000   0.0000000000000000   0.0000000000000000   0.0000000000000000   0.0000000000000000   0.0000000000000000   0.0000000000000000   0.0000000000000000   0.0000000000000000   0.0000000000000000   0.0000000000000000   0.0000000000000000   0.0000000000000000   0.0000000000000000   0.0000000000000000   0.0000000000000000   0.0000000000000000   0.0000000000000000   0.0000000000000000   0.0000000000000000   0.0000000000000000   0.0000000000000000   0.0000000000000000   0.0000000000000000   0.0000000000000000   0.0000000000000000   0.0000000000000000   0.0000000000000000   0.0000000000000000   0.0000000000000000   0.0000000000000000   0.0000000000000000   0.0000000000000000   0.0000000000000000   0.0000000000000000   0.0000000000000000   0.0000000000000000   0.0735836616848515  -0.0031479059848146  -0.0003086818849726   0.0000249434035988  -0.0000014824115383   0.0000000797122667  -0.0000000040961833   0.0000000002057255  -0.0000000000097392   0.0000000000007225  -0.0000000000539377  -0.0000000003589344  -0.0000000011825159  -0.0000000025104757  -0.0000000038229691  -0.0000000044078183  -0.0000000039218961  -0.0000000026601520  -0.0000000013214223  -0.0000000004501812  -0.0000000001011064  -0.0000000000393589  -0.0000000000756212  -0.0000000001360810  -0.0000000001916733  -0.0000000002317210  -0.0000000002614308  -0.0000000002890219  -0.0000000003180008  -0.0000000003489201  -0.0000000003816713  -0.0000000004161587  -0.0000000004523046  -0.0000000004900096  -0.0000000005291528  -0.0000000005695373  -0.0000000006109702  -0.0000000006532141  -0.0000000006960087  -0.0000000007389997  -0.0000000007806256  -0.0000000008156934  -0.0000000008356297
   0.0000000000000000   0.0000000000000000   0.0000000000000000   0.0000000000000000   0.0000000000000000   0.0000000000000000   0.0000000000000000   0.0000000000000000   0.0000000000000000   0.0000000000000000   0.0000000000000000   0.0000000000000000   0.0000000000000000   0.0000000000000000   0.0000000000000000   0.0000000000000000   0.0000000000000000   0.0000000000000000   0.0000000000000000   0.0000000000000000   0.0000000000000000   0.0000000000000000   0.0000000000000000   0.0000000000000000   0.0000000000000000   0.0000000000000000   0.0000000000000000   0.0000000000000000   0.0000000000000000   0.0000000000000000   0.0000000000000000   0.0000000000000000   0.0000000000000000   0.0000000000000000   0.0000000000000000   0.0000000000000000   0.0000000000000000   0.0000000000000000   0.0000000000000000   0.0000000000000000   0.0000000000000000   0.0000000000000000   0.0000000000000000   0.0000000000000000   0.0000000000000000   0.0000000000000000   0.0000000000000000   0.0000000000000000   0.0000000000000000   0.0000000000000000   0.0000000000000000   0.0000000000000000   0.0000000000000000   0.0000000000000000   0.0000000000000000   0.0000000000000000   0.0000000000000000   0.0000000000000000   0.0000000000000000   0.0000000000000000   0.0000000000000000   0.0000000000000000   0.0000000000000000   0.0000000000000000   0.0000000000000000   0.0000000000000000   0.0000000000000000   0.0000000000000000   0.0000000000000000   0.0000000000000000   0.0000000000000000   0.0000000000000000   0.0000000000000000   0.0000000000000000   0.0000000000000000   0.0000000000000000   0.0000000000000000   0.0000000000000000   0.0000000000000000   0.0000000000000000   0.0000000000000000   0.0000000000000000   0.0000000000000000   0.0000000000000000   0.0000000000000000   0.0000000000000000   0.0000000000000000   0.0000000000000000   0.0000000000000000   0.0000000000000000   0.0000000000000000   0.0000000000000000   0.0000000000000000   0.0000000000000000   0.0000000000000000   0.0000000000000000   0.0000000000000000   0.0000000000000000   0.0000000000000000   0.0000000000000000   0.0000000000000000   0.0000000000000000   0.0000000000000000   0.0000000000000000   0.0000000000000000   0.0000000000000000   0.0000000000000000   0.0000000000000000   0.0000000000000000   0.0000000000000000   0.0000000000000000   0.0000000000000000   0.0000000000000000   0.0000000000000000   0.0000000000000000   0.0000000000000000   0.0000000000000000   0.0735923788062817  -0.0026695928561828   0.0001365450441211  -0.0000010339629233  -0.0000002104359703   0.0000000208422317  -0.0000000014294770   0.0000000000860167  -0.0000000000046236   0.0000000000006902   0.0000000000050750   0.0000000000232762   0.0000000000639679   0.0000000001236116   0.0000000001801265   0.0000000002049040   0.0000000001842440   0.0000000001301784   0.0000000000707209   0.0000000000286900   0.0000000000090862   0.0000000000041163   0.0000000000051128   0.0000000000076898   0.0000000000101864   0.0000000000120815   0.0000000000134566   0.0000000000147000   0.0000000000160199   0.0000000000174506   0.0000000000190257   0.0000000000207208   0.0000000000225256   0.0000000000244031   0.0000000000263436   0.0000000000282935   0.0000000000303137   0.0000000000323830   0.0000000000344324   0.0000000000364927   0.0000000000384531   0.0000000000400423   0.0000000000409057
   0.0000000000000000   0.0000000000000000   0.0000000000000000   0.0000000000000000   0.0000000000000000   0.0000000000000000   0.0000000000000000   0.0000000000000000   0.0000000000000000   0.0000000000000000   0.0000000000000000   0.0000000000000000   0.0000000000000000   0.0000000000000000   0.0000000000000000   0.0000000000000000   0.0000000000000000   0.0000000000000000   0.0000000000000000   0.0000000000000000   0.0000000000000000   0.0000000000000000   0.0000000000000000   0.0000000000000000   0.0000000000000000   0.0000000000000000   0.0000000000000000   0.0000000000000000   0.0000000000000000   0.0000000000000000   0.0000000000000000   0.0000000000000000   0.0000000000000000   0.0000000000000000   0.0000000000000000   0.0000000000000000   0.0000000000000000   0.0000000000000000   0.0000000000000000   0.0000000000000000   0.0000000000000000   0.0000000000000000   0.0000000000000000   0.0000000000000000   0.0000000000000000   0.0000000000000000   0.0000000000000000   0.0000000000000000   0.0000000000000000   0.0000000000000000   0.0000000000000000   0.0000000000000000   0.0000000000000000   0.0000000000000000   0.0000000000000000   0.0000000000000000   0.0000000000000000   0.0000000000000000   0.0000000000000000   0.0000000000000000   0.0000000000000000   0.0000000000000000   0.0000000000000000   0.0000000000000000   0.0000000000000000   0.0000000000000000   0.0000000000000000   0.0000000000000000   0.0000000000000000   0.0000000000000000   0.0000000000000000   0.0000000000000000   0.0000000000000000   0.0000000000000000   0.0000000000000000   0.0000000000000000   0.0000000000000000   0.0000000000000000   0.0000000000000000   0.0000000000000000   0.0000000000000000   0.0000000000000000   0.0000000000000000   0.0000000000000000   0.0000000000000000   0.0000000000000000   0.0000000000000000   0.0000000000000000   0.0000000000000000   0.0000000000000000   0.0000000000000000   0.0000000000000000   0.0000000000000000   0.0000000000000000   0.0000000000000000   0.0000000000000000   0.0000000000000000   0.0000000000000000   0.0000000000000000   0.0000000000000000   0.0000000000000000   0.0000000000000000   0.0000000000000000   0.0000000000000000   0.0000000000000000   0.0000000000000000   0.0000000000000000   0.0000000000000000   0.0000000000000000   0.0000000000000000   0.0000000000000000   0.0000000000000000   0.0000000000000000   0.0000000000000000   0.0000000000000000   0.0000000000000000   0.0000000000000000   0.0372074354337065  -0.0015815384180169   0.0000757418424648  -0.0000039803702987   0.0000001388330119  -0.0000000024453413  -0.0000000001184981   0.0000000000174781  -0.0000000000011203   0.0000000000002823  -0.0000000000003529  -0.0000000000015801  -0.0000000000035954  -0.0000000000062287  -0.0000000000085926  -0.0000000000095502  -0.0000000000085473  -0.0000000000059994  -0.0000000000031336  -0.0000000000009647   0.0000000000001498   0.0000000000004418   0.0000000000003115   0.0000000000000710  -0.0000000000002261  -0.0000000000004864  -0.0000000000007064  -0.0000000000008977  -0.0000000000010691  -0.0000000000012229  -0.0000000000013136  -0.0000000000013789  -0.0000000000014414  -0.0000000000015500  -0.0000000000016494  -0.0000000000017615  -0.0000000000018792  -0.0000000000020200  -0.0000000000021789  -0.0000000000022925  -0.0000000000024328  -0.0000000000025286  -0.0000000000026161
   0.0000000000000000   0.0000000000000000   0.0000000000000000   0.0000000000000000   0.0000000000000000   0.0000000000000000   0.0000000000000000   0.0000000000000000   0.0000000000000000   0.0000000000000000   0.0000000000000000   0.0000000000000000   0.0000000000000000   0.0000000000000000   0.0000000000000000   0.0000000000000000   0.0000000000000000   0.0000000000000000   0.0000000000000000   0.0000000000000000   0.0000000000000000   0.0000000000000000   0.0000000000000000   0.0000000000000000   0.0000000000000000   0.0000000000000000   0.0000000000000000   0.0000000000000000   0.0000000000000000   0.0000000000000000   0.0000000000000000   0.0000000000000000   0.0000000000000000   0.0000000000000000   0.0000000000000000   0.0000000000000000   0.0000000000000000   0.0000000000000000   0.0000000000000000   0.0000000000000000   0.0000000000000000   0.0000000000000000   0.0000000000000000   0.0000000000000000   0.0000000000000000   0.0000000000000000   0.0000000000000000   0.0000000000000000   0.0000000000000000   0.0000000000000000   0.0000000000000000   0.0000000000000000   0.0000000000000000   0.0000000000000000   0.0000000000000000   0.0000000000000000   0.0000000000000000   0.0000000000000000   0.0000000000000000   0.0000000000000000   0.0000000000000000   0.0000000000000000   0.0000000000000000   0.0000000000000000   0.0000000000000000   0.0000000000000000   0.0000000000000000   0.0000000000000000   0.0000000000000000   0.0000000000000000   0.0000000000000000   0.0000000000000000   0.0000000000000000   0.0000000000000000   0.0000000000000000   0.0000000000000000   0.0000000000000000   0.0000000000000000   0.0000000000000000   0.0000000000000000   0.0000000000000000   0.0000000000000000   0.0000000000000000   0.0000000000000000   0.0000000000000000   0.0000000000000000   0.0000000000000000   0.0000000000000000   0.0000000000000000   0.0000000000000000   0.0000000000000000   0.0000000000000000   0.0000000000000000   0.0000000000000000   0.0000000000000000   0.0000000000000000   0.0000000000000000   0.0000000000000000   0.0000000000000000   0.0000000000000000   0.0000000000000000   0.0000000000000000   0.0000000000000000   0.0000000000000000   0.0000000000000000   0.0000000000000000   0.0000000000000000   0.0000000000000000   0.0000000000000000   0.0000000000000000   0.0000000000000000   0.0000000000000000   0.0000000000000000   0.0000000000000000   0.0000000000000000   0.0000000000000000   0.0738359347636787  -0.0028558109705615  -0.0003287837755207   0.0000258633898426  -0.0000015489610577   0.0000000909883269  -0.0000000043496364   0.0000000001659882  -0.0000000000044035   0.0000000000000356   0.0000000000001963   0.0000000000002945   0.0000000000003064   0.0000000000002850   0.0000000000003434   0.0000000000004882   0.0000000000006541   0.0000000000007010   0.0000000000006515   0.0000000000005276   0.0000000000003784   0.0000000000001832  -0.0000000000000442  -0.0000000000002812  -0.0000000000004747  -0.0000000000006798  -0.0000000000008493  -0.0000000000010179  -0.0000000000011342  -0.0000000000012466  -0.0000000000013021  -0.0000000000013468  -0.0000000000014045  -0.0000000000014528  -0.0000000000014827  -0.0000000000015102  -0.0000000000015577  -0.0000000000016004  -0.0000000000016340  -0.0000000000016815  -0.0000000000017443  -0.0000000000017959  -0.0000000000018203  -0.0000000000018322
   0.0000000000000000   0.0000000000000000   0.0000000000000000   0.0000000000000000   0.0000000000000000   0.0000000000000000   0.0000000000000000   0.0000000000000000   0.0000000000000000   0.0000000000000000   0.0000000000000000   0.0000000000000000   0.0000000000000000   0.0000000000000000   0.0000000000000000   0.0000000000000000   0.0000000000000000   0.0000000000000000   0.0000000000000000   0.0000000000000000   0.0000000000000000   0.0000000000000000   0.0000000000000000   0.0000000000000000   0.0000000000000000   0.0000000000000000   0.0000000000000000   0.0000000000000000   0.0000000000000000   0.0000000000000000   0.0000000000000000   0.0000000000000000   0.0000000000000000   0.0000000000000000   0.0000000000000000   0.0000000000000000   0.0000000000000000   0.0000000000000000   0.0000000000000000   0.0000000000000000   0.0000000000000000   0.0000000000000000   0.0000000000000000   0.0000000000000000   0.0000000000000000   0.0000000000000000   0.0000000000000000   0.0000000000000000   0.0000000000000000   0.0000000000000000   0.0000000000000000   0.0000000000000000   0.0000000000000000   0.0000000000000000   0.0000000000000000   0.0000000000000000   0.0000000000000000   0.0000000000000000   0.0000000000000000   0.0000000000000000   0.0000000000000000   0.0000000000000000   0.0000000000000000   0.0000000000000000   0.0000000000000000   0.0000000000000000   0.0000000000000000   0.0000000000000000   0.0000000000000000   0.0000000000000000   0.0000000000000000   0.0000000000000000   0.0000000000000000   0.0000000000000000   0.0000000000000000   0.0000000000000000   0.0000000000000000   0.0000000000000000   0.0000000000000000   0.0000000000000000   0.0000000000000000   0.0000000000000000   0.0000000000000000   0.0000000000000000   0.0000000000000000   0.0000000000000000   0.0000000000000000   0.0000000000000000   0.0000000000000000   0.0000000000000000   0.0000000000000000   0.0000000000000000   0.0000000000000000   0.0000000000000000   0.0000000000000000   0.0000000000000000   0.0000000000000000   0.0000000000000000   0.0000000000000000   0.0000000000000000   0.0000000000000000   0.0000000000000000   0.0000000000000000   0.0000000000000000   0.0000000000000000   0.0000000000000000   0.0000000000000000   0.0000000000000000   0.0000000000000000   0.0000000000000000   0.0000000000000000   0.0000000000000000   0.0000000000000000   0.0000000000000000   0.0000000000000000   0.0000000000000000   0.0379824953329791  -0.0016114164552523   0.0000914760728485   0.0000009232696283  -0.0000002948548710   0.0000000246313636  -0.0000000017122647   0.0000000000990079  -0.0000000000050657   0.0000000000000856  -0.0000000000000743   0.0000000000000212   0.0000000000001301   0.0000000000001771   0.0000000000001349   0.0000000000001004   0.0000000000000299  -0.0000000000000047  -0.0000000000000756  -0.0000000000001966  -0.0000000000004290  -0.0000000000006494  -0.0000000000009165  -0.0000000000011312  -0.0000000000013437  -0.0000000000015353  -0.0000000000017377  -0.0000000000018955  -0.0000000000020223  -0.0000000000021640  -0.0000000000022862  -0.0000000000023842  -0.0000000000024786  -0.0000000000025550  -0.0000000000026509  -0.0000000000027561  -0.0000000000028225  -0.0000000000029070  -0.0000000000029898  -0.0000000000030673  -0.0000000000031492  -0.0000000000032056  -0.0000000000032677  -0.0000000000033124
   0.0000000000000000   0.0000000000000000   0.0000000000000000   0.0000000000000000   0.0000000000000000   0.0000000000000000   0.0000000000000000   0.0000000000000000   0.0000000000000000   0.0000000000000000   0.0000000000000000   0.0000000000000000   0.0000000000000000   0.0000000000000000   0.0000000000000000   0.0000000000000000   0.0000000000000000   0.0000000000000000   0.0000000000000000   0.0000000000000000   0.0000000000000000   0.0000000000000000   0.0000000000000000   0.0000000000000000   0.0000000000000000   0.0000000000000000   0.0000000000000000   0.0000000000000000   0.0000000000000000   0.0000000000000000   0.0000000000000000   0.0000000000000000   0.0000000000000000   0.0000000000000000   0.0000000000000000   0.0000000000000000   0.0000000000000000   0.0000000000000000   0.0000000000000000   0.0000000000000000   0.0000000000000000   0.0000000000000000   0.0000000000000000   0.0000000000000000   0.0000000000000000   0.0000000000000000   0.0000000000000000   0.0000000000000000   0.0000000000000000   0.0000000000000000   0.0000000000000000   0.0000000000000000   0.0000000000000000   0.0000000000000000   0.0000000000000000   0.0000000000000000   0.0000000000000000   0.0000000000000000   0.0000000000000000   0.0000000000000000   0.0000000000000000   0.0000000000000000   0.0000000000000000   0.0000000000000000   0.0000000000000000   0.0000000000000000   0.0000000000000000   0.0000000000000000   0.0000000000000000   0.0000000000000000   0.0000000000000000   0.0000000000000000   0.0000000000000000   0.0000000000000000   0.0000000000000000   0.0000000000000000   0.0000000000000000   0.0000000000000000   0.0000000000000000   0.0000000000000000   0.0000000000000000   0.0000000000000000   0.0000000000000000   0.0000000000000000   0.0000000000000000   0.0000000000000000   0.0000000000000000   0.0000000000000000   0.0000000000000000   0.0000000000000000   0.0000000000000000   0.0000000000000000   0.0000000000000000   0.0000000000000000   0.0000000000000000   0.0000000000000000   0.0000000000000000   0.0000000000000000   0.0000000000000000   0.0000000000000000   0.0000000000000000   0.0000000000000000   0.0000000000000000   0.0000000000000000   0.0000000000000000   0.0000000000000000   0.0000000000000000   0.0000000000000000   0.0000000000000000   0.0000000000000000   0.0000000000000000   0.0000000000000000   0.0000000000000000   0.0741330101290815  -0.0020461828870164  -0.0003711118925967  -0.0008927442961049  -0.0004053758288959   0.0000286059635523  -0.0000019789268952   0.0000000508523173   0.0000000014717100  -0.0000000002929868   0.0000000000265012  -0.0000000000020722  -0.0000000000001035  -0.0000000000002173  -0.0000000000002136  -0.0000000000001917  -0.0000000000001524  -0.0000000000001385  -0.0000000000001688  -0.0000000000002415  -0.0000000000003723  -0.0000000000005408  -0.0000000000007501  -0.0000000000009521  -0.0000000000011440  -0.0000000000013283  -0.0000000000015319  -0.0000000000017101  -0.0000000000018861  -0.0000000000020602  -0.0000000000021917  -0.0000000000023612  -0.0000000000025021  -0.0000000000026387  -0.0000000000027506  -0.0000000000029000  -0.0000000000030372  -0.0000000000031746  -0.0000000000032946  -0.0000000000034290  -0.0000000000036057  -0.0000000000037808  -0.0000000000039310  -0.0000000000040260  -0.0000000000040769  -0.0000000000041028  -0.0000000000040754
   0.0000000000000000   0.0000000000000000   0.0000000000000000   0.0000000000000000   0.0000000000000000   0.0000000000000000   0.0000000000000000   0.0000000000000000   0.0000000000000000   0.0000000000000000   0.0000000000000000   0.0000000000000000   0.0000000000000000   0.0000000000000000   0.0000000000000000   0.0000000000000000   0.0000000000000000   0.0000000000000000   0.0000000000000000   0.0000000000000000   0.0000000000000000   0.0000000000000000   0.0000000000000000   0.0000000000000000   0.0000000000000000   0.0000000000000000   0.0000000000000000   0.0000000000000000   0.0000000000000000   0.0000000000000000   0.0000000000000000   0.0000000000000000   0.0000000000000000   0.0000000000000000   0.0000000000000000   0.0000000000000000   0.0000000000000000   0.0000000000000000   0.0000000000000000   0.0000000000000000   0.0000000000000000   0.0000000000000000   0.0000000000000000   0.0000000000000000   0.0000000000000000   0.0000000000000000   0.0000000000000000   0.0000000000000000   0.0000000000000000   0.0000000000000000   0.0000000000000000   0.0000000000000000   0.0000000000000000   0.0000000000000000   0.0000000000000000   0.0000000000000000   0.0000000000000000   0.0000000000000000   0.0000000000000000   0.0000000000000000   0.0000000000000000   0.0000000000000000   0.0000000000000000   0.0000000000000000   0.0000000000000000   0.0000000000000000   0.0000000000000000   0.0000000000000000   0.0000000000000000   0.0000000000000000   0.0000000000000000   0.0000000000000000   0.0000000000000000   0.0000000000000000   0.0000000000000000   0.0000000000000000   0.0000000000000000   0.0000000000000000   0.0000000000000000   0.0000000000000000   0.0000000000000000   0.0000000000000000   0.0000000000000000   0.0000000000000000   0.0000000000000000   0.0000000000000000   0.0000000000000000   0.0000000000000000   0.0000000000000000   0.0000000000000000   0.0000000000000000   0.0000000000000000   0.0000000000000000   0.0000000000000000   0.0000000000000000   0.0000000000000000   0.0000000000000000   0.0000000000000000   0.0000000000000000   0.0000000000000000   0.0000000000000000   0.0000000000000000   0.0000000000000000   0.0000000000000000   0.0000000000000000   0.0000000000000000   0.0000000000000000   0.0000000000000000   0.0000000000000000   0.0000000000000000   0.0000000000000000   0.0000000000000000   0.0000000000000000   0.0371959084022360  -0.0015942335742609   0.0000917927905106   0.0000299350291919   0.0000208095039482   0.0000040105974716  -0.0000004174230713   0.0000000352773800  -0.0000000016544421   0.0000000000370411   0.0000000000017046  -0.0000000000004486  -0.0000000000001817  -0.0000000000002466  -0.0000000000002630  -0.0000000000002774  -0.0000000000003575  -0.0000000000004063  -0.0000000000004784  -0.0000000000005380  -0.0000000000006557  -0.0000000000008003  -0.0000000000009465  -0.0000000000010803  -0.0000000000012520  -0.0000000000014164  -0.0000000000015708  -0.0000000000017137  -0.0000000000018409  -0.0000000000019857  -0.0000000000021308  -0.0000000000022625  -0.0000000000023737  -0.0000000000025065  -0.0000000000026759  -0.0000000000028439  -0.0000000000030257  -0.0000000000032324  -0.0000000000033653  -0.0000000000032709  -0.0000000000028038  -0.0000000000018776  -0.0000000000005176   0.0000000000010818   0.0000000000025866   0.0000000000037018   0.0000000000043149
   0.0000000000000000   0.0000000000000000   0.0000000000000000   0.0000000000000000   0.0000000000000000   0.0000000000000000   0.0000000000000000   0.0000000000000000   0.0000000000000000   0.0000000000000000   0.0000000000000000   0.0000000000000000   0.0000000000000000   0.0000000000000000   0.0000000000000000   0.0000000000000000   0.0000000000000000   0.0000000000000000   0.0000000000000000   0.0000000000000000   0.0000000000000000   0.0000000000000000   0.0000000000000000   0.0000000000000000   0.0000000000000000   0.0000000000000000   0.0000000000000000   0.0000000000000000   0.0000000000000000   0.0000000000000000   0.0000000000000000   0.0000000000000000   0.0000000000000000   0.0000000000000000   0.0000000000000000   0.0000000000000000   0.0000000000000000   0.0000000000000000   0.0000000000000000   0.0000000000000000   0.0000000000000000   0.0000000000000000   0.0000000000000000   0.0000000000000000   0.0000000000000000   0.0000000000000000   0.0000000000000000   0.0000000000000000   0.0000000000000000   0.0000000000000000   0.0000000000000000   0.0000000000000000   0.0000000000000000   0.0000000000000000   0.0000000000000000   0.0000000000000000   0.0000000000000000   0.0000000000000000   0.0000000000000000   0.0000000000000000   0.0000000000000000   0.0000000000000000   0.0000000000000000   0.0000000000000000   0.0000000000000000   0.0000000000000000   0.0000000000000000   0.0000000000000000   0.0000000000000000   0.0000000000000000   0.0000000000000000   0.0000000000000000   0.0000000000000000   0.0000000000000000   0.0000000000000000   0.0000000000000000   0.0000000000000000   0.0000000000000000   0.0000000000000000   0.0000000000000000   0.0000000000000000   0.0000000000000000   0.0000000000000000   0.0000000000000000   0.0000000000000000   0.0000000000000000   0.0000000000000000   0.0000000000000000   0.0000000000000000   0.0000000000000000   0.0000000000000000   0.0000000000000000   0.0000000000000000   0.0000000000000000   0.0000000000000000   0.0000000000000000   0.0000000000000000   0.0000000000000000   0.0000000000000000   0.0000000000000000   0.0000000000000000   0.0000000000000000   0.0000000000000000   0.0000000000000000   0.0000000000000000   0.0000000000000000   0.0000000000000000   0.0000000000000000   0.0000000000000000   0.0000000000000000   0.0000000000000000   0.0000000000000000   0.0738414386843351  -0.0028495734426824  -0.0003294383743842   0.0000251984770544  -0.0000028524648860  -0.0000008907210368  -0.0000003438352607  -0.0000000330303918   0.0000000052928813  -0.0000000005508059   0.0000000000351416  -0.0000000000015052   0.0000000000000085  -0.0000000000000829  -0.0000000000001561  -0.0000000000002150  -0.0000000000002503  -0.0000000000002997  -0.0000000000003663  -0.0000000000004521  -0.0000000000005200  -0.0000000000006046  -0.0000000000006767  -0.0000000000007496  -0.0000000000008440  -0.0000000000009410  -0.0000000000010090  -0.0000000000010819  -0.0000000000011299  -0.0000000000012110  -0.0000000000012907  -0.0000000000013716  -0.0000000000014634  -0.0000000000015742  -0.0000000000017499  -0.0000000000018766  -0.0000000000019111  -0.0000000000015705  -0.0000000000004672   0.0000000000015730   0.0000000000044283   0.0000000000071863   0.0000000000085053   0.0000000000073393   0.0000000000035877  -0.0000000000016380  -0.0000000000064891  -0.0000000000092834
   0.0000000000000000   0.0000000000000000   0.0000000000000000   0.0000000000000000   0.0000000000000000   0.0000000000000000   0.0000000000000000   0.0000000000000000   0.0000000000000000   0.0000000000000000   0.0000000000000000   0.0000000000000000   0.0000000000000000   0.0000000000000000   0.0000000000000000   0.0000000000000000   0.0000000000000000   0.0000000000000000   0.0000000000000000   0.0000000000000000   0.0000000000000000   0.0000000000000000   0.0000000000000000   0.0000000000000000   0.0000000000000000   0.0000000000000000   0.0000000000000000   0.0000000000000000   0.0000000000000000   0.0000000000000000   0.0000000000000000   0.0000000000000000   0.0000000000000000   0.0000000000000000   0.0000000000000000   0.0000000000000000   0.0000000000000000   0.0000000000000000   0.0000000000000000   0.0000000000000000   0.0000000000000000   0.0000000000000000   0.0000000000000000   0.0000000000000000   0.0000000000000000   0.0000000000000000   0.0000000000000000   0.0000000000000000   0.0000000000000000   0.0000000000000000   0.0000000000000000   0.0000000000000000   0.0000000000000000   0.0000000000000000   0.0000000000000000   0.0000000000000000   0.0000000000000000   0.0000000000000000   0.0000000000000000   0.0000000000000000   0.0000000000000000   0.0000000000000000   0.0000000000000000   0.0000000000000000   0.0000000000000000   0.0000000000000000   0.0000000000000000   0.0000000000000000   0.0000000000000000   0.0000000000000000   0.0000000000000000   0.0000000000000000   0.0000000000000000   0.0000000000000000   0.0000000000000000   0.0000000000000000   0.0000000000000000   0.0000000000000000   0.0000000000000000   0.0000000000000000   0.0000000000000000   0.0000000000000000   0.0000000000000000   0.0000000000000000   0.0000000000000000   0.0000000000000000   0.0000000000000000   0.0000000000000000   0.0000000000000000   0.0000000000000000   0.0000000000000000   0.0000000000000000   0.0000000000000000   0.0000000000000000   0.0000000000000000   0.0000000000000000   0.0000000000000000   0.0000000000000000   0.0000000000000000   0.0000000000000000   0.0000000000000000   0.0000000000000000   0.0000000000000000   0.0000000000000000   0.0000000000000000   0.0000000000000000   0.0000000000000000   0.0000000000000000   0.0000000000000000   0.0000000000000000   0.0000000000000000   0.0000000000000000   0.0372222549544746  -0.0015584857874405   0.0000941916640860   0.0000006174174173  -0.0000002184374522   0.0000000679725726   0.0000000189792093   0.0000000047468553   0.0000000001813749  -0.0000000000586330   0.0000000000077343  -0.0000000000006028   0.0000000000000380  -0.0000000000000040  -0.0000000000000339  -0.0000000000000947  -0.0000000000001437  -0.0000000000001936  -0.0000000000002319  -0.0000000000002653  -0.0000000000003015  -0.0000000000003306  -0.0000000000003699  -0.0000000000004081  -0.0000000000004379  -0.0000000000004167  -0.0000000000004007  -0.0000000000004283  -0.0000000000004557  -0.0000000000004873  -0.0000000000004947  -0.0000000000005619  -0.0000000000006600  -0.0000000000006892  -0.0000000000004333   0.0000000000005086   0.0000000000025728   0.0000000000056786   0.0000000000084876   0.0000000000083284   0.0000000000025273  -0.0000000000093055  -0.0000000000236929  -0.0000000000349968  -0.0000000000389291  -0.0000000000354841  -0.0000000000287025  -0.0000000000239854
   0.0000000000000000   0.0000000000000000   0.0000000000000000   0.0000000000000000   0.0000000000000000   0.0000000000000000   0.0000000000000000   0.0000000000000000   0.0000000000000000   0.0000000000000000   0.0000000000000000   0.0000000000000000   0.0000000000000000   0.0000000000000000   0.0000000000000000   0.0000000000000000   0.0000000000000000   0.0000000000000000   0.0000000000000000   0.0000000000000000   0.0000000000000000   0.0000000000000000   0.0000000000000000   0.0000000000000000   0.0000000000000000   0.0000000000000000   0.0000000000000000   0.0000000000000000   0.0000000000000000   0.0000000000000000   0.0000000000000000   0.0000000000000000   0.0000000000000000   0.0000000000000000   0.0000000000000000   0.0000000000000000   0.0000000000000000   0.0000000000000000   0.0000000000000000   0.0000000000000000   0.0000000000000000   0.0000000000000000   0.0000000000000000   0.0000000000000000   0.0000000000000000   0.0000000000000000   0.0000000000000000   0.0000000000000000   0.0000000000000000   0.0000000000000000   0.0000000000000000   0.0000000000000000   0.0000000000000000   0.0000000000000000   0.0000000000000000   0.0000000000000000   0.0000000000000000   0.0000000000000000   0.0000000000000000   0.0000000000000000   0.0000000000000000   0.0000000000000000   0.0000000000000000   0.0000000000000000   0.0000000000000000   0.0000000000000000   0.0000000000000000   0.0000000000000000   0.0000000000000000   0.0000000000000000   0.0000000000000000   0.0000000000000000   0.0000000000000000   0.0000000000000000   0.0000000000000000   0.0000000000000000   0.0000000000000000   0.0000000000000000   0.0000000000000000   0.0000000000000000   0.0000000000000000   0.0000000000000000   0.0000000000000000   0.0000000000000000   0.0000000000000000   0.0000000000000000   0.0000000000000000   0.0000000000000000   0.0000000000000000   0.0000000000000000   0.0000000000000000   0.0000000000000000   0.0000000000000000   0.0000000000000000   0.0000000000000000   0.0000000000000000   0.0000000000000000   0.0000000000000000   0.0000000000000000   0.0000000000000000   0.0000000000000000   0.0000000000000000   0.0000000000000000   0.0000000000000000   0.0000000000000000   0.0000000000000000   0.0000000000000000   0.0000000000000000   0.0000000000000000   0.0000000000000000   0.0000000000000000   0.0738337778459543  -0.0033246841283012  -0.0007712009670439   0.0000525198929373  -0.0000032456536480   0.0000001116936096  -0.0000000036210552  -0.0000000012542099  -0.0000000003398468  -0.0000000000567070   0.0000000000004383   0.0000000000005510  -0.0000000000001071   0.0000000000000229   0.0000000000000151  -0.0000000000000105   0.0000000000000073  -0.0000000000000222  -0.0000000000000363  -0.0000000000000815  -0.0000000000001221  -0.0000000000001199  -0.0000000000001182  -0.0000000000001050  -0.0000000000001040  -0.0000000000000780  -0.0000000000000500  -0.0000000000000775  -0.0000000000000757  -0.0000000000000385  -0.0000000000000446  -0.0000000000000884  -0.0000000000000630   0.0000000000003478   0.0000000000015837   0.0000000000040068   0.0000000000070139   0.0000000000079674   0.0000000000024996  -0.0000000000122922  -0.0000000000338672  -0.0000000000534225  -0.0000000000616782  -0.0000000000572946  -0.0000000000491616  -0.0000000000482846  -0.0000000000583315  -0.0000000000731826  -0.0000000000829123
   0.0000000000000000   0.0000000000000000   0.0000000000000000   0.0000000000000000   0.0000000000000000   0.0000000000000000   0.0000000000000000   0.0000000000000000   0.0000000000000000   0.0000000000000000   0.0000000000000000   0.0000000000000000   0.0000000000000000   0.0000000000000000   0.0000000000000000   0.0000000000000000   0.0000000000000000   0.0000000000000000   0.0000000000000000   0.0000000000000000   0.0000000000000000   0.0000000000000000   0.0000000000000000   0.0000000000000000   0.0000000000000000   0.0000000000000000   0.0000000000000000   0.0000000000000000   0.0000000000000000   0.0000000000000000   0.0000000000000000   0.0000000000000000   0.0000000000000000   0.0000000000000000   0.0000000000000000   0.0000000000000000   0.0000000000000000   0.0000000000000000   0.0000000000000000   0.0000000000000000   0.0000000000000000   0.0000000000000000   0.0000000000000000   0.0000000000000000   0.0000000000000000   0.0000000000000000   0.0000000000000000   0.0000000000000000   0.0000000000000000   0.0000000000000000   0.0000000000000000   0.0000000000000000   0.0000000000000000   0.0000000000000000   0.0000000000000000   0.0000000000000000   0.0000000000000000   0.0000000000000000   0.0000000000000000   0.0000000000000000   0.0000000000000000   0.0000000000000000   0.0000000000000000   0.0000000000000000   0.0000000000000000   0.0000000000000000   0.0000000000000000   0.0000000000000000   0.0000000000000000   0.0000000000000000   0.0000000000000000   0.0000000000000000   0.0000000000000000   0.0000000000000000   0.0000000000000000   0.0000000000000000   0.0000000000000000   0.0000000000000000   0.0000000000000000   0.0000000000000000   0.0000000000000000   0.0000000000000000   0.0000000000000000   0.0000000000000000   0.0000000000000000   0.0000000000000000   0.0000000000000000   0.0000000000000000   0.0000000000000000   0.0000000000000000   0.0000000000000000   0.0000000000000000   0.0000000000000000   0.0000000000000000   0.0000000000000000   0.0000000000000000   0.0000000000000000   0.0000000000000000   0.0000000000000000   0.0000000000000000   0.0000000000000000   0.0000000000000000   0.0000000000000000   0.0000000000000000   0.0000000000000000   0.0000000000000000   0.0000000000000000   0.0000000000000000   0.0000000000000000   0.0000000000000000   0.0000000000000000   0.0000000000000000   0.0375710483504680  -0.0012542229770622   0.0000566063019357  -0.0000026801071326   0.0000001353937380  -0.0000000060634303   0.0000000002986228   0.0000000000150700   0.0000000000055964   0.0000000000005587  -0.0000000000000403   0.0000000000000007  -0.0000000000000118  -0.0000000000000030  -0.0000000000000021  -0.0000000000000007   0.0000000000000044   0.0000000000000020   0.0000000000000189   0.0000000000000417   0.0000000000000535   0.0000000000000604   0.0000000000001074   0.0000000000001453   0.0000000000001834   0.0000000000002064   0.0000000000002649   0.0000000000003057   0.0000000000002701   0.0000000000002888   0.0000000000006528   0.0000000000018851   0.0000000000043298   0.0000000000072111   0.0000000000070442  -0.0000000000016546  -0.0000000000220084  -0.0000000000490312  -0.0000000000700532  -0.0000000000749952  -0.0000000000683841  -0.0000000000669669  -0.0000000000815977  -0.0000000001050381  -0.0000000001215473  -0.0000000001247921  -0.0000000001205457  -0.0000000001167046
   0.0000000000000000   0.0000000000000000   0.0000000000000000   0.0000000000000000   0.0000000000000000   0.0000000000000000   0.0000000000000000   0.0000000000000000   0.0000000000000000   0.0000000000000000   0.0000000000000000   0.0000000000000000   0.0000000000000000   0.0000000000000000   0.0000000000000000   0.0000000000000000   0.0000000000000000   0.0000000000000000   0.0000000000000000   0.0000000000000000   0.0000000000000000   0.0000000000000000   0.0000000000000000   0.0000000000000000   0.0000000000000000   0.0000000000000000   0.0000000000000000   0.0000000000000000   0.0000000000000000   0.0000000000000000   0.0000000000000000   0.0000000000000000   0.0000000000000000   0.0000000000000000   0.0000000000000000   0.0000000000000000   0.0000000000000000   0.0000000000000000   0.0000000000000000   0.0000000000000000   0.0000000000000000   0.0000000000000000   0.0000000000000000   0.0000000000000000   0.0000000000000000   0.0000000000000000   0.0000000000000000   0.0000000000000000   0.0000000000000000   0.0000000000000000   0.0000000000000000   0.0000000000000000   0.0000000000000000   0.0000000000000000   0.0000000000000000   0.0000000000000000   0.0000000000000000   0.0000000000000000   0.0000000000000000   0.0000000000000000   0.0000000000000000   0.0000000000000000   0.0000000000000000   0.0000000000000000   0.0000000000000000   0.0000000000000000   0.0000000000000000   0.0000000000000000   0.0000000000000000   0.0000000000000000   0.0000000000000000   0.0000000000000000   0.0000000000000000   0.0000000000000000   0.0000000000000000   0.0000000000000000   0.0000000000000000   0.0000000000000000   0.0000000000000000   0.0000000000000000   0.0000000000000000   0.0000000000000000   0.0000000000000000   0.0000000000000000   0.0000000000000000   0.0000000000000000   0.0000000000000000   0.0000000000000000   0.0000000000000000   0.0000000000000000   0.0000000000000000   0.0000000000000000   0.0000000000000000   0.0000000000000000   0.0000000000000000   0.0000000000000000   0.0000000000000000   0.0000000000000000   0.0000000000000000   0.0000000000000000   0.0000000000000000   0.0000000000000000   0.0000000000000000   0.0000000000000000   0.0000000000000000   0.0000000000000000   0.0000000000000000   0.0000000000000000   0.0000000000000000   0.0000000000000000   0.0000000000000000   0.0000000000000000   0.0383783179964560  -0.0012975173408831   0.0000528567420546  -0.0000023122705766   0.0000001057257166  -0.0000000050641232   0.0000000002375092  -0.0000000000122535   0.0000000000000839  -0.0000000000000859  -0.0000000000000043  -0.0000000000000077  -0.0000000000000189  -0.0000000000000069  -0.0000000000000166  -0.0000000000000180  -0.0000000000000267  -0.0000000000000003   0.0000000000000140   0.0000000000000415   0.0000000000000886   0.0000000000001589   0.0000000000001948   0.0000000000002355   0.0000000000002837   0.0000000000003241   0.0000000000003613   0.0000000000003599   0.0000000000006853   0.0000000000020034   0.0000000000049263   0.0000000000089317   0.0000000000102970   0.0000000000020126  -0.0000000000207994  -0.0000000000531443  -0.0000000000800215  -0.0000000000898409  -0.0000000000894504  -0.0000000000988964  -0.0000000001257642  -0.0000000001534149  -0.0000000001636918  -0.0000000001611472  -0.0000000001597272  -0.0000000001577760  -0.0000000001474455  -0.0000000001372163
   0.0000000000000000   0.0000000000000000   0.0000000000000000   0.0000000000000000   0.0000000000000000   0.0000000000000000   0.0000000000000000   0.0000000000000000   0.0000000000000000   0.0000000000000000   0.0000000000000000   0.0000000000000000   0.0000000000000000   0.0000000000000000   0.0000000000000000   0.0000000000000000   0.0000000000000000   0.0000000000000000   0.0000000000000000   0.0000000000000000   0.0000000000000000   0.0000000000000000   0.0000000000000000   0.0000000000000000   0.0000000000000000   0.0000000000000000   0.0000000000000000   0.0000000000000000   0.0000000000000000   0.0000000000000000   0.0000000000000000   0.0000000000000000   0.0000000000000000   0.0000000000000000   0.0000000000000000   0.0000000000000000   0.0000000000000000   0.0000000000000000   0.0000000000000000   0.0000000000000000   0.0000000000000000   0.0000000000000000   0.0380173045460749  -0.0012905243758944  -0.0008274714937334  -0.0021785606756952   0.0744249021257388   0.0000000000000000   0.0000000000000000   0.0000000000000000   0.0000000000000000   0.0000000000000000   0.0000000000000000   0.0000000000000000   0.0000000000000000   0.0000000000000000   0.0000000000000000   0.0000000000000000   0.0000000000000000   0.0000000000000000   0.0000000000000000   0.0000000000000000   0.0000000000000000   0.0000000000000000   0.0000000000000000   0.0000000000000000   0.0000000000000000   0.0000000000000000   0.0000000000000000   0.0000000000000000   0.0000000000000000   0.0000000000000000   0.0000000000000000   0.0000000000000000   0.0000000000000000   0.0000000000000000   0.0000000000000000   0.0000000000000000   0.0000000000000000   0.0000000000000000   0.0000000000000000   0.0000000000000000   0.0000000000000000   0.0000000000000000   0.0000000000000000   0.0000000000000000   0.0000000000000000   0.0000000000000000   0.0000000000000000   0.0000000000000000   0.0000000000000000   0.0000000000000000   0.0000000000000000   0.0000000000000000   0.0000000000000000   0.0000000000000000   0.0000000000000000   0.0000000000000000   0.0000000000000000   0.0000000000000000   0.0000000000000000   0.0000000000000000   0.0000000000000000   0.0000000000000000   0.0000000000000000   0.0000000000000000   0.0000000000000000   0.0000000000000000   0.0000000000000000   0.0000000000000000   0.0741330991388987  -0.0029816053852403  -0.0012737202811126  -0.0003926055086313   0.0000245986947146  -0.0000012762223717   0.0000000634892645  -0.0000000031248235   0.0000000001551334  -0.0000000000076049   0.0000000000004164  -0.0000000000000130  -0.0000000000000115  -0.0000000000000108  -0.0000000000000168  -0.0000000000000219  -0.0000000000000170  -0.0000000000000212   0.0000000000000156   0.0000000000000319   0.0000000000000465   0.0000000000000778   0.0000000000001535   0.0000000000002076   0.0000000000002388   0.0000000000002861   0.0000000000003101   0.0000000000003282   0.0000000000004746   0.0000000000013620   0.0000000000037497   0.0000000000074048   0.0000000000084364  -0.0000000000019567  -0.0000000000321422  -0.0000000000783576  -0.0000000001212912  -0.0000000001423830  -0.0000000001459367  -0.0000000001550653  -0.0000000001792817  -0.0000000001981890  -0.0000000001911014  -0.0000000001687323  -0.0000000001527800  -0.0000000001394945  -0.0000000001194527  -0.0000000001139443  -0.0000000001420936  -0.0000000001717428
   0.0000000000000000   0.0000000000000000   0.0000000000000000   0.0000000000000000   0.0000000000000000   0.0000000000000000   0.0000000000000000   0.0000000000000000   0.0000000000000000   0.0000000000000000   0.0000000000000000   0.0000000000000000   0.0000000000000000   0.0000000000000000   0.0000000000000000   0.0000000000000000   0.0000000000000000   0.0000000000000000   0.0000000000000000   0.0000000000000000   0.0000000000000000   0.0000000000000000   0.0000000000000000   0.0000000000000000   0.0000000000000000   0.0000000000000000   0.0000000000000000   0.0000000000000000   0.0000000000000000   0.0000000000000000   0.0000000000000000   0.0000000000000000   0.0000000000000000   0.0000000000000000   0.0000000000000000   0.0000000000000000   0.0000000000000000   0.0000000000000000   0.0000000000000000   0.0000000000000000   0.0000000000000000   0.0738478285714856  -0.0032652657626328  -0.0021228124870035   0.0383732247101784   0.0000000000000000   0.0000000000000000   0.0000000000000000   0.0000000000000000   0.0000000000000000   0.0000000000000000   0.0000000000000000   0.0000000000000000   0.0000000000000000   0.0000000000000000   0.0000000000000000   0.0000000000000000   0.0000000000000000   0.0000000000000000   0.0000000000000000   0.0000000000000000   0.0000000000000000   0.0000000000000000   0.0000000000000000   0.0000000000000000   0.0000000000000000   0.0000000000000000   0.0000000000000000   0.0000000000000000   0.0000000000000000   0.0000000000000000   0.0000000000000000   0.0000000000000000   0.0000000000000000   0.0000000000000000   0.0000000000000000   0.0000000000000000   0.0000000000000000   0.0000000000000000   0.0000000000000000   0.0000000000000000   0.0000000000000000   0.0000000000000000   0.0000000000000000   0.0000000000000000   0.0000000000000000   0.0000000000000000   0.0000000000000000   0.0000000000000000   0.0000000000000000   0.0000000000000000   0.0000000000000000   0.0000000000000000   0.0000000000000000   0.0000000000000000   0.0000000000000000   0.0000000000000000   0.0000000000000000   0.0000000000000000   0.0000000000000000   0.0000000000000000   0.0000000000000000   0.0000000000000000   0.0000000000000000   0.0000000000000000   0.0000000000000000   0.0000000000000000   0.0000000000000000   0.0000000000000000   0.0000000000000000   0.0000000000000000   0.0375665290806060  -0.0012402104272651   0.0000738191110015   0.0000019443439860  -0.0000003034623824   0.0000000218563788  -0.0000000013108179   0.0000000000728392  -0.0000000000039155   0.0000000000002079  -0.0000000000000296  -0.0000000000000150  -0.0000000000000085  -0.0000000000000062  -0.0000000000000164  -0.0000000000000073   0.0000000000000184   0.0000000000000489   0.0000000000000507   0.0000000000001115   0.0000000000002059   0.0000000000002383   0.0000000000002696   0.0000000000003136   0.0000000000003484   0.0000000000004011   0.0000000000008304   0.0000000000024965   0.0000000000058366   0.0000000000083410   0.0000000000015166  -0.0000000000261067  -0.0000000000750335  -0.0000000001237557  -0.0000000001451070  -0.0000000001414517  -0.0000000001465277  -0.0000000001784952  -0.0000000002096177  -0.0000000002044985  -0.0000000001698629  -0.0000000001391872  -0.0000000001233952  -0.0000000001120146  -0.0000000001095550  -0.0000000001236277  -0.0000000001275773  -0.0000000000959184  -0.0000000000626477
   0.0000000000000000   0.0000000000000000   0.0000000000000000   0.0000000000000000   0.0000000000000000   0.0000000000000000   0.0000000000000000   0.0000000000000000   0.0000000000000000   0.0000000000000000   0.0000000000000000   0.0000000000000000   0.0000000000000000   0.0000000000000000   0.0000000000000000   0.0000000000000000   0.0000000000000000   0.0000000000000000   0.0000000000000000   0.0000000000000000   0.0000000000000000   0.0000000000000000   0.0000000000000000   0.0000000000000000   0.0000000000000000   0.0000000000000000   0.0000000000000000   0.0000000000000000   0.0000000000000000   0.0000000000000000   0.0000000000000000   0.0000000000000000   0.0000000000000000   0.0000000000000000   0.0000000000000000   0.0000000000000000   0.0000000000000000   0.0000000000000000   0.0000000000000000   0.0000000000000000   0.0000000000000000   0.0380769136319761  -0.0032182452945554   0.0376383906354530   0.0000000000000000   0.0000000000000000   0.0000000000000000   0.0000000000000000   0.0000000000000000   0.0000000000000000   0.0000000000000000   0.0000000000000000   0.0000000000000000   0.0000000000000000   0.0000000000000000   0.0000000000000000   0.0000000000000000   0.0000000000000000   0.0000000000000000   0.0000000000000000   0.0000000000000000   0.0000000000000000   0.0000000000000000   0.0000000000000000   0.0000000000000000   0.0000000000000000   0.0000000000000000   0.0000000000000000   0.0000000000000000   0.0000000000000000   0.0000000000000000   0.0000000000000000   0.0000000000000000   0.0000000000000000   0.0000000000000000   0.0000000000000000   0.0000000000000000   0.0000000000000000   0.0000000000000000   0.0000000000000000   0.0000000000000000   0.0000000000000000   0.0000000000000000   0.0000000000000000   0.0000000000000000   0.0000000000000000   0.0000000000000000   0.0000000000000000   0.0000000000000000   0.0000000000000000   0.0000000000000000   0.0000000000000000   0.0000000000000000   0.0000000000000000   0.0000000000000000   0.0000000000000000   0.0000000000000000   0.0000000000000000   0.0000000000000000   0.0000000000000000   0.0000000000000000   0.0000000000000000   0.0000000000000000   0.0000000000000000   0.0000000000000000   0.0000000000000000   0.0000000000000000   0.0000000000000000   0.0000000000000000   0.0000000000000000   0.0000000000000000   0.0383588204991501  -0.0012970682529922   0.0000521440998461  -0.0000026281069158   0.0000000646834872   0.0000000008995105  -0.0000000002379771   0.0000000000201846  -0.0000000000013620   0.0000000000000757  -0.0000000000000094  -0.0000000000000118  -0.0000000000000258  -0.0000000000000207  -0.0000000000000067   0.0000000000000322   0.0000000000000458   0.0000000000000704   0.0000000000001532   0.0000000000002291   0.0000000000002605   0.0000000000002855   0.0000000000003560   0.0000000000004022   0.0000000000005732   0.0000000000015687   0.0000000000043961   0.0000000000084554   0.0000000000075372  -0.0000000000114229  -0.0000000000576480  -0.0000000001166501  -0.0000000001530614  -0.0000000001540340  -0.0000000001567583  -0.0000000001947610  -0.0000000002332818  -0.0000000002161026  -0.0000000001547329  -0.0000000001064626  -0.0000000000939157  -0.0000000000989297  -0.0000000000996892  -0.0000000000849656  -0.0000000000613225  -0.0000000000466576  -0.0000000000427846  -0.0000000000370906  -0.0000000000309324
   0.0000000000000000   0.0000000000000000   0.0000000000000000   0.0000000000000000   0.0000000000000000   0.0000000000000000   0.0000000000000000   0.0000000000000000   0.0000000000000000   0.0000000000000000   0.0000000000000000   0.0000000000000000   0.0000000000000000   0.0000000000000000   0.0000000000000000   0.0000000000000000   0.0000000000000000   0.0000000000000000   0.0000000000000000   0.0000000000000000   0.0000000000000000   0.0000000000000000   0.0000000000000000   0.0000000000000000   0.0000000000000000   0.0000000000000000   0.0000000000000000   0.0000000000000000   0.0000000000000000   0.0000000000000000   0.0000000000000000   0.0000000000000000   0.0000000000000000   0.0000000000000000   0.0000000000000000   0.0738989883718256  -0.0032818310026546   0.0388455517130382   0.0000000000000000   0.0387678121046050  -0.0013319277451666  -0.0011923452418374  -0.0032746328483844   0.0738548071262302   0.0000000000000000   0.0000000000000000   0.0000000000000000   0.0000000000000000   0.0000000000000000   0.0000000000000000   0.0000000000000000   0.0000000000000000   0.0000000000000000   0.0000000000000000   0.0000000000000000   0.0000000000000000   0.0000000000000000   0.0000000000000000   0.0000000000000000   0.0000000000000000   0.0000000000000000   0.0000000000000000   0.0000000000000000   0.0000000000000000   0.0000000000000000   0.0000000000000000   0.0000000000000000   0.0000000000000000   0.0000000000000000   0.0000000000000000   0.0000000000000000   0.0000000000000000   0.0000000000000000   0.0000000000000000   0.0000000000000000   0.0000000000000000   0.0000000000000000   0.0000000000000000   0.0000000000000000   0.0000000000000000   0.0000000000000000   0.0000000000000000   0.0000000000000000   0.0000000000000000   0.0000000000000000   0.0000000000000000   0.0000000000000000   0.0000000000000000   0.0000000000000000   0.0000000000000000   0.0000000000000000   0.0000000000000000   0.0000000000000000   0.0000000000000000   0.0000000000000000   0.0000000000000000   0.0000000000000000   0.0000000000000000   0.0000000000000000   0.0000000000000000   0.0000000000000000   0.0000000000000000   0.0000000000000000   0.0000000000000000   0.0000000000000000   0.0000000000000000   0.0000000000000000   0.0000000000000000   0.0744246998614252  -0.0021667268161280  -0.0013077363022542  -0.0013209338267328  -0.0003907935847984   0.0000245490650907  -0.0000012562964050   0.0000000679986267  -0.0000000028502637   0.0000000000834956  -0.0000000000004184  -0.0000000000001789   0.0000000000000145  -0.0000000000000066  -0.0000000000000187  -0.0000000000000204  -0.0000000000000028   0.0000000000000307   0.0000000000000705   0.0000000000000927   0.0000000000001616   0.0000000000002386   0.0000000000002870   0.0000000000003379   0.0000000000003889   0.0000000000004855   0.0000000000009139   0.0000000000026271   0.0000000000063224   0.0000000000089923  -0.0000000000008390  -0.0000000000393728  -0.0000000001068262  -0.0000000001695680  -0.0000000001892090  -0.0000000001824634  -0.0000000002071471  -0.0000000002566927  -0.0000000002494768  -0.0000000001723409  -0.0000000001089242  -0.0000000000894222  -0.0000000000710364  -0.0000000000452372  -0.0000000000205035   0.0000000000067796   0.0000000000069910  -0.0000000000189045  -0.0000000000008663   0.0000000000503084   0.0000000000424109   0.0000000000038710
   0.0000000000000000   0.0000000000000000   0.0000000000000000   0.0000000000000000   0.0000000000000000   0.0000000000000000   0.0000000000000000   0.0000000000000000   0.0000000000000000   0.0000000000000000   0.0000000000000000   0.0000000000000000   0.0000000000000000   0.0000000000000000   0.0000000000000000   0.0000000000000000   0.0000000000000000   0.0000000000000000   0.0000000000000000   0.0000000000000000   0.0000000000000000   0.0000000000000000   0.0000000000000000   0.0000000000000000   0.0000000000000000   0.0000000000000000   0.0000000000000000   0.0000000000000000   0.0000000000000000   0.0000000000000000   0.0000000000000000   0.0000000000000000   0.0000000000000000   0.0000000000000000   0.0000000000000000   0.0733384347453947  -0.0034311785968332  -0.0007729516822394  -0.0009114637764355  -0.0008723099368358  -0.0007843507205964  -0.0016687896887276   0.0375793325168570   0.0000000000000000   0.0000000000000000   0.0000000000000000   0.0000000000000000   0.0000000000000000   0.0000000000000000   0.0000000000000000   0.0000000000000000   0.0000000000000000   0.0000000000000000   0.0000000000000000   0.0000000000000000   0.0000000000000000   0.0000000000000000   0.0000000000000000   0.0000000000000000   0.0000000000000000   0.0000000000000000   0.0000000000000000   0.0000000000000000   0.0000000000000000   0.0000000000000000   0.0000000000000000   0.0000000000000000   0.0000000000000000   0.0000000000000000   0.0000000000000000   0.0000000000000000   0.0000000000000000   0.0000000000000000   0.0000000000000000   0.0000000000000000   0.0000000000000000   0.0000000000000000   0.0000000000000000   0.0000000000000000   0.0000000000000000   0.0000000000000000   0.0000000000000000   0.0000000000000000   0.0000000000000000   0.0000000000000000   0.0000000000000000   0.0000000000000000   0.0000000000000000   0.0000000000000000   0.0000000000000000   0.0000000000000000   0.0000000000000000   0.0000000000000000   0.0000000000000000   0.0000000000000000   0.0000000000000000   0.0000000000000000   0.0000000000000000   0.0000000000000000   0.0000000000000000   0.0000000000000000   0.0000000000000000   0.0000000000000000   0.0000000000000000   0.0000000000000000   0.0000000000000000   0.0000000000000000   0.0000000000000000   0.0000000000000000   0.0000000000000000   0.0383723261164013  -0.0012759247095637   0.0000754358704925   0.0000018688248810  -0.0000003007311064   0.0000000213710705  -0.0000000013609518   0.0000000000721416  -0.0000000000031683   0.0000000000001131  -0.0000000000000075  -0.0000000000000100   0.0000000000000137   0.0000000000000250   0.0000000000000329   0.0000000000000696   0.0000000000001229   0.0000000000002115   0.0000000000002857   0.0000000000003092   0.0000000000003656   0.0000000000004367   0.0000000000005476   0.0000000000012088   0.0000000000035218   0.0000000000070806   0.0000000000053267  -0.0000000000179839  -0.0000000000768088  -0.0000000001540960  -0.0000000001993261  -0.0000000001907704  -0.0000000001837417  -0.0000000002276661  -0.0000000002542605  -0.0000000001758916  -0.0000000000610094  -0.0000000000165106   0.0000000000003019   0.0000000000371752   0.0000000000465400   0.0000000000408565   0.0000000000545366   0.0000000000478475   0.0000000000422723   0.0000000000808232   0.0000000000427730  -0.0000000001917873  -0.0000000005116783  -0.0000000007137811
   0.0000000000000000   0.0000000000000000   0.0000000000000000   0.0000000000000000   0.0000000000000000   0.0000000000000000   0.0000000000000000   0.0000000000000000   0.0000000000000000   0.0000000000000000   0.0000000000000000   0.0000000000000000   0.0000000000000000   0.0000000000000000   0.0000000000000000   0.0000000000000000   0.0000000000000000   0.0000000000000000   0.0000000000000000   0.0000000000000000   0.0000000000000000   0.0000000000000000   0.0000000000000000   0.0000000000000000   0.0000000000000000   0.0000000000000000   0.0000000000000000   0.0000000000000000   0.0000000000000000   0.0000000000000000   0.0000000000000000   0.0000000000000000   0.0000000000000000   0.0000000000000000   0.0000000000000000   0.0735902308154991  -0.0026627377105294   0.0001628863258335   0.0000335651246555   0.0001143485830515  -0.0015819589502370   0.0375652373694848   0.0000000000000000   0.0000000000000000   0.0000000000000000   0.0000000000000000   0.0000000000000000   0.0000000000000000   0.0000000000000000   0.0000000000000000   0.0000000000000000   0.0000000000000000   0.0000000000000000   0.0000000000000000   0.0000000000000000   0.0000000000000000   0.0000000000000000   0.0000000000000000   0.0000000000000000   0.0000000000000000   0.0000000000000000   0.0000000000000000   0.0000000000000000   0.0000000000000000   0.0000000000000000   0.0000000000000000   0.0000000000000000   0.0000000000000000   0.0000000000000000   0.0000000000000000   0.0000000000000000   0.0000000000000000   0.0000000000000000   0.0000000000000000   0.0000000000000000   0.0000000000000000   0.0000000000000000   0.0000000000000000   0.0000000000000000   0.0000000000000000   0.0000000000000000   0.0000000000000000   0.0000000000000000   0.0000000000000000   0.0000000000000000   0.0000000000000000   0.0000000000000000   0.0000000000000000   0.0000000000000000   0.0000000000000000   0.0000000000000000   0.0000000000000000   0.0000000000000000   0.0000000000000000   0.0000000000000000   0.0000000000000000   0.0000000000000000   0.0000000000000000   0.0000000000000000   0.0000000000000000   0.0000000000000000   0.0000000000000000   0.0000000000000000   0.0000000000000000   0.0000000000000000   0.0000000000000000   0.0000000000000000   0.0000000000000000   0.0000000000000000   0.0000000000000000   0.0383291525336999  -0.0013082301656211   0.0000531486312692  -0.0000026893088202   0.0000000680471595   0.0000000007454839  -0.0000000002241709   0.0000000000203595  -0.0000000000013640   0.0000000000000611  -0.0000000000000130   0.0000000000000034   0.0000000000000331   0.0000000000000437   0.0000000000001015   0.0000000000001441   0.0000000000002283   0.0000000000002988   0.0000000000003078   0.0000000000003746   0.0000000000004404   0.0000000000006015   0.0000000000016497   0.0000000000046265   0.0000000000078740   0.0000000000012198  -0.0000000000341206  -0.0000000001045017  -0.0000000001744898  -0.0000000001915365  -0.0000000001702588  -0.0000000001896497  -0.0000000002440132  -0.0000000002107005  -0.0000000000670977   0.0000000000302151   0.0000000000192474   0.0000000000268768   0.0000000000805754   0.0000000001016475   0.0000000001108760   0.0000000001156990   0.0000000000869770   0.0000000000119084  -0.0000000003535309  -0.0000000012696610  -0.0000000013681414   0.0000000026991082   0.0000000112663668   0.0000000179409250
   0.0000000000000000   0.0000000000000000   0.0000000000000000   0.0000000000000000   0.0000000000000000   0.0000000000000000   0.0000000000000000   0.0000000000000000   0.0000000000000000   0.0000000000000000   0.0000000000000000   0.0000000000000000   0.0000000000000000   0.0000000000000000   0.0000000000000000   0.0000000000000000   0.0000000000000000   0.0000000000000000   0.0000000000000000   0.0000000000000000   0.0000000000000000   0.0000000000000000   0.0000000000000000   0.0000000000000000   0.0000000000000000   0.0000000000000000   0.0000000000000000   0.0000000000000000   0.0000000000000000   0.0000000000000000   0.0000000000000000   0.0000000000000000   0.0000000000000000   0.0000000000000000   0.0000000000000000   0.0379827390059833  -0.0016163426481396   0.0000970541344057   0.0000270758738075   0.0001659382048725  -0.0026508412191485   0.0735971599638436   0.0000000000000000   0.0000000000000000   0.0000000000000000   0.0000000000000000   0.0000000000000000   0.0000000000000000   0.0000000000000000   0.0000000000000000   0.0000000000000000   0.0000000000000000   0.0000000000000000   0.0000000000000000   0.0000000000000000   0.0000000000000000   0.0000000000000000   0.0000000000000000   0.0000000000000000   0.0000000000000000   0.0000000000000000   0.0000000000000000   0.0000000000000000   0.0000000000000000   0.0000000000000000   0.0000000000000000   0.0000000000000000   0.0000000000000000   0.0000000000000000   0.0000000000000000   0.0000000000000000   0.0000000000000000   0.0000000000000000   0.0000000000000000   0.0000000000000000   0.0000000000000000   0.0000000000000000   0.0000000000000000   0.0000000000000000   0.0000000000000000   0.0000000000000000   0.0000000000000000   0.0000000000000000   0.0000000000000000   0.0000000000000000   0.0000000000000000   0.0000000000000000   0.0000000000000000   0.0000000000000000   0.0000000000000000   0.0000000000000000   0.0000000000000000   0.0000000000000000   0.0000000000000000   0.0000000000000000   0.0000000000000000   0.0000000000000000   0.0000000000000000   0.0000000000000000   0.0000000000000000   0.0000000000000000   0.0000000000000000   0.0000000000000000   0.0000000000000000   0.0000000000000000   0.0000000000000000   0.0000000000000000   0.0738772881749660  -0.0023437107966295  -0.0003539909674213  -0.0009050458298105  -0.0004159889142827   0.0000259610797166  -0.0000013315409875   0.0000000718652855  -0.0000000030455704   0.0000000000927859  -0.0000000000009826  -0.0000000000001614   0.0000000000000289  -0.0000000000000057   0.0000000000000429   0.0000000000000686   0.0000000000000815   0.0000000000001620   0.0000000000002560   0.0000000000003030   0.0000000000003286   0.0000000000004005   0.0000000000004668   0.0000000000008038   0.0000000000024665   0.0000000000065096   0.0000000000093432  -0.0000000000034569  -0.0000000000525972  -0.0000000001353419  -0.0000000002023491  -0.0000000002105785  -0.0000000002060506  -0.0000000002535080  -0.0000000002709831  -0.0000000001410953   0.0000000000324152   0.0000000000802507   0.0000000000666117   0.0000000001321500   0.0000000002092445   0.0000000001857772   0.0000000001322021   0.0000000001407874   0.0000000001449894  -0.0000000002523024  -0.0000000008493505   0.0000000039006479   0.0000000254176617   0.0000000510987017  -0.0000000205099434  -0.0000002369751014  -0.0000004179409484
   0.0000000000000000   0.0000000000000000   0.0000000000000000   0.0000000000000000   0.0000000000000000   0.0000000000000000   0.0000000000000000   0.0000000000000000   0.0000000000000000   0.0000000000000000   0.0000000000000000   0.0000000000000000   0.0000000000000000   0.0739255797981967  -0.0044345886045525   0.0741887945286018   0.0000000000000000   0.0000000000000000   0.0000000000000000   0.0000000000000000   0.0000000000000000   0.0000000000000000   0.0000000000000000   0.0000000000000000   0.0000000000000000   0.0000000000000000   0.0000000000000000   0.0000000000000000   0.0000000000000000   0.0000000000000000   0.0741306791256653  -0.0020601520627498   0.0000722269151543   0.0000076392464868  -0.0004397175620298  -0.0008704618772053  -0.0003498659657567  -0.0003789469354020  -0.0009061116090760  -0.0007742697794203  -0.0037514593198723   0.0730799165689413   0.0000000000000000   0.0000000000000000   0.0000000000000000   0.0000000000000000   0.0000000000000000   0.0000000000000000   0.0000000000000000   0.0000000000000000   0.0000000000000000   0.0000000000000000   0.0000000000000000   0.0000000000000000   0.0000000000000000   0.0000000000000000   0.0000000000000000   0.0000000000000000   0.0000000000000000   0.0000000000000000   0.0000000000000000   0.0000000000000000   0.0000000000000000   0.0000000000000000   0.0000000000000000   0.0000000000000000   0.0000000000000000   0.0000000000000000   0.0000000000000000   0.0000000000000000   0.0000000000000000   0.0000000000000000   0.0000000000000000   0.0000000000000000   0.0000000000000000   0.0000000000000000   0.0000000000000000   0.0000000000000000   0.0000000000000000   0.0000000000000000   0.0000000000000000   0.0000000000000000   0.0000000000000000   0.0000000000000000   0.0000000000000000   0.0000000000000000   0.0000000000000000   0.0000000000000000   0.0000000000000000   0.0000000000000000   0.0000000000000000   0.0000000000000000   0.0000000000000000   0.0000000000000000   0.0000000000000000   0.0000000000000000   0.0000000000000000   0.0000000000000000   0.0000000000000000   0.0000000000000000   0.0000000000000000   0.0000000000000000   0.0000000000000000   0.0000000000000000   0.0000000000000000   0.0000000000000000   0.0000000000000000   0.0735848935342718  -0.0026887974909121   0.0001389547433712   0.0000283439237620   0.0000213395538274   0.0000041928253607  -0.0000004045161371   0.0000000261383734  -0.0000000015837584   0.0000000000827227  -0.0000000000036379   0.0000000000001438   0.0000000000000218   0.0000000000000574   0.0000000000000598   0.0000000000001160   0.0000000000001611   0.0000000000002430   0.0000000000002873   0.0000000000003069   0.0000000000003668   0.0000000000004903   0.0000000000010864   0.0000000000036235   0.0000000000086115   0.0000000000093581  -0.0000000000143632  -0.0000000000837883  -0.0000000001827820  -0.0000000002468315  -0.0000000002442573  -0.0000000002418049  -0.0000000002733578  -0.0000000002142697  -0.0000000000100978   0.0000000001346150   0.0000000001308926   0.0000000001549949   0.0000000002358488   0.0000000002465184   0.0000000001750847   0.0000000001824128   0.0000000004015925  -0.0000000001718406  -0.0000000024859822   0.0000000013487883   0.0000000268596658   0.0000000091615966  -0.0000003899484792  -0.0000013049301942  -0.0000009737526225   0.0000052024130799   0.0000097891623863
   0.0000000000000000   0.0000000000000000   0.0000000000000000   0.0000000000000000   0.0000000000000000   0.0000000000000000   0.0000000000000000   0.0000000000000000   0.0000000000000000   0.0000000000000000   0.0000000000000000   0.0000000000000000   0.0000000000000000   0.0733707773932809  -0.0046512951207804   0.0381205848684929   0.0000000000000000   0.0000000000000000   0.0000000000000000   0.0000000000000000   0.0000000000000000   0.0000000000000000   0.0000000000000000   0.0000000000000000   0.0000000000000000   0.0000000000000000   0.0000000000000000   0.0000000000000000   0.0000000000000000   0.0000000000000000   0.0375511236201424  -0.0016187124337024   0.0000700898725108   0.0000044614298345   0.0000638060393078  -0.0003680054292066  -0.0008481502104243  -0.0013700013303061   0.0387552139837070   0.0000000000000000   0.0364189218933168   0.0727453354257242   0.0000000000000000   0.0000000000000000   0.0000000000000000   0.0000000000000000   0.0000000000000000   0.0000000000000000   0.0000000000000000   0.0000000000000000   0.0000000000000000   0.0000000000000000   0.0000000000000000   0.0000000000000000   0.0000000000000000   0.0000000000000000   0.0000000000000000   0.0000000000000000   0.0000000000000000   0.0000000000000000   0.0000000000000000   0.0000000000000000   0.0000000000000000   0.0000000000000000   0.0000000000000000   0.0000000000000000   0.0000000000000000   0.0000000000000000   0.0000000000000000   0.0000000000000000   0.0000000000000000   0.0000000000000000   0.0000000000000000   0.0000000000000000   0.0000000000000000   0.0000000000000000   0.0000000000000000   0.0000000000000000   0.0000000000000000   0.0000000000000000   0.0000000000000000   0.0000000000000000   0.0000000000000000   0.0000000000000000   0.0000000000000000   0.0000000000000000   0.0000000000000000   0.0000000000000000   0.0000000000000000   0.0000000000000000   0.0000000000000000   0.0000000000000000   0.0000000000000000   0.0000000000000000   0.0000000000000000   0.0000000000000000   0.0000000000000000   0.0000000000000000   0.0000000000000000   0.0000000000000000   0.0000000000000000   0.0000000000000000   0.0000000000000000   0.0000000000000000   0.0000000000000000   0.0000000000000000   0.0000000000000000   0.0372075012968432  -0.0015811254514885   0.0000755734997094  -0.0000050194530207  -0.0000008149572456  -0.0000003581938033  -0.0000000352026676   0.0000000054098164  -0.0000000004383667   0.0000000000303358  -0.0000000000018301   0.0000000000000856   0.0000000000000110   0.0000000000000545   0.0000000000000872   0.0000000000001478   0.0000000000002527   0.0000000000003325   0.0000000000004393   0.0000000000005920   0.0000000000009226   0.0000000000020824   0.0000000000055542   0.0000000000106388   0.0000000000061943  -0.0000000000337584  -0.0000000001263507  -0.0000000002329785  -0.0000000002759423  -0.0000000002467671  -0.0000000002367247  -0.0000000002467009  -0.0000000001302309   0.0000000000915095   0.0000000001875724   0.0000000001608187   0.0000000002235329   0.0000000002895789   0.0000000002352373   0.0000000001801423   0.0000000003523241  -0.0000000002339717  -0.0000000045331426  -0.0000000111003410   0.0000000522795678   0.0000001008118005  -0.0000004018036971  -0.0000013983167838   0.0000031851934978   0.0000277702642433   0.0000451441770298  -0.0000501119542327  -0.0003816573252475
   0.0000000000000000   0.0000000000000000   0.0000000000000000   0.0000000000000000   0.0000000000000000   0.0000000000000000   0.0000000000000000   0.0000000000000000   0.0000000000000000   0.0000000000000000   0.0000000000000000   0.0000000000000000   0.0000000000000000   0.0733551892858065  -0.0033856820761734  -0.0006788290001440  -0.0025118715113092   0.0741379444352133   0.0000000000000000   0.0000000000000000   0.0000000000000000   0.0000000000000000   0.0000000000000000   0.0000000000000000   0.0000000000000000   0.0000000000000000   0.0000000000000000   0.0000000000000000   0.0000000000000000   0.0375694011358953  -0.0017195772375855  -0.0003769418281710   0.0000304696929048   0.0000387243566390  -0.0003692716825373  -0.0017679051309877   0.0383402677988340   0.0000000000000000   0.0000000000000000   0.0000000000000000   0.0791356930682629   0.0001133664597183   0.0000000000000000   0.0000000000000000   0.0000000000000000   0.0000000000000000   0.0000000000000000   0.0374806905034806   0.0371184492258971   0.0000000000000000   0.0000000000000000   0.0000000000000000   0.0000000000000000   0.0000000000000000   0.0000000000000000   0.0000000000000000   0.0000000000000000   0.0000000000000000   0.0000000000000000   0.0000000000000000   0.0000000000000000   0.0000000000000000   0.0000000000000000   0.0000000000000000   0.0000000000000000   0.0000000000000000   0.0000000000000000   0.0000000000000000   0.0000000000000000   0.0000000000000000   0.0000000000000000   0.0000000000000000   0.0000000000000000   0.0000000000000000   0.0000000000000000   0.0000000000000000   0.0000000000000000   0.0000000000000000   0.0000000000000000   0.0000000000000000   0.0000000000000000   0.0000000000000000   0.0000000000000000   0.0000000000000000   0.0000000000000000   0.0000000000000000   0.0000000000000000   0.0000000000000000   0.0000000000000000   0.0000000000000000   0.0000000000000000   0.0000000000000000   0.0000000000000000   0.0000000000000000   0.0000000000000000   0.0000000000000000   0.0000000000000000   0.0000000000000000   0.0000000000000000   0.0000000000000000   0.0000000000000000   0.0000000000000000   0.0000000000000000   0.0000000000000000   0.0000000000000000   0.0000000000000000   0.0738415902463554  -0.0028494163314508  -0.0003293904400944   0.0000259132557260  -0.0000015111010982   0.0000001321781315   0.0000000164321388   0.0000000050699151   0.0000000001960300  -0.0000000000631416   0.0000000000066420  -0.0000000000003451   0.0000000000003047   0.0000000000003584   0.0000000000005029   0.0000000000006874   0.0000000000009378   0.0000000000011574   0.0000000000014135   0.0000000000017570   0.0000000000022621   0.0000000000038184   0.0000000000077079   0.0000000000111216  -0.0000000000019587  -0.0000000000603210  -0.0000000001705838  -0.0000000002684281  -0.0000000002729654  -0.0000000002268363  -0.0000000002324338  -0.0000000002363210  -0.0000000000747647   0.0000000001483972   0.0000000002012550   0.0000000001920372   0.0000000002807615   0.0000000003273109   0.0000000002141858   0.0000000002946595   0.0000000002738426  -0.0000000022518485  -0.0000000149395638   0.0000000653800228   0.0000002642299272   0.0000001782994666  -0.0000048451905501   0.0000023701549572   0.0000338145923773   0.0000332762669460  -0.0003989835275193  -0.0019506267228316  -0.0043779763718023  -0.0065396872010490
   0.0000000000000000   0.0000000000000000   0.0000000000000000   0.0000000000000000   0.0000000000000000   0.0000000000000000   0.0000000000000000   0.0000000000000000   0.0000000000000000   0.0000000000000000   0.0000000000000000   0.0000000000000000   0.0000000000000000   0.0733402016090059  -0.0029512464134565   0.0002516551688538  -0.0016050472528060   0.0375520637357588   0.0000000000000000   0.0000000000000000   0.0000000000000000   0.0000000000000000   0.0000000000000000   0.0000000000000000   0.0000000000000000   0.0000000000000000   0.0000000000000000   0.0000000000000000   0.0735846567707869  -0.0031469939557815  -0.0002979054187205   0.0000564515233651   0.0000569134986377  -0.0003781973054648  -0.0017608667071130   0.0378953095400153   0.0000000000000000   0.0000000000000000   0.0000000000000000   0.0000000000000000   0.0000000000000000   0.0000000000000000   0.0000000000000000   0.0735326227918641   0.0367898473600300   0.0000000000000000   0.0383497328962190  -0.0020647341077864  -0.0035168479601073   0.0735930578509161   0.0000000000000000   0.0000000000000000   0.0000000000000000   0.0000000000000000   0.0000000000000000   0.0000000000000000   0.0000000000000000   0.0000000000000000   0.0000000000000000   0.0000000000000000   0.0000000000000000   0.0000000000000000   0.0000000000000000   0.0000000000000000   0.0000000000000000   0.0000000000000000   0.0000000000000000   0.0000000000000000   0.0000000000000000   0.0000000000000000   0.0000000000000000   0.0000000000000000   0.0000000000000000   0.0000000000000000   0.0000000000000000   0.0000000000000000   0.0000000000000000   0.0000000000000000   0.0000000000000000   0.0000000000000000   0.0000000000000000   0.0000000000000000   0.0000000000000000   0.0000000000000000   0.0000000000000000   0.0000000000000000   0.0000000000000000   0.0000000000000000   0.0000000000000000   0.0000000000000000   0.0000000000000000   0.0000000000000000   0.0000000000000000   0.0000000000000000   0.0000000000000000   0.0000000000000000   0.0000000000000000   0.0000000000000000   0.0000000000000000   0.0000000000000000   0.0000000000000000   0.0000000000000000   0.0000000000000000   0.0000000000000000   0.0000000000000000   0.0000000000000000   0.0372065828573605  -0.0015740988438435   0.0000895278191914   0.0000010179287032  -0.0000003010841729   0.0000000230744275  -0.0000000027977882  -0.0000000002687110  -0.0000000000627518   0.0000000000013021   0.0000000000014164   0.0000000000007790   0.0000000000009600   0.0000000000010395   0.0000000000011410   0.0000000000012630   0.0000000000013071   0.0000000000012248   0.0000000000011645   0.0000000000011005   0.0000000000020286   0.0000000000049311   0.0000000000047077  -0.0000000000193944  -0.0000000000957402  -0.0000000002144011  -0.0000000002936976  -0.0000000002656190  -0.0000000002243069  -0.0000000002687877  -0.0000000002256971   0.0000000000112620   0.0000000002496510   0.0000000002834416   0.0000000003036750   0.0000000004039355   0.0000000003469483   0.0000000002217253   0.0000000003968436   0.0000000001797432  -0.0000000131189690   0.0000000186114238   0.0000001914728997   0.0000006488020455  -0.0000070308530930  -0.0000075916706320   0.0000173591695939   0.0003440202174790  -0.0009483849448512  -0.0034258175331861  -0.0110652577216933  -0.0256767454245301  -0.0286760743258357  -0.0175980594517187
   0.0000000000000000   0.0000000000000000   0.0000000000000000   0.0000000000000000   0.0000000000000000   0.0000000000000000   0.0000000000000000   0.0000000000000000   0.0000000000000000   0.0000000000000000   0.0000000000000000   0.0000000000000000   0.0000000000000000   0.0733375499526289  -0.0029700926042048   0.0001740262773109  -0.0003827729725885  -0.0017426093238914   0.0379138034006606   0.0000000000000000   0.0000000000000000   0.0000000000000000   0.0000000000000000   0.0000000000000000   0.0000000000000000   0.0000000000000000   0.0000000000000000   0.0000000000000000   0.0733361185189021  -0.0029499453534439   0.0002161411300359  -0.0003968237559848  -0.0008666394883416  -0.0013528220105152   0.0383150434963835   0.0000000000000000   0.0000000000000000   0.0000000000000000   0.0000000000000000   0.0000000000000000   0.0000000000000000   0.0000000000000000   0.0000000000000000   0.0376391342966688  -0.0024228888111341  -0.0008143098619209  -0.0008325379246862  -0.0006939047568205  -0.0031083485116090   0.0735838691755854   0.0000000000000000   0.0000000000000000   0.0000000000000000   0.0000000000000000   0.0000000000000000   0.0000000000000000   0.0000000000000000   0.0000000000000000   0.0000000000000000   0.0000000000000000   0.0000000000000000   0.0000000000000000   0.0000000000000000   0.0000000000000000   0.0000000000000000   0.0000000000000000   0.0000000000000000   0.0000000000000000   0.0000000000000000   0.0000000000000000   0.0000000000000000   0.0000000000000000   0.0000000000000000   0.0000000000000000   0.0000000000000000   0.0000000000000000   0.0000000000000000   0.0000000000000000   0.0000000000000000   0.0000000000000000   0.0000000000000000   0.0000000000000000   0.0000000000000000   0.0000000000000000   0.0000000000000000   0.0000000000000000   0.0000000000000000   0.0000000000000000   0.0000000000000000   0.0000000000000000   0.0000000000000000   0.0000000000000000   0.0000000000000000   0.0000000000000000   0.0000000000000000   0.0000000000000000   0.0000000000000000   0.0000000000000000   0.0000000000000000   0.0000000000000000   0.0000000000000000   0.0000000000000000   0.0000000000000000   0.0000000000000000   0.0000000000000000   0.0738358600455643  -0.0028559651574492  -0.0003291134575602   0.0000253610231882  -0.0000018362775374   0.0000000445220880   0.0000000018408427  -0.0000000002535542   0.0000000000497311   0.0000000000034720   0.0000000000002518  -0.0000000000006334  -0.0000000000007823  -0.0000000000010245  -0.0000000000013335  -0.0000000000017290  -0.0000000000022659  -0.0000000000030203  -0.0000000000039095  -0.0000000000048361  -0.0000000000050842  -0.0000000000035591  -0.0000000000071098  -0.0000000000401354  -0.0000000001290299  -0.0000000002435852  -0.0000000002903327  -0.0000000002378740  -0.0000000001989039  -0.0000000002421144  -0.0000000001224167   0.0000000002327080   0.0000000003942830   0.0000000004063294   0.0000000004303194   0.0000000004735218   0.0000000003583583   0.0000000003118501   0.0000000005175528  -0.0000000028800224  -0.0000000175201560   0.0000000593750101   0.0000008909341094  -0.0000036151415980  -0.0000098724826605  -0.0000136625071312   0.0005962643249287  -0.0006066937653257  -0.0028316611521428  -0.0316860276513551  -0.0446577590823271  -0.0424536805454555  -0.0375583027462858  -0.0319993185891646  -0.0242360915277545
   0.0000000000000000   0.0000000000000000   0.0000000000000000   0.0000000000000000   0.0000000000000000   0.0000000000000000   0.0000000000000000   0.0000000000000000   0.0000000000000000   0.0000000000000000   0.0000000000000000   0.0000000000000000   0.0000000000000000   0.0733338226129506  -0.0029762327781329   0.0001464671979774   0.0000374419906274  -0.0003497116005907  -0.0017001002954591   0.0375673350104868   0.0000000000000000   0.0000000000000000   0.0000000000000000   0.0000000000000000   0.0000000000000000   0.0000000000000000   0.0000000000000000   0.0000000000000000   0.0735866103880560  -0.0031171335579196  -0.0006948087182929  -0.0017487069431802   0.0381677930164006   0.0000000000000000   0.0000000000000000   0.0000000000000000   0.0000000000000000   0.0000000000000000   0.0000000000000000   0.0000000000000000   0.0000000000000000   0.0380030707742438  -0.0013117936488287  -0.0008442624596979  -0.0003461638464687  -0.0003443321420853  -0.0008398879094320  -0.0013111057241951   0.0378784009232678   0.0000000000000000   0.0000000000000000   0.0000000000000000   0.0000000000000000   0.0000000000000000   0.0000000000000000   0.0000000000000000   0.0000000000000000   0.0000000000000000   0.0000000000000000   0.0000000000000000   0.0000000000000000   0.0000000000000000   0.0000000000000000   0.0000000000000000   0.0000000000000000   0.0000000000000000   0.0000000000000000   0.0000000000000000   0.0000000000000000   0.0000000000000000   0.0000000000000000   0.0000000000000000   0.0000000000000000   0.0000000000000000   0.0000000000000000   0.0000000000000000   0.0000000000000000   0.0000000000000000   0.0000000000000000   0.0000000000000000   0.0000000000000000   0.0000000000000000   0.0000000000000000   0.0000000000000000   0.0000000000000000   0.0000000000000000   0.0000000000000000   0.0000000000000000   0.0000000000000000   0.0000000000000000   0.0000000000000000   0.0000000000000000   0.0000000000000000   0.0000000000000000   0.0000000000000000   0.0000000000000000   0.0000000000000000   0.0000000000000000   0.0000000000000000   0.0000000000000000   0.0000000000000000   0.0000000000000000   0.0000000000000000   0.0000000000000000   0.0000000000000000   0.0379937965052532  -0.0016119608390348   0.0000915201772767   0.0000009421604254  -0.0000002809227359   0.0000000290982208  -0.0000000013775803   0.0000000000190213  -0.0000000000016194  -0.0000000000038240  -0.0000000000035113  -0.0000000000039870  -0.0000000000045872  -0.0000000000053711  -0.0000000000063316  -0.0000000000074880  -0.0000000000090274  -0.0000000000108922  -0.0000000000129488  -0.0000000000147076  -0.0000000000151354  -0.0000000000209107  -0.0000000000586378  -0.0000000001537380  -0.0000000002602043  -0.0000000002703151  -0.0000000002016406  -0.0000000001854221  -0.0000000001772368   0.0000000000155594   0.0000000004120464   0.0000000005467816   0.0000000004393921   0.0000000006120103   0.0000000005461397   0.0000000003912431   0.0000000005095554   0.0000000007336493  -0.0000000129858132   0.0000000014255271   0.0000002753278233   0.0000007151383624  -0.0000080405696075  -0.0000468386305922   0.0003992912504906   0.0000547391873217  -0.0005594779022237  -0.0382461910337534  -0.0534309546943122  -0.0515950422793922  -0.0487101279034649  -0.0445526103148458  -0.0410552213990978  -0.0377581756520773  -0.0212582262149552
   0.0000000000000000   0.0000000000000000   0.0000000000000000   0.0000000000000000   0.0000000000000000   0.0000000000000000   0.0000000000000000   0.0000000000000000   0.0000000000000000   0.0000000000000000   0.0000000000000000   0.0000000000000000   0.0000000000000000   0.0735927866002075  -0.0026779979083002   0.0001247423891819   0.0000381491634282  -0.0003557814163900  -0.0012429080677743  -0.0029720341625805   0.0741329366147645   0.0000000000000000   0.0000000000000000   0.0000000000000000   0.0000000000000000   0.0000000000000000   0.0000000000000000   0.0000000000000000   0.0000000000000000   0.0372620170633463  -0.0028740016639452   0.0379784198620427   0.0000000000000000   0.0000000000000000   0.0000000000000000   0.0000000000000000   0.0000000000000000   0.0000000000000000   0.0000000000000000   0.0000000000000000   0.0738280097365191  -0.0033438467516553  -0.0007743461304170   0.0000757643794031   0.0000704317600668  -0.0012980772708036   0.0383469891204965   0.0000000000000000   0.0000000000000000   0.0000000000000000   0.0000000000000000   0.0000000000000000   0.0735648604426055   0.0360054481672402   0.0000000000000000   0.0000000000000000   0.0000000000000000   0.0000000000000000   0.0000000000000000   0.0000000000000000   0.0000000000000000   0.0000000000000000   0.0000000000000000   0.0000000000000000   0.0000000000000000   0.0000000000000000   0.0000000000000000   0.0000000000000000   0.0000000000000000   0.0000000000000000   0.0000000000000000   0.0000000000000000   0.0000000000000000   0.0000000000000000   0.0000000000000000   0.0000000000000000   0.0000000000000000   0.0000000000000000   0.0000000000000000   0.0000000000000000   0.0000000000000000   0.0000000000000000   0.0000000000000000   0.0000000000000000   0.0000000000000000   0.0000000000000000   0.0000000000000000   0.0000000000000000   0.0000000000000000   0.0000000000000000   0.0000000000000000   0.0000000000000000   0.0000000000000000   0.0000000000000000   0.0000000000000000   0.0000000000000000   0.0000000000000000   0.0000000000000000   0.0000000000000000   0.0000000000000000   0.0000000000000000   0.0000000000000000   0.0000000000000000   0.0383369399570495  -0.0013511614434559  -0.0008634343991463  -0.0004064979301716   0.0000286527885129  -0.0000019818819995   0.0000000502924856   0.0000000011814890  -0.0000000003565507   0.0000000000196084  -0.0000000000076612  -0.0000000000074426  -0.0000000000084295  -0.0000000000096044  -0.0000000000109997  -0.0000000000127114  -0.0000000000147544  -0.0000000000172765  -0.0000000000203010  -0.0000000000237978  -0.0000000000272988  -0.0000000000297782  -0.0000000000361895  -0.0000000000722870  -0.0000000001664447  -0.0000000002677914  -0.0000000002530435  -0.0000000001634299  -0.0000000001824416  -0.0000000001345117   0.0000000001810692   0.0000000004731945   0.0000000005955609   0.0000000005089396   0.0000000006132911   0.0000000007153563   0.0000000004200969   0.0000000006511438   0.0000000001413604  -0.0000000196898524   0.0000000181600880   0.0000010053191459  -0.0000026290286485  -0.0000185444948968  -0.0000012012781406   0.0007394793456212   0.0014003385502007  -0.0256799541174549  -0.0554697011624037  -0.0538852255282920  -0.0543221386370809  -0.0531299881314508  -0.0504761315108161  -0.0470917372089800  -0.0453917753756884  -0.0484856390776035   0.0000000000000000
   0.0000000000000000   0.0000000000000000   0.0000000000000000   0.0000000000000000   0.0000000000000000   0.0000000000000000   0.0000000000000000   0.0000000000000000   0.0000000000000000   0.0000000000000000   0.0000000000000000   0.0000000000000000   0.0000000000000000   0.0372228227808930  -0.0015622536429934   0.0001218681260946  -0.0003666912349090  -0.0017482893922602   0.0379567591498868   0.0000000000000000   0.0000000000000000   0.0000000000000000   0.0000000000000000   0.0000000000000000   0.0000000000000000   0.0000000000000000   0.0000000000000000   0.0000000000000000   0.0000000000000000   0.0736240338464783  -0.0039573465628003   0.0376833642115862   0.0000000000000000   0.0000000000000000   0.0000000000000000   0.0000000000000000   0.0000000000000000   0.0000000000000000   0.0000000000000000   0.0000000000000000   0.0000000000000000   0.0375711008641561  -0.0012555625184451   0.0000518118587863   0.0000476233860107  -0.0012695334690484   0.0375559693415699   0.0000000000000000   0.0000000000000000   0.0000000000000000   0.0000000000000000   0.0000000000000000   0.0369502529060573  -0.0046620275515836   0.0736218631227150   0.0000000000000000   0.0000000000000000   0.0000000000000000   0.0000000000000000   0.0000000000000000   0.0000000000000000   0.0000000000000000   0.0000000000000000   0.0000000000000000   0.0000000000000000   0.0000000000000000   0.0000000000000000   0.0000000000000000   0.0000000000000000   0.0000000000000000   0.0000000000000000   0.0000000000000000   0.0000000000000000   0.0000000000000000   0.0000000000000000   0.0000000000000000   0.0000000000000000   0.0000000000000000   0.0000000000000000   0.0000000000000000   0.0000000000000000   0.0000000000000000   0.0000000000000000   0.0000000000000000   0.0000000000000000   0.0000000000000000   0.0000000000000000   0.0000000000000000   0.0000000000000000   0.0000000000000000   0.0000000000000000   0.0000000000000000   0.0000000000000000   0.0000000000000000   0.0000000000000000   0.0000000000000000   0.0000000000000000   0.0000000000000000   0.0000000000000000   0.0000000000000000   0.0000000000000000   0.0000000000000000   0.0379065239114321  -0.0017620436187460  -0.0003780961426443   0.0000537370426198   0.0000197880908538   0.0000040549389867  -0.0000004193638176   0.0000000353880131  -0.0000000016524203   0.0000000000317828  -0.0000000000087682  -0.0000000000126473  -0.0000000000136597  -0.0000000000152919  -0.0000000000172307  -0.0000000000195340  -0.0000000000222195  -0.0000000000254217  -0.0000000000292446  -0.0000000000336903  -0.0000000000384280  -0.0000000000422742  -0.0000000000477313  -0.0000000000764979  -0.0000000001618953  -0.0000000002650871  -0.0000000002501551  -0.0000000001429885  -0.0000000001734538  -0.0000000001500646   0.0000000002883649   0.0000000005508721   0.0000000005018499   0.0000000006907620   0.0000000006758073   0.0000000006486522   0.0000000005957258   0.0000000008073064  -0.0000000059626482  -0.0000000124302052   0.0000000800307289   0.0000013701632962  -0.0000061520053379  -0.0000620766149535   0.0003682371005791   0.0007803461238506  -0.0025866880440345  -0.0524395712011939  -0.0539461426729217  -0.0538946161309846  -0.0527177463210026  -0.0525526464283075  -0.0510353114062600  -0.0459126894083686  -0.0393107128659329   0.0000000000000000   0.0000000000000000   0.0000000000000000
   0.0000000000000000   0.0000000000000000   0.0000000000000000   0.0000000000000000   0.0000000000000000   0.0000000000000000   0.0000000000000000   0.0000000000000000   0.0000000000000000   0.0000000000000000   0.0000000000000000   0.0000000000000000   0.0738338071021552  -0.0033258182182600  -0.0007460903058553  -0.0003332545380674  -0.0017520415714022   0.0372911204330312   0.0000000000000000   0.0000000000000000   0.0000000000000000   0.0000000000000000   0.0000000000000000   0.0000000000000000   0.0000000000000000   0.0000000000000000   0.0000000000000000   0.0000000000000000   0.0000000000000000   0.0733492789123197  -0.0032884903029116  -0.0030029990360258   0.0735802491649878   0.0000000000000000   0.0000000000000000   0.0000000000000000   0.0000000000000000   0.0000000000000000   0.0000000000000000   0.0000000000000000   0.0000000000000000   0.0383852868760462  -0.0012587134071775   0.0000902556739862   0.0000406012968171  -0.0003368881525583  -0.0028609119574794   0.0738389627408354   0.0000000000000000   0.0000000000000000   0.0000000000000000   0.0735864395701474  -0.0029905427827780  -0.0032862013831782   0.0733472569684671   0.0000000000000000   0.0000000000000000   0.0000000000000000   0.0000000000000000   0.0000000000000000   0.0000000000000000   0.0000000000000000   0.0000000000000000   0.0000000000000000   0.0000000000000000   0.0000000000000000   0.0000000000000000   0.0000000000000000   0.0000000000000000   0.0000000000000000   0.0000000000000000   0.0000000000000000   0.0000000000000000   0.0000000000000000   0.0000000000000000   0.0000000000000000   0.0000000000000000   0.0000000000000000   0.0000000000000000   0.0000000000000000   0.0000000000000000   0.0000000000000000   0.0000000000000000   0.0000000000000000   0.0000000000000000   0.0000000000000000   0.0000000000000000   0.0000000000000000   0.0000000000000000   0.0000000000000000   0.0000000000000000   0.0000000000000000   0.0000000000000000   0.0000000000000000   0.0000000000000000   0.0000000000000000   0.0000000000000000   0.0000000000000000   0.0000000000000000   0.0000000000000000   0.0000000000000000   0.0375656333371271  -0.0017255144278491  -0.0003706365580112   0.0000408410701918   0.0000021952003277  -0.0000012960317297  -0.0000003209062816  -0.0000000342200889   0.0000000053375403  -0.0000000005675139   0.0000000000208544  -0.0000000000169186  -0.0000000000166696  -0.0000000000182665  -0.0000000000201778  -0.0000000000224918  -0.0000000000253367  -0.0000000000287434  -0.0000000000328254  -0.0000000000375440  -0.0000000000427364  -0.0000000000472673  -0.0000000000510689  -0.0000000000695408  -0.0000000001387667  -0.0000000002447481  -0.0000000002557883  -0.0000000001398844  -0.0000000001387935  -0.0000000001412332   0.0000000003170375   0.0000000006971071   0.0000000004598770   0.0000000006535933   0.0000000008240767   0.0000000003672683   0.0000000005232063   0.0000000013225152  -0.0000000128794881  -0.0000000126153758   0.0000005506832682  -0.0000002310287576  -0.0000089705347775  -0.0000769568166596   0.0007627860980577   0.0026873549593266  -0.0259179207321295  -0.0549400320014242  -0.0510164016301794  -0.0495633866422780  -0.0490324514113246  -0.0467840449676314  -0.0430991548479576  -0.0361630941944515  -0.0226580305301842  -0.0037247038575660   0.0000000000000000   0.0000000000000000   0.0000000000000000
   0.0000000000000000   0.0000000000000000   0.0000000000000000   0.0000000000000000   0.0000000000000000   0.0000000000000000   0.0000000000000000   0.0000000000000000   0.0000000000000000   0.0000000000000000   0.0000000000000000   0.0000000000000000   0.0000000000000000   0.0375689831399601  -0.0012012001389517  -0.0012243868011472   0.0379089381314604   0.0000000000000000   0.0000000000000000   0.0000000000000000   0.0000000000000000   0.0000000000000000   0.0000000000000000   0.0000000000000000   0.0000000000000000   0.0000000000000000   0.0000000000000000   0.0000000000000000   0.0000000000000000   0.0733531764613086  -0.0032805087495664  -0.0030000971003922   0.0735800270026604   0.0000000000000000   0.0000000000000000   0.0000000000000000   0.0000000000000000   0.0000000000000000   0.0000000000000000   0.0380420613771442  -0.0017260145281855  -0.0017613096180711  -0.0013140769887218  -0.0008602775498780  -0.0003998920037376   0.0001317542439479  -0.0015687255745110   0.0372142718108902   0.0000000000000000   0.0000000000000000   0.0000000000000000   0.0733297685940141  -0.0028423064293311  -0.0025249454954067   0.0735860816077408   0.0000000000000000   0.0000000000000000   0.0000000000000000   0.0000000000000000   0.0000000000000000   0.0000000000000000   0.0000000000000000   0.0000000000000000   0.0000000000000000   0.0000000000000000   0.0000000000000000   0.0000000000000000   0.0000000000000000   0.0000000000000000   0.0000000000000000   0.0000000000000000   0.0000000000000000   0.0000000000000000   0.0000000000000000   0.0000000000000000   0.0000000000000000   0.0000000000000000   0.0000000000000000   0.0000000000000000   0.0000000000000000   0.0000000000000000   0.0000000000000000   0.0000000000000000   0.0000000000000000   0.0000000000000000   0.0000000000000000   0.0000000000000000   0.0000000000000000   0.0000000000000000   0.0000000000000000   0.0000000000000000   0.0000000000000000   0.0000000000000000   0.0000000000000000   0.0000000000000000   0.0000000000000000   0.0000000000000000   0.0000000000000000   0.0000000000000000   0.0000000000000000   0.0735848182501275  -0.0031455796663507  -0.0003006355225123   0.0000371009925095   0.0000028016386900  -0.0000006336996537   0.0000000249290768   0.0000000245907276   0.0000000043240133   0.0000000001934969  -0.0000000000739297  -0.0000000000073902  -0.0000000000174575  -0.0000000000189094  -0.0000000000215854  -0.0000000000246434  -0.0000000000279107  -0.0000000000311019  -0.0000000000342528  -0.0000000000377027  -0.0000000000417011  -0.0000000000459070  -0.0000000000484692  -0.0000000000569578  -0.0000000001049150  -0.0000000002061943  -0.0000000002575352  -0.0000000001625361  -0.0000000001062489  -0.0000000001273619   0.0000000002471013   0.0000000006881852   0.0000000004588951   0.0000000004182513   0.0000000007593755   0.0000000002805371   0.0000000002421151   0.0000000016727559  -0.0000000176065377  -0.0000000267629206   0.0000011112336257  -0.0000022409843724  -0.0000388857804582   0.0001133039230043   0.0006666998881879   0.0031704514267754  -0.0476939184016512  -0.0489030638697685  -0.0470913313147342  -0.0458498439848502  -0.0437926712013307  -0.0410413071616124  -0.0364939170161448  -0.0290276745744603  -0.0171446105402598  -0.0027236417468290   0.0000000000000000   0.0000000000000000   0.0000000000000000   0.0000000000000000
   0.0000000000000000   0.0000000000000000   0.0000000000000000   0.0000000000000000   0.0000000000000000   0.0000000000000000   0.0000000000000000   0.0000000000000000   0.0000000000000000   0.0000000000000000   0.0000000000000000   0.0000000000000000   0.0000000000000000   0.0383756387289261  -0.0012459431796221  -0.0012120896531109   0.0375584257446153   0.0000000000000000   0.0000000000000000   0.0000000000000000   0.0000000000000000   0.0000000000000000   0.0000000000000000   0.0000000000000000   0.0000000000000000   0.0000000000000000   0.0000000000000000   0.0000000000000000   0.0000000000000000   0.0733670585636246  -0.0042495063447556   0.0377087623728562   0.0000000000000000   0.0000000000000000   0.0000000000000000   0.0000000000000000   0.0000000000000000   0.0000000000000000   0.0738465184349641  -0.0036826070117037  -0.0024996963704407   0.0383311375976857   0.0000000000000000   0.0383370608381272  -0.0017825249043539  -0.0003526860022024  -0.0002545201010238  -0.0031288229076119   0.0735863364403887   0.0000000000000000   0.0000000000000000   0.0735881871643861  -0.0026003280266337  -0.0014946044497375   0.0379895066723311   0.0000000000000000   0.0000000000000000   0.0000000000000000   0.0000000000000000   0.0000000000000000   0.0000000000000000   0.0000000000000000   0.0000000000000000   0.0000000000000000   0.0000000000000000   0.0000000000000000   0.0000000000000000   0.0000000000000000   0.0000000000000000   0.0000000000000000   0.0000000000000000   0.0000000000000000   0.0000000000000000   0.0000000000000000   0.0000000000000000   0.0000000000000000   0.0000000000000000   0.0000000000000000   0.0000000000000000   0.0000000000000000   0.0000000000000000   0.0000000000000000   0.0000000000000000   0.0000000000000000   0.0000000000000000   0.0000000000000000   0.0000000000000000   0.0000000000000000   0.0000000000000000   0.0000000000000000   0.0000000000000000   0.0000000000000000   0.0000000000000000   0.0000000000000000   0.0000000000000000   0.0000000000000000   0.0000000000000000   0.0000000000000000   0.0000000000000000   0.0000000000000000   0.0733331959897483  -0.0029686025257855   0.0001571413559652  -0.0000025865001400  -0.0000004039866570  -0.0000000129245372   0.0000000075983378  -0.0000000012075807  -0.0000000004099160  -0.0000000000624177  -0.0000000000130770  -0.0000000000142214  -0.0000000000169956  -0.0000000000189557  -0.0000000000206890  -0.0000000000221451  -0.0000000000238947  -0.0000000000266631  -0.0000000000306736  -0.0000000000354474  -0.0000000000402190  -0.0000000000429390  -0.0000000000440633  -0.0000000000691969  -0.0000000001539608  -0.0000000002415516  -0.0000000002023457  -0.0000000001066910  -0.0000000001081292   0.0000000001279732   0.0000000005838840   0.0000000004462967   0.0000000002552009   0.0000000005127855   0.0000000002201825   0.0000000001514848   0.0000000009334263  -0.0000000208870388  -0.0000000391064050   0.0000015332028779  -0.0000030854937759  -0.0000775116933982   0.0004068264871295   0.0020771712380561  -0.0109684656055445  -0.0514103354202719  -0.0429206578206331  -0.0413194025843811  -0.0408157989615118  -0.0390946090611162  -0.0358631338950775  -0.0310306345262803  -0.0234603748236357  -0.0137506274616013  -0.0021605655333316   0.0000000000000000   0.0000000000000000   0.0000000000000000   0.0000000000000000   0.0000000000000000
   0.0000000000000000   0.0000000000000000   0.0000000000000000   0.0000000000000000   0.0000000000000000   0.0000000000000000   0.0000000000000000   0.0000000000000000   0.0000000000000000   0.0000000000000000   0.0000000000000000   0.0741330067296397  -0.0029765154446809  -0.0012581740827413  -0.0003532549095045  -0.0003110812898825  -0.0028646968524216   0.0738365535075558   0.0000000000000000   0.0000000000000000   0.0000000000000000   0.0000000000000000   0.0000000000000000   0.0000000000000000   0.0000000000000000   0.0000000000000000   0.0000000000000000   0.0000000000000000   0.0000000000000000   0.0733635087708129  -0.0042598601819963   0.0376973838519134   0.0000000000000000   0.0000000000000000   0.0000000000000000   0.0000000000000000   0.0000000000000000   0.0000000000000000   0.0000000000000000   0.0358330758678423   0.0362023669500007   0.0000000000000000   0.0000000000000000   0.0000000000000000   0.0383325065228540  -0.0013553385002716  -0.0007423728131120  -0.0031008934527146   0.0736027538339824   0.0000000000000000   0.0000000000000000   0.0375532389688570  -0.0015706149333597  -0.0003285054714830  -0.0008669535801920  -0.0013507091481461   0.0383326417416270   0.0000000000000000   0.0000000000000000   0.0000000000000000   0.0000000000000000   0.0000000000000000   0.0000000000000000   0.0000000000000000   0.0000000000000000   0.0000000000000000   0.0000000000000000   0.0000000000000000   0.0000000000000000   0.0000000000000000   0.0000000000000000   0.0000000000000000   0.0000000000000000   0.0000000000000000   0.0000000000000000   0.0000000000000000   0.0383212818751792  -0.0008795202067279  -0.0008588024806940   0.0379760566985799   0.0000000000000000   0.0000000000000000   0.0000000000000000   0.0000000000000000   0.0000000000000000   0.0000000000000000   0.0000000000000000   0.0000000000000000   0.0000000000000000   0.0000000000000000   0.0000000000000000   0.0000000000000000   0.0000000000000000   0.0000000000000000   0.0000000000000000   0.0000000000000000   0.0000000000000000   0.0000000000000000   0.0000000000000000   0.0000000000000000   0.0735929068443887  -0.0026772172852102   0.0001227239782484  -0.0000060077380079   0.0000002415521477  -0.0000000029305790   0.0000000001635569  -0.0000000000771567   0.0000000000202942  -0.0000000000036611  -0.0000000000104525  -0.0000000000124045  -0.0000000000131968  -0.0000000000135669  -0.0000000000144097  -0.0000000000164783  -0.0000000000195495  -0.0000000000226866  -0.0000000000257516  -0.0000000000294479  -0.0000000000337699  -0.0000000000349024  -0.0000000000425100  -0.0000000001012412  -0.0000000002045493  -0.0000000002321479  -0.0000000001454007  -0.0000000000864579   0.0000000000303946   0.0000000004308700   0.0000000004897107   0.0000000002074378   0.0000000004113128   0.0000000002643313   0.0000000003036350  -0.0000000015239657  -0.0000000225361819   0.0000000184821823   0.0000017057483875  -0.0000033525699568  -0.0001086937685364   0.0006124401317642   0.0041695744695019  -0.0306178499222765  -0.0484712714365707  -0.0400764246519304  -0.0365373091910233  -0.0351360543418780  -0.0336955841976237  -0.0311452746526962  -0.0263277810386650  -0.0198667283838004  -0.0102443091171231  -0.0015704275287644   0.0000000000000000   0.0000000000000000   0.0000000000000000   0.0000000000000000   0.0000000000000000   0.0000000000000000
   0.0000000000000000   0.0000000000000000   0.0000000000000000   0.0000000000000000   0.0000000000000000   0.0000000000000000   0.0000000000000000   0.0000000000000000   0.0000000000000000   0.0000000000000000   0.0000000000000000   0.0000000000000000   0.0375677323999923  -0.0017046500841255  -0.0003642853564078   0.0001199243200798  -0.0015944248481359   0.0375540580886662   0.0000000000000000   0.0000000000000000   0.0000000000000000   0.0000000000000000   0.0000000000000000   0.0000000000000000   0.0000000000000000   0.0000000000000000   0.0000000000000000   0.0000000000000000   0.0000000000000000   0.0736037856491163  -0.0030278402296809  -0.0027459699022534   0.0738308593246055   0.0000000000000000   0.0000000000000000   0.0000000000000000   0.0000000000000000   0.0000000000000000   0.0000000000000000   0.0727990992387525   0.0727818712369924   0.0000000000000000   0.0000000000000000   0.0000000000000000   0.0000000000000000   0.0000000000000000   0.0384177290022151  -0.0029330008636606   0.0380374804162444   0.0000000000000000   0.0383405766585632  -0.0017610303506221  -0.0003699814222196   0.0000475989079879   0.0000520274287272  -0.0003771459234712  -0.0017807246647198   0.0383379630808638   0.0000000000000000   0.0000000000000000   0.0000000000000000   0.0000000000000000   0.0000000000000000   0.0000000000000000   0.0000000000000000   0.0000000000000000   0.0000000000000000   0.0000000000000000   0.0000000000000000   0.0000000000000000   0.0000000000000000   0.0000000000000000   0.0000000000000000   0.0000000000000000   0.0000000000000000   0.0383379889791278  -0.0017859133172021  -0.0003798932812980  -0.0003331159126471  -0.0028767196722937   0.0738334880428767   0.0000000000000000   0.0000000000000000   0.0000000000000000   0.0000000000000000   0.0000000000000000   0.0000000000000000   0.0000000000000000   0.0000000000000000   0.0000000000000000   0.0000000000000000   0.0000000000000000   0.0000000000000000   0.0000000000000000   0.0000000000000000   0.0000000000000000   0.0000000000000000   0.0000000000000000   0.0000000000000000   0.0000000000000000   0.0372159899485319  -0.0015785966912036   0.0000759168553364  -0.0000036688674283   0.0000001831487544  -0.0000000087221577   0.0000000003090816  -0.0000000000161096  -0.0000000000058716  -0.0000000000081016  -0.0000000000078671  -0.0000000000072322  -0.0000000000069534  -0.0000000000081481  -0.0000000000105894  -0.0000000000128723  -0.0000000000145546  -0.0000000000164142  -0.0000000000190746  -0.0000000000225674  -0.0000000000254655  -0.0000000000270748  -0.0000000000629103  -0.0000000001756936  -0.0000000002764385  -0.0000000002660390  -0.0000000002039888  -0.0000000001339466   0.0000000001076693   0.0000000004154185   0.0000000003362359   0.0000000005923529   0.0000000011188300   0.0000000017942039  -0.0000000025180786  -0.0000000266936156   0.0000002214295962   0.0000013237239930  -0.0000075793970033  -0.0001132120256472   0.0007085399007082   0.0060607627481674  -0.0440571610363391  -0.0436853018156649  -0.0385109756311578  -0.0349173779271159  -0.0312360608706365  -0.0284358365614304  -0.0262913069522891  -0.0221881261865929  -0.0157389339096384  -0.0064958090471171  -0.0010466480293788   0.0000000000000000   0.0000000000000000   0.0000000000000000   0.0000000000000000   0.0000000000000000   0.0000000000000000   0.0000000000000000
   0.0000000000000000   0.0000000000000000   0.0000000000000000   0.0000000000000000   0.0000000000000000   0.0000000000000000   0.0000000000000000   0.0000000000000000   0.0000000000000000   0.0000000000000000   0.0000000000000000   0.0000000000000000   0.0000000000000000   0.0379136534579655  -0.0012877044224664   0.0000798888623132  -0.0003767241584066  -0.0017603382137926   0.0383350320134221   0.0000000000000000   0.0000000000000000   0.0000000000000000   0.0000000000000000   0.0000000000000000   0.0000000000000000   0.0000000000000000   0.0000000000000000   0.0000000000000000   0.0000000000000000   0.0375593532189655  -0.0014987679492927  -0.0016076861720031   0.0379230673021537   0.0000000000000000   0.0000000000000000   0.0000000000000000   0.0000000000000000   0.0000000000000000   0.0000000000000000   0.0000000000000000   0.0000000000000000   0.0000000000000000   0.0000000000000000   0.0000000000000000   0.0000000000000000   0.0000000000000000   0.0379288833538972  -0.0016997142732903  -0.0008291118003091  -0.0008933956701365  -0.0008862010051579  -0.0004004613234485   0.0000416791109830   0.0000017330744443   0.0000017588055298   0.0000420724302694  -0.0004004951055312  -0.0008686986134120  -0.0013739955310956   0.0387595976264961   0.0000000000000000   0.0000000000000000   0.0000000000000000   0.0000000000000000   0.0000000000000000   0.0000000000000000   0.0000000000000000   0.0000000000000000   0.0000000000000000   0.0000000000000000   0.0000000000000000   0.0000000000000000   0.0000000000000000   0.0383328425636908  -0.0013547260181633  -0.0008694858176377  -0.0004003338953062   0.0000444701233400   0.0000950891107919  -0.0015925407587519   0.0375539060551600   0.0000000000000000   0.0000000000000000   0.0000000000000000   0.0000000000000000   0.0000000000000000   0.0000000000000000   0.0000000000000000   0.0000000000000000   0.0000000000000000   0.0000000000000000   0.0000000000000000   0.0000000000000000   0.0000000000000000   0.0000000000000000   0.0000000000000000   0.0000000000000000   0.0000000000000000   0.0000000000000000   0.0735874605510683  -0.0031398491178205  -0.0003057788441210   0.0000244476811449  -0.0000014870004315   0.0000000826488378  -0.0000000044460455   0.0000000002611199   0.0000000000077044   0.0000000000110369   0.0000000000023708  -0.0000000000070655  -0.0000000000198115  -0.0000000000366595  -0.0000000000560434  -0.0000000000765663  -0.0000000000991318  -0.0000000001246933  -0.0000000001514209  -0.0000000001748349  -0.0000000001872061  -0.0000000001705946  -0.0000000001117690  -0.0000000000476314   0.0000000000661782   0.0000000004091585   0.0000000009723883   0.0000000016557381   0.0000000023363468   0.0000000027121746   0.0000000019027756  -0.0000000010941569  -0.0000000068751456  -0.0000000159238726  -0.0000000338369907  -0.0000000734280489   0.0000004173307779   0.0000009101394298  -0.0000219751337029  -0.0000466634061362   0.0009277330926859   0.0057684923183323  -0.0487347359305073  -0.0391535498201260  -0.0357183518159222  -0.0337944618531699  -0.0307861576757083  -0.0265069855936206  -0.0212114983907679  -0.0183172096937845  -0.0093062047390637  -0.0026997252614109  -0.0006877525389916  -0.0000986544918174   0.0000000000000000   0.0000000000000000   0.0000000000000000   0.0000000000000000   0.0000000000000000   0.0000000000000000   0.0000000000000000
   0.0000000000000000   0.0000000000000000   0.0000000000000000   0.0000000000000000   0.0000000000000000   0.0000000000000000   0.0000000000000000   0.0000000000000000   0.0000000000000000   0.0000000000000000   0.0000000000000000   0.0000000000000000   0.0000000000000000   0.0379112612649234  -0.0012849599854683   0.0000559898373396   0.0000397274186383  -0.0003999102179204  -0.0008976042978781  -0.0004184145880559  -0.0009147172898632   0.0387487525892758   0.0000000000000000   0.0000000000000000   0.0000000000000000   0.0000000000000000   0.0000000000000000   0.0000000000000000   0.0379071998049873  -0.0017455987322120  -0.0003058637242742  -0.0010541546223946   0.0071277369046227   0.0000165951013723   0.0000000000000000   0.0000000000000000   0.0000000000000000   0.0000000000000000   0.0000000000000000   0.0000000000000000   0.0000000000000000   0.0000000000000000   0.0378830709030373   0.0378772794368351   0.0000000000000000   0.0383364726476122  -0.0017678338818941  -0.0003649048600071   0.0000627669642908   0.0000427106775916   0.0000380723812727   0.0000202181125995   0.0000035847770221  -0.0000006746987929  -0.0000006807849210   0.0000035973088270   0.0000194931537281   0.0000551130446049  -0.0004080726902320  -0.0009106713858567  -0.0004519494962133   0.0000112908988155  -0.0000013532882496   0.0000289394190181  -0.0009258871253872   0.0387490646014669   0.0000000000000000   0.0000000000000000   0.0000000000000000   0.0000000000000000   0.0000000000000000   0.0000000000000000   0.0383272967739385  -0.0017801594401680  -0.0003771000193770   0.0000538179772532   0.0000195580460453   0.0000015832734765   0.0000265510864433  -0.0003743952733885  -0.0017617424474933   0.0383588680301140   0.0000000000000000   0.0000000000000000   0.0000000000000000   0.0000000000000000   0.0000000000000000   0.0000000000000000   0.0000000000000000   0.0000000000000000   0.0000000000000000   0.0000000000000000   0.0000000000000000   0.0000000000000000   0.0000000000000000   0.0000000000000000   0.0000000000000000   0.0000000000000000   0.0000000000000000   0.0733332195125891  -0.0029685142652375   0.0001574162593008  -0.0000021592433505  -0.0000001510120664   0.0000000175463901  -0.0000000019388683  -0.0000000004568172  -0.0000000004654264  -0.0000000003479737  -0.0000000002011782  -0.0000000000152840   0.0000000002156951   0.0000000004998469   0.0000000008417373   0.0000000012398246   0.0000000016872429   0.0000000021665573   0.0000000026350638   0.0000000030067065   0.0000000031287204   0.0000000027561041   0.0000000014851840  -0.0000000012678560  -0.0000000060233885  -0.0000000133318403  -0.0000000236892526  -0.0000000364317642  -0.0000000488873962  -0.0000000548439659  -0.0000000425910260   0.0000000066203274   0.0000001165242888   0.0000003020897098   0.0000004966003965   0.0000012389683530   0.0000012735511232  -0.0000400797263084   0.0000432804991814   0.0017424697364431  -0.0006313680249177  -0.0475743452492123  -0.0356467396749939  -0.0327547548971124  -0.0310806628316403  -0.0291737976839267  -0.0257866639983810  -0.0200520669437832  -0.0140642373140346   0.0000000000000000   0.0000000000000000   0.0000000000000000   0.0000000000000000   0.0000000000000000   0.0000000000000000   0.0000000000000000   0.0000000000000000   0.0000000000000000   0.0000000000000000   0.0000000000000000   0.0000000000000000
   0.0000000000000000   0.0000000000000000   0.0000000000000000   0.0000000000000000   0.0000000000000000   0.0000000000000000   0.0000000000000000   0.0000000000000000   0.0000000000000000   0.0000000000000000   0.0000000000000000   0.0000000000000000   0.0379077332662368  -0.0017530467320309  -0.0003861735017775   0.0000239474870827   0.0000022509310934   0.0000205676928671   0.0000320931835777   0.0000440146877826  -0.0004246913418903  -0.0009153252354955  -0.0004527197229212   0.0000401829338453  -0.0009264691509649   0.0387542693205268   0.0000000000000000   0.0383368994619876  -0.0017665825003838  -0.0003733356792228   0.0001298095299833  -0.0018314484564233   0.0444248325787938   0.0000000000000000   0.0000000000000000   0.0000000000000000   0.0000000000000000   0.0000000000000000   0.0000000000000000   0.0000000000000000   0.0387698109193134  -0.0013596292828250  -0.0012749806903793  -0.0012927663638755  -0.0008801875890784  -0.0008864231401846  -0.0004002975641866   0.0000414402764153   0.0000014974100897  -0.0000023914660316  -0.0000017102868674  -0.0000010103255831  -0.0000003214012252  -0.0000000144099792  -0.0000000153907060  -0.0000003046902117  -0.0000013318296761   0.0000031070956167   0.0000206757523947   0.0000335715958788   0.0000223264847380   0.0000050320216259  -0.0000012293324354   0.0000219509771729  -0.0004296780564636  -0.0009151344314684  -0.0004517359679516   0.0000112323276735  -0.0000003520575635  -0.0000003503192431   0.0000111178932021  -0.0004473042841207  -0.0008962614889036  -0.0003994719874371   0.0000419633828197   0.0000021112368578  -0.0000012841588927  -0.0000007122483744   0.0000029801230866   0.0000420866997089  -0.0004029030736596  -0.0008272138864958  -0.0025092739868909   0.0741369413323808   0.0000000000000000   0.0000000000000000   0.0000000000000000   0.0000000000000000   0.0000000000000000   0.0000000000000000   0.0000000000000000   0.0000000000000000   0.0000000000000000   0.0000000000000000   0.0371105587118451   0.0374786496786676   0.0000000000000000   0.0000000000000000   0.0000000000000000   0.0735873064952672  -0.0026834948287919   0.0001233527794191  -0.0000060546256216   0.0000002448614506   0.0000000055352594   0.0000000114724637   0.0000000100998845   0.0000000082654218   0.0000000058318766   0.0000000026806548  -0.0000000013051775  -0.0000000062553530  -0.0000000123082614  -0.0000000195893158  -0.0000000281672624  -0.0000000379851167  -0.0000000487378967  -0.0000000596582713  -0.0000000691787278  -0.0000000744505482  -0.0000000707178735  -0.0000000506842138  -0.0000000039686963   0.0000000828459172   0.0000002234739343   0.0000004258152826   0.0000006785130906   0.0000009233580617   0.0000010085040693   0.0000006127226292  -0.0000008702859842  -0.0000044882651448  -0.0000119901755418  -0.0000256918916547  -0.0000475252694484  -0.0001364003223748  -0.0000506953966067   0.0026017762782340  -0.0091969991180915  -0.0430982964314811  -0.0321809352964970  -0.0298795982224165  -0.0279899098192396  -0.0254006663998856  -0.0216785982326789  -0.0158008904211517  -0.0068858213460594  -0.0010150850544021   0.0000000000000000   0.0000000000000000   0.0000000000000000   0.0000000000000000   0.0000000000000000   0.0000000000000000   0.0000000000000000   0.0000000000000000   0.0000000000000000   0.0000000000000000   0.0000000000000000   0.0000000000000000
   0.0000000000000000   0.0000000000000000   0.0000000000000000   0.0000000000000000   0.0000000000000000   0.0000000000000000   0.0000000000000000   0.0000000000000000   0.0000000000000000   0.0000000000000000   0.0000000000000000   0.0379076259294720  -0.0017479027444038  -0.0003694151524561   0.0000412194610085   0.0000032716733738  -0.0000006847820447  -0.0000009124552565  -0.0000017219465536   0.0000034443179668   0.0000212962639289   0.0000339351326787   0.0000214175186561   0.0000269560755304  -0.0004302977676086  -0.0009046620463478  -0.0008995504757147  -0.0008859381713673  -0.0004000907170677   0.0000371610207007   0.0001070054061786  -0.0024545779440067   0.0737882045438326   0.0000000000000000   0.0000000000000000   0.0000000000000000   0.0000000000000000   0.0000000000000000   0.0387597225807066  -0.0013786523443416  -0.0008834044257398  -0.0004047092060552   0.0000760177868017   0.0000581816039887   0.0000485766720301   0.0000377672798755   0.0000202432584469   0.0000036076312574  -0.0000006118560164   0.0000001018906385   0.0000001115589045   0.0000000807203563   0.0000000559870176   0.0000000453071599   0.0000000510107531   0.0000000789738547   0.0000000666922072  -0.0000002358376712  -0.0000008853929798  -0.0000012813938114  -0.0000009299496493  -0.0000002523059182  -0.0000002904399420   0.0000046061320910   0.0000218380340854   0.0000341154962154   0.0000225673380490   0.0000052019569781  -0.0000000199917076   0.0000000026654677   0.0000052157827439   0.0000223328562698   0.0000333561364627   0.0000207762262460   0.0000039079300419  -0.0000002897387967   0.0000004304497241   0.0000004335897762  -0.0000002614132046   0.0000041387332986   0.0000179481887257   0.0001047949482352  -0.0015969197972701   0.0375459316826154   0.0000000000000000   0.0000000000000000   0.0000000000000000   0.0000000000000000   0.0000000000000000   0.0000000000000000   0.0000000000000000   0.0000000000000000   0.0000000000000000   0.0738422777668866  -0.0032404641617760  -0.0021002846074011   0.0383425977444715   0.0000000000000000   0.0000000000000000   0.0379838588028921  -0.0016188516491355   0.0000778988226652  -0.0000040911270461  -0.0000001137293120  -0.0000003076346402  -0.0000002868138266  -0.0000002672969232  -0.0000002376924052  -0.0000001967018959  -0.0000001423775312  -0.0000000725672481   0.0000000150395549   0.0000001227468432   0.0000002524671022   0.0000004049177406   0.0000005781108938   0.0000007646637391   0.0000009471886017   0.0000010907259915   0.0000011308129457   0.0000009554235761   0.0000003786614951  -0.0000008958792690  -0.0000033243977251  -0.0000075862781755  -0.0000146598611308  -0.0000259099691433  -0.0000431814383870  -0.0000688858782726  -0.0001060710365925  -0.0001584566284892  -0.0002303918530761  -0.0003270543166939  -0.0004503699959020  -0.0006368961237035  -0.0008823991446485   0.0025980902912772  -0.0142152556897036  -0.0371593707065638  -0.0281215107040673  -0.0263415592344435  -0.0244153715057894  -0.0215161635890097  -0.0173209111496894  -0.0109310102722360  -0.0042149894800582  -0.0005352663888312   0.0000000000000000   0.0000000000000000   0.0000000000000000   0.0000000000000000   0.0000000000000000   0.0000000000000000   0.0000000000000000   0.0000000000000000   0.0000000000000000   0.0000000000000000   0.0000000000000000   0.0000000000000000   0.0000000000000000
   0.0000000000000000   0.0000000000000000   0.0000000000000000   0.0000000000000000   0.0000000000000000   0.0000000000000000   0.0000000000000000   0.0000000000000000   0.0000000000000000   0.0000000000000000   0.0379110692565635  -0.0017482344256058  -0.0003697202173034   0.0000405190320025   0.0000026135244654  -0.0000006660482185   0.0000000028536662   0.0000000539168265   0.0000000182507623  -0.0000003171606130  -0.0000009895961916  -0.0000013659221540  -0.0000014036668366   0.0000040851739329   0.0000213847857632   0.0000389377328273   0.0000444945308546   0.0000380857529474   0.0000203741002371   0.0000000470313883   0.0000751604754891  -0.0016254538127124   0.0379851779471296   0.0000000000000000   0.0387541762739110  -0.0009265502354203   0.0000400936539583  -0.0004530718791660  -0.0009107276550148  -0.0004079441921963   0.0000554158508880   0.0000191556585876   0.0000018486034373  -0.0000034079369932  -0.0000027300662899  -0.0000022015056656  -0.0000014984964843  -0.0000008977202129  -0.0000006955378170  -0.0000007747845104  -0.0000009079262000  -0.0000010471669278  -0.0000012054234599  -0.0000013851896687  -0.0000015887358769  -0.0000018176403558  -0.0000020694917246  -0.0000023385025580  -0.0000026295527604  -0.0000029654237391  -0.0000033631549571  -0.0000038054668227  -0.0000043294922524  -0.0000051623803896  -0.0000063551372393  -0.0000073254641375  -0.0000075999135741  -0.0000076286689793  -0.0000080062260199  -0.0000087705831572  -0.0000099175742576  -0.0000114016123800  -0.0000126300695144  -0.0000131697354064  -0.0000135070609402  -0.0000142171080968  -0.0000152370580058  -0.0000163231189978  -0.0000174811898508  -0.0000188631546568  -0.0000223884222831   0.0000057663751173  -0.0003967921792691  -0.0017847810688271   0.0383003569696923   0.0000000000000000   0.0000000000000000   0.0000000000000000   0.0000000000000000   0.0000000000000000   0.0000000000000000   0.0000000000000000   0.0000000000000000   0.0379889972362484  -0.0015673091416605  -0.0003050807977827  -0.0008928615161603  -0.0004333948127290  -0.0004292145838335  -0.0008873211666493  -0.0004020775291799   0.0000320096504022   0.0000009415149886   0.0000023434669665   0.0000016874191828   0.0000009421795667  -0.0000000381215663  -0.0000012918307508  -0.0000028725831909  -0.0000048458989502  -0.0000072935292044  -0.0000103188387083  -0.0000140540524968  -0.0000186698973817  -0.0000243881586229  -0.0000314976131903  -0.0000403736249007  -0.0000515013226126  -0.0000655017973692  -0.0000831601613157  -0.0001054534765089  -0.0001335759394407  -0.0001689582469723  -0.0002132775517298  -0.0002684535223960  -0.0003366261690581  -0.0004201124738970  -0.0005213361585474  -0.0006427248361945  -0.0007865742301608  -0.0009548731964695  -0.0011490524620615  -0.0013706222340919  -0.0016048258030901  -0.0020649376740899  -0.0000656350792002  -0.0046477252489401  -0.0318198042855313  -0.0233652000569842  -0.0219348994807913  -0.0199721287758636  -0.0173198879595076  -0.0127227763163121  -0.0068591520365968  -0.0023557677919098  -0.0004435402874333  -0.0000853203052971   0.0000000000000000   0.0000000000000000   0.0000000000000000   0.0000000000000000   0.0000000000000000   0.0000000000000000   0.0000000000000000   0.0000000000000000   0.0000000000000000   0.0000000000000000   0.0000000000000000   0.0000000000000000   0.0000000000000000
   0.0000000000000000   0.0000000000000000   0.0000000000000000   0.0000000000000000   0.0000000000000000   0.0000000000000000   0.0000000000000000   0.0000000000000000   0.0000000000000000   0.0375569327908360  -0.0017284186720056  -0.0003707911178930   0.0000405913393576   0.0000026404828723  -0.0000006408231565  -0.0000000004234741   0.0000000077826624  -0.0000000019168896   0.0000000024898988   0.0000000195271714   0.0000000451324825   0.0000000647467385   0.0000000078456042  -0.0000003371228630  -0.0000010539232691  -0.0000017766474596  -0.0000020532920324  -0.0000017454612538  -0.0000009177880461  -0.0000020041145388   0.0000292244903991  -0.0004052871241707  -0.0008794229227611  -0.0008956825309434  -0.0009048227999156  -0.0004303770669689   0.0000268642416765   0.0000212568322484   0.0000334804099833   0.0000205076060469   0.0000029105413019  -0.0000015328934878  -0.0000004912833356  -0.0000002172918784  -0.0000002359508929  -0.0000003312239461  -0.0000004360784310  -0.0000005469640876  -0.0000006556631843  -0.0000007659101148  -0.0000008872305198  -0.0000010252226729  -0.0000011819577952  -0.0000013591819655  -0.0000015588829848  -0.0000017831776590  -0.0000020343776754  -0.0000023148174704  -0.0000026263649794  -0.0000029703132919  -0.0000033482306385  -0.0000037618890535  -0.0000042095581837  -0.0000046857925130  -0.0000051948105642  -0.0000057576806581  -0.0000063888694503  -0.0000070757590584  -0.0000077972366822  -0.0000085448753097  -0.0000093181920595  -0.0000101245678445  -0.0000109838159437  -0.0000119071054715  -0.0000128789989579  -0.0000138784451872  -0.0000149022471721  -0.0000159570570162  -0.0000170451389762  -0.0000181260663935  -0.0000196878893479  -0.0000174841880777   0.0000202699767124  -0.0004227118007455  -0.0009261900120004  -0.0004496702455205  -0.0009451429714090   0.0385294955072897   0.0000000000000000   0.0387047446982206  -0.0009939364973316  -0.0000315537229644  -0.0005230679185364  -0.0009770607445127  -0.0004958374953580  -0.0000533283332186  -0.0000812548719076  -0.0000955290845176  -0.0001070756630480  -0.0001135108728754  -0.0001387105735316  -0.0001695876087664  -0.0001891346947613  -0.0002047334957246  -0.0002217830196316  -0.0002397690867459  -0.0002587629592418  -0.0002788181251939  -0.0003000176493177  -0.0003224759441064  -0.0003463430746964  -0.0003718093105037  -0.0003991108799472  -0.0004285374575494  -0.0004604415287568  -0.0004952493355231  -0.0005334725445992  -0.0005757187825218  -0.0006226979255265  -0.0006752210124172  -0.0007341895448553  -0.0008005728909434  -0.0008753700589579  -0.0009595519782304  -0.0010539865624014  -0.0011593506458137  -0.0012760301548339  -0.0014040178921453  -0.0015428207108772  -0.0016913885098842  -0.0018480751935309  -0.0020107272468945  -0.0021771577153543  -0.0023122340066422  -0.0031034187146423   0.0077181026769365  -0.0162622147708675  -0.0188960154315696  -0.0166080328448868  -0.0147031983014261  -0.0123624638803105  -0.0081390512991226  -0.0039557422535830  -0.0013204488831396  -0.0003206665212985  -0.0001025406428681  -0.0000329914751405   0.0000000000000000   0.0000000000000000   0.0000000000000000   0.0000000000000000   0.0000000000000000   0.0000000000000000   0.0000000000000000   0.0000000000000000   0.0000000000000000   0.0000000000000000   0.0000000000000000   0.0000000000000000   0.0000000000000000
   0.0000000000000000   0.0000000000000000   0.0000000000000000   0.0000000000000000   0.0000000000000000   0.0000000000000000   0.0000000000000000   0.0000000000000000   0.0738389659894882  -0.0028551363309864  -0.0003242397393247   0.0000385533465217   0.0000027300849044  -0.0000006461755554  -0.0000000012014024   0.0000000081147900  -0.0000000003708474  -0.0000000000660986  -0.0000000002635802  -0.0000000010575553  -0.0000000021653548  -0.0000000023687915   0.0000000028543325   0.0000000208296347   0.0000000518870996   0.0000000822673988   0.0000000943915765   0.0000000788956227   0.0000000810230649  -0.0000004133694970   0.0000040054479602   0.0000204090990017   0.0000379388594581   0.0000443165422538   0.0000388970871353   0.0000213909781028   0.0000040902003361  -0.0000013932086471  -0.0000013430910654  -0.0000009577150507  -0.0000002965155750   0.0000000146235848   0.0000000342983564   0.0000000135808319   0.0000000121413489   0.0000000160527465   0.0000000211341985   0.0000000264302926   0.0000000317515475   0.0000000372063398   0.0000000431505857   0.0000000498655027   0.0000000574895743   0.0000000661141993   0.0000000758355657   0.0000000867586378   0.0000000989955958   0.0000001126561379   0.0000001278317880   0.0000001445974060   0.0000001630318767   0.0000001831815335   0.0000002049588121   0.0000002282534741   0.0000002533631052   0.0000002810569322   0.0000003118119905   0.0000003452290454   0.0000003805176246   0.0000004172054880   0.0000004552706286   0.0000004951369620   0.0000005375369470   0.0000005828091309   0.0000006304377125   0.0000006796558699   0.0000007302059292   0.0000007822644975   0.0000008352970956   0.0000008951222631   0.0000009361030549   0.0000003057511791   0.0000046063779159   0.0000216763735965   0.0000334669814941   0.0000454415030713  -0.0004205055827600  -0.0009552293032553  -0.0009604962327091  -0.0009675463529371  -0.0004969999812935  -0.0000443314001383  -0.0000566137379571  -0.0000511370165818  -0.0000712576780266  -0.0000971498944481  -0.0001113361158805  -0.0001209574321869  -0.0001318904545395  -0.0001436269966654  -0.0001557374525531  -0.0001684484271946  -0.0001822633921584  -0.0001971191573511  -0.0002127681015310  -0.0002291441378157  -0.0002462501375849  -0.0002640952497493  -0.0002827056667885  -0.0003021252226886  -0.0003224164193760  -0.0003436604443860  -0.0003659555365972  -0.0003894145195719  -0.0004141637844288  -0.0004403447028403  -0.0004681099381669  -0.0004976081481292  -0.0005289762839177  -0.0005623540480064  -0.0005978811578213  -0.0006356515891575  -0.0006756790238292  -0.0007179131100562  -0.0007622665068407  -0.0008086146907341  -0.0008567973882844  -0.0009066489885260  -0.0009580355982737  -0.0010108895046649  -0.0010652541718332  -0.0011217095142650  -0.0011738391617635  -0.0012741278933651  -0.0022006018051302   0.0249610258834974  -0.0112040835838659  -0.0121366690672315  -0.0093881604202799  -0.0072784612969002  -0.0044233568221240  -0.0020209237188492  -0.0007095797471403  -0.0002290533386145  -0.0001071010096632  -0.0000521353302276  -0.0000061460185347   0.0000000000000000   0.0000000000000000   0.0000000000000000   0.0000000000000000   0.0000000000000000   0.0000000000000000   0.0000000000000000   0.0000000000000000   0.0000000000000000   0.0000000000000000   0.0000000000000000   0.0000000000000000   0.0000000000000000
   0.0000000000000000   0.0000000000000000   0.0000000000000000   0.0000000000000000   0.0000000000000000   0.0000000000000000   0.0000000000000000   0.0000000000000000   0.0372066622657655  -0.0015740097332192   0.0000893142363368   0.0000005821696171  -0.0000005518910415  -0.0000000053671223   0.0000000083423970  -0.0000000003963476  -0.0000000000833620   0.0000000000114097   0.0000000000196184   0.0000000000556943   0.0000000000972214   0.0000000000567687  -0.0000000002841075  -0.0000000011731572  -0.0000000025435960  -0.0000000038384508  -0.0000000043106477  -0.0000000042740205   0.0000000031364676  -0.0000000338482705  -0.0000003351660513  -0.0000010158845149  -0.0000017371242487  -0.0000020465944857  -0.0000017735552973  -0.0000010536920857  -0.0000003374579536   0.0000000072519777   0.0000000636596846   0.0000000437979693   0.0000000186613270   0.0000000025748158  -0.0000000012884830  -0.0000000009005023  -0.0000000006531185  -0.0000000008012158  -0.0000000010408979  -0.0000000012991958  -0.0000000015619475  -0.0000000018341152  -0.0000000021293807  -0.0000000024609517  -0.0000000028366496  -0.0000000032616144  -0.0000000037405779  -0.0000000042786520  -0.0000000048812911  -0.0000000055536868  -0.0000000063003434  -0.0000000071251950  -0.0000000080317337  -0.0000000090210012  -0.0000000100899551  -0.0000000112381203  -0.0000000124809664  -0.0000000138475509  -0.0000000153545702  -0.0000000169879899  -0.0000000187171204  -0.0000000205200208  -0.0000000223956340  -0.0000000243633866  -0.0000000264511011  -0.0000000286703343  -0.0000000310024727  -0.0000000334182616  -0.0000000359050199  -0.0000000384555018  -0.0000000411299647  -0.0000000440035517  -0.0000000368594796  -0.0000000691583247  -0.0000003759490879  -0.0000009956897345  -0.0000017851268158   0.0000033326070481   0.0000215192578677   0.0000408295854760   0.0000476419387855   0.0000420604679993   0.0000246791775073   0.0000076159312499   0.0000024343824505   0.0000028205057561   0.0000035660576601   0.0000046389418526   0.0000054232211878   0.0000059630611584   0.0000064932842610   0.0000070655954389   0.0000076638293175   0.0000082948301792   0.0000089734959545   0.0000097013341311   0.0000104702706828   0.0000112760354281   0.0000121220109173   0.0000130158495174   0.0000139559001064   0.0000149243658667   0.0000159101606442   0.0000169290436452   0.0000180054804060   0.0000191392382580   0.0000202910231649   0.0000214720678162   0.0000228264992709   0.0000242978200139   0.0000253842574442   0.0000259263055119   0.0000266365210976   0.0000279309175603   0.0000290896352901   0.0000292521592301   0.0000281663943686   0.0000256859283526   0.0000213817406057   0.0000146528609097   0.0000048187515767  -0.0000088690439595  -0.0000273704807106  -0.0000505291450406  -0.0000632619303081  -0.0005431879629854   0.0056388800840305   0.0044175926585015  -0.0063738774446522  -0.0054786417768579  -0.0036640265246562  -0.0019566438439083  -0.0008497744143460  -0.0003127963441355  -0.0001348848396240  -0.0000951945558322  -0.0000662292554210  -0.0000288962048120   0.0000000000000000   0.0000000000000000   0.0000000000000000   0.0000000000000000   0.0000000000000000   0.0000000000000000   0.0000000000000000   0.0000000000000000   0.0000000000000000   0.0000000000000000   0.0000000000000000   0.0000000000000000   0.0000000000000000   0.0000000000000000
   0.0000000000000000   0.0000000000000000   0.0000000000000000   0.0000000000000000   0.0000000000000000   0.0000000000000000   0.0000000000000000   0.0738359152394566  -0.0028558983497190  -0.0003291133761648   0.0000253709844267  -0.0000018196592199   0.0000000564832444   0.0000000053680963  -0.0000000002557565  -0.0000000000898213   0.0000000000093227   0.0000000000003095  -0.0000000000013029  -0.0000000000028203  -0.0000000000038972   0.0000000000005470   0.0000000000201392   0.0000000000631233   0.0000000001242199   0.0000000001791276   0.0000000002085684   0.0000000001134178   0.0000000002944374   0.0000000046332112   0.0000000208188607   0.0000000504098320   0.0000000807174468   0.0000000940228139   0.0000000821088732   0.0000000518491587   0.0000000208430872   0.0000000028863898  -0.0000000023180868  -0.0000000021079121  -0.0000000010204510  -0.0000000002656217   0.0000000000170205   0.0000000000469093   0.0000000000366448   0.0000000000403438   0.0000000000513744   0.0000000000639235   0.0000000000768890   0.0000000000904085   0.0000000001050747   0.0000000001214543   0.0000000001399795   0.0000000001609165   0.0000000001845125   0.0000000002110292   0.0000000002407007   0.0000000002738227   0.0000000003105976   0.0000000003512029   0.0000000003958056   0.0000000004444258   0.0000000004970051   0.0000000005536546   0.0000000006151189   0.0000000006824742   0.0000000007564254   0.0000000008363990   0.0000000009211385   0.0000000010097385   0.0000000011021464   0.0000000011991229   0.0000000013018988   0.0000000014107216   0.0000000015248769   0.0000000016437147   0.0000000017660442   0.0000000018920805   0.0000000020280717   0.0000000020376122   0.0000000022002618   0.0000000065113456   0.0000000219617444   0.0000000524170536   0.0000000223565530  -0.0000003144799808  -0.0000010704889199  -0.0000018636181363  -0.0000022033229119  -0.0000019324793365  -0.0000012164932558  -0.0000005114456339  -0.0000001812396004  -0.0000001412302223  -0.0000001791121596  -0.0000002245934447  -0.0000002637659339  -0.0000002930098106  -0.0000003196106479  -0.0000003475341250  -0.0000003770166823  -0.0000004082007154  -0.0000004415742851  -0.0000004772178043  -0.0000005154628766  -0.0000005490937116  -0.0000006300753460  -0.0000009839827434  -0.0000016612753305  -0.0000020896579029  -0.0000017951316793  -0.0000012128039268  -0.0000009307322090  -0.0000009865864017  -0.0000004252200102   0.0000020382264461   0.0000016964870644  -0.0000049485060210  -0.0000023736841720   0.0000188138467928   0.0000322060348074   0.0000190609721829   0.0000013168654943  -0.0000033669144117  -0.0000026780656673  -0.0000028949287194  -0.0000036283959787  -0.0000048185011371  -0.0000066051644175  -0.0000092857678740  -0.0000134903437898  -0.0000097831103659  -0.0001339164571646  -0.0003658794993966   0.0237868337532857  -0.0089960801584534  -0.0025962982206588  -0.0015098581580110  -0.0006691426177119  -0.0002040718620406  -0.0000459435704497  -0.0000243773073434  -0.0000410935493313  -0.0000501979830290  -0.0000418161267253   0.0000000000000000   0.0000000000000000   0.0000000000000000   0.0000000000000000   0.0000000000000000   0.0000000000000000   0.0000000000000000   0.0000000000000000   0.0000000000000000   0.0000000000000000   0.0000000000000000   0.0000000000000000   0.0000000000000000   0.0000000000000000   0.0000000000000000
   0.0000000000000000   0.0000000000000000   0.0000000000000000   0.0000000000000000   0.0000000000000000   0.0000000000000000   0.0000000000000000   0.0379865968845733  -0.0016120640985909   0.0000914785145126   0.0000009476252352  -0.0000002821138298   0.0000000285900256  -0.0000000016082927  -0.0000000000164375   0.0000000000055368   0.0000000000007758  -0.0000000000001403   0.0000000000000612   0.0000000000001425   0.0000000000001267  -0.0000000000002000  -0.0000000000012435  -0.0000000000033330  -0.0000000000060593  -0.0000000000085525  -0.0000000000087671  -0.0000000000077614  -0.0000000000597414  -0.0000000003612439  -0.0000000011762934  -0.0000000024868972  -0.0000000037753348  -0.0000000043363454  -0.0000000038284251  -0.0000000025410035  -0.0000000011734518  -0.0000000002856924   0.0000000000544143   0.0000000000947100   0.0000000000541258   0.0000000000184210   0.0000000000019818  -0.0000000000018804  -0.0000000000019681  -0.0000000000020542  -0.0000000000025347  -0.0000000000031383  -0.0000000000037891  -0.0000000000044610  -0.0000000000051975  -0.0000000000059870  -0.0000000000069118  -0.0000000000079200  -0.0000000000090918  -0.0000000000104108  -0.0000000000118636  -0.0000000000134865  -0.0000000000152917  -0.0000000000172545  -0.0000000000194230  -0.0000000000217938  -0.0000000000243395  -0.0000000000270939  -0.0000000000301088  -0.0000000000333958  -0.0000000000369940  -0.0000000000408951  -0.0000000000450333  -0.0000000000493642  -0.0000000000539187  -0.0000000000587475  -0.0000000000638318  -0.0000000000691657  -0.0000000000749006  -0.0000000000806669  -0.0000000000863999  -0.0000000000925871  -0.0000000000972763  -0.0000000000996024  -0.0000000001524791  -0.0000000004434918  -0.0000000012658009  -0.0000000019485907   0.0000000023509543   0.0000000202559124   0.0000000530547918   0.0000000864570997   0.0000001014098707   0.0000000899456519   0.0000000599353794   0.0000000294320895   0.0000000121737858   0.0000000077731082   0.0000000088779452   0.0000000109709367   0.0000000128558491   0.0000000143784159   0.0000000157299630   0.0000000171034052   0.0000000185527911   0.0000000200905436   0.0000000217256579   0.0000000235815839   0.0000000235973835   0.0000000560504367  -0.0000003877319912   0.0000041336333078   0.0000209348216954   0.0000331817779320   0.0000220249846658   0.0000049660252146  -0.0000002064680073  -0.0000000689946689   0.0000029321106705  -0.0000562831540854  -0.0001374126295915   0.0001132180918239   0.0001981829382070  -0.0004565797192442  -0.0009104749457657  -0.0004079646834782   0.0000554902727736   0.0000201929433222   0.0000042039679945  -0.0000005449372563  -0.0000002768131197  -0.0000005776960336  -0.0000009992669657  -0.0000019106540246  -0.0000008313293437  -0.0000018704297355  -0.0005127067698493   0.0104889064077231  -0.0039677015721799  -0.0002038126616096  -0.0003835122446531   0.0000970897562657   0.0001741058914690   0.0001498886689336   0.0000922846912572   0.0000397922644006   0.0000060276938655  -0.0000088477270430  -0.0000078266587654   0.0000000000000000   0.0000000000000000   0.0000000000000000   0.0000000000000000   0.0000000000000000   0.0000000000000000   0.0000000000000000   0.0000000000000000   0.0000000000000000   0.0000000000000000   0.0000000000000000   0.0000000000000000   0.0000000000000000   0.0000000000000000   0.0000000000000000
   0.0000000000000000   0.0000000000000000   0.0000000000000000   0.0000000000000000   0.0741255680621209  -0.0025150038545397  -0.0007941899694603  -0.0008499356451125  -0.0004023270805878   0.0000282174746261  -0.0000019506998509   0.0000000483847871   0.0000000013239709  -0.0000000003445873   0.0000000000295459  -0.0000000000007103  -0.0000000000000683  -0.0000000000000125  -0.0000000000000073  -0.0000000000000042  -0.0000000000000127   0.0000000000000158   0.0000000000000777   0.0000000000001615   0.0000000000002860   0.0000000000003854   0.0000000000003901   0.0000000000009282   0.0000000000056961   0.0000000000235279   0.0000000000634518   0.0000000001220225   0.0000000001773435   0.0000000002010475   0.0000000001793584   0.0000000001240371   0.0000000000631374   0.0000000000202313   0.0000000000006524  -0.0000000000037952  -0.0000000000027397  -0.0000000000011243  -0.0000000000002243   0.0000000000000570   0.0000000000000980   0.0000000000000974   0.0000000000001301   0.0000000000001276   0.0000000000001816   0.0000000000002011   0.0000000000002423   0.0000000000002853   0.0000000000003337   0.0000000000003692   0.0000000000004491   0.0000000000005100   0.0000000000005786   0.0000000000006503   0.0000000000007381   0.0000000000008542   0.0000000000009668   0.0000000000010840   0.0000000000012270   0.0000000000013935   0.0000000000015613   0.0000000000017369   0.0000000000019374   0.0000000000021473   0.0000000000023498   0.0000000000025682   0.0000000000028024   0.0000000000030096   0.0000000000032380   0.0000000000035014   0.0000000000036867   0.0000000000038965   0.0000000000043748   0.0000000000048706   0.0000000000052621   0.0000000000064249   0.0000000000113953   0.0000000000290355   0.0000000000627421   0.0000000000422829  -0.0000000002683147  -0.0000000011653293  -0.0000000026154879  -0.0000000040406833  -0.0000000046854626  -0.0000000042108171  -0.0000000029401851  -0.0000000015958677  -0.0000000007404682  -0.0000000004387559  -0.0000000004417966  -0.0000000005313546  -0.0000000006221381  -0.0000000006991566  -0.0000000007684812  -0.0000000008377593  -0.0000000009099943  -0.0000000009848608  -0.0000000010770107  -0.0000000009393902  -0.0000000054136232   0.0000000793170269  -0.0000015294532764   0.0000274763964694  -0.0004107669340389  -0.0008958497852517  -0.0004453539889107   0.0000110870908139  -0.0000003404405801  -0.0000001228322525   0.0000038112046924  -0.0001224431756206   0.0049018799462836   0.0037156478398898   0.0000000000000000   0.0000000000000000   0.0387596456337681  -0.0013739732147119  -0.0008740454781529  -0.0004174064428614   0.0000259031700407  -0.0000013928896911  -0.0000000100022401  -0.0000001386000335  -0.0000002058977483  -0.0000012027647141   0.0000130587665763  -0.0001916990801612   0.0012687591100876   0.0172492873251432  -0.0027096441376385   0.0008448913354531   0.0006064783245975   0.0004763717041431   0.0003447459506423   0.0002267274545865   0.0001378536350687   0.0000774580853033   0.0000389112238597   0.0000166297515781   0.0000053883494668   0.0000000000000000   0.0000000000000000   0.0000000000000000   0.0000000000000000   0.0000000000000000   0.0000000000000000   0.0000000000000000   0.0000000000000000   0.0000000000000000   0.0000000000000000   0.0000000000000000   0.0000000000000000   0.0000000000000000   0.0000000000000000   0.0000000000000000
   0.0000000000000000   0.0000000000000000   0.0000000000000000   0.0000000000000000   0.0000000000000000   0.0375555945005702  -0.0017039246319787  -0.0003425364139091   0.0000485789252733   0.0000023616222211  -0.0000003266446037   0.0000000304961430  -0.0000000013891673   0.0000000000282580   0.0000000000028139  -0.0000000000004000   0.0000000000000238  -0.0000000000000041   0.0000000000000068  -0.0000000000000072  -0.0000000000000026  -0.0000000000000009   0.0000000000000029   0.0000000000000021  -0.0000000000000177  -0.0000000000000373  -0.0000000000000420  -0.0000000000000946  -0.0000000000004300  -0.0000000000013958  -0.0000000000033269  -0.0000000000059709  -0.0000000000083535  -0.0000000000093687  -0.0000000000084510  -0.0000000000060279  -0.0000000000033097  -0.0000000000012606  -0.0000000000002133   0.0000000000001341   0.0000000000001408   0.0000000000000604   0.0000000000000160  -0.0000000000000169  -0.0000000000000153  -0.0000000000000208  -0.0000000000000201  -0.0000000000000369  -0.0000000000000539  -0.0000000000000247  -0.0000000000000312  -0.0000000000000470  -0.0000000000000374  -0.0000000000000513  -0.0000000000000481  -0.0000000000000619  -0.0000000000000633  -0.0000000000000757  -0.0000000000000797  -0.0000000000000969  -0.0000000000001064  -0.0000000000001102  -0.0000000000001034  -0.0000000000001122  -0.0000000000001176  -0.0000000000001095  -0.0000000000001173  -0.0000000000001110  -0.0000000000001096  -0.0000000000001161  -0.0000000000001230  -0.0000000000001517  -0.0000000000002021  -0.0000000000002191  -0.0000000000003039  -0.0000000000004172  -0.0000000000004214  -0.0000000000002252  -0.0000000000001032   0.0000000000000440   0.0000000000002100  -0.0000000000004407  -0.0000000000015158   0.0000000000021067   0.0000000000209241   0.0000000000646002   0.0000000001290751   0.0000000001903743   0.0000000002183243   0.0000000001990362   0.0000000001453109   0.0000000000861904   0.0000000000454707   0.0000000000284565   0.0000000000267273   0.0000000000304529   0.0000000000347118   0.0000000000380162   0.0000000000401982   0.0000000000427694   0.0000000000468165   0.0000000000523928   0.0000000000361824   0.0000000004119911  -0.0000000072638005   0.0000001505501998  -0.0000031256974042   0.0000662472850423  -0.0014604346085440   0.0381598883501279   0.0000000000000000   0.0000000000000000   0.0000000000000000   0.0000000000000000   0.0000000000000000   0.0000000000000000   0.0000000000000000   0.0000000000000000   0.0000000000000000   0.0000000000000000   0.0000000000000000   0.0000000000000000   0.0383460211490434  -0.0013034907668274   0.0000538181338597  -0.0000023299325801   0.0000000802539834  -0.0000000348777946  -0.0000001334962773  -0.0000004893168253   0.0000334799509482  -0.0007554557958008   0.0145109507470197  -0.0005802459573048   0.0013842270712663   0.0009800196035209   0.0008595595779977   0.0006011004982772   0.0004117541354888   0.0002738273231539   0.0001750462732865   0.0001059562792463   0.0000591271506600   0.0000291394364425   0.0000115915375614   0.0000000000000000   0.0000000000000000   0.0000000000000000   0.0000000000000000   0.0000000000000000   0.0000000000000000   0.0000000000000000   0.0000000000000000   0.0000000000000000   0.0000000000000000   0.0000000000000000   0.0000000000000000   0.0000000000000000   0.0000000000000000   0.0000000000000000
   0.0000000000000000   0.0000000000000000   0.0000000000000000   0.0000000000000000   0.0000000000000000   0.0000000000000000   0.0375616627399725  -0.0016020523827652   0.0000763460607533  -0.0000041024966808   0.0000001503269622  -0.0000000037519743  -0.0000000001115796   0.0000000000140548  -0.0000000000006048  -0.0000000000000101  -0.0000000000000043  -0.0000000000000047  -0.0000000000000047   0.0000000000000106   0.0000000000000024   0.0000000000000061  -0.0000000000000022  -0.0000000000000009   0.0000000000000098  -0.0000000000000030  -0.0000000000000032  -0.0000000000000003   0.0000000000000054   0.0000000000000858   0.0000000000001734   0.0000000000002972   0.0000000000003943   0.0000000000004400   0.0000000000003986   0.0000000000002942   0.0000000000001792   0.0000000000000780   0.0000000000000122  -0.0000000000000099  -0.0000000000000113  -0.0000000000000127  -0.0000000000000230  -0.0000000000000167  -0.0000000000000281  -0.0000000000000178  -0.0000000000000407  -0.0000000000000388  -0.0000000000000529  -0.0000000000000416  -0.0000000000000557  -0.0000000000000636  -0.0000000000000688  -0.0000000000000704  -0.0000000000000751  -0.0000000000000771  -0.0000000000000766  -0.0000000000000920  -0.0000000000000996  -0.0000000000001086  -0.0000000000001281  -0.0000000000001227  -0.0000000000001380  -0.0000000000001371  -0.0000000000001537  -0.0000000000001610  -0.0000000000001688  -0.0000000000001643  -0.0000000000001808  -0.0000000000001911  -0.0000000000001847  -0.0000000000002105  -0.0000000000002285  -0.0000000000002403  -0.0000000000002810  -0.0000000000003762  -0.0000000000004688  -0.0000000000004212  -0.0000000000002555  -0.0000000000001485   0.0000000000000570   0.0000000000005961   0.0000000000008953   0.0000000000004533  -0.0000000000006682  -0.0000000000026104  -0.0000000000053248  -0.0000000000079902  -0.0000000000092187  -0.0000000000083219  -0.0000000000057253  -0.0000000000026888  -0.0000000000003383   0.0000000000008276   0.0000000000010706   0.0000000000008232   0.0000000000001905  -0.0000000000012499  -0.0000000000028218  -0.0000000000025218  -0.0000000000009309  -0.0000000000004193  -0.0000000000316835   0.0000000004868995  -0.0000000103336881   0.0000002137744577  -0.0000044551111429   0.0000939507423113  -0.0020175761029206   0.0553577099203887   0.0000000000000000   0.0000000000000000   0.0000000000000000   0.0000000000000000   0.0000000000000000   0.0000000000000000   0.0000000000000000   0.0000000000000000   0.0000000000000000   0.0000000000000000   0.0000000000000000   0.0000000000000000   0.0379024521230520  -0.0012882943260848   0.0000532250067737  -0.0000022982151766   0.0000000930199453   0.0000000207932888  -0.0000005989316447   0.0000078311604247  -0.0000651989286166  -0.0008093046336272   0.0332808054882369   0.0004727231164137   0.0014624298405233   0.0011859832516938   0.0009477470978523   0.0006890082556555   0.0004777259175167   0.0003240171791405   0.0002108092053017   0.0001279653016779   0.0000694102221954   0.0000291226206198   0.0000126134112968   0.0000000000000000   0.0000000000000000   0.0000000000000000   0.0000000000000000   0.0000000000000000   0.0000000000000000   0.0000000000000000   0.0000000000000000   0.0000000000000000   0.0000000000000000   0.0000000000000000   0.0000000000000000   0.0000000000000000   0.0000000000000000   0.0000000000000000
   0.0000000000000000   0.0000000000000000   0.0000000000000000   0.0000000000000000   0.0000000000000000   0.0000000000000000   0.0735904688888659  -0.0026795980633471   0.0001235898452621  -0.0000057411111206   0.0000002823749229  -0.0000000125842398   0.0000000004924979  -0.0000000000143532   0.0000000000001881   0.0000000000000255  -0.0000000000000004   0.0000000000000021  -0.0000000000000079   0.0000000000000130  -0.0000000000000017   0.0000000000000008  -0.0000000000000097   0.0000000000000069   0.0000000000000039   0.0000000000000107  -0.0000000000000111  -0.0000000000000003  -0.0000000000000106  -0.0000000000000245  -0.0000000000000135  -0.0000000000000027  -0.0000000000000219  -0.0000000000000334  -0.0000000000000245  -0.0000000000000243  -0.0000000000000098  -0.0000000000000132  -0.0000000000000148  -0.0000000000000342  -0.0000000000000167  -0.0000000000000246  -0.0000000000000263  -0.0000000000000179  -0.0000000000000400  -0.0000000000000400  -0.0000000000000427  -0.0000000000000502  -0.0000000000000552  -0.0000000000000684  -0.0000000000000663  -0.0000000000000670  -0.0000000000000967  -0.0000000000000998  -0.0000000000001065  -0.0000000000001029  -0.0000000000001274  -0.0000000000001584  -0.0000000000001489  -0.0000000000001513  -0.0000000000001855  -0.0000000000002107  -0.0000000000002114  -0.0000000000002363  -0.0000000000002551  -0.0000000000002666  -0.0000000000002918  -0.0000000000003032  -0.0000000000003316  -0.0000000000003504  -0.0000000000003619  -0.0000000000003812  -0.0000000000003962  -0.0000000000004103  -0.0000000000004369  -0.0000000000005062  -0.0000000000006293  -0.0000000000007463  -0.0000000000006776  -0.0000000000005498  -0.0000000000005248  -0.0000000000003998   0.0000000000000103   0.0000000000004266   0.0000000000004796   0.0000000000004297   0.0000000000005815   0.0000000000008365   0.0000000000009916   0.0000000000009823   0.0000000000008634   0.0000000000006877   0.0000000000004758   0.0000000000001451  -0.0000000000001784  -0.0000000000006124  -0.0000000000015324  -0.0000000000032589  -0.0000000000039265  -0.0000000000018270  -0.0000000000003975  -0.0000000000028940  -0.0000000000437053   0.0000000006040381  -0.0000000127248498   0.0000002610775644  -0.0000053304716112   0.0001076554925627  -0.0020847295476254   0.0359630151402742  -0.0000004633805238   0.0000000000000000   0.0000000000000000   0.0000000000000000   0.0000000000000000   0.0000000000000000   0.0000000000000000   0.0000000000000000   0.0000000000000000   0.0000000000000000   0.0000000000000000   0.0383411175533726  -0.0017721785910333  -0.0003851682016577   0.0000246544071828  -0.0000012991125360   0.0000000607249994   0.0000000673302490  -0.0000018106673605   0.0000331778101148  -0.0005755218969467   0.0085395489348089   0.0066196962542211   0.0017198253116573   0.0015031023608212   0.0013097720330131   0.0010505632788450   0.0007831429422970   0.0005530328482416   0.0003783645642466   0.0002463610978993   0.0001472214491942   0.0000745854726118   0.0000185637520871   0.0000000000000000   0.0000000000000000   0.0000000000000000   0.0000000000000000   0.0000000000000000   0.0000000000000000   0.0000000000000000   0.0000000000000000   0.0000000000000000   0.0000000000000000   0.0000000000000000   0.0000000000000000   0.0000000000000000   0.0000000000000000   0.0000000000000000   0.0000000000000000
   0.0000000000000000   0.0000000000000000   0.0000000000000000   0.0000000000000000   0.0000000000000000   0.0000000000000000   0.0733337839048369  -0.0029761144423057   0.0001435527255734  -0.0000071577607704   0.0000002866012903  -0.0000000094680857   0.0000000002070359   0.0000000000031152  -0.0000000000008277   0.0000000000000774  -0.0000000000000055   0.0000000000000136  -0.0000000000000081  -0.0000000000000041  -0.0000000000000021  -0.0000000000000043  -0.0000000000000014  -0.0000000000000064  -0.0000000000000075   0.0000000000000003  -0.0000000000000099   0.0000000000000020   0.0000000000000065   0.0000000000000080  -0.0000000000000054  -0.0000000000000168   0.0000000000000028  -0.0000000000000189   0.0000000000000023  -0.0000000000000014  -0.0000000000000041  -0.0000000000000206  -0.0000000000000080  -0.0000000000000167  -0.0000000000000108  -0.0000000000000177  -0.0000000000000338  -0.0000000000000288  -0.0000000000000358  -0.0000000000000352  -0.0000000000000508  -0.0000000000000618  -0.0000000000000489  -0.0000000000000774  -0.0000000000000655  -0.0000000000000929  -0.0000000000001067  -0.0000000000001063  -0.0000000000001026  -0.0000000000001387  -0.0000000000001360  -0.0000000000001701  -0.0000000000001799  -0.0000000000001877  -0.0000000000001972  -0.0000000000002261  -0.0000000000002482  -0.0000000000002854  -0.0000000000002864  -0.0000000000003187  -0.0000000000003487  -0.0000000000003625  -0.0000000000003709  -0.0000000000003885  -0.0000000000004135  -0.0000000000004355  -0.0000000000004686  -0.0000000000004825  -0.0000000000004890  -0.0000000000005374  -0.0000000000006313  -0.0000000000007751  -0.0000000000008929  -0.0000000000008528  -0.0000000000007571  -0.0000000000007947  -0.0000000000008222  -0.0000000000006161  -0.0000000000002395  -0.0000000000000616  -0.0000000000001156  -0.0000000000002647  -0.0000000000003953  -0.0000000000005550  -0.0000000000008023  -0.0000000000012005  -0.0000000000016919  -0.0000000000022402  -0.0000000000025958  -0.0000000000030851  -0.0000000000046750  -0.0000000000065634  -0.0000000000058950  -0.0000000000029936  -0.0000000000032063  -0.0000000000094401  -0.0000000000565486   0.0000000007031351  -0.0000000145931345   0.0000002993712757  -0.0000061108818856   0.0001245173574237  -0.0025295688905583   0.0666554655635489   0.0000000000000000   0.0000000000000000   0.0000000000000000   0.0000000000000000   0.0000000000000000   0.0000000000000000   0.0000000000000000   0.0000000000000000   0.0000000000000000   0.0379979195431797  -0.0013064744611359  -0.0008494610085581  -0.0003965815196259   0.0000420476831930   0.0000032655107875  -0.0000003604461941   0.0000000218941295  -0.0000000185454230  -0.0000015531445685   0.0000699749175509  -0.0015021355579767   0.0337411420397535   0.0049170426766306   0.0017880517520710   0.0015865029933216   0.0014044686165913   0.0011603626403772   0.0008797102571111   0.0006297457738307   0.0004342694036317   0.0002839179855881   0.0001685892430067   0.0000801875481474   0.0000190335740715   0.0000000000000000   0.0000000000000000   0.0000000000000000   0.0000000000000000   0.0000000000000000   0.0000000000000000   0.0000000000000000   0.0000000000000000   0.0000000000000000   0.0000000000000000   0.0000000000000000   0.0000000000000000   0.0000000000000000   0.0000000000000000   0.0000000000000000   0.0000000000000000
   0.0000000000000000   0.0000000000000000   0.0000000000000000   0.0000000000000000   0.0000000000000000   0.0000000000000000   0.0733369960509788  -0.0029604321466217   0.0001605421472482  -0.0000024696819475  -0.0000001293842222   0.0000000169510059  -0.0000000012751356   0.0000000000813162  -0.0000000000047898   0.0000000000002733  -0.0000000000000258   0.0000000000000089   0.0000000000000086  -0.0000000000000073  -0.0000000000000045   0.0000000000000060   0.0000000000000060   0.0000000000000010  -0.0000000000000147  -0.0000000000000042   0.0000000000000046   0.0000000000000041   0.0000000000000073  -0.0000000000000035   0.0000000000000243   0.0000000000000076   0.0000000000000000   0.0000000000000052  -0.0000000000000092  -0.0000000000000104  -0.0000000000000136  -0.0000000000000024  -0.0000000000000011  -0.0000000000000226  -0.0000000000000158  -0.0000000000000315  -0.0000000000000240  -0.0000000000000286  -0.0000000000000201  -0.0000000000000338  -0.0000000000000415  -0.0000000000000553  -0.0000000000000475  -0.0000000000000621  -0.0000000000000755  -0.0000000000000818  -0.0000000000000942  -0.0000000000000972  -0.0000000000001160  -0.0000000000001334  -0.0000000000001341  -0.0000000000001452  -0.0000000000001631  -0.0000000000001855  -0.0000000000002021  -0.0000000000002353  -0.0000000000002446  -0.0000000000002496  -0.0000000000002853  -0.0000000000003063  -0.0000000000003252  -0.0000000000003425  -0.0000000000003669  -0.0000000000003891  -0.0000000000003964  -0.0000000000004272  -0.0000000000004483  -0.0000000000004724  -0.0000000000004856  -0.0000000000005080  -0.0000000000005361  -0.0000000000006487  -0.0000000000008036  -0.0000000000009214  -0.0000000000009340  -0.0000000000009017  -0.0000000000009237  -0.0000000000010870  -0.0000000000011809  -0.0000000000010922  -0.0000000000009903  -0.0000000000010051  -0.0000000000012049  -0.0000000000015046  -0.0000000000018779  -0.0000000000023112  -0.0000000000027850  -0.0000000000034040  -0.0000000000036159  -0.0000000000043199  -0.0000000000066132  -0.0000000000079399  -0.0000000000061170  -0.0000000000032084  -0.0000000000050973  -0.0000000000152779  -0.0000000000623146   0.0000000007914654  -0.0000000160091164   0.0000003301352676  -0.0000067924346444   0.0001406290062304  -0.0029200391089795   0.0733803268774871   0.0000000000000000   0.0000000000000000   0.0000000000000000   0.0000000000000000   0.0000000000000000   0.0000000000000000   0.0000000000000000   0.0000000000000000   0.0741298450279566  -0.0029861263970249  -0.0012538461401918  -0.0003518065558300   0.0000488522450779   0.0000018869853509  -0.0000006242722773  -0.0000000140723278  -0.0000000631951576   0.0000003240669035   0.0000055316041479  -0.0000603994436095  -0.0017735425451974   0.0581711954291076   0.0041189034730913   0.0019694552510232   0.0017060254410224   0.0014978312362496   0.0012581522859467   0.0009693054478720   0.0007039826608424   0.0004912736177687   0.0003239318801669   0.0001926401871518   0.0000807340119494   0.0000000000000000   0.0000000000000000   0.0000000000000000   0.0000000000000000   0.0000000000000000   0.0000000000000000   0.0000000000000000   0.0000000000000000   0.0000000000000000   0.0000000000000000   0.0000000000000000   0.0000000000000000   0.0000000000000000   0.0000000000000000   0.0000000000000000   0.0000000000000000   0.0000000000000000
   0.0000000000000000   0.0000000000000000   0.0000000000000000   0.0000000000000000   0.0000000000000000   0.0000000000000000   0.0735873800328002  -0.0031400912984257  -0.0003059551807555   0.0000244201855840  -0.0000014822585779   0.0000000825090877  -0.0000000044122794   0.0000000002305944  -0.0000000000119023   0.0000000000006037  -0.0000000000000379   0.0000000000000039  -0.0000000000000006   0.0000000000000158  -0.0000000000000039  -0.0000000000000103   0.0000000000000024   0.0000000000000050  -0.0000000000000053   0.0000000000000069   0.0000000000000005   0.0000000000000057   0.0000000000000090  -0.0000000000000128   0.0000000000000010  -0.0000000000000067  -0.0000000000000082   0.0000000000000057  -0.0000000000000067   0.0000000000000028  -0.0000000000000065  -0.0000000000000137  -0.0000000000000058  -0.0000000000000171  -0.0000000000000141  -0.0000000000000056  -0.0000000000000164  -0.0000000000000213  -0.0000000000000287  -0.0000000000000220  -0.0000000000000388  -0.0000000000000352  -0.0000000000000417  -0.0000000000000346  -0.0000000000000391  -0.0000000000000493  -0.0000000000000568  -0.0000000000000772  -0.0000000000000648  -0.0000000000000803  -0.0000000000001037  -0.0000000000001084  -0.0000000000001225  -0.0000000000001223  -0.0000000000001549  -0.0000000000001507  -0.0000000000001739  -0.0000000000001827  -0.0000000000001875  -0.0000000000002015  -0.0000000000002242  -0.0000000000002555  -0.0000000000002456  -0.0000000000002634  -0.0000000000002838  -0.0000000000003007  -0.0000000000003165  -0.0000000000003174  -0.0000000000003474  -0.0000000000003627  -0.0000000000003608  -0.0000000000003961  -0.0000000000004952  -0.0000000000006178  -0.0000000000007778  -0.0000000000008465  -0.0000000000008134  -0.0000000000008351  -0.0000000000009881  -0.0000000000011816  -0.0000000000014004  -0.0000000000015451  -0.0000000000017170  -0.0000000000019764  -0.0000000000022911  -0.0000000000026785  -0.0000000000031073  -0.0000000000036574  -0.0000000000035811  -0.0000000000046174  -0.0000000000074280  -0.0000000000077511  -0.0000000000054652  -0.0000000000021620  -0.0000000000060826  -0.0000000000192130  -0.0000000000585693   0.0000000008537301  -0.0000000168351839   0.0000003477671262  -0.0000071437385700   0.0001465937305559  -0.0029691997309943   0.0733317033659615   0.0000000000000000   0.0000000000000000   0.0000000000000000   0.0000000000000000   0.0000000000000000   0.0000000000000000   0.0000000000000000   0.0000000000000000   0.0000000000000000   0.0000000000000000   0.0380185649591767  -0.0016249308343811   0.0000739740065730  -0.0000037688685530   0.0000001426271802  -0.0000000113114219  -0.0000002147677660   0.0000050660841273  -0.0000444193498014  -0.0002918521045285   0.0103259161222133  -0.0009040575527174   0.0024939994423103   0.0021052406026420   0.0017997867615684   0.0015768874141070   0.0013381510187818   0.0010497415337468   0.0007773920553158   0.0005521185984967   0.0003692947101994   0.0002243960424274   0.0001075170858159   0.0000000000000000   0.0000000000000000   0.0000000000000000   0.0000000000000000   0.0000000000000000   0.0000000000000000   0.0000000000000000   0.0000000000000000   0.0000000000000000   0.0000000000000000   0.0000000000000000   0.0000000000000000   0.0000000000000000   0.0000000000000000   0.0000000000000000   0.0000000000000000   0.0000000000000000
   0.0000000000000000   0.0000000000000000   0.0000000000000000   0.0000000000000000   0.0000000000000000   0.0000000000000000   0.0000000000000000   0.0372159949571860  -0.0015786024101035   0.0000759005478977  -0.0000036812688502   0.0000001794517194  -0.0000000087633505   0.0000000004296800  -0.0000000000210487   0.0000000000010301  -0.0000000000000528  -0.0000000000000041   0.0000000000000179  -0.0000000000000137   0.0000000000000022  -0.0000000000000054  -0.0000000000000023  -0.0000000000000061   0.0000000000000038   0.0000000000000005   0.0000000000000126   0.0000000000000119   0.0000000000000099   0.0000000000000016  -0.0000000000000027  -0.0000000000000030   0.0000000000000046  -0.0000000000000050  -0.0000000000000025   0.0000000000000113  -0.0000000000000089  -0.0000000000000023  -0.0000000000000061  -0.0000000000000097  -0.0000000000000126   0.0000000000000033  -0.0000000000000075   0.0000000000000057  -0.0000000000000025  -0.0000000000000111  -0.0000000000000044  -0.0000000000000292  -0.0000000000000215  -0.0000000000000134  -0.0000000000000195  -0.0000000000000283  -0.0000000000000292  -0.0000000000000193  -0.0000000000000304  -0.0000000000000278  -0.0000000000000276  -0.0000000000000491  -0.0000000000000706  -0.0000000000000551  -0.0000000000000666  -0.0000000000000746  -0.0000000000000722  -0.0000000000001003  -0.0000000000001071  -0.0000000000001108  -0.0000000000001002  -0.0000000000001249  -0.0000000000001352  -0.0000000000001308  -0.0000000000001318  -0.0000000000001549  -0.0000000000001607  -0.0000000000001677  -0.0000000000001766  -0.0000000000001829  -0.0000000000001778  -0.0000000000001928  -0.0000000000001991  -0.0000000000002501  -0.0000000000003743  -0.0000000000005063  -0.0000000000006598  -0.0000000000007061  -0.0000000000007115  -0.0000000000007672  -0.0000000000009097  -0.0000000000011170  -0.0000000000013666  -0.0000000000015769  -0.0000000000018108  -0.0000000000021013  -0.0000000000024170  -0.0000000000028108  -0.0000000000021819  -0.0000000000037243  -0.0000000000064294  -0.0000000000060841  -0.0000000000035546   0.0000000000007181  -0.0000000000057525  -0.0000000000181624  -0.0000000000479927   0.0000000008671532  -0.0000000168572153   0.0000003495713740  -0.0000071943996693   0.0001472145293265  -0.0029677647382487   0.0733221864328323   0.0000000000000000   0.0000000000000000   0.0000000000000000   0.0000000000000000   0.0000000000000000   0.0000000000000000   0.0000000000000000   0.0000000000000000   0.0000000000000000   0.0000000000000000   0.0738353087146673  -0.0023994231210959   0.0001006986757442  -0.0000043353380380   0.0000002096937430  -0.0000001765363913   0.0000018977480207   0.0000027596067837  -0.0003170904833896   0.0047246047402836  -0.0005530984162235  -0.0016249111029284   0.0024648558311681   0.0021842436953337   0.0018966685012179   0.0016537860334614   0.0014085555855255   0.0011227788644465   0.0008503027020936   0.0006173979695683   0.0004185216810474   0.0002491047545911   0.0001093191575000   0.0000114743241358   0.0000000000000000   0.0000000000000000   0.0000000000000000   0.0000000000000000   0.0000000000000000   0.0000000000000000   0.0000000000000000   0.0000000000000000   0.0000000000000000   0.0000000000000000   0.0000000000000000   0.0000000000000000   0.0000000000000000   0.0000000000000000   0.0000000000000000   0.0000000000000000
   0.0000000000000000   0.0000000000000000   0.0000000000000000   0.0000000000000000   0.0000000000000000   0.0000000000000000   0.0000000000000000   0.0735929494426142  -0.0026769073000564   0.0001232004630764  -0.0000057506662419   0.0000002716148427  -0.0000000130154140   0.0000000006204172  -0.0000000000291839   0.0000000000013473  -0.0000000000000510  -0.0000000000000021  -0.0000000000000018   0.0000000000000015  -0.0000000000000041   0.0000000000000014   0.0000000000000038  -0.0000000000000057   0.0000000000000111   0.0000000000000128   0.0000000000000110   0.0000000000000115  -0.0000000000000042  -0.0000000000000037  -0.0000000000000006   0.0000000000000214   0.0000000000000026  -0.0000000000000034  -0.0000000000000134  -0.0000000000000106  -0.0000000000000087   0.0000000000000059   0.0000000000000009  -0.0000000000000131  -0.0000000000000092  -0.0000000000000169  -0.0000000000000043   0.0000000000000019  -0.0000000000000060  -0.0000000000000049  -0.0000000000000050  -0.0000000000000089  -0.0000000000000048  -0.0000000000000158  -0.0000000000000070  -0.0000000000000170  -0.0000000000000218  -0.0000000000000113  -0.0000000000000208  -0.0000000000000273  -0.0000000000000156  -0.0000000000000182  -0.0000000000000154  -0.0000000000000140  -0.0000000000000267  -0.0000000000000309  -0.0000000000000453  -0.0000000000000463  -0.0000000000000335  -0.0000000000000369  -0.0000000000000603  -0.0000000000000564  -0.0000000000000552  -0.0000000000000540  -0.0000000000000617  -0.0000000000000571  -0.0000000000000687  -0.0000000000000752  -0.0000000000000708  -0.0000000000000794  -0.0000000000000873  -0.0000000000000872  -0.0000000000000626  -0.0000000000000602  -0.0000000000000773  -0.0000000000001364  -0.0000000000002489  -0.0000000000003919  -0.0000000000005397  -0.0000000000006117  -0.0000000000006532  -0.0000000000007159  -0.0000000000008240  -0.0000000000009445  -0.0000000000010685  -0.0000000000011774  -0.0000000000012400  -0.0000000000014983  -0.0000000000004254  -0.0000000000025493  -0.0000000000049792  -0.0000000000046215  -0.0000000000013977   0.0000000000032881  -0.0000000000039974  -0.0000000000134767  -0.0000000000376083   0.0000000008106525  -0.0000000157083375   0.0000003291296127  -0.0000068811498699   0.0001440121106751  -0.0029741895368184   0.0732961073689336   0.0000000000000000   0.0000000000000000   0.0000000000000000   0.0000000000000000   0.0738952052398546  -0.0032893852939735   0.0388373469657535   0.0000000000000000   0.0000000000000000   0.0000000000000000   0.0379791058786209  -0.0016268520410021   0.0000751854388864  -0.0000035618658260  -0.0000000414010388  -0.0000000859383388   0.0000097998519579  -0.0001764892644936   0.0007943230623481   0.0143106511437195  -0.0066949295023581   0.0029118662304608   0.0026551973787324   0.0022951934155051   0.0019909394787164   0.0017240427033039   0.0014658402308112   0.0011863516926076   0.0009217972579312   0.0006898835523723   0.0004839520529955   0.0002952632913351   0.0001290779870008   0.0000141837656941   0.0000000000000000   0.0000000000000000   0.0000000000000000   0.0000000000000000   0.0000000000000000   0.0000000000000000   0.0000000000000000   0.0000000000000000   0.0000000000000000   0.0000000000000000   0.0000000000000000   0.0000000000000000   0.0000000000000000   0.0000000000000000   0.0000000000000000   0.0000000000000000
   0.0000000000000000   0.0000000000000000   0.0000000000000000   0.0000000000000000   0.0000000000000000   0.0000000000000000   0.0000000000000000   0.0733337926287088  -0.0029758638662377   0.0001440355028783  -0.0000068646612767   0.0000003331893074  -0.0000000154663773   0.0000000006866816  -0.0000000000278013   0.0000000000010723  -0.0000000000000614   0.0000000000000070   0.0000000000000129   0.0000000000000035  -0.0000000000000031   0.0000000000000041  -0.0000000000000082  -0.0000000000000076   0.0000000000000133  -0.0000000000000051   0.0000000000000106   0.0000000000000028  -0.0000000000000098   0.0000000000000038  -0.0000000000000037   0.0000000000000092  -0.0000000000000032  -0.0000000000000126  -0.0000000000000093   0.0000000000000046   0.0000000000000142  -0.0000000000000041   0.0000000000000085   0.0000000000000049  -0.0000000000000051   0.0000000000000034   0.0000000000000055  -0.0000000000000069   0.0000000000000016   0.0000000000000076  -0.0000000000000118   0.0000000000000110   0.0000000000000138   0.0000000000000002   0.0000000000000048   0.0000000000000102   0.0000000000000019   0.0000000000000133  -0.0000000000000028   0.0000000000000103   0.0000000000000106  -0.0000000000000101   0.0000000000000150  -0.0000000000000041   0.0000000000000029   0.0000000000000045   0.0000000000000094   0.0000000000000213   0.0000000000000138  -0.0000000000000044   0.0000000000000085   0.0000000000000045   0.0000000000000012   0.0000000000000125   0.0000000000000160  -0.0000000000000040   0.0000000000000123   0.0000000000000127  -0.0000000000000026   0.0000000000000003   0.0000000000000035   0.0000000000000055   0.0000000000000118   0.0000000000000245   0.0000000000000497   0.0000000000000446   0.0000000000000319   0.0000000000000289  -0.0000000000000497  -0.0000000000001390  -0.0000000000002448  -0.0000000000003271  -0.0000000000003663  -0.0000000000003880  -0.0000000000004080  -0.0000000000004200  -0.0000000000004538  -0.0000000000006830   0.0000000000006091  -0.0000000000017736  -0.0000000000043454  -0.0000000000039082  -0.0000000000003029   0.0000000000041263  -0.0000000000008566  -0.0000000000094398  -0.0000000000304296   0.0000000006716904  -0.0000000129808361   0.0000002731247987  -0.0000057695631132   0.0001234491939917  -0.0026803438800423   0.0732622343448838   0.0000000000000000   0.0000000000000000   0.0000000000000000   0.0000000000000000   0.0735950884335337  -0.0031354294279165  -0.0008047125754762  -0.0004574256173185   0.0000219720875807  -0.0004439559089580  -0.0008897402410413  -0.0004042783977457   0.0000303870960940   0.0000001121846187   0.0000021470470873   0.0000089615884205  -0.0000360616515594  -0.0003514575679687   0.0134009403274137  -0.0075722715132487   0.0036087566296815   0.0031451662675342   0.0027593088894775   0.0024019856984887   0.0020743668282301   0.0017815575988355   0.0015120092200233   0.0012443808353255   0.0009940036249112   0.0007701879269882   0.0005711404030098   0.0003833599298797   0.0001761623388000   0.0000000000000000   0.0000000000000000   0.0000000000000000   0.0000000000000000   0.0000000000000000   0.0000000000000000   0.0000000000000000   0.0000000000000000   0.0000000000000000   0.0000000000000000   0.0000000000000000   0.0000000000000000   0.0000000000000000   0.0000000000000000   0.0000000000000000   0.0000000000000000   0.0000000000000000
   0.0000000000000000   0.0000000000000000   0.0000000000000000   0.0000000000000000   0.0000000000000000   0.0000000000000000   0.0000000000000000   0.0733376073335724  -0.0029679316705414   0.0001467174404838  -0.0000074727318460   0.0000003075867172  -0.0000000109209232   0.0000000002202548  -0.0000000000015571   0.0000000000002250  -0.0000000000000538   0.0000000000000014  -0.0000000000000074  -0.0000000000000074  -0.0000000000000170   0.0000000000000072  -0.0000000000000043   0.0000000000000028   0.0000000000000027   0.0000000000000064  -0.0000000000000027  -0.0000000000000058   0.0000000000000089   0.0000000000000093  -0.0000000000000034   0.0000000000000032   0.0000000000000157  -0.0000000000000015   0.0000000000000118  -0.0000000000000027   0.0000000000000103  -0.0000000000000113  -0.0000000000000043   0.0000000000000001  -0.0000000000000074  -0.0000000000000000  -0.0000000000000017   0.0000000000000020  -0.0000000000000022   0.0000000000000101   0.0000000000000100  -0.0000000000000041   0.0000000000000013   0.0000000000000041   0.0000000000000061   0.0000000000000063   0.0000000000000060  -0.0000000000000079   0.0000000000000059   0.0000000000000106   0.0000000000000173   0.0000000000000074  -0.0000000000000017   0.0000000000000034   0.0000000000000056   0.0000000000000023   0.0000000000000101   0.0000000000000200   0.0000000000000135  -0.0000000000000001   0.0000000000000148   0.0000000000000156   0.0000000000000119   0.0000000000000211   0.0000000000000275   0.0000000000000242   0.0000000000000167   0.0000000000000186   0.0000000000000186   0.0000000000000174   0.0000000000000126   0.0000000000000239   0.0000000000000195   0.0000000000000285   0.0000000000000166   0.0000000000000284   0.0000000000000538   0.0000000000000745   0.0000000000000940   0.0000000000001042   0.0000000000001251   0.0000000000001084   0.0000000000001012   0.0000000000000983   0.0000000000000999   0.0000000000001056   0.0000000000001162  -0.0000000000000786   0.0000000000012147  -0.0000000000007234  -0.0000000000041962  -0.0000000000031054  -0.0000000000001133   0.0000000000044552   0.0000000000035598  -0.0000000000048445  -0.0000000000217607   0.0000000004749084  -0.0000000089165620   0.0000001832004496  -0.0000037494730188   0.0000770393981866  -0.0015945680227765   0.0369093364935223   0.0000000000000000   0.0000000000000000   0.0000000000000000   0.0000000000000000   0.0375771280587174  -0.0015639608588863   0.0001262231837038   0.0000289670420661   0.0000159780821222   0.0000215666432494   0.0000253304200058   0.0000035778117324  -0.0000249440006754  -0.0000439395690472  -0.0000628508270530  -0.0000566074562357  -0.0005214681834850   0.0046296556186148  -0.0031308432171415   0.0013428799017264   0.0036455961598083   0.0032476563800451   0.0028523686889747   0.0024855276665750   0.0021420234768778   0.0018289572281909   0.0015557505240456   0.0013041449779849   0.0010688990070740   0.0008542679246700   0.0006623988172846   0.0004927655439236   0.0003313740848773   0.0000000000000000   0.0000000000000000   0.0000000000000000   0.0000000000000000   0.0000000000000000   0.0000000000000000   0.0000000000000000   0.0000000000000000   0.0000000000000000   0.0000000000000000   0.0000000000000000   0.0000000000000000   0.0000000000000000   0.0000000000000000   0.0000000000000000   0.0000000000000000   0.0000000000000000
   0.0000000000000000   0.0000000000000000   0.0000000000000000   0.0000000000000000   0.0000000000000000   0.0000000000000000   0.0000000000000000   0.0733369141827762  -0.0029606721981050   0.0001603783618634  -0.0000024788493846  -0.0000001119207851   0.0000000208014491  -0.0000000009648861   0.0000000000044861   0.0000000000033807  -0.0000000000004063   0.0000000000000269   0.0000000000000113  -0.0000000000000008  -0.0000000000000064   0.0000000000000099  -0.0000000000000044  -0.0000000000000149   0.0000000000000050  -0.0000000000000026   0.0000000000000156  -0.0000000000000089   0.0000000000000086  -0.0000000000000086  -0.0000000000000084  -0.0000000000000037   0.0000000000000090  -0.0000000000000052   0.0000000000000059  -0.0000000000000075   0.0000000000000093  -0.0000000000000054   0.0000000000000018  -0.0000000000000015  -0.0000000000000137   0.0000000000000077   0.0000000000000083   0.0000000000000034   0.0000000000000062  -0.0000000000000008   0.0000000000000050  -0.0000000000000110   0.0000000000000041  -0.0000000000000040  -0.0000000000000056   0.0000000000000114  -0.0000000000000053   0.0000000000000023   0.0000000000000132  -0.0000000000000036   0.0000000000000050  -0.0000000000000078  -0.0000000000000032   0.0000000000000061  -0.0000000000000109  -0.0000000000000025  -0.0000000000000115   0.0000000000000066   0.0000000000000032   0.0000000000000041   0.0000000000000096  -0.0000000000000014  -0.0000000000000007  -0.0000000000000018  -0.0000000000000097  -0.0000000000000002   0.0000000000000038  -0.0000000000000124  -0.0000000000000151  -0.0000000000000040   0.0000000000000142  -0.0000000000000047  -0.0000000000000106   0.0000000000000100  -0.0000000000000083  -0.0000000000000111  -0.0000000000000050  -0.0000000000000082   0.0000000000000065  -0.0000000000000051   0.0000000000000312   0.0000000000000559   0.0000000000000835   0.0000000000001049   0.0000000000001522   0.0000000000001759   0.0000000000001840   0.0000000000000401   0.0000000000011540   0.0000000000001589  -0.0000000000043652  -0.0000000000027851  -0.0000000000006474   0.0000000000033799   0.0000000000060212  -0.0000000000023480  -0.0000000000191183   0.0000000002623062  -0.0000000047618442   0.0000000902516165  -0.0000016380033627   0.0000275065523295  -0.0003647038300650  -0.0018936026123917   0.0365512895008770   0.0000000000000000   0.0000000000000000   0.0378889264069438  -0.0023695375027735  -0.0010143149115992  -0.0006605699426259  -0.0007389887376013  -0.0007865591582997  -0.0008383023685980  -0.0008927411760221  -0.0009504483893612  -0.0010127874437593  -0.0010809422163182  -0.0011573523974979  -0.0011818044116547  -0.0025810182692939   0.0241640199650864  -0.0033671255910339   0.0046212647017536   0.0038293149045435   0.0033645357229702   0.0029394045415129   0.0025506165150080   0.0021928869181125   0.0018757090789073   0.0016076921355960   0.0013692852453911   0.0011444848130029   0.0009374147838578   0.0007500922347321   0.0005747383086232   0.0003930083047972   0.0002069523123981   0.0000000000000000   0.0000000000000000   0.0000000000000000   0.0000000000000000   0.0000000000000000   0.0000000000000000   0.0000000000000000   0.0000000000000000   0.0000000000000000   0.0000000000000000   0.0000000000000000   0.0000000000000000   0.0000000000000000   0.0000000000000000   0.0000000000000000   0.0000000000000000
   0.0000000000000000   0.0000000000000000   0.0000000000000000   0.0000000000000000   0.0000000000000000   0.0000000000000000   0.0000000000000000   0.0735873901769501  -0.0031401397284191  -0.0003062714831377   0.0000239406593038  -0.0000017561943433   0.0000000400999286   0.0000000019752739  -0.0000000003224736   0.0000000000272851  -0.0000000000018823   0.0000000000001056  -0.0000000000000105  -0.0000000000000134  -0.0000000000000025   0.0000000000000129  -0.0000000000000095   0.0000000000000018  -0.0000000000000029  -0.0000000000000171  -0.0000000000000081   0.0000000000000093  -0.0000000000000012  -0.0000000000000004   0.0000000000000034  -0.0000000000000141   0.0000000000000074  -0.0000000000000001   0.0000000000000022   0.0000000000000081  -0.0000000000000009   0.0000000000000066   0.0000000000000056  -0.0000000000000035   0.0000000000000021   0.0000000000000015   0.0000000000000003  -0.0000000000000011   0.0000000000000008   0.0000000000000019   0.0000000000000100  -0.0000000000000106   0.0000000000000092  -0.0000000000000032   0.0000000000000011  -0.0000000000000047  -0.0000000000000051   0.0000000000000028   0.0000000000000045   0.0000000000000053   0.0000000000000161  -0.0000000000000205  -0.0000000000000058   0.0000000000000076  -0.0000000000000005   0.0000000000000094   0.0000000000000112  -0.0000000000000065   0.0000000000000103  -0.0000000000000148   0.0000000000000012  -0.0000000000000098  -0.0000000000000018   0.0000000000000072   0.0000000000000016  -0.0000000000000010  -0.0000000000000003  -0.0000000000000110  -0.0000000000000065  -0.0000000000000145   0.0000000000000009   0.0000000000000061   0.0000000000000037  -0.0000000000000070  -0.0000000000000169  -0.0000000000000216   0.0000000000000139  -0.0000000000000064  -0.0000000000000080   0.0000000000000035  -0.0000000000000033   0.0000000000000053   0.0000000000000144   0.0000000000000288   0.0000000000000329   0.0000000000000435   0.0000000000000347  -0.0000000000000579   0.0000000000008160   0.0000000000010517  -0.0000000000038644  -0.0000000000042684  -0.0000000000042570  -0.0000000000061250  -0.0000000000056819  -0.0000000000148044  -0.0000000000321505   0.0000000000897805  -0.0000000018298193   0.0000000287213734  -0.0000003799427202   0.0000029036917627   0.0000426462361514  -0.0003692694993204  -0.0012866769285397  -0.0008894824863999  -0.0009499776583903  -0.0014592554821386  -0.0009908146775239  -0.0005798553809250  -0.0006643875990697  -0.0007109441823098  -0.0007531272148188  -0.0007960116792056  -0.0008399144982433  -0.0008856316799168  -0.0009336623328784  -0.0009843301242662  -0.0010363413794642  -0.0010722987993864  -0.0023894914948820   0.0479177198829542   0.0063721592844797   0.0047398105067315   0.0040433995686042   0.0034601072383773   0.0030006937606452   0.0025973126524404   0.0022393943288829   0.0019301118574834   0.0016706116059080   0.0014368881173198   0.0012165331812513   0.0010123386483925   0.0008228095232868   0.0006414108019783   0.0004645079334398   0.0003091935369799   0.0001713274903675   0.0000000000000000   0.0000000000000000   0.0000000000000000   0.0000000000000000   0.0000000000000000   0.0000000000000000   0.0000000000000000   0.0000000000000000   0.0000000000000000   0.0000000000000000   0.0000000000000000   0.0000000000000000   0.0000000000000000   0.0000000000000000   0.0000000000000000
   0.0000000000000000   0.0000000000000000   0.0000000000000000   0.0000000000000000   0.0000000000000000   0.0000000000000000   0.0000000000000000   0.0000000000000000   0.0372150807498840  -0.0015714795480289   0.0000892013488030   0.0000010443187643  -0.0000003004301288   0.0000000252131878  -0.0000000016740136   0.0000000001005120  -0.0000000000057102   0.0000000000002935  -0.0000000000000186  -0.0000000000000019   0.0000000000000068   0.0000000000000085  -0.0000000000000145  -0.0000000000000033  -0.0000000000000070   0.0000000000000036   0.0000000000000070   0.0000000000000128  -0.0000000000000034  -0.0000000000000204   0.0000000000000051   0.0000000000000215  -0.0000000000000056   0.0000000000000024   0.0000000000000100   0.0000000000000039  -0.0000000000000001  -0.0000000000000047   0.0000000000000106  -0.0000000000000123   0.0000000000000156  -0.0000000000000000   0.0000000000000031   0.0000000000000045  -0.0000000000000079   0.0000000000000004  -0.0000000000000213   0.0000000000000093   0.0000000000000032  -0.0000000000000086   0.0000000000000027  -0.0000000000000091   0.0000000000000004   0.0000000000000013  -0.0000000000000174  -0.0000000000000007  -0.0000000000000099   0.0000000000000043   0.0000000000000004   0.0000000000000097  -0.0000000000000130   0.0000000000000057   0.0000000000000083  -0.0000000000000124  -0.0000000000000177  -0.0000000000000127   0.0000000000000057  -0.0000000000000023  -0.0000000000000120   0.0000000000000048   0.0000000000000084   0.0000000000000018   0.0000000000000027   0.0000000000000151  -0.0000000000000000  -0.0000000000000075  -0.0000000000000060  -0.0000000000000015   0.0000000000000036   0.0000000000000039   0.0000000000000037  -0.0000000000000070   0.0000000000000067   0.0000000000000056  -0.0000000000000139   0.0000000000000097   0.0000000000000215   0.0000000000000088   0.0000000000000210   0.0000000000000479   0.0000000000000333   0.0000000000000578   0.0000000000001111   0.0000000000002188   0.0000000000010568   0.0000000000017288  -0.0000000000045368  -0.0000000000126605  -0.0000000000191208  -0.0000000000268067  -0.0000000000244840  -0.0000000000178367  -0.0000000000196075   0.0000000000204054  -0.0000000004331697   0.0000000043513167  -0.0000000103182456  -0.0000006929357728   0.0000030395678933   0.0000243580152779   0.0000477233708570   0.0000494474495881   0.0000522268028441   0.0000603493419426   0.0000496520793114   0.0000343429279703   0.0000321256370780   0.0000349727266882   0.0000370990884037   0.0000392180250721   0.0000413943414583   0.0000436552767010   0.0000460669268437   0.0000479120979329   0.0000615352423348  -0.0001133731163055   0.0025282312802855   0.0386231303658571   0.0056966007637745   0.0048857299935708   0.0041674572780943   0.0035416139577347   0.0030504524426860   0.0026398769701619   0.0022878492539823   0.0019910391116793   0.0017363698988327   0.0015011455502279   0.0012809165785089   0.0010764027656703   0.0008850605357209   0.0007038714775320   0.0005328370623663   0.0003747356083752   0.0002271280004581   0.0000938175984422   0.0000043733277018  -0.0000308759158786   0.0000000000000000   0.0000000000000000   0.0000000000000000   0.0000000000000000   0.0000000000000000   0.0000000000000000   0.0000000000000000   0.0000000000000000   0.0000000000000000   0.0000000000000000   0.0000000000000000   0.0000000000000000
   0.0000000000000000   0.0000000000000000   0.0000000000000000   0.0000000000000000   0.0000000000000000   0.0000000000000000   0.0000000000000000   0.0000000000000000   0.0738415070090173  -0.0028495429146375  -0.0003294152187245   0.0000258867584888  -0.0000015648371482   0.0000000869303665  -0.0000000046419405   0.0000000002423316  -0.0000000000124908   0.0000000000006385  -0.0000000000000270  -0.0000000000000004  -0.0000000000000020  -0.0000000000000147   0.0000000000000073   0.0000000000000137  -0.0000000000000023   0.0000000000000159   0.0000000000000074   0.0000000000000178   0.0000000000000070  -0.0000000000000045  -0.0000000000000084   0.0000000000000163  -0.0000000000000040   0.0000000000000042   0.0000000000000133   0.0000000000000144   0.0000000000000095  -0.0000000000000103  -0.0000000000000050  -0.0000000000000030  -0.0000000000000013   0.0000000000000071   0.0000000000000091  -0.0000000000000126   0.0000000000000046   0.0000000000000023   0.0000000000000005   0.0000000000000073   0.0000000000000028  -0.0000000000000185   0.0000000000000080   0.0000000000000010   0.0000000000000051  -0.0000000000000038   0.0000000000000150   0.0000000000000120   0.0000000000000033  -0.0000000000000072  -0.0000000000000064  -0.0000000000000063   0.0000000000000028   0.0000000000000052   0.0000000000000007   0.0000000000000066  -0.0000000000000018   0.0000000000000007   0.0000000000000037  -0.0000000000000083  -0.0000000000000141   0.0000000000000007  -0.0000000000000024  -0.0000000000000007  -0.0000000000000109   0.0000000000000056   0.0000000000000003  -0.0000000000000078   0.0000000000000012   0.0000000000000045  -0.0000000000000057  -0.0000000000000013   0.0000000000000022   0.0000000000000007   0.0000000000000101   0.0000000000000012   0.0000000000000022   0.0000000000000256   0.0000000000000300   0.0000000000000441   0.0000000000000303   0.0000000000000600   0.0000000000000616   0.0000000000001075   0.0000000000003029   0.0000000000008148   0.0000000000008819  -0.0000000000019598  -0.0000000000142449  -0.0000000000317178  -0.0000000000389624  -0.0000000000356803  -0.0000000000245925  -0.0000000000119201  -0.0000000000158382  -0.0000000000219264  -0.0000000000672984  -0.0000000002288210   0.0000000094217788  -0.0000000127266327  -0.0000003529563181  -0.0000012221944953  -0.0000020915186711  -0.0000024467808486  -0.0000026339092668  -0.0000027454637398  -0.0000023877783624  -0.0000018404746048  -0.0000016341184099  -0.0000017087232018  -0.0000018230714652  -0.0000019277491738  -0.0000020350555140  -0.0000021508501266  -0.0000021833131208  -0.0000039279069127   0.0000267555198107  -0.0005504088540188   0.0104883494853435   0.0328341786643047   0.0056188845992120   0.0049745734167763   0.0042786843227641   0.0036189680170488   0.0030979963114325   0.0026824529607697   0.0023387863527181   0.0020502774557852   0.0017946157570107   0.0015569149567505   0.0013358968080022   0.0011312960865911   0.0009408564994943   0.0007622768611577   0.0005936820850500   0.0004345187475711   0.0002891731785659   0.0001639469763971   0.0000620962101027   0.0000106506323566   0.0000000000000000   0.0000000000000000   0.0000000000000000   0.0000000000000000   0.0000000000000000   0.0000000000000000   0.0000000000000000   0.0000000000000000   0.0000000000000000   0.0000000000000000   0.0000000000000000   0.0000000000000000
   0.0000000000000000   0.0000000000000000   0.0000000000000000   0.0000000000000000   0.0000000000000000   0.0000000000000000   0.0000000000000000   0.0000000000000000   0.0000000000000000   0.0372073069289721  -0.0015812781679685   0.0000762355909748  -0.0000037069679387   0.0000001811138056  -0.0000000088627007   0.0000000004349554  -0.0000000000213940   0.0000000000010480  -0.0000000000000485   0.0000000000000105   0.0000000000000017  -0.0000000000000044  -0.0000000000000037   0.0000000000000039   0.0000000000000037  -0.0000000000000019   0.0000000000000025  -0.0000000000000010   0.0000000000000025  -0.0000000000000006  -0.0000000000000046   0.0000000000000117  -0.0000000000000056   0.0000000000000090  -0.0000000000000016  -0.0000000000000110  -0.0000000000000138  -0.0000000000000022  -0.0000000000000040   0.0000000000000072   0.0000000000000018  -0.0000000000000087  -0.0000000000000016   0.0000000000000003   0.0000000000000053  -0.0000000000000072   0.0000000000000014   0.0000000000000034  -0.0000000000000056   0.0000000000000100   0.0000000000000005  -0.0000000000000096   0.0000000000000002   0.0000000000000057   0.0000000000000017   0.0000000000000122  -0.0000000000000018  -0.0000000000000100   0.0000000000000063  -0.0000000000000092   0.0000000000000033  -0.0000000000000031  -0.0000000000000047   0.0000000000000013   0.0000000000000003  -0.0000000000000020   0.0000000000000017   0.0000000000000020   0.0000000000000070  -0.0000000000000070   0.0000000000000113   0.0000000000000192  -0.0000000000000031  -0.0000000000000067  -0.0000000000000037   0.0000000000000085   0.0000000000000236   0.0000000000000067   0.0000000000000129  -0.0000000000000043   0.0000000000000008   0.0000000000000042   0.0000000000000039   0.0000000000000108   0.0000000000000249   0.0000000000000239   0.0000000000000394   0.0000000000000609   0.0000000000000511   0.0000000000000590   0.0000000000001029   0.0000000000002860   0.0000000000009173   0.0000000000008997  -0.0000000000037850  -0.0000000000163425  -0.0000000000334253  -0.0000000000439237  -0.0000000000375811  -0.0000000000247855  -0.0000000000200710  -0.0000000000127324   0.0000000000035131   0.0000000000158661   0.0000000000237607  -0.0000000000996765  -0.0000000001740137   0.0000000041784322   0.0000000234321699   0.0000000600656800   0.0000000968386779   0.0000001184868455   0.0000001286973635   0.0000001295799003   0.0000001152560374   0.0000000944130353   0.0000000837534308   0.0000000846170499   0.0000000896448709   0.0000000949251812   0.0000001002969041   0.0000000984411976   0.0000002537656369  -0.0000027446363979   0.0000574576006942  -0.0011325615403122   0.0232146749166628   0.0279397477673478   0.0057786925960181   0.0050418366860886   0.0043432770813646   0.0036725785094813   0.0031388743031010   0.0027221865156239   0.0023834070790070   0.0020960951294900   0.0018387686270265   0.0016010896442759   0.0013812170196258   0.0011785061553228   0.0009909882998858   0.0008160514110711   0.0006513577109420   0.0004968973816356   0.0003565429689558   0.0002365714508646   0.0001452614989872   0.0000850320306345   0.0000000000000000   0.0000000000000000   0.0000000000000000   0.0000000000000000   0.0000000000000000   0.0000000000000000   0.0000000000000000   0.0000000000000000   0.0000000000000000   0.0000000000000000   0.0000000000000000   0.0000000000000000
   0.0000000000000000   0.0000000000000000   0.0000000000000000   0.0000000000000000   0.0000000000000000   0.0000000000000000   0.0000000000000000   0.0000000000000000   0.0000000000000000   0.0735930364632860  -0.0026767717430388   0.0001232237046516  -0.0000057548873439   0.0000002720418688  -0.0000000130315472   0.0000000006263523  -0.0000000000289304   0.0000000000012579  -0.0000000000000671  -0.0000000000000033   0.0000000000000219   0.0000000000000180  -0.0000000000000047   0.0000000000000149   0.0000000000000038  -0.0000000000000108   0.0000000000000003  -0.0000000000000025   0.0000000000000077  -0.0000000000000156  -0.0000000000000002   0.0000000000000170  -0.0000000000000015   0.0000000000000090  -0.0000000000000092   0.0000000000000070  -0.0000000000000089  -0.0000000000000049   0.0000000000000122   0.0000000000000066  -0.0000000000000050  -0.0000000000000032   0.0000000000000045   0.0000000000000003   0.0000000000000029   0.0000000000000021  -0.0000000000000056  -0.0000000000000037   0.0000000000000111   0.0000000000000138   0.0000000000000030   0.0000000000000087   0.0000000000000098  -0.0000000000000019   0.0000000000000033   0.0000000000000117   0.0000000000000121   0.0000000000000170  -0.0000000000000083   0.0000000000000075  -0.0000000000000004   0.0000000000000084   0.0000000000000068   0.0000000000000058  -0.0000000000000088  -0.0000000000000021  -0.0000000000000021   0.0000000000000058   0.0000000000000108   0.0000000000000094  -0.0000000000000002   0.0000000000000267   0.0000000000000014   0.0000000000000179   0.0000000000000071   0.0000000000000100   0.0000000000000116   0.0000000000000204   0.0000000000000225   0.0000000000000281   0.0000000000000128   0.0000000000000170   0.0000000000000164   0.0000000000000283   0.0000000000000383   0.0000000000000357   0.0000000000000626   0.0000000000000797   0.0000000000000901   0.0000000000000871   0.0000000000001744   0.0000000000008354   0.0000000000014060  -0.0000000000031903  -0.0000000000188466  -0.0000000000377899  -0.0000000000412866  -0.0000000000294948  -0.0000000000203624  -0.0000000000145724   0.0000000000020556   0.0000000000311781   0.0000000000570238   0.0000000000643756   0.0000000000643088   0.0000000000833965   0.0000000000773887  -0.0000000002039236  -0.0000000011387779  -0.0000000027381944  -0.0000000044103425  -0.0000000055609493  -0.0000000062167827  -0.0000000061967102  -0.0000000055670943  -0.0000000048131723  -0.0000000041121355  -0.0000000040405523  -0.0000000044452690  -0.0000000047524275  -0.0000000047573567  -0.0000000145439381   0.0000001971019804  -0.0000043306060994   0.0000893078155103  -0.0018448409968365   0.0425096048156559   0.0227889525170212   0.0060681767416439   0.0050946485753620   0.0043588339531412   0.0036952960341260   0.0031605382152521   0.0027434420281552   0.0024067871974972   0.0021207392557633   0.0018657973692883   0.0016322199476023   0.0014167904286946   0.0012185014864038   0.0010357501789754   0.0008663145114906   0.0007084513923009   0.0005618707863459   0.0004281189585201   0.0003110785801905   0.0002117163806478   0.0001230796406837   0.0000288642819350   0.0000000000000000   0.0000000000000000   0.0000000000000000   0.0000000000000000   0.0000000000000000   0.0000000000000000   0.0000000000000000   0.0000000000000000   0.0000000000000000   0.0000000000000000   0.0000000000000000
   0.0000000000000000   0.0000000000000000   0.0000000000000000   0.0000000000000000   0.0000000000000000   0.0000000000000000   0.0000000000000000   0.0000000000000000   0.0000000000000000   0.0733337911040933  -0.0029758678846066   0.0001440327991852  -0.0000068655255664   0.0000003326588202  -0.0000000157203998   0.0000000006429442  -0.0000000000246487   0.0000000000024795  -0.0000000000001720   0.0000000000000085   0.0000000000000138   0.0000000000000077   0.0000000000000045   0.0000000000000042   0.0000000000000146   0.0000000000000066   0.0000000000000159  -0.0000000000000027   0.0000000000000121   0.0000000000000048   0.0000000000000013  -0.0000000000000000   0.0000000000000090  -0.0000000000000004  -0.0000000000000066  -0.0000000000000027   0.0000000000000086   0.0000000000000102   0.0000000000000077   0.0000000000000074   0.0000000000000036   0.0000000000000041   0.0000000000000096   0.0000000000000025   0.0000000000000119   0.0000000000000044   0.0000000000000082   0.0000000000000037   0.0000000000000003  -0.0000000000000043  -0.0000000000000005  -0.0000000000000078   0.0000000000000066   0.0000000000000211   0.0000000000000140   0.0000000000000088   0.0000000000000107  -0.0000000000000107   0.0000000000000068   0.0000000000000109   0.0000000000000074   0.0000000000000037   0.0000000000000134   0.0000000000000122   0.0000000000000274   0.0000000000000163   0.0000000000000220  -0.0000000000000041   0.0000000000000176   0.0000000000000289   0.0000000000000320   0.0000000000000110   0.0000000000000269   0.0000000000000282   0.0000000000000279   0.0000000000000295   0.0000000000000338   0.0000000000000303   0.0000000000000293   0.0000000000000323   0.0000000000000290   0.0000000000000330   0.0000000000000201   0.0000000000000398   0.0000000000000497   0.0000000000000541   0.0000000000000679   0.0000000000000757   0.0000000000000629   0.0000000000000579   0.0000000000004836   0.0000000000017075  -0.0000000000009416  -0.0000000000170726  -0.0000000000405609  -0.0000000000440517  -0.0000000000229837  -0.0000000000081667  -0.0000000000021255   0.0000000000252125   0.0000000000632121   0.0000000000735871   0.0000000000570373   0.0000000000252481  -0.0000000000847181  -0.0000000004743354  -0.0000000014214592  -0.0000000029069630  -0.0000000042476181  -0.0000000044920520  -0.0000000033924017  -0.0000000016814466  -0.0000000003233777   0.0000000005246684   0.0000000011263618   0.0000000015191056   0.0000000018977539   0.0000000022751481   0.0000000025114175   0.0000000027153268   0.0000000031775088  -0.0000000020922700   0.0000001787618166  -0.0000048231468842   0.0001143082149221  -0.0023975711055132   0.0603469772896127   0.0173187687667950   0.0062793109989867   0.0051052447354501   0.0043252870860693   0.0036630682817755   0.0031341520218786   0.0027260516513639   0.0023983718793945   0.0021207330635703   0.0018745812254054   0.0016499569080657   0.0014427322862438   0.0012516681912504   0.0010757905896688   0.0009137483166983   0.0007642279595900   0.0006260820409976   0.0004984324196126   0.0003808430985956   0.0002732884895063   0.0001783721835030   0.0000960752823649   0.0000000000000000   0.0000000000000000   0.0000000000000000   0.0000000000000000   0.0000000000000000   0.0000000000000000   0.0000000000000000   0.0000000000000000   0.0000000000000000   0.0000000000000000   0.0000000000000000
   0.0000000000000000   0.0000000000000000   0.0000000000000000   0.0000000000000000   0.0000000000000000   0.0000000000000000   0.0000000000000000   0.0000000000000000   0.0000000000000000   0.0733376063896426  -0.0029679309975880   0.0001467278963340  -0.0000074551247276   0.0000003202419163  -0.0000000070625169   0.0000000003049920  -0.0000000001302728   0.0000000000070091   0.0000000000001861  -0.0000000000000643   0.0000000000000159   0.0000000000000019  -0.0000000000000120   0.0000000000000128   0.0000000000000079   0.0000000000000151   0.0000000000000127   0.0000000000000078   0.0000000000000085   0.0000000000000093   0.0000000000000138   0.0000000000000041   0.0000000000000048   0.0000000000000067  -0.0000000000000099  -0.0000000000000011   0.0000000000000207  -0.0000000000000121   0.0000000000000012  -0.0000000000000000   0.0000000000000045   0.0000000000000052   0.0000000000000184   0.0000000000000123   0.0000000000000032   0.0000000000000121   0.0000000000000159   0.0000000000000028   0.0000000000000042   0.0000000000000110   0.0000000000000127   0.0000000000000095   0.0000000000000021   0.0000000000000088   0.0000000000000080   0.0000000000000088   0.0000000000000155   0.0000000000000271   0.0000000000000137   0.0000000000000262   0.0000000000000180   0.0000000000000094   0.0000000000000204   0.0000000000000234   0.0000000000000296   0.0000000000000279   0.0000000000000361   0.0000000000000249   0.0000000000000303   0.0000000000000253   0.0000000000000151   0.0000000000000185   0.0000000000000157   0.0000000000000231   0.0000000000000113   0.0000000000000069  -0.0000000000000009  -0.0000000000000002  -0.0000000000000127  -0.0000000000000141  -0.0000000000000319  -0.0000000000000298  -0.0000000000000321  -0.0000000000000226  -0.0000000000000022   0.0000000000000537   0.0000000000000872   0.0000000000001553   0.0000000000002215   0.0000000000004281   0.0000000000018953   0.0000000000024288  -0.0000000000103328  -0.0000000000381903  -0.0000000000471002  -0.0000000000218737  -0.0000000000021000   0.0000000000104830   0.0000000000544858   0.0000000000991002   0.0000000001029398   0.0000000000778159   0.0000000001686873   0.0000000006585298   0.0000000020573289   0.0000000078261417   0.0000000261883481   0.0000000603365219   0.0000000945115281   0.0000001023376073   0.0000000764427049   0.0000000378355914   0.0000000091262863  -0.0000000066687629  -0.0000000167997866  -0.0000000253347132  -0.0000000326891770  -0.0000000388561936  -0.0000000444463886  -0.0000000501823688  -0.0000000552494950  -0.0000000604513476  -0.0000001982859255   0.0000001803658242   0.0000643145558643  -0.0024647782860796   0.0629654751199273   0.0113739546667622   0.0060056417311118   0.0050226896771472   0.0041867760109797   0.0035316346740030   0.0030380552608817   0.0026596164247154   0.0023547202346626   0.0020956809843981   0.0018656280158809   0.0016550980301118   0.0014598396996807   0.0012787501552596   0.0011116208321143   0.0009579175285773   0.0008165200621923   0.0006857108104522   0.0005633539987607   0.0004474242527005   0.0003368975571933   0.0002297584829477   0.0001228983649259   0.0000214195384644   0.0000000000000000   0.0000000000000000   0.0000000000000000   0.0000000000000000   0.0000000000000000   0.0000000000000000   0.0000000000000000   0.0000000000000000   0.0000000000000000   0.0000000000000000
   0.0000000000000000   0.0000000000000000   0.0000000000000000   0.0000000000000000   0.0000000000000000   0.0000000000000000   0.0000000000000000   0.0000000000000000   0.0000000000000000   0.0733369723808485  -0.0029605937491703   0.0001601497533719  -0.0000029354833872  -0.0000003778656224  -0.0000000132300677   0.0000000092990444  -0.0000000001857237  -0.0000000000414932   0.0000000000058970  -0.0000000000005169   0.0000000000000601  -0.0000000000000031   0.0000000000000085   0.0000000000000131  -0.0000000000000030   0.0000000000000113   0.0000000000000150   0.0000000000000070  -0.0000000000000002   0.0000000000000153  -0.0000000000000040   0.0000000000000122   0.0000000000000198   0.0000000000000090   0.0000000000000204   0.0000000000000134   0.0000000000000128   0.0000000000000003   0.0000000000000089   0.0000000000000093   0.0000000000000141   0.0000000000000116   0.0000000000000110   0.0000000000000049   0.0000000000000105   0.0000000000000293   0.0000000000000097   0.0000000000000144   0.0000000000000068   0.0000000000000198   0.0000000000000227   0.0000000000000107   0.0000000000000124  -0.0000000000000006   0.0000000000000218   0.0000000000000026   0.0000000000000252   0.0000000000000083   0.0000000000000000  -0.0000000000000008   0.0000000000000055  -0.0000000000000174  -0.0000000000000141  -0.0000000000000211  -0.0000000000000142  -0.0000000000000085  -0.0000000000000324  -0.0000000000000385  -0.0000000000000396  -0.0000000000000566  -0.0000000000000512  -0.0000000000000422  -0.0000000000000302   0.0000000000000000   0.0000000000000199   0.0000000000000621   0.0000000000001093   0.0000000000001982   0.0000000000002674   0.0000000000003702   0.0000000000004832   0.0000000000006260   0.0000000000007758   0.0000000000009386   0.0000000000011602   0.0000000000013573   0.0000000000015645   0.0000000000017772   0.0000000000018473   0.0000000000025343   0.0000000000051336  -0.0000000000004725  -0.0000000000295723  -0.0000000000513882  -0.0000000000271486  -0.0000000000026268   0.0000000000067368   0.0000000000649528   0.0000000001289876   0.0000000001262203   0.0000000001040567   0.0000000000289464   0.0000000012535332  -0.0000000087194100  -0.0000000304927662  -0.0000000974719741  -0.0000004277669159  -0.0000012028362992  -0.0000020738417439  -0.0000022893328103  -0.0000016111451714  -0.0000006848386414  -0.0000001170247403   0.0000001490967976   0.0000003456155297   0.0000005215961702   0.0000006690817551   0.0000007950083644   0.0000009082149065   0.0000010178115813   0.0000011414016685   0.0000011967043177   0.0000014808640185   0.0000154508639798  -0.0002793473290831   0.0026887746038659   0.0347832956598644   0.0051408367038716   0.0055120291462247   0.0045552967998477   0.0038097484800026   0.0032773625448303   0.0028691965310243   0.0025455691493266   0.0022785651109966   0.0020481643487876   0.0018411246425721   0.0016494874183508   0.0014695497840541   0.0013006869886120   0.0011434579040129   0.0009980438561807   0.0008636885900316   0.0007387998693049   0.0006212247941593   0.0005085063969191   0.0003980912091086   0.0002875411629816   0.0001753962693279   0.0000625793875965   0.0000000000000000   0.0000000000000000   0.0000000000000000   0.0000000000000000   0.0000000000000000   0.0000000000000000   0.0000000000000000   0.0000000000000000   0.0000000000000000   0.0000000000000000
   0.0000000000000000   0.0000000000000000   0.0000000000000000   0.0000000000000000   0.0000000000000000   0.0000000000000000   0.0000000000000000   0.0000000000000000   0.0000000000000000   0.0735847386531198  -0.0031458131536915  -0.0003007898960761   0.0000370962499414   0.0000028038596139  -0.0000006669548291  -0.0000000128117365   0.0000000045490600  -0.0000000004432048   0.0000000000325040  -0.0000000000020739   0.0000000000001229  -0.0000000000000180   0.0000000000000064   0.0000000000000002  -0.0000000000000248   0.0000000000000073   0.0000000000000096  -0.0000000000000019   0.0000000000000003   0.0000000000000085   0.0000000000000046   0.0000000000000113  -0.0000000000000033   0.0000000000000043  -0.0000000000000062  -0.0000000000000062   0.0000000000000013   0.0000000000000048   0.0000000000000038  -0.0000000000000029  -0.0000000000000027  -0.0000000000000068  -0.0000000000000184  -0.0000000000000100  -0.0000000000000057  -0.0000000000000139  -0.0000000000000185  -0.0000000000000321  -0.0000000000000240  -0.0000000000000047  -0.0000000000000298  -0.0000000000000106  -0.0000000000000077  -0.0000000000000090  -0.0000000000000018  -0.0000000000000071  -0.0000000000000110   0.0000000000000068   0.0000000000000231   0.0000000000000238   0.0000000000000734   0.0000000000001007   0.0000000000001437   0.0000000000001926   0.0000000000002537   0.0000000000003376   0.0000000000004105   0.0000000000005177   0.0000000000006362   0.0000000000007557   0.0000000000008923   0.0000000000010128   0.0000000000011385   0.0000000000013121   0.0000000000014146   0.0000000000015569   0.0000000000016607   0.0000000000017462   0.0000000000018153   0.0000000000018425   0.0000000000018418   0.0000000000018097   0.0000000000016888   0.0000000000015366   0.0000000000012982   0.0000000000009714   0.0000000000005659   0.0000000000000133  -0.0000000000008146   0.0000000000001439   0.0000000000016015  -0.0000000000196272  -0.0000000000578989  -0.0000000000466430  -0.0000000000123787  -0.0000000000113737   0.0000000000463002   0.0000000001371962   0.0000000001376980   0.0000000001120742   0.0000000000376770   0.0000000003806244   0.0000000023340602  -0.0000000794147401   0.0000008922448315   0.0000008638347909   0.0000058188798400   0.0000231717077544   0.0000459301198156   0.0000525164137765   0.0000336691376592   0.0000108132638969   0.0000011345181800  -0.0000029836871056  -0.0000072238970980  -0.0000108361192926  -0.0000138577416505  -0.0000164432057975  -0.0000187821593674  -0.0000210779158239  -0.0000235272135152  -0.0000267983000625  -0.0000235611223360  -0.0000778508539934  -0.0005341010132371   0.0204318335024958  -0.0025716809336982   0.0024113041006654   0.0028941553059130   0.0033102280330320   0.0031913828225597   0.0029193149746030   0.0026408571539947   0.0023930068072895   0.0021761303657461   0.0019823716245339   0.0018039624072048   0.0016352468239008   0.0014733996691403   0.0013183865762788   0.0011715320175549   0.0010338400301454   0.0009052916035055   0.0007849275628500   0.0006711316014075   0.0005618372415615   0.0004548868215879   0.0003493366575634   0.0002462132931813   0.0001396650927828   0.0000000000000000   0.0000000000000000   0.0000000000000000   0.0000000000000000   0.0000000000000000   0.0000000000000000   0.0000000000000000   0.0000000000000000   0.0000000000000000   0.0000000000000000
   0.0000000000000000   0.0000000000000000   0.0000000000000000   0.0000000000000000   0.0000000000000000   0.0000000000000000   0.0000000000000000   0.0000000000000000   0.0000000000000000   0.0000000000000000   0.0375655609881024  -0.0017259036268388  -0.0003712578679273   0.0000408164543755   0.0000030675623745  -0.0000003914719306   0.0000000289842283  -0.0000000018007119   0.0000000001027548  -0.0000000000055930   0.0000000000002851  -0.0000000000000323  -0.0000000000000184  -0.0000000000000172  -0.0000000000000133  -0.0000000000000139  -0.0000000000000145  -0.0000000000000014  -0.0000000000000019  -0.0000000000000058  -0.0000000000000099  -0.0000000000000020   0.0000000000000063  -0.0000000000000032   0.0000000000000115   0.0000000000000010   0.0000000000000216   0.0000000000000205   0.0000000000000374   0.0000000000000425   0.0000000000000507   0.0000000000000733   0.0000000000000903   0.0000000000001038   0.0000000000001185   0.0000000000001221   0.0000000000001624   0.0000000000001960   0.0000000000002144   0.0000000000002578   0.0000000000002853   0.0000000000003418   0.0000000000003830   0.0000000000004340   0.0000000000004950   0.0000000000005619   0.0000000000006395   0.0000000000007163   0.0000000000008069   0.0000000000008880   0.0000000000009848   0.0000000000010680   0.0000000000011453   0.0000000000012299   0.0000000000013008   0.0000000000013514   0.0000000000013737   0.0000000000013852   0.0000000000013296   0.0000000000012581   0.0000000000011631   0.0000000000009851   0.0000000000007790   0.0000000000005170   0.0000000000002032  -0.0000000000001732  -0.0000000000005827  -0.0000000000010439  -0.0000000000015407  -0.0000000000020992  -0.0000000000026896  -0.0000000000033143  -0.0000000000040036  -0.0000000000047023  -0.0000000000054962  -0.0000000000063286  -0.0000000000072568  -0.0000000000083412  -0.0000000000097430  -0.0000000000069993  -0.0000000000110541  -0.0000000000529455  -0.0000000000729134  -0.0000000000298682  -0.0000000000290351   0.0000000000017810   0.0000000001213470   0.0000000001433441   0.0000000001005736   0.0000000000879188  -0.0000000001817248   0.0000000039165416  -0.0000000388696365   0.0000000590496022   0.0000043414561437  -0.0000793563495181   0.0000745929441838  -0.0005668472427987  -0.0011514307954253  -0.0018125235858793  -0.0013276556265137  -0.0008991813088307  -0.0009639613594140  -0.0009782657733005  -0.0009754463535390  -0.0009618865535730  -0.0009402553789972  -0.0009141379033440  -0.0008867960993668  -0.0008609087955264  -0.0008385618929326  -0.0008205001898307  -0.0007872593232686  -0.0012378455944657   0.0045556638523661  -0.0074120466946318  -0.0020676364143707   0.0008870829298759   0.0014503186799643   0.0022284108079936   0.0025344095726971   0.0025115218237491   0.0023744807960825   0.0022128380225174   0.0020536728519739   0.0019021102304862   0.0017565735960047   0.0016140714073118   0.0014726538179470   0.0013327364148732   0.0011964175847904   0.0010657491493391   0.0009417838331115   0.0008244988085926   0.0007131414146859   0.0006066970735441   0.0005042900104846   0.0004047390237369   0.0003027733621217   0.0001846625688153   0.0000505367009463   0.0000000000000000   0.0000000000000000   0.0000000000000000   0.0000000000000000   0.0000000000000000   0.0000000000000000   0.0000000000000000   0.0000000000000000   0.0000000000000000
   0.0000000000000000   0.0000000000000000   0.0000000000000000   0.0000000000000000   0.0000000000000000   0.0000000000000000   0.0000000000000000   0.0000000000000000   0.0000000000000000   0.0000000000000000   0.0000000000000000   0.0379146574031404  -0.0017420331510256  -0.0003746007813626   0.0000280339838914  -0.0000016264210917   0.0000000864338690  -0.0000000044112077   0.0000000002204093  -0.0000000000108146   0.0000000000005838   0.0000000000000465   0.0000000000000960   0.0000000000000947   0.0000000000001128   0.0000000000001196   0.0000000000001227   0.0000000000001464   0.0000000000001667   0.0000000000001885   0.0000000000001898   0.0000000000002061   0.0000000000002275   0.0000000000002492   0.0000000000002526   0.0000000000002715   0.0000000000003091   0.0000000000002970   0.0000000000003196   0.0000000000003347   0.0000000000003580   0.0000000000003872   0.0000000000004035   0.0000000000004005   0.0000000000004103   0.0000000000004326   0.0000000000004414   0.0000000000004340   0.0000000000004575   0.0000000000004437   0.0000000000004508   0.0000000000004390   0.0000000000004105   0.0000000000003898   0.0000000000003386   0.0000000000002921   0.0000000000001884   0.0000000000000976  -0.0000000000000322  -0.0000000000001852  -0.0000000000003879  -0.0000000000006132  -0.0000000000008728  -0.0000000000011741  -0.0000000000015304  -0.0000000000019116  -0.0000000000023156  -0.0000000000027785  -0.0000000000032781  -0.0000000000037651  -0.0000000000042723  -0.0000000000047936  -0.0000000000053590  -0.0000000000059199  -0.0000000000064913  -0.0000000000070792  -0.0000000000076856  -0.0000000000083197  -0.0000000000090143  -0.0000000000097872  -0.0000000000106185  -0.0000000000115898  -0.0000000000126795  -0.0000000000138897  -0.0000000000153323  -0.0000000000168910  -0.0000000000187002  -0.0000000000208105  -0.0000000000232898  -0.0000000000183346  -0.0000000000376487  -0.0000000000920048  -0.0000000000685181  -0.0000000000409395  -0.0000000000569938   0.0000000000621148   0.0000000001416774   0.0000000000919537   0.0000000000789993  -0.0000000000238171   0.0000000001494408   0.0000000085690269  -0.0000002456861772   0.0000034475995822  -0.0000205696254681  -0.0001430090025501   0.0063529443035738  -0.0114191931760500   0.0000000000000000   0.0374508218233781  -0.0028504111450492  -0.0014570078275071  -0.0010688104190572  -0.0011034843026464  -0.0010921270943598  -0.0010712033972933  -0.0010423227727284  -0.0010093825659269  -0.0009757572194332  -0.0009441796309013  -0.0009156609036623  -0.0008882959173894  -0.0009685533039563  -0.0014734352222004   0.0248320341153174  -0.0094340999440711  -0.0016295270695418   0.0000936428112426   0.0008053968349324   0.0015189817533936   0.0019604028588519   0.0021047822609657   0.0020930878952003   0.0020171374906806   0.0019182400523773   0.0018117515321094   0.0017017459996665   0.0015878230140392   0.0014687159147066   0.0013449321751141   0.0012192173389791   0.0010948316390003   0.0009741629902212   0.0008584057778497   0.0007478912353803   0.0006425479301223   0.0005419288722334   0.0004442405641691   0.0003459390417247   0.0002467377218299   0.0001566610795265   0.0000000000000000   0.0000000000000000   0.0000000000000000   0.0000000000000000   0.0000000000000000   0.0000000000000000   0.0000000000000000   0.0000000000000000   0.0000000000000000
   0.0000000000000000   0.0000000000000000   0.0000000000000000   0.0000000000000000   0.0000000000000000   0.0000000000000000   0.0000000000000000   0.0000000000000000   0.0000000000000000   0.0000000000000000   0.0000000000000000   0.0000000000000000   0.0375537291224845  -0.0016089299998239   0.0000743187559764  -0.0000034169009140   0.0000001577337547  -0.0000000073171060   0.0000000003411529  -0.0000000000158930   0.0000000000008240   0.0000000000000379   0.0000000000000617   0.0000000000000702   0.0000000000000445   0.0000000000000484   0.0000000000000383   0.0000000000000327  -0.0000000000000068  -0.0000000000000024  -0.0000000000000302  -0.0000000000000592  -0.0000000000000591  -0.0000000000000955  -0.0000000000001323  -0.0000000000001557  -0.0000000000002024  -0.0000000000002336  -0.0000000000002905  -0.0000000000003356  -0.0000000000003846  -0.0000000000004486  -0.0000000000005077  -0.0000000000005907  -0.0000000000006550  -0.0000000000007513  -0.0000000000008525  -0.0000000000009630  -0.0000000000010770  -0.0000000000012155  -0.0000000000013596  -0.0000000000015358  -0.0000000000017136  -0.0000000000019257  -0.0000000000021739  -0.0000000000024582  -0.0000000000027598  -0.0000000000030981  -0.0000000000034676  -0.0000000000038947  -0.0000000000043658  -0.0000000000048937  -0.0000000000054503  -0.0000000000060856  -0.0000000000067751  -0.0000000000074913  -0.0000000000082783  -0.0000000000091417  -0.0000000000100297  -0.0000000000110126  -0.0000000000120222  -0.0000000000130801  -0.0000000000142190  -0.0000000000153601  -0.0000000000165374  -0.0000000000177706  -0.0000000000190354  -0.0000000000203233  -0.0000000000216638  -0.0000000000230671  -0.0000000000245428  -0.0000000000261350  -0.0000000000277903  -0.0000000000296277  -0.0000000000316336  -0.0000000000338213  -0.0000000000362827  -0.0000000000390850  -0.0000000000418675  -0.0000000000341919  -0.0000000000778400  -0.0000000001173129  -0.0000000000595433  -0.0000000000859136  -0.0000000000380258   0.0000000001143230   0.0000000000959267   0.0000000000708458   0.0000000000585167  -0.0000000003152904   0.0000000047713436  -0.0000000426511868  -0.0000000631275233   0.0000123333321922  -0.0002547665730933   0.0024489331132568  -0.0040933284503898  -0.0066459269838430   0.0000000000000000   0.0000000000000000   0.0374256506791148  -0.0017659775116621  -0.0000742017068006  -0.0001511684090154  -0.0001444430688065  -0.0001404860640106  -0.0001358595772674  -0.0001312204519845  -0.0001269601408847  -0.0001223898937778  -0.0001162771870695  -0.0001901482984238  -0.0002410864828697   0.0089151997148724  -0.0122904460345430  -0.0076995453032496  -0.0022665848105225  -0.0008580108157926   0.0000506463141579   0.0008875444116227   0.0014606655899206   0.0017343866989809   0.0018259134988734   0.0018258221163109   0.0017829516275426   0.0017197407912581   0.0016447272095818   0.0015596857857579   0.0014636780860585   0.0013566491385222   0.0012414673919437   0.0011225137860540   0.0010036891803265   0.0008876664696981   0.0007759658683689   0.0006692218060009   0.0005673748329157   0.0004697071237459   0.0003748451550633   0.0002799555430559   0.0001797078593103   0.0000584014953774  -0.0000043289774256   0.0000000000000000   0.0000000000000000   0.0000000000000000   0.0000000000000000   0.0000000000000000   0.0000000000000000   0.0000000000000000
   0.0000000000000000   0.0000000000000000   0.0000000000000000   0.0000000000000000   0.0000000000000000   0.0000000000000000   0.0000000000000000   0.0000000000000000   0.0000000000000000   0.0000000000000000   0.0000000000000000   0.0000000000000000   0.0738443053548565  -0.0023892051303695   0.0000997423833765  -0.0000043032234148   0.0000001904670110  -0.0000000085772089   0.0000000003905018  -0.0000000000185691   0.0000000000002283  -0.0000000000006694  -0.0000000000006567  -0.0000000000007064  -0.0000000000007377  -0.0000000000007756  -0.0000000000008150  -0.0000000000008652  -0.0000000000009112  -0.0000000000009350  -0.0000000000009995  -0.0000000000010620  -0.0000000000011101  -0.0000000000011719  -0.0000000000012520  -0.0000000000013207  -0.0000000000014071  -0.0000000000014927  -0.0000000000015796  -0.0000000000017058  -0.0000000000018295  -0.0000000000019587  -0.0000000000020996  -0.0000000000022520  -0.0000000000024281  -0.0000000000026203  -0.0000000000028545  -0.0000000000030716  -0.0000000000033625  -0.0000000000036859  -0.0000000000040286  -0.0000000000044196  -0.0000000000048500  -0.0000000000053683  -0.0000000000059326  -0.0000000000065412  -0.0000000000072551  -0.0000000000080350  -0.0000000000088937  -0.0000000000098275  -0.0000000000108671  -0.0000000000119822  -0.0000000000131623  -0.0000000000144847  -0.0000000000158229  -0.0000000000172207  -0.0000000000187137  -0.0000000000202461  -0.0000000000217961  -0.0000000000234030  -0.0000000000250063  -0.0000000000266301  -0.0000000000282624  -0.0000000000298951  -0.0000000000315200  -0.0000000000331569  -0.0000000000348075  -0.0000000000364580  -0.0000000000381471  -0.0000000000398458  -0.0000000000415981  -0.0000000000433986  -0.0000000000451973  -0.0000000000471100  -0.0000000000490560  -0.0000000000510716  -0.0000000000531564  -0.0000000000555412  -0.0000000000565729  -0.0000000000468795  -0.0000000001157998  -0.0000000001099277  -0.0000000000632885  -0.0000000001143536   0.0000000000318639   0.0000000001149172   0.0000000000711897   0.0000000000897199  -0.0000000000233590  -0.0000000002027524   0.0000000136123748  -0.0000003232120277   0.0000042862458371  -0.0000308919716811  -0.0003750442971734   0.0162841463866111  -0.0106635999272808   0.0000000000000000   0.0000000000000000   0.0000000000000000   0.0738280671087013  -0.0024222956793196   0.0000703229177703  -0.0000337550119416  -0.0000286330608032  -0.0000280744972663  -0.0000272603723177  -0.0000265273401085  -0.0000248498799317  -0.0000224359390183  -0.0000960489266465  -0.0000438721633011   0.0060559490002182  -0.0118255784449647  -0.0156500593978677  -0.0078784990653971  -0.0037205730090148  -0.0017824611592826  -0.0005491863439021   0.0004334125883098   0.0010929296085773   0.0014488810843819   0.0016105786936843   0.0016651811282888   0.0016649365616085   0.0016365983292650   0.0015915619813997   0.0015328924054930   0.0014593315310734   0.0013692415759982   0.0012644918381991   0.0011501027981518   0.0010315417372774   0.0009132174379098   0.0007980812459677   0.0006876553639040   0.0005823956163482   0.0004823364683418   0.0003872692088110   0.0002955743860701   0.0002047175454278   0.0001193363568447   0.0000669811544903   0.0000000000000000   0.0000000000000000   0.0000000000000000   0.0000000000000000   0.0000000000000000   0.0000000000000000   0.0000000000000000
   0.0000000000000000   0.0000000000000000   0.0000000000000000   0.0000000000000000   0.0000000000000000   0.0000000000000000   0.0000000000000000   0.0000000000000000   0.0000000000000000   0.0000000000000000   0.0000000000000000   0.0000000000000000   0.0372110366666723  -0.0015867925550516   0.0000729654106488  -0.0000033457150043   0.0000001542063238  -0.0000000071504565   0.0000000003305338  -0.0000000000181471  -0.0000000000018516  -0.0000000000026430  -0.0000000000026478  -0.0000000000027008  -0.0000000000027407  -0.0000000000028010  -0.0000000000028732  -0.0000000000029362  -0.0000000000030245  -0.0000000000031193  -0.0000000000032091  -0.0000000000033405  -0.0000000000034456  -0.0000000000035640  -0.0000000000036976  -0.0000000000038620  -0.0000000000040162  -0.0000000000041880  -0.0000000000043668  -0.0000000000045682  -0.0000000000048030  -0.0000000000050423  -0.0000000000053053  -0.0000000000056056  -0.0000000000059289  -0.0000000000062733  -0.0000000000066960  -0.0000000000071276  -0.0000000000076345  -0.0000000000082111  -0.0000000000088126  -0.0000000000094935  -0.0000000000102529  -0.0000000000111342  -0.0000000000120577  -0.0000000000131002  -0.0000000000142548  -0.0000000000154967  -0.0000000000168610  -0.0000000000183431  -0.0000000000199401  -0.0000000000216185  -0.0000000000233965  -0.0000000000252640  -0.0000000000272113  -0.0000000000291838  -0.0000000000312022  -0.0000000000332358  -0.0000000000352121  -0.0000000000371346  -0.0000000000389855  -0.0000000000407550  -0.0000000000423987  -0.0000000000439060  -0.0000000000452796  -0.0000000000465231  -0.0000000000476229  -0.0000000000486202  -0.0000000000495811  -0.0000000000504526  -0.0000000000513747  -0.0000000000522869  -0.0000000000532788  -0.0000000000543858  -0.0000000000555935  -0.0000000000569541  -0.0000000000584728  -0.0000000000605499  -0.0000000000593462  -0.0000000000527907  -0.0000000001374460  -0.0000000000831685  -0.0000000000844497  -0.0000000001007525   0.0000000000885097   0.0000000000874761   0.0000000000875115   0.0000000001138009  -0.0000000003426720   0.0000000037308267  -0.0000000262733668  -0.0000003296677195   0.0000173100708808  -0.0003163940282266   0.0040001282370665  -0.0083339942009011  -0.0014826778887724   0.0000000000000000   0.0000000000000000   0.0000000000000000   0.0371924417719389  -0.0016008319148696   0.0000630722803476  -0.0000134670568586  -0.0000096736015576  -0.0000095693088409  -0.0000093400798386  -0.0000078511463666  -0.0000071507797903  -0.0000886037853436   0.0000731839696801   0.0055798857660769  -0.0137413165977782  -0.0222293180394780  -0.0119961865158274  -0.0080133742856715  -0.0045792443970394  -0.0023350009612533  -0.0008636113174147   0.0001842559749776   0.0008632783568048   0.0012504315508527   0.0014479020077686   0.0015353923300851   0.0015640830454749   0.0015619416554006   0.0015414957619344   0.0015063212252950   0.0014544969408188   0.0013820139549629   0.0012882820793840   0.0011780938640196   0.0010584535823089   0.0009358517068726   0.0008151262747288   0.0006990962200547   0.0005887330398644   0.0004842071865348   0.0003865923863927   0.0002986968345758   0.0002238742479535   0.0001619217482748   0.0001044837219365   0.0000303173359230   0.0000000000000000   0.0000000000000000   0.0000000000000000   0.0000000000000000   0.0000000000000000   0.0000000000000000
   0.0000000000000000   0.0000000000000000   0.0000000000000000   0.0000000000000000   0.0000000000000000   0.0000000000000000   0.0000000000000000   0.0000000000000000   0.0000000000000000   0.0000000000000000   0.0000000000000000   0.0735836628766506  -0.0031479038863397  -0.0003086823310955   0.0000249420231370  -0.0000014826497876   0.0000000797652351  -0.0000000041032201   0.0000000002050817  -0.0000000000113918  -0.0000000000009071  -0.0000000000016329  -0.0000000000018358  -0.0000000000020212  -0.0000000000022121  -0.0000000000024240  -0.0000000000026322  -0.0000000000028628  -0.0000000000031030  -0.0000000000033282  -0.0000000000036085  -0.0000000000038934  -0.0000000000041815  -0.0000000000044897  -0.0000000000048109  -0.0000000000051589  -0.0000000000055060  -0.0000000000058837  -0.0000000000062650  -0.0000000000066745  -0.0000000000071230  -0.0000000000076006  -0.0000000000080696  -0.0000000000085995  -0.0000000000091619  -0.0000000000097501  -0.0000000000104202  -0.0000000000111225  -0.0000000000118735  -0.0000000000127127  -0.0000000000135933  -0.0000000000145623  -0.0000000000155998  -0.0000000000167457  -0.0000000000179511  -0.0000000000192722  -0.0000000000206603  -0.0000000000221177  -0.0000000000236595  -0.0000000000252704  -0.0000000000269350  -0.0000000000286739  -0.0000000000304041  -0.0000000000321814  -0.0000000000339508  -0.0000000000356925  -0.0000000000374430  -0.0000000000391251  -0.0000000000407968  -0.0000000000423923  -0.0000000000439590  -0.0000000000454507  -0.0000000000468676  -0.0000000000482353  -0.0000000000494876  -0.0000000000506808  -0.0000000000517880  -0.0000000000527520  -0.0000000000536889  -0.0000000000544414  -0.0000000000551405  -0.0000000000557228  -0.0000000000562044  -0.0000000000566360  -0.0000000000570030  -0.0000000000573398  -0.0000000000576149  -0.0000000000585184  -0.0000000000534441  -0.0000000000542686  -0.0000000001331338  -0.0000000000599296  -0.0000000000904363  -0.0000000000630284   0.0000000001166097   0.0000000000797756   0.0000000001111639   0.0000000001596997  -0.0000000012573772   0.0000000197052837  -0.0000002901140500   0.0000035479257737  -0.0000194373223552  -0.0006499849749239   0.0189782598655425  -0.0085565287998434   0.0000000000000000   0.0000000000000000   0.0000000000000000   0.0738416998896349  -0.0028511749514491  -0.0003307417635412   0.0000244829344674  -0.0000030847436083  -0.0000014480863171  -0.0000014786055427   0.0000004838579502  -0.0000005090088806  -0.0000972116003942   0.0002170295398371   0.0058150016783157  -0.0189748590663094  -0.0255363440224783  -0.0145842452386789  -0.0112767455265269  -0.0079530324225438  -0.0047462131361563  -0.0024660202049043  -0.0009502327878644   0.0000659547265738   0.0007119509160143   0.0010952233393377   0.0013067452010390   0.0014148118121476   0.0014655528763884   0.0014855497321678   0.0014872532970200   0.0014744620684362   0.0014448084829199   0.0013918209233735   0.0013110795501539   0.0012058649006541   0.0010845590063878   0.0009561425073598   0.0008278987970566   0.0007045398379290   0.0005878820292112   0.0004777148684558   0.0003752256645608   0.0002866625272109   0.0002209277061432   0.0001819105968000   0.0001512892354659   0.0001164733894362   0.0000000000000000   0.0000000000000000   0.0000000000000000   0.0000000000000000   0.0000000000000000   0.0000000000000000
   0.0000000000000000   0.0000000000000000   0.0000000000000000   0.0000000000000000   0.0000000000000000   0.0000000000000000   0.0000000000000000   0.0000000000000000   0.0000000000000000   0.0000000000000000   0.0000000000000000   0.0735922905810583  -0.0026697315579603   0.0001365198802416  -0.0000010298959124  -0.0000002107421790   0.0000000208753532  -0.0000000014227644   0.0000000000942696   0.0000000000031723   0.0000000000077582   0.0000000000070062   0.0000000000065281   0.0000000000060311   0.0000000000055125   0.0000000000049865   0.0000000000044761   0.0000000000039484   0.0000000000034128   0.0000000000028817   0.0000000000023266   0.0000000000017578   0.0000000000011863   0.0000000000005770  -0.0000000000000311  -0.0000000000006769  -0.0000000000013229  -0.0000000000019985  -0.0000000000026876  -0.0000000000033885  -0.0000000000041200  -0.0000000000048713  -0.0000000000056182  -0.0000000000064273  -0.0000000000072855  -0.0000000000081350  -0.0000000000090610  -0.0000000000100066  -0.0000000000110128  -0.0000000000120930  -0.0000000000132130  -0.0000000000144188  -0.0000000000156816  -0.0000000000170409  -0.0000000000184473  -0.0000000000199424  -0.0000000000215298  -0.0000000000231602  -0.0000000000248894  -0.0000000000266261  -0.0000000000284349  -0.0000000000302451  -0.0000000000320698  -0.0000000000338795  -0.0000000000356380  -0.0000000000373558  -0.0000000000389959  -0.0000000000404949  -0.0000000000419056  -0.0000000000431463  -0.0000000000442813  -0.0000000000452448  -0.0000000000460716  -0.0000000000467645  -0.0000000000473412  -0.0000000000478317  -0.0000000000482406  -0.0000000000485654  -0.0000000000489101  -0.0000000000491772  -0.0000000000494950  -0.0000000000497889  -0.0000000000500782  -0.0000000000503821  -0.0000000000506101  -0.0000000000508552  -0.0000000000510560  -0.0000000000520896  -0.0000000000445076  -0.0000000000572321  -0.0000000001125117  -0.0000000000624956  -0.0000000000745216  -0.0000000000425119   0.0000000001161195   0.0000000000952510   0.0000000001049831   0.0000000002541738  -0.0000000031185867   0.0000000577550542  -0.0000010390445433   0.0000177766814915  -0.0002868080785744   0.0036507531529910   0.0051864828008516   0.0000000000000000   0.0000000000000000   0.0000000000000000   0.0000000000000000   0.0372064885266255  -0.0015740761491760   0.0000896114606844   0.0000010860253525  -0.0000002375584173   0.0000003185044945   0.0000023561428622  -0.0000064971056323  -0.0001385468894504   0.0004009196259621   0.0064827629500352  -0.0268540895464452  -0.0261129452321243  -0.0161245168040587  -0.0136740916010297  -0.0106763187956551  -0.0073770178870088  -0.0043937455983246  -0.0022795325634801  -0.0008793239140749   0.0000347445288818   0.0006138919742499   0.0009676079951284   0.0011745880249208   0.0012921177548480   0.0013593163702705   0.0013988996832494   0.0014217498179613   0.0014314050823631   0.0014252098958150   0.0013945242498199   0.0013301176533984   0.0012320471114115   0.0011095725199074   0.0009744675012970   0.0008369866667082   0.0007045225850198   0.0005805795274884   0.0004640716701134   0.0003536030637530   0.0002571277723972   0.0001883816710675   0.0001611034756204   0.0001551372464037   0.0001447140269217   0.0001186720567901   0.0000000000000000   0.0000000000000000   0.0000000000000000   0.0000000000000000   0.0000000000000000
   0.0000000000000000   0.0000000000000000   0.0000000000000000   0.0000000000000000   0.0000000000000000   0.0000000000000000   0.0000000000000000   0.0000000000000000   0.0000000000000000   0.0000000000000000   0.0000000000000000   0.0372161852497124  -0.0015787609920534   0.0000754415857152  -0.0000039598229392   0.0000001376490546  -0.0000000023545428  -0.0000000000974701   0.0000000000417468   0.0000000000225245   0.0000000000235930   0.0000000000229889   0.0000000000224023   0.0000000000217203   0.0000000000209808   0.0000000000201978   0.0000000000193733   0.0000000000184929   0.0000000000176259   0.0000000000167101   0.0000000000157813   0.0000000000148355   0.0000000000138754   0.0000000000129018   0.0000000000118885   0.0000000000108735   0.0000000000098046   0.0000000000087363   0.0000000000076294   0.0000000000064850   0.0000000000053351   0.0000000000041567   0.0000000000029662   0.0000000000017238   0.0000000000004580  -0.0000000000008292  -0.0000000000021445  -0.0000000000034982  -0.0000000000048833  -0.0000000000063166  -0.0000000000077535  -0.0000000000092397  -0.0000000000107764  -0.0000000000123268  -0.0000000000139138  -0.0000000000155154  -0.0000000000171503  -0.0000000000187775  -0.0000000000204115  -0.0000000000220510  -0.0000000000236629  -0.0000000000252332  -0.0000000000267938  -0.0000000000282933  -0.0000000000297967  -0.0000000000312036  -0.0000000000325825  -0.0000000000338826  -0.0000000000351463  -0.0000000000363166  -0.0000000000374624  -0.0000000000385160  -0.0000000000395310  -0.0000000000404639  -0.0000000000413385  -0.0000000000421577  -0.0000000000429166  -0.0000000000436402  -0.0000000000443239  -0.0000000000449546  -0.0000000000455753  -0.0000000000460625  -0.0000000000463641  -0.0000000000464083  -0.0000000000460604  -0.0000000000454009  -0.0000000000443010  -0.0000000000438302  -0.0000000000323749  -0.0000000000533157  -0.0000000000774336  -0.0000000000669741  -0.0000000000462361  -0.0000000000264042   0.0000000000687734   0.0000000000891652   0.0000000000010787   0.0000000002455396  -0.0000000059403035   0.0000001178079218  -0.0000023734138716   0.0000465968671048  -0.0008797334066639   0.0179246597393532   0.0011160009039681   0.0000000000000000   0.0000000000000000   0.0000000000000000   0.0738390914020278  -0.0028522873716124  -0.0003294642791214   0.0000252601916222  -0.0000020491854922   0.0000007074339310  -0.0000006842900712  -0.0000209031034555  -0.0001240889833691   0.0010473561641688   0.0082199553587982  -0.0370274369143132  -0.0247384274025202  -0.0165382936389811  -0.0152027668670850  -0.0127903207122091  -0.0096284433168170  -0.0063892797019788  -0.0037534529360014  -0.0019230703513111  -0.0007150934933901   0.0000656302603703   0.0005609451218836   0.0008670622542874   0.0010526461908567   0.0011672980599442   0.0012435426830875   0.0012988016644234   0.0013411052462863   0.0013731706884399   0.0013918985293217   0.0013865947835439   0.0013426850693151   0.0012551519661217   0.0011331304909650   0.0009911920174233   0.0008428942018059   0.0006991790720495   0.0005668338577051   0.0004442055485120   0.0003229626948901   0.0002109270572677   0.0001266549080519   0.0001058349575411   0.0001084253839891   0.0001078456274279   0.0000961573865900   0.0000723484889140   0.0000803938903346   0.0000737909245560   0.0000000000000000   0.0000000000000000
   0.0000000000000000   0.0000000000000000   0.0000000000000000   0.0000000000000000   0.0000000000000000   0.0000000000000000   0.0000000000000000   0.0000000000000000   0.0000000000000000   0.0000000000000000   0.0735836611464942  -0.0031480249733140  -0.0003089390194235   0.0000247849525979  -0.0000014945092216   0.0000000883630560  -0.0000000041754497   0.0000000002044205   0.0000000000404795   0.0000000000444727   0.0000000000444342   0.0000000000441567   0.0000000000437644   0.0000000000432391   0.0000000000425826   0.0000000000417700   0.0000000000408806   0.0000000000398526   0.0000000000388016   0.0000000000376739   0.0000000000364930   0.0000000000352648   0.0000000000340260   0.0000000000327367   0.0000000000313891   0.0000000000300282   0.0000000000286187   0.0000000000271527   0.0000000000256374   0.0000000000240949   0.0000000000225189   0.0000000000208685   0.0000000000192315   0.0000000000175301   0.0000000000157840   0.0000000000140063   0.0000000000121991   0.0000000000103560   0.0000000000084927   0.0000000000065349   0.0000000000045921   0.0000000000026306   0.0000000000006206  -0.0000000000013981  -0.0000000000034468  -0.0000000000054911  -0.0000000000075691  -0.0000000000096328  -0.0000000000116756  -0.0000000000137131  -0.0000000000157384  -0.0000000000177313  -0.0000000000197150  -0.0000000000216109  -0.0000000000235166  -0.0000000000253534  -0.0000000000271313  -0.0000000000287952  -0.0000000000303476  -0.0000000000317456  -0.0000000000329206  -0.0000000000337579  -0.0000000000342081  -0.0000000000341617  -0.0000000000334577  -0.0000000000320301  -0.0000000000298261  -0.0000000000268300  -0.0000000000231618  -0.0000000000191685  -0.0000000000153325  -0.0000000000125532  -0.0000000000122257  -0.0000000000163617  -0.0000000000275184  -0.0000000000485272  -0.0000000000820988  -0.0000000001311729  -0.0000000001833840  -0.0000000002839548  -0.0000000003631336  -0.0000000004308429  -0.0000000004058726  -0.0000000002625686   0.0000000000112616   0.0000000005521048   0.0000000011679842   0.0000000024002885  -0.0000000052228278   0.0000001806685994  -0.0000038129185068   0.0000824280959029  -0.0017485740040782   0.0371171836857072   0.0013046737746498   0.0000000000000000   0.0000000000000000   0.0000000000000000   0.0375530902939301  -0.0015935163898239   0.0000909898343609   0.0000025460038936   0.0000043670212016   0.0000025026865784  -0.0000619117250818   0.0002090488645694   0.0015163517059387   0.0048306796972486  -0.0479741834652600  -0.0226479316179040  -0.0160650645719217  -0.0156704833031421  -0.0141670295800433  -0.0113593366475010  -0.0080853794977555  -0.0051766204743247  -0.0030087675417463  -0.0015072262850380  -0.0005141627870063   0.0001272560937737   0.0005336504106038   0.0007830053707083   0.0009361854545774   0.0010388945015315   0.0011176879138552   0.0011841751390386   0.0012433528496935   0.0012973672697745   0.0013425707036837   0.0013657787926190   0.0013467410178470   0.0012739700075888   0.0011550674184190   0.0010069936906793   0.0008466008784988   0.0006891342533346   0.0005472799308115   0.0004217659719707   0.0002911704281731   0.0001607381307971   0.0000484700475205   0.0000414010539347   0.0000470366933226   0.0000509389537237   0.0000509138355746   0.0000568529072272   0.0001219809790570   0.0001255458979470   0.0000551736965378   0.0000000000000000
   0.0000000000000000   0.0000000000000000   0.0000000000000000   0.0000000000000000   0.0000000000000000   0.0000000000000000   0.0000000000000000   0.0000000000000000   0.0000000000000000   0.0000000000000000   0.0735898212424226  -0.0026724427261421   0.0001368545337240  -0.0000010469177640  -0.0000002071431596   0.0000000207294698  -0.0000000014688922   0.0000000001535121   0.0000000000588407   0.0000000000641766   0.0000000000644890   0.0000000000648397   0.0000000000649535   0.0000000000648730   0.0000000000645314   0.0000000000639926   0.0000000000632968   0.0000000000623912   0.0000000000613948   0.0000000000602310   0.0000000000589762   0.0000000000576197   0.0000000000561668   0.0000000000546461   0.0000000000530313   0.0000000000513190   0.0000000000495314   0.0000000000476376   0.0000000000456684   0.0000000000436405   0.0000000000414931   0.0000000000392795   0.0000000000369613   0.0000000000345982   0.0000000000321668   0.0000000000296883   0.0000000000271592   0.0000000000245774   0.0000000000219893   0.0000000000193864   0.0000000000168201   0.0000000000142970   0.0000000000118086   0.0000000000094810   0.0000000000072903   0.0000000000053042   0.0000000000035896   0.0000000000022056   0.0000000000012553   0.0000000000007768   0.0000000000008182   0.0000000000014828   0.0000000000027898   0.0000000000046711   0.0000000000070358   0.0000000000096557   0.0000000000121131   0.0000000000138688   0.0000000000139838   0.0000000000112938   0.0000000000042372  -0.0000000000090859  -0.0000000000309454  -0.0000000000637517  -0.0000000001099244  -0.0000000001716088  -0.0000000002500837  -0.0000000003452182  -0.0000000004542591  -0.0000000005706346  -0.0000000006824698  -0.0000000007707766  -0.0000000008074795  -0.0000000007538534  -0.0000000005603238  -0.0000000001693431   0.0000000004769948   0.0000000014218719   0.0000000026831897   0.0000000041470445   0.0000000056764688   0.0000000068535164   0.0000000070666351   0.0000000054592386   0.0000000007113106  -0.0000000083015865  -0.0000000227325669  -0.0000000425097900  -0.0000000764057242   0.0000001014991401  -0.0000044299938486   0.0000973146963224  -0.0022606899359795   0.0652222349981425   0.0000000000000000   0.0000000000000000   0.0000000000000000   0.0383651110839733  -0.0017585135603609  -0.0003813289269846  -0.0000009405273808  -0.0000616505111604  -0.0001087697428796  -0.0002778468842858   0.0002699039388428   0.0037155905331485  -0.0186325943616369  -0.0424007490709054  -0.0195757779449584  -0.0151583369923469  -0.0151462792514242  -0.0146338654819188  -0.0125172447492314  -0.0092716890299915  -0.0062455620332033  -0.0039335181621585  -0.0022607296002726  -0.0010982494899159  -0.0003190224487688   0.0001907702885912   0.0005108898089816   0.0007001056712574   0.0008143129463445   0.0009007023873566   0.0009786580783212   0.0010529190519567   0.0011262754549634   0.0012019514333815   0.0012759032372100   0.0013310568032550   0.0013409855532982   0.0012875510743989   0.0011753821595154   0.0010229768563900   0.0008499931801593   0.0006761386967360   0.0005230669146658   0.0004024814864693   0.0002734986627461   0.0001303025383525  -0.0000097845943848   0.0000000000000000   0.0000000000000000   0.0000000000000000   0.0000000000000000   0.0000000000000000   0.0001594551527543   0.0001558117707357   0.0001129810036019   0.0000000000000000
   0.0000000000000000   0.0000000000000000   0.0000000000000000   0.0000000000000000   0.0000000000000000   0.0000000000000000   0.0000000000000000   0.0000000000000000   0.0000000000000000   0.0000000000000000   0.0375589463526901  -0.0016008264823358   0.0000768208110764  -0.0000040356132484   0.0000001414687787  -0.0000000025302008  -0.0000000000407197   0.0000000000865475   0.0000000000681494   0.0000000000709563   0.0000000000720484   0.0000000000731147   0.0000000000740071   0.0000000000747576   0.0000000000753533   0.0000000000758511   0.0000000000762244   0.0000000000765380   0.0000000000768017   0.0000000000770840   0.0000000000774198   0.0000000000778149   0.0000000000782833   0.0000000000788673   0.0000000000795598   0.0000000000803609   0.0000000000812896   0.0000000000823306   0.0000000000835011   0.0000000000847568   0.0000000000861016   0.0000000000874913   0.0000000000889144   0.0000000000902803   0.0000000000915681   0.0000000000926380   0.0000000000933710   0.0000000000936311   0.0000000000931999   0.0000000000918211   0.0000000000891620   0.0000000000847965   0.0000000000782080   0.0000000000687448   0.0000000000555590   0.0000000000377149   0.0000000000141005  -0.0000000000165980  -0.0000000000557136  -0.0000000001046825  -0.0000000001648810  -0.0000000002373501  -0.0000000003225595  -0.0000000004199017  -0.0000000005271949  -0.0000000006397040  -0.0000000007495976  -0.0000000008445165  -0.0000000009067676  -0.0000000009119494  -0.0000000008282129  -0.0000000006159310  -0.0000000002289661   0.0000000003829989   0.0000000012706142   0.0000000024790958   0.0000000040384751   0.0000000059489845   0.0000000081614908   0.0000000105516328   0.0000000128870646   0.0000000147888302   0.0000000156901195   0.0000000148007888   0.0000000110966782   0.0000000033754306  -0.0000000096028438  -0.0000000288636232  -0.0000000547453064  -0.0000000862200677  -0.0000001197833386  -0.0000001483907239  -0.0000001603859359  -0.0000001390622905  -0.0000000648368164   0.0000000797975687   0.0000002991706863   0.0000005637487063   0.0000007684437775   0.0000008784179579  -0.0000032828762161   0.0000689927797906  -0.0015459933883674   0.0357321431066802   0.0000000000000000   0.0382617303550144  -0.0021088091297324  -0.0016970103482098  -0.0013638458724056  -0.0010813413946064  -0.0013146173124469  -0.0015430678245562  -0.0018947809213432  -0.0018129045966943   0.0040798627186042  -0.0372483829569983  -0.0325749415379056  -0.0181016397220518  -0.0145990891307115  -0.0143017813688473  -0.0141952715329624  -0.0130743823173754  -0.0100755848427939  -0.0069218539457444  -0.0044699017391602  -0.0027534019825307  -0.0015537586195424  -0.0007290480023359  -0.0001569995894703   0.0002335961022427   0.0004755942741618   0.0006047613881585   0.0006754882726989   0.0007455819151808   0.0008223377037927   0.0009017306988637   0.0009865133519457   0.0010846338074863   0.0011914487498664   0.0012825188094024   0.0013245473408037   0.0012946234906616   0.0011933222724578   0.0010394394815466   0.0008544840479521   0.0006617310263189   0.0004935806198476   0.0003924811468564   0.0003096033320226   0.0001762416768274   0.0000000000000000   0.0000000000000000   0.0000000000000000   0.0000000000000000   0.0000000000000000   0.0000000000000000   0.0000618118051565   0.0001176837256127   0.0000910467684068   0.0000000000000000
   0.0000000000000000   0.0000000000000000   0.0000000000000000   0.0000000000000000   0.0000000000000000   0.0000000000000000   0.0000000000000000   0.0000000000000000   0.0000000000000000   0.0379113183937460  -0.0017419332587573  -0.0003749090949847   0.0000278811844715  -0.0000016389053818   0.0000000951811236  -0.0000000044167013   0.0000000003024008   0.0000000001314869   0.0000000001433699   0.0000000001492962   0.0000000001536888   0.0000000001562817   0.0000000001567951   0.0000000001549625   0.0000000001505140   0.0000000001432218   0.0000000001327484   0.0000000001188874   0.0000000001013071   0.0000000000798333   0.0000000000542259   0.0000000000242559  -0.0000000000102691  -0.0000000000495655  -0.0000000000938044  -0.0000000001431238  -0.0000000001976090  -0.0000000002572288  -0.0000000003218820  -0.0000000003913716  -0.0000000004652716  -0.0000000005430113  -0.0000000006237576  -0.0000000007063923  -0.0000000007893682  -0.0000000008707491  -0.0000000009478743  -0.0000000010175393  -0.0000000010754404  -0.0000000011162383  -0.0000000011331289  -0.0000000011175042  -0.0000000010586118  -0.0000000009429392  -0.0000000007538400  -0.0000000004712498  -0.0000000000720172   0.0000000004696332   0.0000000011821183   0.0000000020953702   0.0000000032381772   0.0000000046338244   0.0000000062938190   0.0000000082088695   0.0000000103370217   0.0000000125883583   0.0000000148066180   0.0000000167474789   0.0000000180553764   0.0000000182397180   0.0000000166545711   0.0000000124893113   0.0000000047920183  -0.0000000074738400  -0.0000000253637930  -0.0000000498435748  -0.0000000815885687  -0.0000001206924061  -0.0000001662732925  -0.0000002159523401  -0.0000002651915821  -0.0000003065022094  -0.0000003285794652  -0.0000003155224511  -0.0000002465088071  -0.0000000967648362   0.0000001588210628   0.0000005410027803   0.0000010554622342   0.0000016751168449   0.0000023139936225   0.0000027907119943   0.0000027812164504   0.0000017625679386  -0.0000010486327166  -0.0000067556947302  -0.0000168291573570  -0.0000331312368661  -0.0000579117259575  -0.0000936467155460  -0.0001449941522220  -0.0001823410114365  -0.0006691705265865  -0.0017525992176186  -0.0019491526919755  -0.0021710061421888  -0.0018850653449177  -0.0016544971720170  -0.0019724550006681  -0.0022940268193561  -0.0026132894161033  -0.0030219794723285  -0.0031304205451500   0.0028474560633907  -0.0291075664339288  -0.0241753625583788  -0.0162119475814123  -0.0140173431797793  -0.0136546932081368  -0.0136523380857088  -0.0130447302049373  -0.0102735429221709  -0.0073648769945512  -0.0048877972548962  -0.0029550135237389  -0.0016648511396624  -0.0009068376453723  -0.0004161813586093  -0.0000463448654138   0.0002402336908850   0.0004167464620124   0.0004887531982977   0.0005124202057737   0.0005711534489203   0.0006472102032787   0.0007274860958692   0.0008197491631400   0.0009435122679962   0.0010906146895491   0.0012213021191604   0.0012962214454106   0.0012923209863031   0.0012051348025321   0.0010521685929006   0.0008551600962075   0.0006378316038602   0.0004380035256294   0.0003578292583390   0.0003308365167050   0.0002911001939774   0.0000000000000000   0.0000000000000000   0.0000000000000000   0.0000000000000000   0.0000000000000000   0.0000000000000000   0.0000000000000000   0.0000000000000000   0.0000000000000000   0.0000000000000000
   0.0000000000000000   0.0000000000000000   0.0000000000000000   0.0000000000000000   0.0000000000000000   0.0000000000000000   0.0000000000000000   0.0000000000000000   0.0379108798092820  -0.0017484016869111  -0.0003698374502081   0.0000407466156808   0.0000030788619665  -0.0000003904281863   0.0000000279897803  -0.0000000029592586  -0.0000000010886100  -0.0000000013273656  -0.0000000014257522  -0.0000000015038900  -0.0000000015520126  -0.0000000015664408  -0.0000000015428895  -0.0000000014767793  -0.0000000013632908  -0.0000000011972377  -0.0000000009731871  -0.0000000006852876  -0.0000000003277182   0.0000000001049687   0.0000000006175128   0.0000000012146615   0.0000000019011565   0.0000000026813315   0.0000000035588589   0.0000000045365259   0.0000000056158561   0.0000000067968538   0.0000000080774635   0.0000000094531429   0.0000000109161563   0.0000000124548375   0.0000000140525735   0.0000000156866032   0.0000000173266227   0.0000000189327614   0.0000000204534340   0.0000000218221913   0.0000000229542791   0.0000000237417227   0.0000000240478253   0.0000000237000010   0.0000000224812166   0.0000000201199904   0.0000000162793434   0.0000000105487471   0.0000000024547547  -0.0000000085256880  -0.0000000229727524  -0.0000000415082999  -0.0000000647375523  -0.0000000931625124  -0.0000001270563633  -0.0000001662843219  -0.0000002100622225  -0.0000002566465287  -0.0000003029554782  -0.0000003441284308  -0.0000003730418596  -0.0000003798151676  -0.0000003513672895  -0.0000002711530974  -0.0000001194151753   0.0000001251429110   0.0000004843769294   0.0000009789138586   0.0000016236992277   0.0000024222372239   0.0000033585157909   0.0000043860978723   0.0000054138494056   0.0000062878513664   0.0000067692443547   0.0000065081354788   0.0000050142875957   0.0000016261288143  -0.0000045193888706  -0.0000145125138764  -0.0000296874877057  -0.0000516253770993  -0.0000821379017075  -0.0001232282101578  -0.0001770264067998  -0.0002456998830882  -0.0003313417630414  -0.0004358444182406  -0.0005607665074476  -0.0007072029598873  -0.0008756708624589  -0.0010659744520587  -0.0012777040334107  -0.0015044057451453  -0.0017287587893532  -0.0019536356334324  -0.0022018482385786  -0.0024705813700867  -0.0027526934141131  -0.0030299377288330  -0.0032804347027612  -0.0035047579973006  -0.0037180601725024  -0.0041658382515244   0.0014072507382715  -0.0221149458330380  -0.0216962587973493  -0.0143784987087499  -0.0130677638813454  -0.0129108057792381  -0.0131171758042531  -0.0127240868242513  -0.0103888361002290  -0.0073051384354785  -0.0049150265952490  -0.0032900279171785  -0.0017364990864663  -0.0006929339860970  -0.0003412772784995  -0.0001768143551993   0.0000021874277681   0.0002064211498012   0.0003337612054952   0.0003540927388041   0.0003271710051258   0.0003831567954010   0.0004538890336029   0.0005238461573512   0.0006169799662035   0.0007777024657369   0.0009791143414674   0.0011485274867438   0.0012531496670284   0.0012755829975829   0.0012041291854067   0.0010537932165960   0.0008443955849309   0.0005939960233273   0.0003207644462095   0.0002662866443904   0.0002859813511556   0.0002969632322184   0.0002175054644976   0.0000000000000000   0.0000000000000000  -0.0001296199418447  -0.0000819473190066   0.0000000000000000   0.0000000000000000   0.0000000000000000   0.0000000000000000   0.0000000000000000
   0.0000000000000000   0.0000000000000000   0.0000000000000000   0.0000000000000000   0.0000000000000000   0.0000000000000000   0.0000000000000000   0.0375655884423355  -0.0017257599488766  -0.0003711200577258   0.0000406226657868   0.0000026366637225  -0.0000006470393929   0.0000000020614901   0.0000000235838463   0.0000000219239074   0.0000000254051681   0.0000000279935383   0.0000000301686323   0.0000000318175751   0.0000000328646770   0.0000000332264421   0.0000000328142859   0.0000000315341890   0.0000000292864090   0.0000000259653358   0.0000000214591587   0.0000000156495842   0.0000000084128616  -0.0000000003619196  -0.0000000107661376  -0.0000000228949487  -0.0000000368475242  -0.0000000527129723  -0.0000000705670544  -0.0000000904671727  -0.0000001124464992  -0.0000001365067259  -0.0000001626091896  -0.0000001906642787  -0.0000002205184562  -0.0000002519383936  -0.0000002845916348  -0.0000003180223427  -0.0000003516214445  -0.0000003845893247  -0.0000004158886774  -0.0000004441855180  -0.0000004677747209  -0.0000004844870532  -0.0000004915730780  -0.0000004855601645  -0.0000004620789720  -0.0000004156577304  -0.0000003394908109  -0.0000002252223340  -0.0000000629747036   0.0000001576475257   0.0000004485652389   0.0000008227296144   0.0000012928221907   0.0000018696262937   0.0000025595160544   0.0000033608567353   0.0000042591204387   0.0000052205828266   0.0000061845732534   0.0000070544055405   0.0000076873065132   0.0000078838635805   0.0000073776919780   0.0000058261439337   0.0000028029118561  -0.0000022067079144  -0.0000098073422550  -0.0000206915814068  -0.0000356345792270  -0.0000554855561585  -0.0000811567360333  -0.0001136102981648  -0.0001538438145206  -0.0002028743870761  -0.0002617213989326  -0.0003313875035682  -0.0004128369258979  -0.0005069699324971  -0.0006145923272344  -0.0007363821603628  -0.0008728500372186  -0.0010242942568217  -0.0011907518701620  -0.0013719466536508  -0.0015672361474613  -0.0017755608929958  -0.0019954004696374  -0.0022247427789081  -0.0024610760273703  -0.0027014064117213  -0.0029423150699008  -0.0031800524194880  -0.0034107330759836  -0.0036307724857215  -0.0038370521601124  -0.0040261935224886  -0.0041945982679283  -0.0043397943840410  -0.0044607224727382  -0.0045575576493502  -0.0046328347041475  -0.0046748869829230  -0.0048582176411615  -0.0035826417633327   0.0033574432029648  -0.0204513314906717  -0.0129328565913653  -0.0120296762065294  -0.0118858541581468  -0.0121468120855291  -0.0119527872195161  -0.0101759166628528  -0.0073488609521031  -0.0048164419242402  -0.0030214353146915  -0.0018740529343884  -0.0007151515940429   0.0000963702924129   0.0000828835327787  -0.0000327788725743   0.0000017577000988   0.0001457769417246   0.0002429676244863   0.0002157358996378   0.0001387873612678   0.0001947893183765   0.0002523032675659   0.0002764126489490   0.0003361250477215   0.0005609356520380   0.0008754637015229   0.0010604349065830   0.0011900399838001   0.0012395605593815   0.0011859437012807   0.0010424178509531   0.0008249783837239   0.0005397903841407   0.0001425971974918   0.0001381992475293   0.0002012713459843   0.0002937989253656   0.0002648483185069   0.0001757926566815   0.0000000000000000  -0.0002233954285498  -0.0001263545410893  -0.0000321976352436   0.0000000000000000   0.0000000000000000   0.0000000000000000   0.0000000000000000
   0.0000000000000000   0.0000000000000000   0.0000000000000000   0.0000000000000000   0.0000000000000000   0.0000000000000000   0.0735848369448940  -0.0031455210260838  -0.0003005604902683   0.0000371180903528   0.0000027255739776  -0.0000008148978757  -0.0000002455867741  -0.0000003138494307  -0.0000003958166974  -0.0000004636188474  -0.0000005250500246  -0.0000005787905063  -0.0000006233769699  -0.0000006573229554  -0.0000006790374696  -0.0000006868282370  -0.0000006788967213  -0.0000006533335053  -0.0000006081134867  -0.0000005410908563  -0.0000004499937958  -0.0000003324190810  -0.0000001858226746  -0.0000000076609454   0.0000002034516667   0.0000004496848422   0.0000007330613868   0.0000010554142081   0.0000014183060851   0.0000018229324897   0.0000022700015934   0.0000027595874402   0.0000032909521915   0.0000038623311470   0.0000044706720573   0.0000051113162159   0.0000057776067978   0.0000064604050823   0.0000071474885617   0.0000078227989430   0.0000084654977968   0.0000090487779496   0.0000095383683354   0.0000098906571345   0.0000100503511615   0.0000099475839295   0.0000094943886544   0.0000085804692978   0.0000070682358567   0.0000047871286475   0.0000015273405749  -0.0000029668427295  -0.0000090037458871  -0.0000169505336164  -0.0000272383131504  -0.0000403653264690  -0.0000568973708266  -0.0000774645942209  -0.0001027539160279  -0.0001334965926668  -0.0001704508142356  -0.0002143796348924  -0.0002660250625690  -0.0003260797761701  -0.0003951582623140  -0.0004737693827963  -0.0005622922802047  -0.0006609568378873  -0.0007698324915295  -0.0008888249470911  -0.0010176792817077  -0.0011559903238596  -0.0013032181034846  -0.0014587060935035  -0.0016216995366759  -0.0017913611763651  -0.0019667828487886  -0.0021469876528850  -0.0023309258249154  -0.0025174651278398  -0.0027053746126160  -0.0028933014498728  -0.0030797555844710  -0.0032631014134687  -0.0034415632651471  -0.0036132501073254  -0.0037762016813501  -0.0039284562383319  -0.0040681424931357  -0.0041935810651006  -0.0043033751474419  -0.0043963861446696  -0.0044723993201534  -0.0045312552911940  -0.0045734046140313  -0.0045997752685053  -0.0046116789234044  -0.0046107431963209  -0.0045988523439966  -0.0045779089692419  -0.0045497898345043  -0.0045163943283939  -0.0044788957095864  -0.0044124104737306  -0.0049376343009710   0.0042329249620928  -0.0090848554681340  -0.0118873063305691  -0.0111049079385206  -0.0106725862025386  -0.0107631979523597  -0.0106978289271959  -0.0093117218219489  -0.0068046355472397  -0.0048747398956311  -0.0030330250159518  -0.0017319920216521   0.0000000000000000   0.0000000000000000   0.0004196031606604   0.0002167898362306  -0.0000290388479881   0.0000000000000000   0.0000000000000000   0.0001821692269420   0.0000952171928506   0.0000000000000000   0.0000000000000000   0.0001468007146995   0.0000860245347600   0.0000000000000000   0.0000000000000000   0.0008197194801882   0.0009533029426285   0.0011136374105062   0.0011887481473155   0.0011563849033820   0.0010297251685569   0.0008227290943116   0.0005124910273033   0.0000000000000000   0.0000000000000000   0.0000000000000000   0.0002793149448976   0.0002526175317190   0.0001481854084034  -0.0000121500287100  -0.0001303428543511  -0.0000838731785770   0.0000000000000000   0.0000000000000000   0.0000000000000000   0.0000000000000000   0.0000000000000000
   0.0000000000000000   0.0000000000000000   0.0000000000000000   0.0000000000000000   0.0000000000000000   0.0000000000000000   0.0733327960251717  -0.0029708249455573   0.0001553024982658  -0.0000029820663553   0.0000009411610417   0.0000030049720827   0.0000046611134795   0.0000062259283481   0.0000077175431252   0.0000091030468563   0.0000103576903590   0.0000114549591229   0.0000123664025611   0.0000130616676362   0.0000135084118874   0.0000136722175071   0.0000135165029245   0.0000130024303397   0.0000120888099204   0.0000107319993662   0.0000088857979372   0.0000065013352331   0.0000035269531449  -0.0000000919179064  -0.0000044128839477  -0.0000094967353078  -0.0000154076007499  -0.0000222131175740  -0.0000299846283392  -0.0000387974223489  -0.0000487310187170  -0.0000598694848409  -0.0000723018298395  -0.0000861225066128  -0.0001014320248079  -0.0001183376823287  -0.0001369544520155  -0.0001574060545059  -0.0001798262327133  -0.0002043602384495  -0.0002311665291249  -0.0002604186515838  -0.0002923072613778  -0.0003270421906926  -0.0003648544324704  -0.0004059978609957  -0.0004507504584337  -0.0004994147690212  -0.0005523172641576  -0.0006098062525027  -0.0006722478041658  -0.0007400187047991  -0.0008134992727865  -0.0008930625146175  -0.0009790604996301  -0.0010718088096221  -0.0011715690904420  -0.0012785302899133  -0.0013927892796551  -0.0015143326185448  -0.0016430175912577  -0.0017785576714736  -0.0019205112467625  -0.0020682754095805  -0.0022210818035157  -0.0023780006017202  -0.0025379508888333  -0.0026997169206421  -0.0028619701899819  -0.0030232966240043  -0.0031822280544309  -0.0033372754703342  -0.0034869631132741  -0.0036298645312729  -0.0037646349836935  -0.0038900408697354  -0.0040049743772745  -0.0041084007061983  -0.0041998146200328  -0.0042785718020181  -0.0043443233758035  -0.0043969705986032  -0.0044366539213730  -0.0044637535236008  -0.0044788830825038  -0.0044828736038198  -0.0044767614892699  -0.0044617487784063  -0.0044391272127178  -0.0044102834932557  -0.0043766343363475  -0.0043396131684013  -0.0043001428476676  -0.0042595105663226  -0.0042186563503723  -0.0041783346837782  -0.0041391092129167  -0.0041013567699906  -0.0040652854056913  -0.0040309593448523  -0.0039982935420193  -0.0039676917167703  -0.0039312778824539  -0.0039554910357808  -0.0045069671762828   0.0197713532380944  -0.0099149970101349  -0.0106121203742112  -0.0098415133727578  -0.0091984437982517  -0.0088879297726962  -0.0078243820085186  -0.0059023581300927  -0.0036306976753211  -0.0021085932364736   0.0000000000000000   0.0000000000000000   0.0000000000000000   0.0000000000000000   0.0000000000000000   0.0000000000000000   0.0000000000000000   0.0000000000000000   0.0000000000000000   0.0000000000000000   0.0000000000000000   0.0000000000000000   0.0000000000000000   0.0000000000000000   0.0000000000000000   0.0000000000000000   0.0000000000000000   0.0002524731187258   0.0007558409035870   0.0010157214361754   0.0011209428704969   0.0011148158450180   0.0010114259938068   0.0008211329163546   0.0005096095673810   0.0000000000000000   0.0000000000000000   0.0000000000000000   0.0001149153053189   0.0001619040040701   0.0000731644531689   0.0000000000000000   0.0000000000000000   0.0000000000000000   0.0000000000000000   0.0000000000000000   0.0000000000000000   0.0000000000000000   0.0000000000000000
  -0.0026528964360923   0.0380881860870576   0.0000000000000000   0.0000000000000000   0.0000000000000000   0.0000000000000000   0.0736199936963998  -0.0026465319018634   0.0001481151853135  -0.0000187502929275  -0.0000478734715073  -0.0000844886766163  -0.0001215785613632  -0.0001594261901632  -0.0001980380685899  -0.0002374253915866  -0.0002775980619292  -0.0003185656401830  -0.0003603372620570  -0.0004029216977445  -0.0004463274019292  -0.0004905625717736  -0.0005356352209682  -0.0005815532678709  -0.0006283246320763  -0.0006759573342762  -0.0007244595922152  -0.0007738399085761  -0.0008241071527879  -0.0008752704850620  -0.0009273382572090  -0.0009803200201528  -0.0010342256558338  -0.0010890654669265  -0.0011448504447793  -0.0012015922194551  -0.0012593031138284  -0.0013179967006537  -0.0013776887550562  -0.0014383969219886  -0.0015001407883717  -0.0015629426603707  -0.0016268282138121  -0.0016918270732039  -0.0017579733493674  -0.0018253060895066  -0.0018938695638021  -0.0019637132888616  -0.0020348916609695  -0.0021074630488323  -0.0021814881722567  -0.0022570275831879  -0.0023341380643047  -0.0024128677808111  -0.0024932500685701  -0.0025752958313864  -0.0026589846350169  -0.0027442543999796  -0.0028309903518959  -0.0029190144400882  -0.0030080746757991  -0.0030978356640082  -0.0031878721489171  -0.0032776659512213  -0.0033666072851411  -0.0034540013590879  -0.0035390156410524  -0.0036209513290742  -0.0036989475678120  -0.0037721316983900  -0.0038396891222365  -0.0039008714023536  -0.0039550252794365  -0.0040016198561470  -0.0040402684680273  -0.0040707437793171  -0.0040929822699172  -0.0041070957510702  -0.0041133517370024  -0.0041121550406805  -0.0041040480354039  -0.0040896794367887  -0.0040698063145244  -0.0040452806658634  -0.0040166754735247  -0.0039849587433723  -0.0039509598250263  -0.0039154654644652  -0.0038791890790328  -0.0038427893939713  -0.0038068991619919  -0.0037720982737338  -0.0037388486365166  -0.0037074806329334  -0.0036782372759518  -0.0036513006411792  -0.0036267768526337  -0.0036046887430090  -0.0035849860206092  -0.0035675444501478  -0.0035521851396834  -0.0035386911219302  -0.0035268170636739  -0.0035163013725945  -0.0035068775686101  -0.0034982815932813  -0.0034902617444719  -0.0034833683976194  -0.0034515302000614  -0.0038840776628250   0.0022316225133875  -0.0064246591555481  -0.0082125913703127  -0.0089910616612379  -0.0079874243653298  -0.0070138233032169  -0.0057046028019232  -0.0041090602016708  -0.0023883233231941  -0.0007331337321521   0.0000000000000000   0.0000000000000000   0.0000000000000000   0.0000000000000000   0.0000000000000000   0.0000000000000000   0.0000000000000000   0.0000000000000000   0.0000000000000000   0.0000000000000000   0.0000000000000000   0.0000000000000000   0.0000000000000000   0.0000000000000000   0.0000000000000000   0.0000000000000000   0.0000000000000000   0.0000000000000000   0.0000000000000000   0.0003961937594762   0.0009421454043321   0.0010485053671259   0.0010600556150736   0.0009764620713948   0.0008078132538956   0.0005631442145226   0.0000000000000000   0.0000000000000000   0.0000000000000000   0.0000709834968990   0.0001063952338554   0.0000000000000000   0.0000000000000000   0.0000000000000000   0.0000000000000000   0.0000000000000000   0.0000000000000000   0.0000000000000000   0.0000000000000000   0.0000000000000000
  -0.0029275459196536  -0.0029921964263768  -0.0034605923951573   0.0330347633304753   0.0000000000000000   0.0000000000000000   0.0360685142002517  -0.0040514845770237  -0.0023002797960023  -0.0024259244731054  -0.0024572469054078  -0.0024932587625393  -0.0025289408908640  -0.0025645326354030  -0.0026000045372686  -0.0026353415848538  -0.0026705296034292  -0.0027055551312383  -0.0027404044432794  -0.0027750626341124  -0.0028095129336345  -0.0028437363464534  -0.0028777115957050  -0.0029114152917507  -0.0029448222262519  -0.0029779056971353  -0.0030106377884933  -0.0030429895547161  -0.0030749310834981  -0.0031064314505162  -0.0031374585487611  -0.0031679787509817  -0.0031979564024507  -0.0032273527054858  -0.0032561209469136  -0.0032842045462013  -0.0033116006591840  -0.0033382854920250  -0.0033641920061605  -0.0033892638253149  -0.0034134498146607  -0.0034366988835835  -0.0034589591537474  -0.0034801778070474  -0.0035003009328903  -0.0035192732834138  -0.0035370378750449  -0.0035535354135005  -0.0035687035455646  -0.0035824759712073  -0.0035947814855550  -0.0036055430594708  -0.0036146771054228  -0.0036220931108539  -0.0036276938409109  -0.0036313762655641  -0.0036330333334404  -0.0036325598691526  -0.0036298536151999  -0.0036248186323157  -0.0036173793541955  -0.0036074832995658  -0.0035951095040890  -0.0035802761730337  -0.0035630478196838  -0.0035435490743924  -0.0035219953347214  -0.0034984773530931  -0.0034732962072277  -0.0034467784174859  -0.0034192607680545  -0.0033911009804116  -0.0033626648851366  -0.0033343137036577  -0.0033063917854156  -0.0032792157535811  -0.0032530651707015  -0.0032281763277471  -0.0032047396358411  -0.0031828968906824  -0.0031627419536059  -0.0031443241648724  -0.0031276512366667  -0.0031126997033554  -0.0030994420346116  -0.0030877649753313  -0.0030773004462990  -0.0030678455190404  -0.0030597923478944  -0.0030541413226186  -0.0030508485911400  -0.0030488204371793  -0.0030478606741867  -0.0030491513282982  -0.0030535913831311  -0.0030609146827358  -0.0030705901679113  -0.0030823277885873  -0.0030959121335991  -0.0031110869972030  -0.0031275722059198  -0.0031450747489292  -0.0031633018891130  -0.0031819752372461  -0.0032008438574424  -0.0032196786594777  -0.0032384828657934  -0.0032550144594243  -0.0032715301068524  -0.0041672871459606   0.0188726237427962  -0.0041193399254939  -0.0064957995085669  -0.0063486322796882  -0.0055344389174680  -0.0039745936458551  -0.0023815588955818  -0.0012566868681363   0.0000000000000000   0.0000000000000000   0.0000000000000000   0.0000000000000000   0.0000000000000000   0.0000000000000000   0.0000000000000000   0.0000000000000000   0.0000000000000000   0.0000000000000000   0.0000000000000000   0.0000000000000000   0.0000000000000000   0.0000000000000000   0.0000000000000000   0.0000000000000000   0.0000000000000000   0.0000000000000000   0.0000000000000000   0.0000000000000000   0.0000000000000000   0.0000000000000000   0.0008780420175397   0.0009710352777089   0.0009889350315668   0.0009182154070022   0.0007550212397191   0.0005351130846517   0.0000751514342940   0.0000012038512785   0.0000000000000000   0.0000000000000000   0.0000000000000000   0.0000000000000000   0.0000000000000000   0.0000000000000000   0.0000000000000000   0.0000000000000000   0.0000000000000000   0.0000000000000000   0.0000000000000000   0.0000000000000000
  -0.0027072705251379  -0.0026831774167869  -0.0030978112190315  -0.0046662141709780  -0.0042846806592940  -0.0043220082834660  -0.0048085007640044  -0.0042320712964666  -0.0037355557964378  -0.0037659842514769  -0.0037566450291448  -0.0037491071862065  -0.0037406343486760  -0.0037312304703552  -0.0037207863878450  -0.0037092475983735  -0.0036965994419749  -0.0036828565336211  -0.0036680503041429  -0.0036522182459390  -0.0036353964811167  -0.0036176159402466  -0.0035989016259331  -0.0035792740492700  -0.0035587518853216  -0.0035373550234687  -0.0035151073812859  -0.0034920390446595  -0.0034681874820942  -0.0034435977898876  -0.0034183221346018  -0.0033924187237528  -0.0033659508327106  -0.0033389870050136  -0.0033116037628638  -0.0032838756952754  -0.0032558248162257  -0.0032275051651169  -0.0031990016802086  -0.0031703810350828  -0.0031417074836051  -0.0031130434142346  -0.0030844500493225  -0.0030559885678681  -0.0030277204739903  -0.0029997078033590  -0.0029720132071210  -0.0029446999384010  -0.0029178318014590  -0.0028914730970060  -0.0028656885575479  -0.0028405432731149  -0.0028161026397398  -0.0027924323835373  -0.0027695986433785  -0.0027476680695090  -0.0027267078355078  -0.0027067858603208  -0.0026879710450326  -0.0026703324451323  -0.0026539385162432  -0.0026388564985283  -0.0026251509211972  -0.0026128817110841  -0.0026021017933376  -0.0025928537050577  -0.0025851694332563  -0.0025790704447421  -0.0025745587883888  -0.0025716160350562  -0.0025702043996795  -0.0025702653398036  -0.0025717192199992  -0.0025744660951782  -0.0025783873124943  -0.0025833478994990  -0.0025891996406753  -0.0025957846583270  -0.0026029393674598  -0.0026104986733449  -0.0026183001124466  -0.0026261879276895  -0.0026340149722670  -0.0026416527011297  -0.0026490506592656  -0.0026547964458853  -0.0026640766444418  -0.0026915416676928  -0.0027157862103752  -0.0027199656922759  -0.0027195096331623  -0.0027598810339017  -0.0028532038935364  -0.0029538964773461  -0.0030343404382829  -0.0031043946302780  -0.0031720982247398  -0.0032367330393587  -0.0032981013749035  -0.0033560755362437  -0.0034105409626843  -0.0034613385991382  -0.0035083291837717  -0.0035514401080665  -0.0035906962149673  -0.0036261935242498  -0.0036587153875010  -0.0036779063694243  -0.0038676088524076  -0.0016967885202442   0.0120856238084406   0.0011370095547841  -0.0027111192256882  -0.0030073595652865  -0.0026064955661095  -0.0009609786026899  -0.0003739063134719   0.0000000000000000   0.0000000000000000   0.0000000000000000   0.0000000000000000   0.0000000000000000   0.0000000000000000   0.0000000000000000   0.0000000000000000   0.0000000000000000   0.0000000000000000   0.0000000000000000   0.0000000000000000   0.0000000000000000   0.0000000000000000   0.0000000000000000   0.0000000000000000   0.0000000000000000   0.0000000000000000   0.0000000000000000   0.0000000000000000   0.0000000000000000   0.0000000000000000   0.0000000000000000   0.0006997067718929   0.0008668700026147   0.0009010949590333   0.0008387457175258   0.0006838298469315   0.0004835580490578   0.0001006197695668   0.0000153321626506   0.0000000000000000   0.0000000000000000   0.0000000000000000   0.0000000000000000   0.0000000000000000   0.0000000000000000   0.0000000000000000   0.0000000000000000   0.0000000000000000   0.0000000000000000   0.0000000000000000   0.0000000000000000
  -0.0039642066600956  -0.0039918048470048  -0.0039763986547313  -0.0039557589245489  -0.0039652221234239  -0.0039794589938530  -0.0039822254400194  -0.0040126221476949  -0.0040525106982697  -0.0040749539306027  -0.0040889438549595  -0.0041002949350208  -0.0041075938995482  -0.0041104392635462  -0.0041086344944763  -0.0041022338777897  -0.0040914852487245  -0.0040767536573488  -0.0040584459863477  -0.0040369509474018  -0.0040126044906573  -0.0039856786879320  -0.0039563874166255  -0.0039249004727466  -0.0038913600049405  -0.0038558958948026  -0.0038186383714217  -0.0037797275921563  -0.0037393204378080  -0.0036975944555748  -0.0036547483782885  -0.0036109989405050  -0.0035665750135214  -0.0035217106986579  -0.0034766390032625  -0.0034315879737239  -0.0033867777443616  -0.0033424159290586  -0.0032986955652352  -0.0032557956369533  -0.0032138815194552  -0.0031731052321591  -0.0031336055948829  -0.0030955084157992  -0.0030589267335163  -0.0030239610190658  -0.0029906993171774  -0.0029592172992697  -0.0029295781930246  -0.0029018326067268  -0.0028760183090111  -0.0028521600098779  -0.0028302691524955  -0.0028103437140259  -0.0027923680696332  -0.0027763129523633  -0.0027621354925709  -0.0027497793399452  -0.0027391749219289  -0.0027302398740467  -0.0027228796080557  -0.0027169880030366  -0.0027124482452257  -0.0027091338250503  -0.0027069097060684  -0.0027056336278905  -0.0027051574452505  -0.0027053287097049  -0.0027059926275601  -0.0027069939996719  -0.0027081790534051  -0.0027093975045883  -0.0027105047744128  -0.0027113639805082  -0.0027118476613649  -0.0027118394578223  -0.0027112355324214  -0.0027099456443304  -0.0027078938651807  -0.0027050188664899  -0.0027012737710082  -0.0026966264060965  -0.0026910487882286  -0.0026846256178005  -0.0026767319607834  -0.0026656412850164  -0.0027421470057873  -0.0023602517073294  -0.0011197425536224  -0.0019954133583321  -0.0042212154258672  -0.0060329635580400  -0.0053765065351911  -0.0048010488988629  -0.0048169761188388  -0.0048025916359063  -0.0047745274437319  -0.0047397559840766  -0.0047052013470217  -0.0046698347188921  -0.0046333375489398  -0.0045954246180055  -0.0045558495623986  -0.0045144914120499  -0.0044713925259300  -0.0044267095668542  -0.0043816857524014  -0.0043169584274886  -0.0046665855777392   0.0043837756164919   0.0322595555136885   0.0044643946742077   0.0020031525401178  -0.0002250522595628   0.0000000000000000   0.0000000000000000   0.0000000000000000   0.0000000000000000   0.0000000000000000   0.0000000000000000   0.0000000000000000   0.0000000000000000  -0.0015229363420695  -0.0011078285800274  -0.0009879347091131  -0.0006693957336814  -0.0003985816407944  -0.0002219335691188  -0.0001233022446485  -0.0000754066010100  -0.0000571609420017  -0.0000555080720209  -0.0000637961758345  -0.0000876008932328  -0.0000553292782885   0.0000000000000000   0.0000000000000000   0.0000000000000000   0.0000000000000000   0.0000000000000000   0.0006238341469187   0.0007821748515049   0.0008125876423845   0.0007508385163581   0.0006040281559438   0.0004184013320136   0.0000651215514354   0.0000000000000000   0.0000000000000000   0.0000000000000000   0.0000000000000000   0.0000000000000000   0.0000000000000000   0.0000000000000000   0.0000000000000000   0.0000000000000000   0.0000000000000000   0.0000000000000000   0.0000000000000000   0.0000000000000000
  -0.0069518382705479  -0.0094603702215949  -0.0096684146355955  -0.0095488697614003  -0.0094472730108702  -0.0093795824666767  -0.0093248293263719  -0.0092667878949880  -0.0091970909411900  -0.0091127074433225  -0.0090125890574399  -0.0088968422968978  -0.0087668347689610  -0.0086249902287547  -0.0084744637259100  -0.0083186771745313  -0.0081605909036827  -0.0080022406883444  -0.0078448760631541  -0.0076892748870949  -0.0075360451553519  -0.0073857326535425  -0.0072387768403166  -0.0070954385427768  -0.0069557589913655  -0.0068195614404917  -0.0066865030173914  -0.0065561646177950  -0.0064281190867794  -0.0063019594320303  -0.0061773188093429  -0.0060538943682940  -0.0059314699002601  -0.0058099258636514  -0.0056892349108386  -0.0055694491373852  -0.0054506847415607  -0.0053331071286265  -0.0052169175166961  -0.0051023412929120  -0.0049896181081149  -0.0048789935120696  -0.0047707118783154  -0.0046650104085525  -0.0045621140504744  -0.0044622311962121  -0.0043655500527740  -0.0042722356029713  -0.0041824271058275  -0.0040962361123962  -0.0040137449965273  -0.0039350060136923  -0.0038600409084786  -0.0037888410852835  -0.0037213683415279  -0.0036575561467406  -0.0035973114303007  -0.0035405168225242  -0.0034870332751195  -0.0034367029765482  -0.0033893524740324  -0.0033447959112360  -0.0033028382925329  -0.0032632786877442  -0.0032259133122681  -0.0031905384471925  -0.0031569531085697  -0.0031249613202336  -0.0030943739172172  -0.0030650098320268  -0.0030367004468798  -0.0030092949252521  -0.0029826451574237  -0.0029566144522843  -0.0029310802738531  -0.0029059323367910  -0.0028810716583962  -0.0028564096712175  -0.0028318672948308  -0.0028073743251202  -0.0027828681404839  -0.0027582953743591  -0.0027335750281956  -0.0027091464733836  -0.0026786435828679  -0.0027019511554976  -0.0026490085352774   0.0031352930066365  -0.0225655054443331  -0.0485292448787022   0.0000000000000000   0.0353406730403716  -0.0054963016501191  -0.0046283066796774  -0.0040406343625534  -0.0034734515286510  -0.0034198137726206  -0.0033313449907536  -0.0032432632500804  -0.0031597884063533  -0.0030798548600692  -0.0030030176278901  -0.0029289247504800  -0.0028573073230466  -0.0027880036561266  -0.0027209064748221  -0.0026569351654933  -0.0025759507748545  -0.0029401361325523   0.0077064799602927   0.0650831321713316   0.0095928253342036   0.0051098606119923   0.0015315938514837   0.0000000000000000   0.0000000000000000   0.0000000000000000   0.0000000000000000   0.0000000000000000   0.0000000000000000  -0.0033213145401091  -0.0023714999995848  -0.0021346712779036  -0.0016984678370235  -0.0013094682828907  -0.0008608096103084  -0.0004894987205221  -0.0002443191757433  -0.0001042740105289  -0.0000354825234811  -0.0000103824959301  -0.0000100172253166  -0.0000228652660737  -0.0000382013802281  -0.0000115066201516  -0.0000074243687477  -0.0000482483303221   0.0000000000000000   0.0000000000000000   0.0000000000000000   0.0006016851767027   0.0007180646785576   0.0007349312775045   0.0006758985766200   0.0005418383993557   0.0003552631104167   0.0000000000000000   0.0000000000000000   0.0000000000000000   0.0000000000000000   0.0000000000000000   0.0000000000000000   0.0000000000000000   0.0000000000000000   0.0000000000000000   0.0000000000000000   0.0000000000000000   0.0000000000000000   0.0000000000000000   0.0000000000000000
  -0.0102228790961465  -0.0105384981053969  -0.0103267471005030  -0.0101743632787366  -0.0100736320889459  -0.0099879640803704  -0.0099045152774909  -0.0098196244602337  -0.0097327300269042  -0.0096438044049850  -0.0095524834735866  -0.0094582587011004  -0.0093612371696655  -0.0092627898076274  -0.0091654937052970  -0.0090721130796957  -0.0089832533346867  -0.0088974636951647  -0.0088118783261087  -0.0087233369677686  -0.0086299070471250  -0.0085308511719682  -0.0084263738829745  -0.0083171819905322  -0.0082043719869319  -0.0080893317730007  -0.0079736095349428  -0.0078581317883450  -0.0077419199339069  -0.0076227616306462  -0.0074991312695825  -0.0073706257773406  -0.0072374936185608  -0.0071002571583512  -0.0069595430544872  -0.0068160132632215  -0.0066703326324884  -0.0065231500295180  -0.0063750861094127  -0.0062267257403365  -0.0060786141578980  -0.0059312559562486  -0.0057851159698755  -0.0056406211753107  -0.0054981629158535  -0.0053580989595240  -0.0052207550930275  -0.0050864261136849  -0.0049553762071976  -0.0048278387914872  -0.0047040159718198  -0.0045840777909025  -0.0044681614724956  -0.0043563708509879  -0.0042487761577653  -0.0041454142975543  -0.0040462897000385  -0.0039513757794632  -0.0038606169795165  -0.0037739313348895  -0.0036912134429855  -0.0036123377177891  -0.0035371617931600  -0.0034655299462770  -0.0033972763369972  -0.0033322277727764  -0.0032702067168228  -0.0032110340243039  -0.0031545308972972  -0.0031005205784349  -0.0030488257329192  -0.0029992688200307  -0.0029516872676468  -0.0029059220178570  -0.0028618179143890  -0.0028192260077796  -0.0027780037878178  -0.0027380155293495  -0.0026991325890164  -0.0026612337378029  -0.0026242051771238  -0.0025879459157964  -0.0025522743736177  -0.0025185902825292  -0.0024616582133753  -0.0027734491170215   0.0014224096481413  -0.0121974850696393  -0.0236143583081932  -0.0033894451557754   0.0000000000000000   0.0000000000000000   0.0000000000000000   0.0379303503149487  -0.0022902547507867  -0.0008531598097333  -0.0004341849544470  -0.0004656561083644  -0.0004628555900458  -0.0004563886877485  -0.0004506544207572  -0.0004451457647577  -0.0004398467810694  -0.0004347282042694  -0.0004297828455324  -0.0004249893344841  -0.0004208974965004  -0.0004064459678133  -0.0006050499489636   0.0029584658218521   0.0694379730860112   0.0130822265531688   0.0057585246353036   0.0025643336783823   0.0000000000000000   0.0000000000000000   0.0000000000000000   0.0000000000000000  -0.0069222346991472  -0.0032369708202712  -0.0030530848207494  -0.0025943566029060  -0.0023150166769127  -0.0018967556273055  -0.0014300994522961  -0.0009168410977539  -0.0004860277186615  -0.0001949030076349  -0.0000229511251657   0.0000643387379341   0.0000958846044699   0.0000954043124630   0.0000840029998942   0.0000834549483005   0.0001026045968850   0.0000962950852418   0.0000758141568069   0.0000000000000000   0.0000000000000000   0.0000345906005944   0.0005155796445053   0.0006457827322752   0.0006571235398699   0.0006059269918907   0.0004870464724622   0.0002954585353056   0.0000000000000000   0.0000000000000000   0.0000000000000000   0.0000000000000000   0.0000000000000000   0.0000000000000000   0.0000000000000000   0.0000000000000000   0.0000000000000000   0.0000000000000000   0.0000000000000000   0.0000000000000000   0.0000000000000000   0.0000000000000000
  -0.0108726151905662  -0.0105182161460253  -0.0103067815879123  -0.0101654717118132  -0.0100612897175978  -0.0099730084685382  -0.0098901410383080  -0.0098076717191758  -0.0097236936120367  -0.0096373564848149  -0.0095479190510319  -0.0094548595860968  -0.0093585371067393  -0.0092606936273163  -0.0091642044617595  -0.0090717421648759  -0.0089834942434048  -0.0088976653348105  -0.0088111523195070  -0.0087206836061835  -0.0086242733787402  -0.0085211006129528  -0.0084110135191497  -0.0082938267930078  -0.0081693220045508  -0.0080371672772701  -0.0078969568306523  -0.0077490845685705  -0.0075958906224397  -0.0074407028325781  -0.0072859450046937  -0.0071328455140600  -0.0069819233747151  -0.0068333494004850  -0.0066871280963920  -0.0065431868830633  -0.0064014226191652  -0.0062617273935596  -0.0061240030850870  -0.0059881692407223  -0.0058541668257863  -0.0057219594536894  -0.0055915331351291  -0.0054628951947574  -0.0053360727239767  -0.0052111107485071  -0.0050880701708869  -0.0049670254856920  -0.0048480622461368  -0.0047312742720412  -0.0046167606187596  -0.0045046223638646  -0.0043949593033223  -0.0042878666725950  -0.0041834320198931  -0.0040817323551061  -0.0039828316847121  -0.0038867790217936  -0.0037936069338275  -0.0037033306600129  -0.0036159477997963  -0.0035314385447831  -0.0034497664022480  -0.0033708793421472  -0.0032947112871639  -0.0032211838198585  -0.0031502080236887  -0.0030816864540942  -0.0030155151328215  -0.0029515855741947  -0.0028897868339952  -0.0028300070337876  -0.0027721345618941  -0.0027160596615929  -0.0026616757843967  -0.0026088805351873  -0.0025575764878525  -0.0025076718108557  -0.0024590807228955  -0.0024117238156922  -0.0023655276833629  -0.0023204341765975  -0.0022762194403736  -0.0022360076946254  -0.0021386788163520  -0.0031338445682670   0.0168599260587941  -0.0105138760659179  -0.0017743500092577  -0.0000564191933959   0.0000000000000000   0.0000000000000000   0.0000000000000000   0.0000000000000000   0.0378143206546580  -0.0018583328822290  -0.0004870254592100  -0.0000755601451779  -0.0001014664793278  -0.0001000188551976  -0.0000999918669974  -0.0000998781879839  -0.0000997483729980  -0.0000995986923320  -0.0000994346129652  -0.0000992543480115  -0.0000991860991485  -0.0000985698388343  -0.0000759472895720  -0.0012672941920223   0.0637888155143526   0.0124019148225247   0.0053212746808071   0.0015997418076203  -0.0011733069052116  -0.0023818815218311  -0.0030576855654138  -0.0032883070704582  -0.0035696907419360  -0.0031061915752919  -0.0029056313076807  -0.0026302831226620  -0.0023639403331938  -0.0019842962572728  -0.0014815830958449  -0.0009122177536572  -0.0004323328593453  -0.0001070215485807   0.0000887261299868   0.0001922358875121   0.0002311475669823   0.0002292537919127   0.0002118719715948   0.0002008890512373   0.0001982378773967   0.0001932366256838   0.0001707946373942   0.0001247729925356   0.0000000000000000  -0.0000839928484445   0.0003837605053016   0.0005699720736067   0.0005840101013272   0.0005169361685206   0.0003785862684319   0.0002044965691184   0.0000162834909827  -0.0000086941662963   0.0000000000000000   0.0000000000000000   0.0000000000000000   0.0000000000000000   0.0000000000000000   0.0000000000000000   0.0000000000000000   0.0000000000000000   0.0000000000000000   0.0000000000000000   0.0000000000000000   0.0000000000000000
  -0.0110969923718950  -0.0103942065243765  -0.0102077661450044  -0.0100978835585704  -0.0099986891042356  -0.0099033448502633  -0.0098102279049307  -0.0097140817418233  -0.0096126358528041  -0.0095046447318783  -0.0093887789895313  -0.0092631761048916  -0.0091251463202084  -0.0089707569712248  -0.0087954825587583  -0.0085975946399111  -0.0083793462301104  -0.0081525079639386  -0.0079248564545566  -0.0077111957571893  -0.0075024178748591  -0.0072954503586992  -0.0071095256916510  -0.0069301817528811  -0.0067447656975704  -0.0065608389507269  -0.0063850446990857  -0.0062161841133049  -0.0060538264870102  -0.0058975643573230  -0.0057470558436711  -0.0056020618069762  -0.0054624053036922  -0.0053279259918664  -0.0051984513033845  -0.0050737828890385  -0.0049536937683349  -0.0048379321621535  -0.0047262287797594  -0.0046183052511362  -0.0045138822916170  -0.0044126868866962  -0.0043144582306784  -0.0042189523865262  -0.0041259457323867  -0.0040352372956967  -0.0039466500871449  -0.0038600315513411  -0.0037752532538794  -0.0036922099251801  -0.0036108179769305  -0.0035310136036496  -0.0034527505747266  -0.0033759978175578  -0.0033007368868003  -0.0032269594082055  -0.0031546645806134  -0.0030838568080167  -0.0030145435246168  -0.0029467332606352  -0.0028804339822713  -0.0028156517235390  -0.0027523895121322  -0.0026906465787356  -0.0026304178280674  -0.0025716935440695  -0.0025144592941365  -0.0024586959941759  -0.0024043800984081  -0.0023514838792098  -0.0022999757762841  -0.0022498208057615  -0.0022009810095295  -0.0021534159049361  -0.0021070829014859  -0.0020619377739503  -0.0020179351516405  -0.0019750289374171  -0.0019331728029459  -0.0018923206522220  -0.0018524263808129  -0.0018134579538201  -0.0017751221503452  -0.0017424776667695  -0.0016112077219210  -0.0035154278022199   0.0393055462698195   0.0060516413459825   0.0002077789854500   0.0001184019742089   0.0000000000000000   0.0000000000000000   0.0000000000000000   0.0000000000000000   0.0000000000000000   0.0378998232654199  -0.0013000883665239   0.0000350119843804  -0.0000198732624428  -0.0000174932835641  -0.0000175712627284  -0.0000175387377591  -0.0000175090631255  -0.0000174773001352  -0.0000174440416215  -0.0000174325832253  -0.0000173894040704  -0.0000195243824455   0.0000880978943348  -0.0026252901210900   0.0563474097391579   0.0096686066136956   0.0035563428677682   0.0009405115108065  -0.0012406725687349  -0.0024785938038647  -0.0031045074671203  -0.0033466601904328  -0.0032865875988454  -0.0030663878374567  -0.0028583186909975  -0.0026228559423906  -0.0023626330715027  -0.0020147561035287  -0.0015002826072587  -0.0008743196948368  -0.0003487195520226   0.0000029370496177   0.0002138813767565   0.0003292940652832   0.0003771352233724   0.0003770586868460   0.0003483273803153   0.0003067111069014   0.0002574022499409   0.0002013369910189   0.0001325235391992   0.0000376537899092  -0.0000343044455952  -0.0000014026793191   0.0003977533260689   0.0005453339648819   0.0005363693716688   0.0004082796156375   0.0002281422099233   0.0000843109451895   0.0000000000000000   0.0000000000000000   0.0000000000000000   0.0000000000000000   0.0000000000000000   0.0000000000000000   0.0000000000000000   0.0000000000000000   0.0000000000000000   0.0000000000000000   0.0000000000000000   0.0000000000000000   0.0000000000000000   0.0000000000000000
  -0.0109827217240732  -0.0092387661047806  -0.0094637651466805  -0.0093884283937405  -0.0089943070060465  -0.0085970961001432  -0.0082074896680544  -0.0078458163203437  -0.0075199348241187  -0.0072253995693917  -0.0069562501771972  -0.0067076113954699  -0.0064760904038036  -0.0062596110370785  -0.0060569434446068  -0.0058693557098900  -0.0056581696047339  -0.0059515489048038  -0.0059418120665420  -0.0053876417982922  -0.0052461269403392  -0.0052550944144145  -0.0045943529547870  -0.0039919863102918  -0.0039216232712992  -0.0038165610028389  -0.0037131519899387  -0.0036154574716994  -0.0035225200004029  -0.0034339863733485  -0.0033494857016511  -0.0032686806866675  -0.0031912701554236  -0.0031169918895137  -0.0030456205480700  -0.0029769618284121  -0.0029108448244736  -0.0028471144549793  -0.0027856252512666  -0.0027262370985516  -0.0026688129456012  -0.0026132181365196  -0.0025593208709630  -0.0025069933060285  -0.0024561129048564  -0.0024065637552005  -0.0023582376946578  -0.0023110351639328  -0.0022648657706106  -0.0022196485781539  -0.0021753121510042  -0.0021317943902537  -0.0020890421923086  -0.0020470109605926  -0.0020056639960249  -0.0019649717922266  -0.0019249112604584  -0.0018854649094285  -0.0018466200066362  -0.0018083677453229  -0.0017707024409976  -0.0017336207772830  -0.0016971211182069  -0.0016612028981668  -0.0016258660975349  -0.0015911108072428  -0.0015569368807133  -0.0015233436705697  -0.0014903298425851  -0.0014578932592746  -0.0014260309234814  -0.0013947389643048  -0.0013640126874575  -0.0013338466254623  -0.0013042345758171  -0.0012751697762664  -0.0012466449751780  -0.0012186524916368  -0.0011911843879781  -0.0011642325241051  -0.0011377878867751  -0.0011118576090414  -0.0010861159875844  -0.0010671199075123  -0.0009182756930928  -0.0034916120700867   0.0590305914207235   0.0074716560402356   0.0004874173800941   0.0001285414618716   0.0000068766410584   0.0000000000000000   0.0000000000000000   0.0000000000000000   0.0000000000000000   0.0375658538854287  -0.0012660858529260   0.0000481145827196  -0.0000056096277001  -0.0000033124303406  -0.0000034100778749  -0.0000034013937086  -0.0000033967639912  -0.0000033935219436  -0.0000034208567425  -0.0000034741009948  -0.0000018528893285  -0.0000022130008909  -0.0000742975560244  -0.0016515802758332   0.0555869486279427   0.0037250649023115   0.0008130840504370  -0.0004024128331475  -0.0016611558779718  -0.0025276774522313  -0.0030329040455457  -0.0032182171845799  -0.0031753203603360  -0.0030342803745621  -0.0028407711514614  -0.0026122865599505  -0.0023449443087032  -0.0019935023695176  -0.0014474370117358  -0.0007643081505953  -0.0002132603908907   0.0001444034688089   0.0003534471065979   0.0004676754776046   0.0005192906115467   0.0005223357805513   0.0004828361069463   0.0004094131638291   0.0003133835440865   0.0002050849127397   0.0001008902613576  -0.0000472754964482   0.0000000000000000   0.0000000000000000   0.0004268395524942   0.0005441094304760   0.0005033728132500   0.0002997265173440   0.0001159646949769   0.0000000000000000   0.0000000000000000   0.0000000000000000   0.0000000000000000   0.0000000000000000   0.0000000000000000   0.0000000000000000   0.0000000000000000   0.0000000000000000   0.0000000000000000   0.0000000000000000   0.0000000000000000   0.0000000000000000   0.0000000000000000   0.0000000000000000
   0.0000000000000000   0.0347333014126546  -0.0062288835658004  -0.0052204807978681  -0.0045117239952254  -0.0038696697071457  -0.0037525227337183  -0.0036069489956354  -0.0034671673976449  -0.0033367779196477  -0.0032144379401721  -0.0030995013531449  -0.0029914017299297  -0.0028896203494142  -0.0027934892022732  -0.0027066546320902  -0.0025414546310327  -0.0041962412463876   0.0348161812014983   0.0000000000000000   0.0000000000000000   0.0371524038217272  -0.0031817764473099  -0.0017031154731702  -0.0012663371359273  -0.0012691405264256  -0.0012412213049129  -0.0012167532344542  -0.0011935806649811  -0.0011717112266924  -0.0011510305548522  -0.0011314270276916  -0.0011127844080230  -0.0010949834482573  -0.0010779046604359  -0.0010614320117492  -0.0010454567464203  -0.0010298806519105  -0.0010146183139107  -0.0009995981741415  -0.0009847624416162  -0.0009700660748550  -0.0009554751368374  -0.0009409648367819  -0.0009265175331384  -0.0009121209035627  -0.0008977664097468  -0.0008834481131695  -0.0008691618407498  -0.0008549046592198  -0.0008406745954367  -0.0008264705322499  -0.0008122922129195  -0.0007981402967765  -0.0007840164223523  -0.0007699232480950  -0.0007558644540233  -0.0007418446969660  -0.0007278695221208  -0.0007139452370764  -0.0007000787589163  -0.0006862774459471  -0.0006725489249597  -0.0006589009249029  -0.0006453411249657  -0.0006318770244815  -0.0006185158387590  -0.0006052644238510  -0.0005921292304136  -0.0005791162857612  -0.0005662312020757  -0.0005534791924738  -0.0005408651609103  -0.0005283936896857  -0.0005160690905174  -0.0005038955807110  -0.0004918771655048  -0.0004800177425205  -0.0004683212059605  -0.0004567914041206  -0.0004454312735495  -0.0004342615517104  -0.0004229329814929  -0.0004187174511145  -0.0002716954484833  -0.0030516368847261   0.0594220475367490   0.0093712390034769   0.0008795631226979   0.0001785628055449   0.0000000000000000   0.0000000000000000   0.0000000000000000   0.0000000000000000   0.0735848867143000  -0.0031514104378823  -0.0003176961843222   0.0000206269873440  -0.0000017424212364  -0.0000005565100408  -0.0000006155085832  -0.0000006140499383  -0.0000006353303816  -0.0000006353132535  -0.0000004577314567   0.0000017750929920  -0.0000016068004587  -0.0001196474540789   0.0001855199406024   0.0110975330704005  -0.0153813151553928  -0.0006059985821629  -0.0011979689151947  -0.0017630664513193  -0.0021290383811513  -0.0025780923957354  -0.0029439273194206  -0.0031226377040573  -0.0031230109790441  -0.0030081400950232  -0.0028231707648866  -0.0025903071364810  -0.0023114549664859  -0.0019231551894284  -0.0012651030682342  -0.0005295034258792   0.0000092094079919   0.0003322650441272   0.0005108175852442   0.0006011071303762   0.0006428116455132   0.0006467354031431   0.0006057216355952   0.0005203990325325   0.0004122481283228   0.0003102069017371   0.0002405242500551   0.0001635639661764   0.0000000000000000   0.0000000000000000   0.0003087534971490   0.0004855786407334   0.0004527146853424   0.0001666105846315   0.0000000000000000   0.0000000000000000   0.0000000000000000   0.0000000000000000   0.0000000000000000   0.0000000000000000   0.0000000000000000   0.0000000000000000   0.0000000000000000   0.0000000000000000   0.0000000000000000   0.0000000000000000   0.0000000000000000   0.0000000000000000   0.0000000000000000   0.0000000000000000
   0.0000000000000000   0.0000000000000000   0.0000000000000000   0.0378118102137728  -0.0024375885566440  -0.0009914094104818  -0.0005695585308422  -0.0005993374305540  -0.0005943097593940  -0.0005846968574248  -0.0005755760397115  -0.0005671268569963  -0.0005592895664882  -0.0005517993406145  -0.0005443637959282  -0.0005417101787376  -0.0004360702001888  -0.0027559750919807   0.0690716190553791   0.0000000000000000   0.0000000000000000   0.0000000000000000   0.0373748292077545  -0.0018219436532829  -0.0001308363614419  -0.0002116726943407  -0.0002064525678324  -0.0002054938739224  -0.0002043646377323  -0.0002032740438891  -0.0002022017526910  -0.0002011373982760  -0.0002000693403475  -0.0001989857979156  -0.0001978753604318  -0.0001967274387604  -0.0001955325824812  -0.0001942826540935  -0.0001929708732166  -0.0001915917586345  -0.0001901410043298  -0.0001886153243786  -0.0001870122974423  -0.0001853302325340  -0.0001835680691926  -0.0001817253153679  -0.0001798020199030  -0.0001777987718561  -0.0001757167159362  -0.0001735575730631  -0.0001713236561244  -0.0001690178736346  -0.0001666437153569  -0.0001642052179894  -0.0001617069108054  -0.0001591537431501  -0.0001565509972905  -0.0001539041907744  -0.0001512189734858  -0.0001485010233728  -0.0001457559460256  -0.0001429891810337  -0.0001402059196523  -0.0001374110357300  -0.0001346090322731  -0.0001318040062264  -0.0001289996312233  -0.0001261991595091  -0.0001234054423529  -0.0001206209669712  -0.0001178479095319  -0.0001150881789576  -0.0001123435691148  -0.0001096156811501  -0.0001069060780167  -0.0001042164224554  -0.0001015482673619  -0.0000989033929549  -0.0000962837872000  -0.0000936914752659  -0.0000911276477579  -0.0000886121282651  -0.0000857841050347  -0.0000900746128174   0.0000501317683294  -0.0027269299104704   0.0595131480844623   0.0127104817092205   0.0013760224693611   0.0002490608354923   0.0000000000000000   0.0000000000000000   0.0000000000000000   0.0000000000000000   0.0733332669811694  -0.0029681992538182   0.0001578720002817  -0.0000019129933465  -0.0000000844761391   0.0000000679421053   0.0000000660266423   0.0000000778267399   0.0000002584094523   0.0000016084479129  -0.0000014627388216  -0.0000147236159068  -0.0001533380285798   0.0006285380965779   0.0079370814639713  -0.0305805491953477  -0.0064046802983685  -0.0021059638158719  -0.0018538543200075  -0.0019631338253824  -0.0021806626600951  -0.0025033417521958  -0.0028218814944681  -0.0030202677442803  -0.0030597467324601  -0.0029725681625479  -0.0027941061072224  -0.0025392629108385  -0.0022269621575850  -0.0017217685124876  -0.0009549929054941  -0.0002051996384095   0.0003056300718772   0.0005563538468507   0.0006755352272950   0.0007178081875653   0.0007339837684988   0.0007364023966601   0.0007090177716887   0.0006390236094627   0.0005393818441361   0.0004291674851130   0.0003137290265171   0.0001847889680650   0.0000354193945700   0.0000000000000000   0.0002148640538074   0.0004399579026872   0.0003931536304883   0.0000000000000000   0.0000000000000000   0.0000000000000000   0.0000000000000000   0.0000000000000000   0.0000000000000000   0.0000000000000000   0.0000000000000000   0.0000000000000000   0.0000000000000000   0.0000000000000000   0.0000000000000000   0.0000000000000000   0.0000000000000000   0.0000000000000000   0.0000000000000000   0.0000000000000000
   0.0000000000000000   0.0000000000000000   0.0000000000000000   0.0000000000000000   0.0377893945190619  -0.0018957544807074  -0.0005177672768240  -0.0000789704817417  -0.0000888692680172  -0.0001002286753337  -0.0001172306282721  -0.0001210037088905  -0.0001192572725684  -0.0001182589144474  -0.0001173770586903  -0.0001199168846784  -0.0000505159617226  -0.0015037340455596   0.0333865153782160   0.0000000000000000   0.0000000000000000   0.0000000000000000   0.0735689458446238  -0.0027219947224073   0.0000866652361444  -0.0000431478519617  -0.0000369883419121  -0.0000371749851837  -0.0000370706090359  -0.0000369853358857  -0.0000369024823542  -0.0000368204901043  -0.0000367368734540  -0.0000366490835286  -0.0000365545802385  -0.0000364509375743  -0.0000363359262741  -0.0000362075694588  -0.0000360641709785  -0.0000359043187534  -0.0000357268703208  -0.0000355309271013  -0.0000353158039308  -0.0000350810001011  -0.0000348261749624  -0.0000345511305017  -0.0000342558009039  -0.0000339402479101  -0.0000336046606511  -0.0000332493572412  -0.0000328747862933  -0.0000324815268922  -0.0000320702854652  -0.0000316418891985  -0.0000311972754462  -0.0000307374777666  -0.0000302636084386  -0.0000297768388882  -0.0000292783783940  -0.0000287694525253  -0.0000282512817724  -0.0000277250613048  -0.0000271919431144  -0.0000266530206700  -0.0000261093171608  -0.0000255617778329  -0.0000250112664987  -0.0000244585667848  -0.0000239043875802  -0.0000233493723116  -0.0000227941143122  -0.0000222391507543  -0.0000216850931006  -0.0000211324070898  -0.0000205816072889  -0.0000200332871414  -0.0000194879001844  -0.0000189462177934  -0.0000184089470492  -0.0000178766599980  -0.0000173492715428  -0.0000168450514223  -0.0000160055071820  -0.0000221851443236   0.0001149374033516  -0.0026531385675374   0.0594123826854028   0.0172450569931532   0.0022577200199857   0.0002047007458440   0.0000000000000000   0.0000000000000000   0.0000000000000000   0.0000000000000000   0.0735904252555880  -0.0026799113421403   0.0001231107994851  -0.0000060281631135   0.0000000787287711  -0.0000005018164847  -0.0000008823332855  -0.0000007850153303  -0.0000017940175426  -0.0000165597465576  -0.0000850977508543   0.0003263221140261   0.0008845664510544   0.0088485068411948  -0.0439737356384134  -0.0104261128174853  -0.0032281104106461  -0.0022347356737774  -0.0020254321782043  -0.0020364827989330  -0.0021655239727709  -0.0024017171845716  -0.0026772514545475  -0.0028927581814336  -0.0029795980116160  -0.0029236835723268  -0.0027409676447644  -0.0024207521595091  -0.0019896203761940  -0.0012960528097338  -0.0005617599916847   0.0001085530807014   0.0006036792718950   0.0007635761285401   0.0008125053636692   0.0007952703586331   0.0007783596458677   0.0007791855509815   0.0007745443979309   0.0007339424172813   0.0006433848318653   0.0005100676711163   0.0003529691606886   0.0001982407860753   0.0000586284017358   0.0000000000000000   0.0000000000000000   0.0003780102326319   0.0002816524728751   0.0000000000000000   0.0000000000000000   0.0000000000000000   0.0000000000000000   0.0000000000000000   0.0000000000000000   0.0000000000000000   0.0000000000000000   0.0000000000000000   0.0000000000000000   0.0000000000000000   0.0000000000000000   0.0000000000000000   0.0000000000000000   0.0000000000000000   0.0000000000000000   0.0000000000000000
   0.0000000000000000   0.0000000000000000   0.0000000000000000   0.0000000000000000   0.0000000000000000   0.0383069497745854  -0.0009195525832515  -0.0004467731334039  -0.0009334792251447  -0.0004293635989768   0.0000345601613382  -0.0000009804065563  -0.0000177554758343  -0.0000228780905590  -0.0000219027889444  -0.0000225608250567   0.0000014110756457  -0.0002954042191319  -0.0037336579032371   0.0692603874683302   0.0000000000000000   0.0000000000000000   0.0733228144511782  -0.0029988368796653   0.0001274113938747  -0.0000201913407811  -0.0000130703305323  -0.0000131561264438  -0.0000129200350832  -0.0000127121083552  -0.0000125155668677  -0.0000123304970672  -0.0000121558882222  -0.0000119907204118  -0.0000118339552060  -0.0000116845689895  -0.0000115415765398  -0.0000114040462860  -0.0000112711069927  -0.0000111419480279  -0.0000110158153430  -0.0000108920055580  -0.0000107698605953  -0.0000106487637658  -0.0000105281386045  -0.0000104074498498  -0.0000102862066521  -0.0000101639665916  -0.0000100403399784  -0.0000099149937094  -0.0000097876544631  -0.0000096581103487  -0.0000095262111265  -0.0000093918658010  -0.0000092550388971  -0.0000091157445741  -0.0000089740403374  -0.0000088300198249  -0.0000086838045689  -0.0000085355360057  -0.0000083853674974  -0.0000082334566047  -0.0000080799586500  -0.0000079250209423  -0.0000077687787093  -0.0000076113522164  -0.0000074528455432  -0.0000072933472584  -0.0000071329319727  -0.0000069716642004  -0.0000068096083779  -0.0000066468113963  -0.0000064834258779  -0.0000063194180390  -0.0000061548433447  -0.0000059898668793  -0.0000058245295553  -0.0000056590968784  -0.0000054936444827  -0.0000053283946699  -0.0000051629555291  -0.0000050139098543  -0.0000045392200653  -0.0000107986870881   0.0001220323588147  -0.0025994466618832   0.0588651348141706   0.0228593694995692   0.0036343375399086   0.0000000000000000   0.0000000000000000   0.0000000000000000   0.0000000000000000   0.0000000000000000   0.0375613691219941  -0.0016024488535126   0.0000751488730969  -0.0000050764787376   0.0000024625310656   0.0000090681350884   0.0000197535486710   0.0000221181057685   0.0000017329038968   0.0001460458059735   0.0011647749422382   0.0035613693675158  -0.0242494434733808  -0.0482118077271654  -0.0110003424768791  -0.0039215572517897  -0.0027116199279388  -0.0022314563705486  -0.0020653735952616  -0.0020335353282688  -0.0020992053140032  -0.0022700363410902  -0.0025122985474652  -0.0027492191359539  -0.0028780462963921  -0.0028295560370279  -0.0025952549680782  -0.0021952198107056  -0.0014428265853964  -0.0006616745879166  -0.0001660286814690   0.0003075994553140   0.0008257513548014   0.0008827382378992   0.0008763791892600   0.0008045414211553   0.0007584974364334   0.0007611343578088   0.0007817731990419   0.0007766750710443   0.0007047586941863   0.0005665030540292   0.0003856062547788   0.0002015524017054   0.0000499565736143   0.0000000000000000   0.0000000000000000   0.0002375212798136   0.0001839612406492   0.0000000000000000   0.0000000000000000   0.0000000000000000   0.0000000000000000   0.0000000000000000   0.0000000000000000   0.0000000000000000   0.0000000000000000   0.0000000000000000   0.0000000000000000   0.0000000000000000   0.0000000000000000   0.0000000000000000   0.0000000000000000   0.0000000000000000   0.0000000000000000   0.0000000000000000
   0.0000000000000000   0.0000000000000000   0.0000000000000000   0.0000000000000000   0.0000000000000000   0.0000000000000000   0.0000000000000000   0.0000000000000000   0.0387560519263911  -0.0013827864893700  -0.0008918294691900  -0.0004296517927613   0.0000404797043897   0.0000290257506729   0.0000174748723748  -0.0000006721902539  -0.0000052889736913   0.0000901546758985  -0.0014071814857885   0.0335421299175003   0.0000000000000000   0.0000000000000000   0.0735974433751305  -0.0026644484937988   0.0001460670837358   0.0000108881406445   0.0000127217636220   0.0000083889031791   0.0000045867200462   0.0000009990805557  -0.0000023602079953  -0.0000054935101597  -0.0000084030012510  -0.0000110914672764  -0.0000135622878501  -0.0000158194540951  -0.0000178675779121  -0.0000197118909988  -0.0000213582333593  -0.0000228130308107  -0.0000240832621032  -0.0000251764158231  -0.0000261004384574  -0.0000268636745360  -0.0000274748008378  -0.0000279427558595  -0.0000282766661469  -0.0000284857717951  -0.0000285793530276  -0.0000285666601143  -0.0000284568470468  -0.0000282589094773  -0.0000279816293099  -0.0000276335260716  -0.0000272228163595  -0.0000267573800384  -0.0000262447335087  -0.0000256920098682  -0.0000251059461849  -0.0000244928768548  -0.0000238587323742  -0.0000232090430012  -0.0000225489473248  -0.0000218832043634  -0.0000212162101104  -0.0000205520167630  -0.0000198943545324  -0.0000192466560066  -0.0000186120819509  -0.0000179935503251  -0.0000173937693004  -0.0000168152309901  -0.0000162603275269  -0.0000157311157550  -0.0000152296579118  -0.0000147580068755  -0.0000143178508938  -0.0000139109786635  -0.0000135391792007  -0.0000132042020745  -0.0000129068097068  -0.0000126629758956  -0.0000121696281860  -0.0000177527727550   0.0001023652990305  -0.0023957031698510   0.0551311158697987   0.0335290751876339   0.0032892620175978   0.0000000000000000   0.0000000000000000   0.0000000000000000   0.0000000000000000   0.0375754440377142  -0.0017008911438669  -0.0003424754748343   0.0000775434313770   0.0000385363207180  -0.0000300951594553  -0.0001785582209902  -0.0004093054284773  -0.0007976664611400  -0.0003791871088473   0.0002010167100548  -0.0118090202399193  -0.0513295463846687  -0.0336507773593391  -0.0101625538424892  -0.0039638685230577  -0.0029162761278156  -0.0024181352391215  -0.0021601716946426  -0.0020330348240492  -0.0019705408798720  -0.0019889996425140  -0.0021149768388575  -0.0023324704615208  -0.0025661890288663  -0.0026852587101762  -0.0026361989311242  -0.0022902877134418  -0.0019581822557532   0.0000000000000000   0.0000000000000000   0.0000000000000000   0.0000000000000000   0.0008906539915263   0.0008576587750064   0.0008347773337212   0.0007231789863945   0.0006631575831270   0.0006772176833647   0.0007274184952443   0.0007630597546298   0.0007218034896573   0.0006013692081090   0.0004138795041279   0.0001852980562100   0.0000000000000000   0.0000000000000000   0.0000000000000000   0.0000000000000000   0.0000000000000000   0.0000000000000000   0.0000000000000000   0.0000000000000000   0.0000000000000000   0.0000000000000000   0.0000000000000000   0.0000000000000000   0.0000000000000000   0.0000000000000000   0.0000000000000000   0.0000000000000000   0.0000000000000000   0.0000000000000000   0.0000000000000000   0.0000000000000000   0.0000000000000000   0.0000000000000000
   0.0000000000000000   0.0000000000000000   0.0000000000000000   0.0000000000000000   0.0000000000000000   0.0000000000000000   0.0000000000000000   0.0000000000000000   0.0000000000000000   0.0000000000000000   0.0387587579185340  -0.0009159455883277  -0.0004234951751439  -0.0009170551500943  -0.0004253210478132   0.0000436386691937   0.0000300477087365   0.0000431921305473  -0.0003137275959817  -0.0026230372114057   0.0339405856934668   0.0000000000000000   0.0372564339645789  -0.0025162132428750  -0.0007782216271915  -0.0008525412090750  -0.0008379077422619  -0.0008274021063916  -0.0008164474409354  -0.0008052753686520  -0.0007938806121971  -0.0007822702826975  -0.0007704518386869  -0.0007584336324458  -0.0007462250233276  -0.0007338364927675  -0.0007212797271397  -0.0007085676632781  -0.0006957144958101  -0.0006827356462598  -0.0006696476950914  -0.0006564682790276  -0.0006432159573677  -0.0006299100522543  -0.0006165704687108  -0.0006032175008048  -0.0005898716326840  -0.0005765533418217  -0.0005632829107798  -0.0005500802516312  -0.0005369647478926  -0.0005239551193919  -0.0005110693119060  -0.0004983244114163  -0.0004857365832402  -0.0004733210362924  -0.0004610920094168  -0.0004490627772459  -0.0004372456738385  -0.0004256521313459  -0.0004142927321181  -0.0004031772712819  -0.0003923148272999  -0.0003817138393129  -0.0003713821898528  -0.0003613272898534  -0.0003515561648927  -0.0003420755401556  -0.0003328919219514  -0.0003240116704214  -0.0003154410530127  -0.0003071862378365  -0.0002992533945736  -0.0002916485769725  -0.0002843778282222  -0.0002774470497174  -0.0002708616886946  -0.0002646272474867  -0.0002587487337473  -0.0002532301746702  -0.0002480744781579  -0.0002432959590050  -0.0002386544257364  -0.0002391400176868  -0.0001413061048170  -0.0020859904388787   0.0412940540600792   0.0570067403813196   0.0000000000000000   0.0000000000000000   0.0000000000000000   0.0000000000000000   0.0738346107697235  -0.0032625203535361  -0.0008219863497502  -0.0005281354980811  -0.0015764116735886  -0.0027965039850736  -0.0041057267259296  -0.0053921205199950  -0.0066274735341252  -0.0076760493080063  -0.0046009328108827  -0.0399695665397650  -0.0440389005952090  -0.0236963755078727  -0.0079415275918556  -0.0025134869872276  -0.0016589890161931  -0.0020548675007003  -0.0021480597658899  -0.0020335689214723  -0.0019462522222012  -0.0018589912696570  -0.0018244050691018  -0.0018874496796315  -0.0020200639125263  -0.0021005869761102  -0.0019582178862698  -0.0014954457386482  -0.0007501841059266  -0.0002458087846217   0.0000000000000000   0.0000000000000000   0.0000000000000000   0.0000000000000000   0.0000000000000000   0.0003470326550155   0.0004520833750658   0.0004126456451252   0.0004064017801627   0.0004786776685544   0.0006072981480779   0.0006911551274593   0.0006852911482794   0.0006029748824394   0.0004365436067132   0.0001861025572130   0.0000000000000000   0.0000000000000000   0.0000000000000000   0.0000000000000000   0.0000000000000000   0.0000000000000000   0.0000000000000000   0.0000000000000000   0.0000000000000000   0.0000000000000000   0.0000000000000000   0.0000000000000000   0.0000000000000000   0.0000000000000000   0.0000000000000000   0.0000000000000000   0.0000000000000000   0.0000000000000000   0.0000000000000000   0.0000000000000000   0.0000000000000000   0.0000000000000000
   0.0000000000000000   0.0000000000000000   0.0000000000000000   0.0000000000000000   0.0000000000000000   0.0000000000000000   0.0000000000000000   0.0000000000000000   0.0000000000000000   0.0000000000000000   0.0000000000000000   0.0000000000000000   0.0000000000000000   0.0387482987604462  -0.0009147308780157  -0.0004231075779430  -0.0009120200783063  -0.0004056551701397   0.0001049409509522  -0.0002926239021822  -0.0017468682531971  -0.0017821515832559  -0.0017952112867591  -0.0012771333006989  -0.0008099342540860  -0.0008283354479888  -0.0008121557202037  -0.0007980188151948  -0.0007837775364897  -0.0007695551764165  -0.0007553500328364  -0.0007411670025159  -0.0007270107295180  -0.0007128861090656  -0.0006987983910605  -0.0006847532814046  -0.0006707570196553  -0.0006568164289975  -0.0006429389388130  -0.0006291325796771  -0.0006154059523470  -0.0006017681732874  -0.0005882287994931  -0.0005747977356099  -0.0005614851278607  -0.0005483012515470  -0.0005352563977594  -0.0005223607607324  -0.0005096243294206  -0.0004970567900859  -0.0004846674444070  -0.0004724651420515  -0.0004604582284738  -0.0004486545101850  -0.0004370612360234  -0.0004256850926369  -0.0004145322147040  -0.0004036082089566  -0.0003929181875970  -0.0003824668088636  -0.0003722583246653  -0.0003622966342352  -0.0003525853414322  -0.0003431278147742  -0.0003339272483846  -0.0003249867231460  -0.0003163092680401  -0.0003078979191799  -0.0002997557727191  -0.0002918860181417  -0.0002842919503770  -0.0002769769627317  -0.0002699446519026  -0.0002631987330235  -0.0002567428390797  -0.0002505806504867  -0.0002447158519895  -0.0002391518743321  -0.0002338915931966  -0.0002289375421400  -0.0002242912856346  -0.0002199613624881  -0.0002157858746402  -0.0002150460949133  -0.0001518033184628  -0.0013471732022509   0.0237206139681765   0.0786794713059056   0.0000000000000000   0.0000000000000000   0.0000000000000000   0.0000000000000000   0.0000000000000000   0.0369866200282795  -0.0059959991035324  -0.0103537875585386  -0.0142676512824102  -0.0158238565961700  -0.0164842600791802  -0.0166136789257388  -0.0165594355394957  -0.0151734124423021  -0.0195161420195750  -0.0244382518256360  -0.0160738229296926  -0.0061187340568170  -0.0020263652310877  -0.0006816010102231  -0.0004141085015595  -0.0010405450313174  -0.0015758636768777  -0.0018399045328027  -0.0018020988666251  -0.0016773784127477  -0.0015542875200015  -0.0014962570274885  -0.0014470884744747  -0.0012233754473145  -0.0007924474426451  -0.0003164934819980   0.0000566297596724   0.0002116125339847   0.0000000000000000   0.0000000000000000   0.0000000000000000   0.0000000000000000   0.0000000000000000   0.0000000000000000   0.0000000000000000   0.0000000000000000   0.0000000000000000   0.0000000000000000   0.0004810030827454   0.0005538293828932   0.0005829872963273   0.0005465328348170   0.0004318630440417   0.0002004085260712   0.0000000000000000   0.0000000000000000   0.0000000000000000   0.0000000000000000   0.0000000000000000   0.0000000000000000   0.0000000000000000   0.0000000000000000   0.0000000000000000   0.0000000000000000   0.0000000000000000   0.0000000000000000   0.0000000000000000   0.0000000000000000   0.0000000000000000   0.0000000000000000   0.0000000000000000   0.0000000000000000   0.0000000000000000   0.0000000000000000   0.0000000000000000   0.0000000000000000
   0.0000000000000000   0.0000000000000000   0.0000000000000000   0.0000000000000000   0.0000000000000000   0.0000000000000000   0.0000000000000000   0.0000000000000000   0.0000000000000000   0.0000000000000000   0.0000000000000000   0.0000000000000000   0.0000000000000000   0.0000000000000000   0.0000000000000000   0.0000000000000000   0.0387593555677377  -0.0013794134245265  -0.0008811296586604  -0.0003810111342854   0.0001245427625678   0.0001080108944449   0.0000863740896252   0.0000631507246350   0.0000455951657269   0.0000402250261351   0.0000400139090222   0.0000392760243734   0.0000385759975283   0.0000378742607330   0.0000371735887764   0.0000364740630258   0.0000357759217855   0.0000350794075814   0.0000343847806415   0.0000336923237340   0.0000330023452005   0.0000323151815056   0.0000316311984273   0.0000309507911257   0.0000302743823028   0.0000296024188582   0.0000289353686731   0.0000282737179536   0.0000276179657896   0.0000269686158554   0.0000263261706140   0.0000256911288220   0.0000250639806196   0.0000244452005058   0.0000238352433697   0.0000232345422201   0.0000226435055704   0.0000220625152560   0.0000214919246999   0.0000209320586031   0.0000203832155423   0.0000198456699657   0.0000193196718386   0.0000188054475814   0.0000183032034229   0.0000178131289971   0.0000173354005799   0.0000168701831020   0.0000164176328945   0.0000159778988309   0.0000155511227367   0.0000151374420543   0.0000147370025205   0.0000143499759512   0.0000139765481287   0.0000136169075972   0.0000132711817442   0.0000129395149501   0.0000126222680536   0.0000123194894996   0.0000120311810991   0.0000117577827311   0.0000114992727366   0.0000112556041633   0.0000110276602767   0.0000108104559830   0.0000106701860181   0.0000090221115818   0.0000376528222395  -0.0004764540158422   0.0090996879982359   0.0846799194772243   0.0000000000000000   0.0000000000000000   0.0000000000000000   0.0000000000000000   0.0000000000000000  -0.0275044796412623  -0.0491782150181579  -0.0446103028897274  -0.0213732247586012  -0.0192425739764013  -0.0177894151746705  -0.0167009402939228  -0.0163581214361141  -0.0104427525439550   0.0216453814773996   0.0034023293906787  -0.0040160099047350  -0.0015554187491224  -0.0006927036072955  -0.0001691043777015   0.0001524749588084  -0.0000416061499548  -0.0008627022907593  -0.0014521366597746  -0.0015432302986330  -0.0013937479648014  -0.0011455818226379  -0.0009348212115706  -0.0006865167916073  -0.0002430076981315   0.0001452767973021   0.0003192157619590   0.0003145094578921   0.0001926255746164   0.0000447900181552   0.0000000000000000   0.0000000000000000   0.0000000000000000   0.0000000000000000   0.0000000000000000   0.0000000000000000   0.0000000000000000   0.0000000000000000   0.0000000000000000   0.0000000000000000   0.0002708383170029   0.0003656494797725   0.0004161459568674   0.0003930683243325   0.0002200851232637   0.0000000000000000   0.0000000000000000   0.0000000000000000   0.0000000000000000   0.0000000000000000   0.0000000000000000   0.0000000000000000   0.0000000000000000   0.0000000000000000   0.0000000000000000   0.0000000000000000   0.0000000000000000   0.0000000000000000   0.0000000000000000   0.0000000000000000   0.0000000000000000   0.0000000000000000   0.0000000000000000   0.0000000000000000   0.0000000000000000   0.0000000000000000   0.0000000000000000
   0.0000000000000000   0.0000000000000000   0.0000000000000000   0.0000000000000000   0.0000000000000000   0.0000000000000000   0.0000000000000000   0.0000000000000000   0.0000000000000000   0.0000000000000000   0.0000000000000000   0.0000000000000000   0.0000000000000000   0.0000000000000000   0.0000000000000000   0.0000000000000000   0.0000000000000000   0.0000000000000000   0.0387697776248406  -0.0013722306009307  -0.0008657785719977  -0.0004106263266012   0.0000247501230193  -0.0000050855372560  -0.0000023024060803  -0.0000020178815334  -0.0000019604068466  -0.0000019361939006  -0.0000019011261080  -0.0000018665311323  -0.0000018320660247  -0.0000017976513832  -0.0000017633012890  -0.0000017290286224  -0.0000016948460022  -0.0000016607669465  -0.0000016268064850  -0.0000015929811415  -0.0000015593087301  -0.0000015258084043  -0.0000014925017523  -0.0000014594120830  -0.0000014265620430  -0.0000013939735349  -0.0000013616714283  -0.0000013296823490  -0.0000012980294157  -0.0000012667313440  -0.0000012358047278  -0.0000012052699787  -0.0000011751623192  -0.0000011455294676  -0.0000011164069305  -0.0000010878004339  -0.0000010597001652  -0.0000010321080549  -0.0000010050439298  -0.0000009785311476  -0.0000009525851083  -0.0000009272132573  -0.0000009024181696  -0.0000008782058947  -0.0000008545981045  -0.0000008316289000  -0.0000008093199648  -0.0000007876683755  -0.0000007666649887  -0.0000007463073795  -0.0000007265871569  -0.0000007075039015  -0.0000006890830079  -0.0000006713029239  -0.0000006541762392  -0.0000006377582672  -0.0000006219268429  -0.0000006069600095  -0.0000005927724280  -0.0000005791655283  -0.0000005665007990  -0.0000005542145052  -0.0000005439884591  -0.0000005590098378  -0.0000004396310612   0.0000005347382312   0.0000003701016939  -0.0001160619623848  -0.0006313875332962  -0.0100315572626808  -0.0115411419666733  -0.0183412390914869  -0.0184715984174664  -0.0158110545397699   0.0005855385998623  -0.0280334834400466  -0.0461543427227709  -0.0496729409968879   0.0000000000000000   0.0303037852674075  -0.0103882769998305  -0.0075180735223276  -0.0070211161822261  -0.0061011049183860   0.0541309576559454   0.0171676316813575  -0.0004858211987714  -0.0006559851244638  -0.0003147610747759   0.0000805575948960   0.0005297157478639   0.0006185885386714  -0.0000916085286289  -0.0008203038201595  -0.0010895411216251  -0.0010066582305337  -0.0006923346397965  -0.0003356328707305   0.0000381990397198   0.0004009126551052   0.0006666890679292   0.0006608571968887   0.0004213570057773   0.0000777370902280   0.0000000000000000   0.0000000000000000   0.0000000000000000   0.0000000000000000   0.0000000000000000   0.0000000000000000   0.0000000000000000   0.0000000000000000   0.0000000000000000   0.0000000000000000   0.0000000000000000   0.0000000000000000   0.0000000000000000   0.0002623354079629   0.0003343334785713   0.0002386098946198   0.0000000000000000   0.0000000000000000   0.0000000000000000   0.0000000000000000   0.0000000000000000   0.0000000000000000   0.0000000000000000   0.0000000000000000   0.0000000000000000   0.0000000000000000   0.0000000000000000   0.0000000000000000   0.0000000000000000   0.0000000000000000   0.0000000000000000   0.0000000000000000   0.0000000000000000   0.0000000000000000   0.0000000000000000   0.0000000000000000   0.0000000000000000   0.0000000000000000
   0.0000000000000000   0.0000000000000000   0.0000000000000000   0.0000000000000000   0.0000000000000000   0.0000000000000000   0.0000000000000000   0.0000000000000000   0.0000000000000000   0.0000000000000000   0.0000000000000000   0.0000000000000000   0.0000000000000000   0.0000000000000000   0.0000000000000000   0.0000000000000000   0.0000000000000000   0.0000000000000000   0.0000000000000000   0.0000000000000000   0.0379943939572280  -0.0016112799312049   0.0000916958512835   0.0000001938369272  -0.0000010707538090  -0.0000002047549538   0.0000000754598619   0.0000001039333363   0.0000000923136738   0.0000000907783114   0.0000000891367268   0.0000000874483950   0.0000000857711384   0.0000000840970420   0.0000000824275766   0.0000000807637050   0.0000000791062775   0.0000000774561843   0.0000000758146944   0.0000000741824181   0.0000000725585341   0.0000000709442144   0.0000000693431132   0.0000000677559163   0.0000000661817289   0.0000000646249433   0.0000000630875880   0.0000000615133458   0.0000000597076877   0.0000000574725810   0.0000000550346567   0.0000000531055213   0.0000000521291636   0.0000000517065191   0.0000000511205206   0.0000000501131067   0.0000000488692328   0.0000000475880897   0.0000000463275859   0.0000000450293489   0.0000000434952173   0.0000000415448350   0.0000000394430509   0.0000000379098495   0.0000000373325446   0.0000000372446134   0.0000000369326214   0.0000000362077658   0.0000000352958091   0.0000000343612606   0.0000000334846206   0.0000000327584414   0.0000000320489621   0.0000000313134708   0.0000000306836733   0.0000000298652179   0.0000000291427786   0.0000000286142803   0.0000000285101445   0.0000000211333035   0.0000000074531420   0.0000001777900987   0.0000015565703638  -0.0000103992528005  -0.0000885383196707   0.0007828034873377   0.0006947072346599  -0.0143405224772668  -0.0509665554765581  -0.0608221621296706   0.0000000000000000   0.0000000000000000   0.0439782305177670  -0.0196196723324398  -0.0153009693883922  -0.0031336113261455   0.0000000000000000   0.0729387870670050  -0.0038876905667049  -0.0008696281168524  -0.0009147224586614  -0.0033727825800931   0.0451323212081400   0.0208425311822551   0.0002971656542562  -0.0003510109197871  -0.0001252600548605   0.0002550705485042   0.0008017730834816   0.0012309014319715   0.0006954016450112  -0.0000494042347350  -0.0004860648485355  -0.0005963020856807  -0.0003153701807592   0.0001838804431225   0.0005209457834375   0.0006462848868837   0.0008915873880887   0.0009109949218866   0.0005431783226285   0.0000000000000000   0.0000000000000000   0.0000000000000000   0.0000000000000000   0.0000000000000000   0.0000000000000000   0.0000000000000000   0.0000000000000000   0.0000000000000000   0.0000000000000000   0.0000000000000000   0.0000000000000000   0.0000000000000000   0.0000000000000000   0.0000000000000000   0.0002804763734421   0.0002366441874438   0.0000000000000000   0.0000000000000000   0.0000000000000000   0.0000000000000000   0.0000000000000000   0.0000000000000000   0.0000000000000000   0.0000000000000000   0.0000000000000000   0.0000000000000000   0.0000000000000000   0.0000000000000000   0.0000000000000000   0.0000000000000000   0.0000000000000000   0.0000000000000000   0.0000000000000000   0.0000000000000000   0.0000000000000000   0.0000000000000000   0.0000000000000000   0.0000000000000000
   0.0000000000000000   0.0000000000000000   0.0000000000000000   0.0000000000000000   0.0000000000000000   0.0000000000000000   0.0000000000000000   0.0000000000000000   0.0000000000000000   0.0000000000000000   0.0000000000000000   0.0000000000000000   0.0000000000000000   0.0000000000000000   0.0000000000000000   0.0000000000000000   0.0000000000000000   0.0000000000000000   0.0000000000000000   0.0000000000000000   0.0738300869447350  -0.0028750555522580  -0.0003319255102594   0.0000518532889908   0.0000196501533327   0.0000035776002089  -0.0000007081412749  -0.0000000167868730  -0.0000000005108713  -0.0000000051086398  -0.0000000045060859  -0.0000000044582007  -0.0000000043723411  -0.0000000042878464  -0.0000000042037480  -0.0000000041198436  -0.0000000040361836  -0.0000000039523636  -0.0000000038682906  -0.0000000037858176  -0.0000000037059796  -0.0000000036258404  -0.0000000035453782  -0.0000000034672938  -0.0000000033890088  -0.0000000032987197  -0.0000000032860254  -0.0000000029548751   0.0000000016631296   0.0000000176788071   0.0000000422464002   0.0000000555642712   0.0000000438065447   0.0000000195252011   0.0000000029019370  -0.0000000021799103  -0.0000000025469031  -0.0000000024148497  -0.0000000024144650  -0.0000000019142037   0.0000000033221693   0.0000000201177524   0.0000000444647022   0.0000000560203071   0.0000000423593525   0.0000000177215491   0.0000000020833791  -0.0000000020030808  -0.0000000019807546  -0.0000000017968160  -0.0000000016266272  -0.0000000014315107  -0.0000000014093014  -0.0000000012946571  -0.0000000012059218  -0.0000000013543221  -0.0000000011410920   0.0000000000141957  -0.0000000125609005  -0.0000000309398002   0.0000005755093396   0.0000001005884932  -0.0000156028059464  -0.0000682941146073   0.0011333379665533   0.0032819338759976  -0.0429734212182860  -0.0490316439317218  -0.0253591445692395   0.0000000000000000   0.0000000000000000   0.0000000000000000   0.0000000000000000   0.0009258864521660  -0.0008931594558601  -0.0001007815086291   0.0000000000000000   0.0736371272801094  -0.0028436942597071  -0.0003476642429384  -0.0003687754971973  -0.0022077819392055   0.0534342506419930   0.0111947804560521   0.0003383170358437  -0.0001914569525413   0.0000097689576901   0.0004106721599798   0.0010335838427626   0.0020193825063073   0.0014295995406465   0.0006555289162543   0.0001286777211120  -0.0002383235857481  -0.0000476544438152   0.0005250525198631   0.0006781012267968   0.0005480590310372   0.0008877478212198   0.0010007735531489   0.0007749238278095   0.0000000000000000   0.0000000000000000   0.0000000000000000   0.0000000000000000   0.0000000000000000   0.0000000000000000   0.0000000000000000   0.0000000000000000   0.0000000000000000   0.0000000000000000   0.0000000000000000   0.0000000000000000   0.0000000000000000   0.0000000000000000   0.0000000000000000   0.0002046134008019   0.0001929724319207   0.0000000000000000   0.0000000000000000   0.0000000000000000   0.0000000000000000   0.0000000000000000   0.0000000000000000   0.0000000000000000   0.0000000000000000   0.0000000000000000   0.0000000000000000   0.0000000000000000   0.0000000000000000   0.0000000000000000   0.0000000000000000   0.0000000000000000   0.0000000000000000   0.0000000000000000   0.0000000000000000   0.0000000000000000   0.0000000000000000   0.0000000000000000   0.0000000000000000
   0.0000000000000000   0.0000000000000000   0.0000000000000000   0.0000000000000000   0.0000000000000000   0.0000000000000000   0.0000000000000000   0.0000000000000000   0.0000000000000000   0.0000000000000000   0.0000000000000000   0.0000000000000000   0.0000000000000000   0.0000000000000000   0.0000000000000000   0.0000000000000000   0.0000000000000000   0.0000000000000000   0.0000000000000000   0.0000000000000000   0.0000000000000000   0.0379877270605789  -0.0013350745741878  -0.0008709553845256  -0.0004010120870540   0.0000420410961411   0.0000030448761613  -0.0000003739295131   0.0000000328572338  -0.0000000016421644   0.0000000001546645   0.0000000001741927   0.0000000001701163   0.0000000001662035   0.0000000001627989   0.0000000001593096   0.0000000001559410   0.0000000001533509   0.0000000001505111   0.0000000001449425   0.0000000001394359   0.0000000001357882   0.0000000001295959   0.0000000001244784   0.0000000001229922   0.0000000001591347  -0.0000000003499913   0.0000000056151436  -0.0000000338425539  -0.0000003441562141  -0.0000009759730920  -0.0000013573494387  -0.0000010141339095  -0.0000003806263946  -0.0000000476484274   0.0000000042635222  -0.0000000001475000   0.0000000001191925  -0.0000000001531305   0.0000000042769478  -0.0000000479130911  -0.0000003821898866  -0.0000010157476724  -0.0000013519088994  -0.0000009583292791  -0.0000003221147749  -0.0000000198248205   0.0000000097543348  -0.0000000001709341   0.0000000001159141   0.0000000002994220   0.0000000002939615   0.0000000003337080   0.0000000004932188   0.0000000003406540   0.0000000004048160   0.0000000020865710  -0.0000000155357946  -0.0000000492816955   0.0000010501633121  -0.0000008395469275  -0.0000443547205890   0.0001099059125552   0.0011807031515192   0.0010268333345750  -0.0522012285968296  -0.0331369520094163  -0.0145505638653751  -0.0016887372251256   0.0000000000000000   0.0000000000000000   0.0000000000000000   0.0000000000000000   0.0000000000000000   0.0000000000000000   0.0000000000000000   0.0000000000000000   0.0000000000000000   0.0000000000000000   0.0000000000000000   0.0000000000000000   0.0000000000000000   0.0000000000000000   0.0000000000000000   0.0000000000000000   0.0000000000000000   0.0000000000000000   0.0000000000000000   0.0000000000000000   0.0028172320037253   0.0019506231528570   0.0011714329852741   0.0006246642544525  -0.0001102125144476   0.0000000000000000   0.0005728939994497   0.0004622720784067   0.0000000000000000   0.0007450757709287   0.0008284354233803   0.0006851923674460   0.0002741494177531   0.0000000000000000   0.0000000000000000   0.0000000000000000   0.0000000000000000   0.0000000000000000   0.0000000000000000   0.0000000000000000   0.0000000000000000   0.0000000000000000   0.0000000000000000   0.0000000000000000   0.0000000000000000   0.0000000000000000   0.0000000000000000   0.0001649257119944   0.0001563592843674   0.0000000000000000   0.0000000000000000   0.0000000000000000   0.0000000000000000   0.0000000000000000   0.0000000000000000   0.0000000000000000   0.0000000000000000   0.0000000000000000   0.0000000000000000   0.0000000000000000   0.0000000000000000   0.0000000000000000   0.0000000000000000   0.0000000000000000   0.0000000000000000   0.0000000000000000   0.0000000000000000   0.0000000000000000   0.0000000000000000   0.0000000000000000   0.0000000000000000
   0.0000000000000000   0.0000000000000000   0.0000000000000000   0.0000000000000000   0.0000000000000000   0.0000000000000000   0.0000000000000000   0.0000000000000000   0.0000000000000000   0.0000000000000000   0.0000000000000000   0.0000000000000000   0.0000000000000000   0.0000000000000000   0.0000000000000000   0.0000000000000000   0.0000000000000000   0.0000000000000000   0.0000000000000000   0.0000000000000000   0.0000000000000000   0.0000000000000000   0.0000000000000000   0.0383455945389115  -0.0017609528915611  -0.0003743634392428   0.0000273474258051  -0.0000019073573442   0.0000000611307951   0.0000000057196621  -0.0000000000278083  -0.0000000000634315  -0.0000000000071293  -0.0000000000135230  -0.0000000000126304  -0.0000000000124033  -0.0000000000119101  -0.0000000000106038  -0.0000000000114314  -0.0000000000141120  -0.0000000000136953  -0.0000000000155793  -0.0000000000194770  -0.0000000000159008  -0.0000000000157838   0.0000000000833633  -0.0000000017373673   0.0000000290730540  -0.0000004187462377   0.0000040905775492   0.0000208769344774   0.0000331217517477   0.0000219750278184   0.0000049233453047  -0.0000002553151618   0.0000000112154164  -0.0000000004906585   0.0000000000303929  -0.0000000004929158   0.0000000112744900  -0.0000002566043167   0.0000049485135843   0.0000220497056141   0.0000330630096080   0.0000204629416185   0.0000035486583122  -0.0000007009065311  -0.0000000114894113   0.0000000045585993  -0.0000000001971719   0.0000000003035749   0.0000000003656866   0.0000000004865303   0.0000000003477296   0.0000000003673367   0.0000000025576253  -0.0000000188140251  -0.0000000765421999   0.0000014929868390  -0.0000010871329544  -0.0000794860998271   0.0003106692463623   0.0027099940312100  -0.0120435771276003  -0.0468382676939469  -0.0215054314400788  -0.0096635246274089  -0.0005787215346642  -0.0000866718413542   0.0000000000000000   0.0000000000000000   0.0000000000000000   0.0000000000000000   0.0000000000000000   0.0000000000000000   0.0000000000000000   0.0000000000000000   0.0000000000000000   0.0000000000000000   0.0000000000000000   0.0000000000000000   0.0000000000000000   0.0000000000000000   0.0000000000000000   0.0000000000000000   0.0000000000000000   0.0000000000000000   0.0000000000000000   0.0000000000000000   0.0010702739880989   0.0012457847990399   0.0009500870119898   0.0005770295786455   0.0000000000000000   0.0000000000000000   0.0000000000000000   0.0000000000000000   0.0000000000000000   0.0000000000000000   0.0000000000000000   0.0004995383508479   0.0003207844634612   0.0000000000000000   0.0000000000000000   0.0000000000000000   0.0000000000000000   0.0000000000000000   0.0000000000000000   0.0000000000000000   0.0000000000000000   0.0000000000000000   0.0000000000000000   0.0000000000000000   0.0000000000000000   0.0000000000000000   0.0000000000000000   0.0001210826067007   0.0001223880668638   0.0000000000000000   0.0000000000000000   0.0000000000000000   0.0000000000000000   0.0000000000000000   0.0000000000000000   0.0000000000000000   0.0000000000000000   0.0000000000000000   0.0000000000000000   0.0000000000000000   0.0000000000000000   0.0000000000000000   0.0000000000000000   0.0000000000000000   0.0000000000000000   0.0000000000000000   0.0000000000000000   0.0000000000000000   0.0000000000000000   0.0000000000000000   0.0000000000000000
   0.0000000000000000   0.0000000000000000   0.0000000000000000   0.0000000000000000   0.0000000000000000   0.0000000000000000   0.0000000000000000   0.0000000000000000   0.0000000000000000   0.0000000000000000   0.0000000000000000   0.0000000000000000   0.0000000000000000   0.0000000000000000   0.0000000000000000   0.0000000000000000   0.0000000000000000   0.0000000000000000   0.0000000000000000   0.0000000000000000   0.0000000000000000   0.0000000000000000   0.0000000000000000   0.0000000000000000   0.0375538310373643  -0.0015930006774290   0.0000903784628661   0.0000005191366479  -0.0000005659658560  -0.0000000175307615   0.0000000047426542  -0.0000000004453570   0.0000000000377275   0.0000000000016831   0.0000000000040995   0.0000000000038678   0.0000000000043746   0.0000000000049188   0.0000000000021081   0.0000000000013797   0.0000000000018947  -0.0000000000039469  -0.0000000000035357   0.0000000000024193  -0.0000000000009589   0.0000000001540072  -0.0000000035781501   0.0000000784142144  -0.0000015446860376   0.0000276667839729  -0.0004101766008286  -0.0008952717579944  -0.0004451659783587   0.0000110846776637  -0.0000003430749368   0.0000000118608499  -0.0000000004412856   0.0000000000324461  -0.0000000004436433   0.0000000119210935  -0.0000003447917541   0.0000111399227829  -0.0004473666029681  -0.0008966380315679  -0.0004000556793003   0.0000419862683710   0.0000030277495073  -0.0000003864298194   0.0000000293545320  -0.0000000015644773   0.0000000004727652   0.0000000004280138   0.0000000002037626   0.0000000002604665   0.0000000030473362  -0.0000000211220651  -0.0000001086937518   0.0000018704533775  -0.0000005512327055  -0.0001151662516830   0.0004701615131860   0.0048119179949293  -0.0262552582138311  -0.0372713292679474  -0.0146668179272209  -0.0044322257964566   0.0000000000000000   0.0000000000000000   0.0000000000000000   0.0000000000000000   0.0000000000000000   0.0000000000000000   0.0000000000000000   0.0000000000000000   0.0000000000000000   0.0000000000000000   0.0000000000000000   0.0000000000000000   0.0000000000000000   0.0000000000000000   0.0000000000000000   0.0000000000000000   0.0000000000000000   0.0000000000000000   0.0000000000000000   0.0000000000000000   0.0000000000000000   0.0000000000000000   0.0000000000000000   0.0003384525474240   0.0010238012439635   0.0000000000000000   0.0000000000000000   0.0000000000000000   0.0000000000000000   0.0000000000000000   0.0000000000000000   0.0000000000000000   0.0000000000000000   0.0000000000000000   0.0000000000000000   0.0000000000000000   0.0000000000000000   0.0000000000000000   0.0000000000000000   0.0000000000000000   0.0000000000000000   0.0000000000000000   0.0000000000000000   0.0000000000000000   0.0000000000000000   0.0000000000000000   0.0000000000000000   0.0000000000000000   0.0000000000000000   0.0000000000000000   0.0000000000000000   0.0000000000000000   0.0000000000000000   0.0000000000000000   0.0000000000000000   0.0000000000000000   0.0000000000000000   0.0000000000000000   0.0000000000000000   0.0000000000000000   0.0000000000000000   0.0000000000000000   0.0000000000000000   0.0000000000000000   0.0000000000000000   0.0000000000000000   0.0000000000000000   0.0000000000000000   0.0000000000000000   0.0000000000000000   0.0000000000000000   0.0000000000000000   0.0000000000000000   0.0000000000000000
   0.0000000000000000   0.0000000000000000   0.0000000000000000   0.0000000000000000   0.0000000000000000   0.0000000000000000   0.0000000000000000   0.0000000000000000   0.0000000000000000   0.0000000000000000   0.0000000000000000   0.0000000000000000   0.0000000000000000   0.0000000000000000   0.0000000000000000   0.0000000000000000   0.0000000000000000   0.0000000000000000   0.0000000000000000   0.0000000000000000   0.0000000000000000   0.0000000000000000   0.0000000000000000   0.0000000000000000   0.0738364238438367  -0.0028581007330135  -0.0003240764962137   0.0000387447168820   0.0000031683728482  -0.0000003936691173   0.0000000291014407  -0.0000000018981786   0.0000000001160929  -0.0000000000002913   0.0000000000055515   0.0000000000053497   0.0000000000061639   0.0000000000055614   0.0000000000029322   0.0000000000051519   0.0000000000017138  -0.0000000000030509   0.0000000000031376   0.0000000000050170   0.0000000000127944   0.0000000000018512  -0.0000000025923397   0.0000001008773250  -0.0000028230554495   0.0000666270008267  -0.0014771621062338   0.0381426623611871   0.0000000000000000   0.0000000000000000   0.0000000000000000   0.0000000000000000   0.0000000000000000   0.0000000000000000   0.0000000000000000   0.0000000000000000   0.0000000000000000   0.0000000000000000   0.0000000000000000   0.0383353556172205  -0.0017604006207851  -0.0003740726090585   0.0000278139829360  -0.0000016527429725   0.0000000909260092  -0.0000000044039057   0.0000000006553197   0.0000000001947000   0.0000000003156858   0.0000000036514017  -0.0000000225789259  -0.0000001434625998   0.0000021810538920   0.0000006354974044  -0.0001485202280860   0.0005641419852726   0.0071920108473146  -0.0369835924892155  -0.0263827305416795  -0.0097080252982010  -0.0016076931782984   0.0000000000000000   0.0000000000000000   0.0000000000000000   0.0000000000000000   0.0000000000000000   0.0000000000000000   0.0000000000000000   0.0000000000000000   0.0000000000000000   0.0000000000000000   0.0000000000000000   0.0000000000000000   0.0000000000000000   0.0000000000000000   0.0000000000000000   0.0000000000000000   0.0000000000000000   0.0000000000000000   0.0000000000000000   0.0000000000000000   0.0000000000000000   0.0000000000000000   0.0000000000000000   0.0000000000000000   0.0000000000000000   0.0000000000000000   0.0000000000000000   0.0000000000000000   0.0000000000000000   0.0000000000000000   0.0000000000000000   0.0000000000000000   0.0000000000000000   0.0000000000000000   0.0000000000000000   0.0000000000000000   0.0000000000000000   0.0000000000000000   0.0000000000000000   0.0000000000000000   0.0000000000000000   0.0000000000000000   0.0000000000000000   0.0000000000000000   0.0000000000000000   0.0000000000000000   0.0000000000000000   0.0000000000000000   0.0000000000000000   0.0000000000000000   0.0000000000000000   0.0000000000000000   0.0000000000000000   0.0000000000000000   0.0000000000000000   0.0000000000000000   0.0000000000000000   0.0000000000000000   0.0000000000000000   0.0000000000000000   0.0000000000000000   0.0000000000000000   0.0000000000000000   0.0000000000000000   0.0000000000000000   0.0000000000000000   0.0000000000000000   0.0000000000000000   0.0000000000000000   0.0000000000000000   0.0000000000000000   0.0000000000000000   0.0000000000000000   0.0000000000000000   0.0000000000000000
   0.0000000000000000   0.0000000000000000   0.0000000000000000   0.0000000000000000   0.0000000000000000   0.0000000000000000   0.0000000000000000   0.0000000000000000   0.0000000000000000   0.0000000000000000   0.0000000000000000   0.0000000000000000   0.0000000000000000   0.0000000000000000   0.0000000000000000   0.0000000000000000   0.0000000000000000   0.0000000000000000   0.0000000000000000   0.0000000000000000   0.0000000000000000   0.0000000000000000   0.0000000000000000   0.0000000000000000   0.0000000000000000   0.0375607147232415  -0.0017223718687146  -0.0003759695250968   0.0000279348129973  -0.0000016423383644   0.0000000946891855  -0.0000000047285010   0.0000000001710374   0.0000000000157952   0.0000000000070669   0.0000000000023587   0.0000000000036796   0.0000000000014344  -0.0000000000004168   0.0000000000009228  -0.0000000000047640  -0.0000000000014030   0.0000000000051884   0.0000000000052876   0.0000000000285540  -0.0000000005772948   0.0000000105177098  -0.0000000914651114  -0.0000006105303744   0.0000622561687772  -0.0019556553962456   0.0569833220463204   0.0000000000000000   0.0000000000000000   0.0000000000000000   0.0000000000000000   0.0000000000000000   0.0000000000000000   0.0000000000000000   0.0000000000000000   0.0000000000000000   0.0000000000000000   0.0000000000000000   0.0000000000000000   0.0375548718036193  -0.0015999808548767   0.0000774590287218  -0.0000037339724478   0.0000001797000552  -0.0000000081539152   0.0000000006520425   0.0000000003034351   0.0000000037138434  -0.0000000249855483  -0.0000001784368076   0.0000024412754715   0.0000022666918714  -0.0001787442723095   0.0005957111581989   0.0096598254041946  -0.0430286728385083  -0.0174972018679845  -0.0057386456273321  -0.0005718502447381   0.0000000000000000   0.0000000000000000   0.0000000000000000   0.0000000000000000   0.0000000000000000   0.0000000000000000   0.0000000000000000   0.0000000000000000   0.0000000000000000   0.0000000000000000   0.0000000000000000   0.0000000000000000   0.0000000000000000   0.0000000000000000   0.0000000000000000   0.0000000000000000   0.0000000000000000   0.0000000000000000   0.0000000000000000   0.0000000000000000   0.0000000000000000   0.0000000000000000   0.0000000000000000   0.0000000000000000   0.0000000000000000   0.0000000000000000   0.0000000000000000   0.0000000000000000   0.0000000000000000   0.0000000000000000   0.0000000000000000   0.0000000000000000   0.0000000000000000   0.0000000000000000   0.0000000000000000   0.0000000000000000   0.0000000000000000   0.0000000000000000   0.0000000000000000   0.0000000000000000   0.0000000000000000   0.0000000000000000   0.0000000000000000   0.0000000000000000   0.0000000000000000   0.0000000000000000   0.0000000000000000   0.0000000000000000   0.0000000000000000   0.0000000000000000   0.0000000000000000   0.0000000000000000   0.0000000000000000   0.0000000000000000   0.0000000000000000   0.0000000000000000   0.0000000000000000   0.0000000000000000   0.0000000000000000   0.0000000000000000   0.0000000000000000   0.0000000000000000   0.0000000000000000   0.0000000000000000   0.0000000000000000   0.0000000000000000   0.0000000000000000   0.0000000000000000   0.0000000000000000   0.0000000000000000   0.0000000000000000   0.0000000000000000   0.0000000000000000   0.0000000000000000   0.0000000000000000   0.0000000000000000
   0.0000000000000000   0.0000000000000000   0.0000000000000000   0.0000000000000000   0.0000000000000000   0.0000000000000000   0.0000000000000000   0.0000000000000000   0.0000000000000000   0.0000000000000000   0.0000000000000000   0.0000000000000000   0.0000000000000000   0.0000000000000000   0.0000000000000000   0.0000000000000000   0.0000000000000000   0.0000000000000000   0.0000000000000000   0.0000000000000000   0.0000000000000000   0.0000000000000000   0.0000000000000000   0.0000000000000000   0.0000000000000000   0.0000000000000000   0.0375623630167304  -0.0016011006373402   0.0000768509049191  -0.0000040199437046   0.0000001528686900   0.0000000000309812  -0.0000000007088696  -0.0000000002669796   0.0000000000706954   0.0000000000755123   0.0000000000568318   0.0000000000705664   0.0000000001050653   0.0000000001205957   0.0000000000965098   0.0000000000609137   0.0000000000260162   0.0000000000174037  -0.0000000000822048  -0.0000000000603651   0.0000000276215692  -0.0000007819607683   0.0000124568634073  -0.0001621425878932   0.0007597928069512   0.0201179343829759  -0.0000108254414641   0.0000000000000000  -0.0000731466377774  -0.0000292295735362  -0.0000142222412911   0.0000000000000000   0.0000000000000000   0.0000000000000000   0.0000000000000000   0.0000000000000000   0.0000000000000000   0.0000000000000000   0.0735867879712336  -0.0026875330301927   0.0001205282682984  -0.0000054325657594   0.0000002481741529  -0.0000000111639937   0.0000000006158981   0.0000000035105027  -0.0000000221110242  -0.0000001834157007   0.0000027039199125   0.0000039798013827  -0.0002060417189441   0.0005801729990406   0.0121087674723579  -0.0449688739460866  -0.0112723275097215  -0.0028873470929641  -0.0003776716409809  -0.0000767029551233   0.0000000000000000   0.0000000000000000   0.0000000000000000   0.0000000000000000   0.0000000000000000   0.0000000000000000   0.0000000000000000   0.0000000000000000   0.0000000000000000   0.0000000000000000   0.0000000000000000   0.0000000000000000   0.0000000000000000   0.0000000000000000   0.0000000000000000   0.0000000000000000   0.0000000000000000   0.0000000000000000   0.0000000000000000   0.0000000000000000   0.0000000000000000   0.0000000000000000   0.0000000000000000   0.0000000000000000   0.0000000000000000   0.0000000000000000   0.0000000000000000   0.0000000000000000   0.0000000000000000   0.0000000000000000   0.0000000000000000   0.0000000000000000   0.0000000000000000   0.0000000000000000   0.0000000000000000   0.0000000000000000   0.0000000000000000   0.0000000000000000   0.0000000000000000   0.0000000000000000   0.0000000000000000   0.0000000000000000   0.0000000000000000   0.0000000000000000   0.0000000000000000   0.0000000000000000   0.0000000000000000   0.0000000000000000   0.0000000000000000   0.0000000000000000   0.0000000000000000   0.0000000000000000   0.0000000000000000   0.0000000000000000   0.0000000000000000   0.0000000000000000   0.0000000000000000   0.0000000000000000   0.0000000000000000   0.0000000000000000   0.0000000000000000   0.0000000000000000   0.0000000000000000   0.0000000000000000   0.0000000000000000   0.0000000000000000   0.0000000000000000   0.0000000000000000   0.0000000000000000   0.0000000000000000   0.0000000000000000   0.0000000000000000   0.0000000000000000   0.0000000000000000   0.0000000000000000   0.0000000000000000
   0.0000000000000000   0.0000000000000000   0.0000000000000000   0.0000000000000000   0.0000000000000000   0.0000000000000000   0.0000000000000000   0.0000000000000000   0.0000000000000000   0.0000000000000000   0.0000000000000000   0.0000000000000000   0.0000000000000000   0.0000000000000000   0.0000000000000000   0.0000000000000000   0.0000000000000000   0.0000000000000000   0.0000000000000000   0.0000000000000000   0.0000000000000000   0.0000000000000000   0.0000000000000000   0.0000000000000000   0.0000000000000000   0.0000000000000000   0.0735898534521671  -0.0026723963328438   0.0001366271045854  -0.0000014897671313  -0.0000004434595449   0.0000000148078455   0.0000000221811053   0.0000000011398686  -0.0000000022031699  -0.0000000013635252  -0.0000000007947176  -0.0000000012509127  -0.0000000021435572  -0.0000000025617158  -0.0000000020566429  -0.0000000010717006  -0.0000000003287908  -0.0000000000207928  -0.0000000004841354   0.0000000088522545  -0.0000000761359544  -0.0000003639034053   0.0000372881351354  -0.0007745757875864   0.0146846246401062  -0.0005002369154050   0.0000759006735723   0.0000359456869755  -0.0000076925848534  -0.0000012518914585   0.0000140532716367   0.0000000000000000   0.0000000000000000   0.0000000000000000   0.0000000000000000   0.0000000000000000   0.0000000000000000   0.0000000000000000   0.0735867885669541  -0.0026875322108878   0.0001205281660949  -0.0000054325445574   0.0000002480180808  -0.0000000113665513   0.0000000029115325  -0.0000000085170526  -0.0000002107658776   0.0000025268397333   0.0000042540478883  -0.0002303771372182   0.0005476104362281   0.0144558755213618  -0.0438386922413326  -0.0073909467092479  -0.0012781241590864  -0.0002274922808104  -0.0000821575791634  -0.0000367462406359   0.0000000000000000   0.0000000000000000   0.0000000000000000   0.0000000000000000   0.0000000000000000   0.0000000000000000   0.0000000000000000   0.0000000000000000   0.0000000000000000   0.0000000000000000   0.0000000000000000   0.0000000000000000   0.0000000000000000   0.0000000000000000   0.0000000000000000   0.0000000000000000   0.0000000000000000   0.0000000000000000   0.0000000000000000   0.0000000000000000   0.0000000000000000   0.0000000000000000   0.0000000000000000   0.0000000000000000   0.0000000000000000   0.0000000000000000   0.0000000000000000   0.0000000000000000   0.0000000000000000   0.0000000000000000   0.0000000000000000   0.0000000000000000   0.0000000000000000   0.0000000000000000   0.0000000000000000   0.0000000000000000   0.0000000000000000   0.0000000000000000   0.0000000000000000   0.0000000000000000   0.0000000000000000   0.0000000000000000   0.0000000000000000   0.0000000000000000   0.0000000000000000   0.0000000000000000   0.0000000000000000   0.0000000000000000   0.0000000000000000   0.0000000000000000   0.0000000000000000   0.0000000000000000   0.0000000000000000   0.0000000000000000   0.0000000000000000   0.0000000000000000   0.0000000000000000   0.0000000000000000   0.0000000000000000   0.0000000000000000   0.0000000000000000   0.0000000000000000   0.0000000000000000   0.0000000000000000   0.0000000000000000   0.0000000000000000   0.0000000000000000   0.0000000000000000   0.0000000000000000   0.0000000000000000   0.0000000000000000   0.0000000000000000   0.0000000000000000   0.0000000000000000   0.0000000000000000   0.0000000000000000
   0.0000000000000000   0.0000000000000000   0.0000000000000000   0.0000000000000000   0.0000000000000000   0.0000000000000000   0.0000000000000000   0.0000000000000000   0.0000000000000000   0.0000000000000000   0.0000000000000000   0.0000000000000000   0.0000000000000000   0.0000000000000000   0.0000000000000000   0.0000000000000000   0.0000000000000000   0.0000000000000000   0.0000000000000000   0.0000000000000000   0.0000000000000000   0.0000000000000000   0.0000000000000000   0.0000000000000000   0.0000000000000000   0.0000000000000000   0.0735810478734980  -0.0031535195473951  -0.0003033145367850   0.0000376537104023   0.0000023452532588  -0.0000012729198434  -0.0000002575820508   0.0000000373034982   0.0000000560939208   0.0000000222888325   0.0000000110193951   0.0000000226667496   0.0000000465092987   0.0000000580769390   0.0000000443778238   0.0000000197378022   0.0000000040915418  -0.0000000001924591  -0.0000000002208144   0.0000000213527781  -0.0000006028936195   0.0000085286240131  -0.0000735617544858  -0.0010600647271305   0.0360559737721233  -0.0008083774108021   0.0000534931589583   0.0000380410630582   0.0000202170255466   0.0000222071772286   0.0000317833413756   0.0000315039290236   0.0000000000000000   0.0000000000000000   0.0000000000000000   0.0000000000000000   0.0000000000000000   0.0000000000000000   0.0375547688504535  -0.0015999731182825   0.0000774585836524  -0.0000037339285106   0.0000001793853520  -0.0000000075207259  -0.0000000015448719  -0.0000001612945962   0.0000014207718720   0.0000088711074011  -0.0002255145335869   0.0005587917713401   0.0164759073095872  -0.0409274059881827  -0.0048914103847163  -0.0005486601319802  -0.0001156265979799  -0.0000712958456498  -0.0000479966493397  -0.0000159722871873   0.0000000000000000   0.0000000000000000   0.0000000000000000   0.0000000000000000   0.0000000000000000   0.0000000000000000   0.0000000000000000   0.0000000000000000   0.0000000000000000   0.0000000000000000   0.0000000000000000   0.0000000000000000   0.0000000000000000   0.0000000000000000   0.0000000000000000   0.0000000000000000   0.0000000000000000   0.0000000000000000   0.0000000000000000   0.0000000000000000   0.0000000000000000   0.0000000000000000   0.0000000000000000   0.0000000000000000   0.0000000000000000   0.0000000000000000   0.0000000000000000   0.0000000000000000   0.0000000000000000   0.0000000000000000   0.0000000000000000   0.0000000000000000   0.0000000000000000   0.0000000000000000   0.0000000000000000   0.0000000000000000   0.0000000000000000   0.0000000000000000   0.0000000000000000   0.0000000000000000   0.0000000000000000   0.0000000000000000   0.0000000000000000   0.0000000000000000   0.0000000000000000   0.0000000000000000   0.0000000000000000   0.0000000000000000   0.0000000000000000   0.0000000000000000   0.0000000000000000   0.0000000000000000   0.0000000000000000   0.0000000000000000   0.0000000000000000   0.0000000000000000   0.0000000000000000   0.0000000000000000   0.0000000000000000   0.0000000000000000   0.0000000000000000   0.0000000000000000   0.0000000000000000   0.0000000000000000   0.0000000000000000   0.0000000000000000   0.0000000000000000   0.0000000000000000   0.0000000000000000   0.0000000000000000   0.0000000000000000   0.0000000000000000   0.0000000000000000   0.0000000000000000   0.0000000000000000   0.0000000000000000
   0.0000000000000000   0.0000000000000000   0.0000000000000000   0.0000000000000000   0.0000000000000000   0.0000000000000000   0.0000000000000000   0.0000000000000000   0.0000000000000000   0.0000000000000000   0.0000000000000000   0.0000000000000000   0.0000000000000000   0.0000000000000000   0.0000000000000000   0.0000000000000000   0.0000000000000000   0.0000000000000000   0.0000000000000000   0.0000000000000000   0.0000000000000000   0.0000000000000000   0.0000000000000000   0.0000000000000000   0.0000000000000000   0.0000000000000000   0.0000000000000000   0.0375614411545121  -0.0017393491763758  -0.0003792992796008   0.0000539291107918   0.0000192185573944   0.0000026153708377  -0.0000020537277859  -0.0000010211003783  -0.0000003703357438  -0.0000000959842301  -0.0000003780625824  -0.0000010159299076  -0.0000013517312262  -0.0000009583040343  -0.0000003224585791  -0.0000000204876257   0.0000000087106138   0.0000000109899041  -0.0000000634092873  -0.0000002753668977   0.0000307979722596  -0.0006105371046138   0.0097998409734069  -0.0018257686451285   0.0000451820908150   0.0000431730669581   0.0000320339923276   0.0000198232815344   0.0000172255275621   0.0000232876055793   0.0000248578584547   0.0000052898963142  -0.0000015415411483   0.0000000000000000   0.0000000000000000   0.0000000000000000   0.0383458067388863  -0.0017609148410194  -0.0003740464560162   0.0000278129062457  -0.0000016528093476   0.0000000911824601  -0.0000000037456217  -0.0000000785006376   0.0000006388262909   0.0000087068332756  -0.0001477497347932   0.0000379183704583   0.0170182244528232  -0.0376684297406309  -0.0032878529897246  -0.0002724605207307  -0.0000743703940908  -0.0000540401466458  -0.0000290519680745  -0.0000102708505074   0.0000079399532934   0.0000000000000000   0.0000000000000000   0.0000000000000000   0.0000000000000000   0.0000000000000000   0.0000000000000000   0.0000000000000000   0.0000000000000000   0.0000000000000000   0.0000000000000000   0.0000000000000000   0.0000000000000000   0.0000000000000000   0.0000000000000000   0.0000000000000000   0.0000000000000000   0.0000000000000000   0.0000000000000000   0.0000000000000000   0.0000000000000000   0.0000000000000000   0.0000000000000000   0.0000000000000000   0.0000000000000000   0.0000000000000000   0.0000000000000000   0.0000000000000000   0.0000000000000000   0.0000000000000000   0.0000000000000000   0.0000000000000000   0.0000000000000000   0.0000000000000000   0.0000000000000000   0.0000000000000000   0.0000000000000000   0.0000000000000000   0.0000000000000000   0.0000000000000000   0.0000000000000000   0.0000000000000000   0.0000000000000000   0.0000000000000000   0.0000000000000000   0.0000000000000000   0.0000000000000000   0.0000000000000000   0.0000000000000000   0.0000000000000000   0.0000000000000000   0.0000000000000000   0.0000000000000000   0.0000000000000000   0.0000000000000000   0.0000000000000000   0.0000000000000000   0.0000000000000000   0.0000000000000000   0.0000000000000000   0.0000000000000000   0.0000000000000000   0.0000000000000000   0.0000000000000000   0.0000000000000000   0.0000000000000000   0.0000000000000000   0.0000000000000000   0.0000000000000000   0.0000000000000000   0.0000000000000000   0.0000000000000000   0.0000000000000000   0.0000000000000000   0.0000000000000000   0.0000000000000000   0.0000000000000000
   0.0000000000000000   0.0000000000000000   0.0000000000000000   0.0000000000000000   0.0000000000000000   0.0000000000000000   0.0000000000000000   0.0000000000000000   0.0000000000000000   0.0000000000000000   0.0000000000000000   0.0000000000000000   0.0000000000000000   0.0000000000000000   0.0000000000000000   0.0000000000000000   0.0000000000000000   0.0000000000000000   0.0000000000000000   0.0000000000000000   0.0000000000000000   0.0000000000000000   0.0000000000000000   0.0000000000000000   0.0000000000000000   0.0000000000000000   0.0000000000000000   0.0000000000000000   0.0383403015432587  -0.0013553777132746  -0.0008702932981860  -0.0003969680908208   0.0000628229877842   0.0000359920220767   0.0000214838644210   0.0000049415274993  -0.0000005120592427   0.0000049593452855   0.0000220464510144   0.0000330571330613   0.0000204601478578   0.0000035567259441  -0.0000006860866615   0.0000000048034342   0.0000000158306301  -0.0000008003878764   0.0000075938229039  -0.0000618336271203  -0.0009900214429993   0.0335105197394775  -0.0020271585814503   0.0000148623149016   0.0000306602836074   0.0000213416640261   0.0000091694087499   0.0000011121286066   0.0000053621487465   0.0000112574439060   0.0000024708287331   0.0000000000000000   0.0000000000000000   0.0383404577038962  -0.0013553804160914  -0.0008699020921413  -0.0004010696695202   0.0000420294881230   0.0000030261004123  -0.0000003867349070   0.0000000352561244  -0.0000000617421696   0.0000001913626049   0.0000046743648993  -0.0000774386107796  -0.0002422575501109   0.0123460520136788  -0.0276683763769460  -0.0020664043998916  -0.0001538015006296  -0.0000495985832478  -0.0000320637473517  -0.0000147436609548   0.0000003689361340   0.0000106765176569   0.0000136213936467   0.0000012744811798   0.0000000000000000   0.0000000000000000   0.0000000000000000   0.0000000000000000   0.0000000000000000   0.0000000000000000   0.0000000000000000   0.0000000000000000   0.0000000000000000   0.0000000000000000   0.0000000000000000   0.0000000000000000   0.0000000000000000   0.0000000000000000   0.0000000000000000   0.0000000000000000   0.0000000000000000   0.0000000000000000   0.0000000000000000   0.0000000000000000   0.0000000000000000   0.0000000000000000   0.0000000000000000   0.0000000000000000   0.0000000000000000   0.0000000000000000   0.0000000000000000   0.0000000000000000   0.0000000000000000   0.0000000000000000   0.0000000000000000   0.0000000000000000   0.0000000000000000   0.0000000000000000   0.0000000000000000   0.0000000000000000   0.0000000000000000   0.0000000000000000   0.0000000000000000   0.0000000000000000   0.0000000000000000   0.0000000000000000   0.0000000000000000   0.0000000000000000   0.0000000000000000   0.0000000000000000   0.0000000000000000   0.0000000000000000   0.0000000000000000   0.0000000000000000   0.0000000000000000   0.0000000000000000   0.0000000000000000   0.0000000000000000   0.0000000000000000   0.0000000000000000   0.0000000000000000   0.0000000000000000   0.0000000000000000   0.0000000000000000   0.0000000000000000   0.0000000000000000   0.0000000000000000   0.0000000000000000   0.0000000000000000   0.0000000000000000   0.0000000000000000   0.0000000000000000   0.0000000000000000   0.0000000000000000   0.0000000000000000   0.0000000000000000   0.0000000000000000   0.0000000000000000   0.0000000000000000
   0.0000000000000000   0.0000000000000000   0.0000000000000000   0.0000000000000000   0.0000000000000000   0.0000000000000000   0.0000000000000000   0.0000000000000000   0.0000000000000000   0.0000000000000000   0.0000000000000000   0.0000000000000000   0.0000000000000000   0.0000000000000000   0.0000000000000000   0.0000000000000000   0.0000000000000000   0.0000000000000000   0.0000000000000000   0.0000000000000000   0.0000000000000000   0.0000000000000000   0.0000000000000000   0.0000000000000000   0.0000000000000000   0.0000000000000000   0.0000000000000000   0.0000000000000000   0.0000000000000000   0.0000000000000000   0.0383445606107110  -0.0017327344338997  -0.0007812953762552  -0.0008632827050257  -0.0004447138707200   0.0000110910745993  -0.0000006877770020   0.0000111508292905  -0.0004473280466761  -0.0008964864383801  -0.0003999260064600   0.0000417940431342   0.0000026395829290  -0.0000006100066353  -0.0000004600978049   0.0000019256493386   0.0000438811542229  -0.0005832324237401   0.0085061919085112  -0.0004723392230080   0.0000800621920792   0.0000371187230158   0.0000284362080375   0.0000148869572831   0.0000011577757485  -0.0000078731165303   0.0000000000000000   0.0000000000000000   0.0000000000000000   0.0000000000000000   0.0375527170719398  -0.0017421155797165  -0.0003790082799076   0.0000539436214693   0.0000195643760000   0.0000035878967971  -0.0000007027408996  -0.0000000117237710   0.0000000175748161  -0.0000003934889152   0.0000051031949486  -0.0000343527637876  -0.0001543275891197   0.0070182197690871  -0.0102153206673047  -0.0042434133199733  -0.0001865371682729  -0.0000285342821643  -0.0000149632778136  -0.0000035495854492   0.0000088538192628   0.0000202062490333   0.0000268553090448   0.0000246155907214   0.0000099563157907   0.0000000000000000   0.0000000000000000   0.0000000000000000   0.0000000000000000   0.0000000000000000   0.0000000000000000   0.0000000000000000   0.0000000000000000   0.0000000000000000   0.0000000000000000   0.0000000000000000   0.0000000000000000   0.0000000000000000   0.0000000000000000   0.0000000000000000   0.0000000000000000   0.0000000000000000   0.0000000000000000   0.0000000000000000   0.0000000000000000   0.0000000000000000   0.0000000000000000   0.0000000000000000   0.0000000000000000   0.0000000000000000   0.0000000000000000   0.0000000000000000   0.0000000000000000   0.0000000000000000   0.0000000000000000   0.0000000000000000   0.0000000000000000   0.0000000000000000   0.0000000000000000   0.0000000000000000   0.0000000000000000   0.0000000000000000   0.0000000000000000   0.0000000000000000   0.0000000000000000   0.0000000000000000   0.0000000000000000   0.0000000000000000   0.0000000000000000   0.0000000000000000   0.0000000000000000   0.0000000000000000   0.0000000000000000   0.0000000000000000   0.0000000000000000   0.0000000000000000   0.0000000000000000   0.0000000000000000   0.0000000000000000   0.0000000000000000   0.0000000000000000   0.0000000000000000   0.0000000000000000   0.0000000000000000   0.0000000000000000   0.0000000000000000   0.0000000000000000   0.0000000000000000   0.0000000000000000   0.0000000000000000   0.0000000000000000   0.0000000000000000   0.0000000000000000   0.0000000000000000   0.0000000000000000   0.0000000000000000   0.0000000000000000   0.0000000000000000   0.0000000000000000   0.0000000000000000
   0.0000000000000000   0.0000000000000000   0.0000000000000000   0.0000000000000000   0.0000000000000000   0.0000000000000000   0.0000000000000000   0.0000000000000000   0.0000000000000000   0.0000000000000000   0.0000000000000000   0.0000000000000000   0.0000000000000000   0.0000000000000000   0.0000000000000000   0.0000000000000000   0.0000000000000000   0.0000000000000000   0.0000000000000000   0.0000000000000000   0.0000000000000000   0.0000000000000000   0.0000000000000000   0.0000000000000000   0.0000000000000000   0.0000000000000000   0.0000000000000000   0.0000000000000000   0.0000000000000000   0.0000000000000000   0.0000000000000000   0.0376052833482588  -0.0032731954071295   0.0380337846522949   0.0000000000000000   0.0000000000000000   0.0000000000000000   0.0000000000000000   0.0000000000000000   0.0383316841866019  -0.0017664400493879  -0.0003692151780331   0.0000395355274588   0.0000009244086323   0.0000022455014436   0.0000284140788747  -0.0003012413193787  -0.0016107890881938   0.0353070218498134  -0.0007437657345940   0.0000599802890861   0.0000357211417366   0.0000280991040441   0.0000166035802728   0.0000033113657524   0.0000000000000000   0.0000000000000000   0.0000000000000000   0.0000000000000000   0.0738333201677728  -0.0028613026473499  -0.0003231332456305   0.0000387369094649   0.0000022864068610  -0.0000012908564267  -0.0000003026765355  -0.0000000164013672   0.0000000230803451  -0.0000000311027984  -0.0000001341182173   0.0000204944675378  -0.0003720438777254   0.0037703713665302  -0.0043688209190011  -0.0085664008235730  -0.0002234348659138   0.0000130579491356   0.0000031706969057   0.0000073226197146   0.0000112369087006   0.0000193253344524   0.0000302579534849   0.0000382531229396   0.0000378065822783   0.0000213813194402   0.0000000000000000   0.0000000000000000   0.0000000000000000   0.0000000000000000   0.0000000000000000   0.0000000000000000   0.0000000000000000   0.0000000000000000   0.0000000000000000   0.0000000000000000   0.0000000000000000   0.0000000000000000   0.0000000000000000   0.0000000000000000   0.0000000000000000   0.0000000000000000   0.0000000000000000   0.0000000000000000   0.0000000000000000   0.0000000000000000   0.0000000000000000   0.0000000000000000   0.0000000000000000   0.0000000000000000   0.0000000000000000   0.0000000000000000   0.0000000000000000   0.0000000000000000   0.0000000000000000   0.0000000000000000   0.0000000000000000   0.0000000000000000   0.0000000000000000   0.0000000000000000   0.0000000000000000   0.0000000000000000   0.0000000000000000   0.0000000000000000   0.0000000000000000   0.0000000000000000   0.0000000000000000   0.0000000000000000   0.0000000000000000   0.0000000000000000   0.0000000000000000   0.0000000000000000   0.0000000000000000   0.0000000000000000   0.0000000000000000   0.0000000000000000   0.0000000000000000   0.0000000000000000   0.0000000000000000   0.0000000000000000   0.0000000000000000   0.0000000000000000   0.0000000000000000   0.0000000000000000   0.0000000000000000   0.0000000000000000   0.0000000000000000   0.0000000000000000   0.0000000000000000   0.0000000000000000   0.0000000000000000   0.0000000000000000   0.0000000000000000   0.0000000000000000   0.0000000000000000   0.0000000000000000   0.0000000000000000   0.0000000000000000   0.0000000000000000   0.0000000000000000   0.0000000000000000
   0.0000000000000000   0.0000000000000000   0.0000000000000000   0.0000000000000000   0.0000000000000000   0.0000000000000000   0.0000000000000000   0.0000000000000000   0.0000000000000000   0.0000000000000000   0.0000000000000000   0.0000000000000000   0.0000000000000000   0.0000000000000000   0.0000000000000000   0.0000000000000000   0.0000000000000000   0.0000000000000000   0.0000000000000000   0.0000000000000000   0.0000000000000000   0.0000000000000000   0.0000000000000000   0.0000000000000000   0.0000000000000000   0.0000000000000000   0.0000000000000000   0.0000000000000000   0.0000000000000000   0.0000000000000000   0.0000000000000000   0.0741772146094563  -0.0041411491141898   0.0741738697340600   0.0000000000000000   0.0000000000000000   0.0000000000000000   0.0000000000000000   0.0000000000000000   0.0000000000000000   0.0379031838833579  -0.0017437143634299  -0.0003490036013031   0.0000734287608041   0.0000460100788010  -0.0003985604988845  -0.0008987271003428   0.0298132711727157   0.0000000000000000   0.0000000000000000   0.0000690899846616   0.0000377780357110   0.0000261076001903   0.0000145207496126   0.0000000000000000   0.0000000000000000   0.0000000000000000   0.0000000000000000   0.0000000000000000   0.0379862651438459  -0.0016125951591282   0.0000909222482275   0.0000004473723336  -0.0000005251103487   0.0000000194141925   0.0000000332919039  -0.0000000107860222  -0.0000003409924941  -0.0000002794894573   0.0000039157985002  -0.0000423860575144  -0.0007381228341440   0.0240586103430880  -0.0128380522265225  -0.0003135365481053   0.0000668605790441   0.0000507902136812   0.0000409912791443   0.0000277401823934   0.0000172664532437   0.0000174544772556   0.0000278554774388   0.0000380624795450   0.0000443923198683   0.0000409443408898   0.0000000000000000   0.0000000000000000   0.0000000000000000   0.0000000000000000   0.0000000000000000   0.0000000000000000   0.0000000000000000   0.0000000000000000   0.0000000000000000   0.0000000000000000   0.0000000000000000   0.0000000000000000   0.0000000000000000   0.0000000000000000   0.0000000000000000   0.0000000000000000   0.0000000000000000   0.0000000000000000   0.0000000000000000   0.0000000000000000   0.0000000000000000   0.0000000000000000   0.0000000000000000   0.0000000000000000   0.0000000000000000   0.0000000000000000   0.0000000000000000   0.0000000000000000   0.0000000000000000   0.0000000000000000   0.0000000000000000   0.0000000000000000   0.0000000000000000   0.0000000000000000   0.0000000000000000   0.0000000000000000   0.0000000000000000   0.0000000000000000   0.0000000000000000   0.0000000000000000   0.0000000000000000   0.0000000000000000   0.0000000000000000   0.0000000000000000   0.0000000000000000   0.0000000000000000   0.0000000000000000   0.0000000000000000   0.0000000000000000   0.0000000000000000   0.0000000000000000   0.0000000000000000   0.0000000000000000   0.0000000000000000   0.0000000000000000   0.0000000000000000   0.0000000000000000   0.0000000000000000   0.0000000000000000   0.0000000000000000   0.0000000000000000   0.0000000000000000   0.0000000000000000   0.0000000000000000   0.0000000000000000   0.0000000000000000   0.0000000000000000   0.0000000000000000   0.0000000000000000   0.0000000000000000   0.0000000000000000   0.0000000000000000   0.0000000000000000   0.0000000000000000   0.0000000000000000
   0.0000000000000000   0.0000000000000000   0.0000000000000000   0.0000000000000000   0.0000000000000000   0.0000000000000000   0.0000000000000000   0.0000000000000000   0.0000000000000000   0.0000000000000000   0.0000000000000000   0.0000000000000000   0.0000000000000000   0.0000000000000000   0.0000000000000000   0.0000000000000000   0.0000000000000000   0.0000000000000000   0.0000000000000000   0.0000000000000000   0.0000000000000000   0.0000000000000000   0.0000000000000000   0.0000000000000000   0.0000000000000000   0.0000000000000000   0.0000000000000000   0.0000000000000000   0.0000000000000000   0.0000000000000000   0.0000000000000000   0.0000000000000000   0.0000000000000000   0.0000000000000000   0.0000000000000000   0.0000000000000000   0.0000000000000000   0.0000000000000000   0.0000000000000000   0.0000000000000000   0.0000000000000000   0.0379219128914949  -0.0021552101595181  -0.0012743512725916  -0.0004064068629042  -0.0008582564004388   0.0366668098076061   0.0000000000000000   0.0000000000000000   0.0000000000000000   0.0000000000000000   0.0000000000000000   0.0000000000000000   0.0000000000000000   0.0000000000000000   0.0000000000000000   0.0741224966745241  -0.0025282942370111  -0.0008024911998920  -0.0008369144514726  -0.0003855817096539   0.0000326544148013  -0.0000023944805704   0.0000000931682756   0.0000000069525957  -0.0000000157614974  -0.0000006462410876   0.0000030826399520   0.0000215316129719  -0.0000314222100113  -0.0001972205319364   0.0055459800059742   0.0021185291075636  -0.0015838643888278   0.0000000000000000   0.0001158946959534   0.0001092466617233   0.0000800730651777   0.0000478319179627   0.0000187774532674   0.0000070018519812   0.0000142567899023   0.0000208779914536   0.0000252228073917   0.0000241647123898   0.0000080938615598   0.0000000000000000   0.0000000000000000   0.0000000000000000   0.0000000000000000   0.0000000000000000   0.0000000000000000   0.0000000000000000   0.0000000000000000   0.0000000000000000   0.0000000000000000   0.0000000000000000   0.0000000000000000   0.0000000000000000   0.0000000000000000   0.0000000000000000   0.0000000000000000   0.0000000000000000   0.0000000000000000   0.0000000000000000   0.0000000000000000   0.0000000000000000   0.0000000000000000   0.0000000000000000   0.0000000000000000   0.0000000000000000   0.0000000000000000   0.0000000000000000   0.0000000000000000   0.0000000000000000   0.0000000000000000   0.0000000000000000   0.0000000000000000   0.0000000000000000   0.0000000000000000   0.0000000000000000   0.0000000000000000   0.0000000000000000   0.0000000000000000   0.0000000000000000   0.0000000000000000   0.0000000000000000   0.0000000000000000   0.0000000000000000   0.0000000000000000   0.0000000000000000   0.0000000000000000   0.0000000000000000   0.0000000000000000   0.0000000000000000   0.0000000000000000   0.0000000000000000   0.0000000000000000   0.0000000000000000   0.0000000000000000   0.0000000000000000   0.0000000000000000   0.0000000000000000   0.0000000000000000   0.0000000000000000   0.0000000000000000   0.0000000000000000   0.0000000000000000   0.0000000000000000   0.0000000000000000   0.0000000000000000   0.0000000000000000   0.0000000000000000   0.0000000000000000   0.0000000000000000   0.0000000000000000   0.0000000000000000   0.0000000000000000   0.0000000000000000   0.0000000000000000
   0.0000000000000000   0.0000000000000000   0.0000000000000000   0.0000000000000000   0.0000000000000000   0.0000000000000000   0.0000000000000000   0.0000000000000000   0.0000000000000000   0.0000000000000000   0.0000000000000000   0.0000000000000000   0.0000000000000000   0.0000000000000000   0.0000000000000000   0.0000000000000000   0.0000000000000000   0.0000000000000000   0.0000000000000000   0.0000000000000000   0.0000000000000000   0.0000000000000000   0.0000000000000000   0.0000000000000000   0.0000000000000000   0.0000000000000000   0.0000000000000000   0.0000000000000000   0.0000000000000000   0.0000000000000000   0.0000000000000000   0.0000000000000000   0.0000000000000000   0.0000000000000000   0.0000000000000000   0.0000000000000000   0.0000000000000000   0.0000000000000000   0.0000000000000000   0.0000000000000000   0.0000000000000000   0.0000000000000000   0.0374454784645061   0.0378903286399556   0.0000000000000000   0.0000000000000000   0.0000000000000000   0.0000000000000000   0.0000000000000000   0.0000000000000000   0.0000000000000000   0.0000000000000000   0.0000000000000000   0.0000000000000000   0.0000000000000000   0.0000000000000000   0.0000000000000000   0.0379823884937278  -0.0013127379662052  -0.0008309158689195  -0.0003853828349477   0.0000331482174082  -0.0000021272121627   0.0000001243106110   0.0000000216557498  -0.0000003951995489   0.0000032057780507   0.0000383189752369  -0.0003596782684516  -0.0009331457775542   0.0050746145189664  -0.0001055334417098   0.0000000000000000   0.0000000000000000   0.0000000000000000   0.0000000000000000   0.0001051836605198   0.0000886925461241   0.0000578739305971   0.0000197434806151   0.0000000000000000   0.0000000000000000   0.0000000000000000   0.0000000000000000   0.0000000000000000   0.0000000000000000   0.0000000000000000   0.0000000000000000   0.0000000000000000   0.0000000000000000   0.0000000000000000   0.0000000000000000   0.0000000000000000   0.0000000000000000   0.0000000000000000   0.0000000000000000   0.0000000000000000   0.0000000000000000   0.0000000000000000   0.0000000000000000   0.0000000000000000   0.0000000000000000   0.0000000000000000   0.0000000000000000   0.0000000000000000   0.0000000000000000   0.0000000000000000   0.0000000000000000   0.0000000000000000   0.0000000000000000   0.0000000000000000   0.0000000000000000   0.0000000000000000   0.0000000000000000   0.0000000000000000   0.0000000000000000   0.0000000000000000   0.0000000000000000   0.0000000000000000   0.0000000000000000   0.0000000000000000   0.0000000000000000   0.0000000000000000   0.0000000000000000   0.0000000000000000   0.0000000000000000   0.0000000000000000   0.0000000000000000   0.0000000000000000   0.0000000000000000   0.0000000000000000   0.0000000000000000   0.0000000000000000   0.0000000000000000   0.0000000000000000   0.0000000000000000   0.0000000000000000   0.0000000000000000   0.0000000000000000   0.0000000000000000   0.0000000000000000   0.0000000000000000   0.0000000000000000   0.0000000000000000   0.0000000000000000   0.0000000000000000   0.0000000000000000   0.0000000000000000   0.0000000000000000   0.0000000000000000   0.0000000000000000   0.0000000000000000   0.0000000000000000   0.0000000000000000   0.0000000000000000   0.0000000000000000   0.0000000000000000   0.0000000000000000   0.0000000000000000   0.0000000000000000
   0.0000000000000000   0.0000000000000000   0.0000000000000000   0.0000000000000000   0.0000000000000000   0.0000000000000000   0.0000000000000000   0.0000000000000000   0.0000000000000000   0.0000000000000000   0.0000000000000000   0.0000000000000000   0.0000000000000000   0.0000000000000000   0.0000000000000000   0.0000000000000000   0.0000000000000000   0.0000000000000000   0.0000000000000000   0.0000000000000000   0.0000000000000000   0.0000000000000000   0.0000000000000000   0.0000000000000000   0.0000000000000000   0.0000000000000000   0.0000000000000000   0.0000000000000000   0.0000000000000000   0.0000000000000000   0.0000000000000000   0.0000000000000000   0.0000000000000000   0.0000000000000000   0.0000000000000000   0.0000000000000000   0.0000000000000000   0.0000000000000000   0.0000000000000000   0.0000000000000000   0.0000000000000000   0.0000000000000000   0.0000000000000000   0.0000000000000000   0.0000000000000000   0.0000000000000000   0.0000000000000000   0.0000000000000000   0.0000000000000000   0.0000000000000000   0.0000000000000000   0.0000000000000000   0.0000000000000000   0.0000000000000000   0.0000000000000000   0.0000000000000000   0.0000000000000000   0.0000000000000000   0.0000000000000000   0.0379931985279144  -0.0016199879893944   0.0000778903088337  -0.0000037813174029   0.0000002323546080   0.0000001024034517  -0.0000016582033090   0.0000280833505480  -0.0003807183839722  -0.0015459239036441   0.0344399517626150   0.0000000000000000   0.0000000000000000   0.0000000000000000   0.0000000000000000   0.0000000000000000   0.0000000000000000   0.0000488746156999   0.0000671251461364   0.0000518823834831   0.0000228212644512   0.0000000000000000   0.0000000000000000   0.0000000000000000   0.0000000000000000   0.0000000000000000   0.0000000000000000   0.0000000000000000   0.0000000000000000   0.0000000000000000   0.0000000000000000   0.0000000000000000   0.0000000000000000   0.0000000000000000   0.0000000000000000   0.0000000000000000   0.0000000000000000   0.0000000000000000   0.0000000000000000   0.0000000000000000   0.0000000000000000   0.0000000000000000   0.0000000000000000   0.0000000000000000   0.0000000000000000   0.0000000000000000   0.0000000000000000   0.0000000000000000   0.0000000000000000   0.0000000000000000   0.0000000000000000   0.0000000000000000   0.0000000000000000   0.0000000000000000   0.0000000000000000   0.0000000000000000   0.0000000000000000   0.0000000000000000   0.0000000000000000   0.0000000000000000   0.0000000000000000   0.0000000000000000   0.0000000000000000   0.0000000000000000   0.0000000000000000   0.0000000000000000   0.0000000000000000   0.0000000000000000   0.0000000000000000   0.0000000000000000   0.0000000000000000   0.0000000000000000   0.0000000000000000   0.0000000000000000   0.0000000000000000   0.0000000000000000   0.0000000000000000   0.0000000000000000   0.0000000000000000   0.0000000000000000   0.0000000000000000   0.0000000000000000   0.0000000000000000   0.0000000000000000   0.0000000000000000   0.0000000000000000   0.0000000000000000   0.0000000000000000   0.0000000000000000   0.0000000000000000   0.0000000000000000   0.0000000000000000   0.0000000000000000   0.0000000000000000   0.0000000000000000   0.0000000000000000   0.0000000000000000   0.0000000000000000   0.0000000000000000   0.0000000000000000   0.0000000000000000
   0.0000000000000000   0.0000000000000000   0.0000000000000000   0.0000000000000000   0.0000000000000000   0.0000000000000000   0.0000000000000000   0.0000000000000000   0.0000000000000000   0.0000000000000000   0.0000000000000000   0.0000000000000000   0.0000000000000000   0.0000000000000000   0.0000000000000000   0.0000000000000000   0.0000000000000000   0.0000000000000000   0.0000000000000000   0.0000000000000000   0.0000000000000000   0.0000000000000000   0.0000000000000000   0.0000000000000000   0.0000000000000000   0.0000000000000000   0.0000000000000000   0.0000000000000000   0.0000000000000000   0.0000000000000000   0.0000000000000000   0.0000000000000000   0.0000000000000000   0.0000000000000000   0.0000000000000000   0.0000000000000000   0.0000000000000000   0.0000000000000000   0.0000000000000000   0.0000000000000000   0.0000000000000000   0.0000000000000000   0.0000000000000000   0.0000000000000000   0.0000000000000000   0.0000000000000000   0.0000000000000000   0.0000000000000000   0.0000000000000000   0.0000000000000000   0.0000000000000000   0.0000000000000000   0.0000000000000000   0.0000000000000000   0.0000000000000000   0.0000000000000000   0.0000000000000000   0.0000000000000000   0.0000000000000000   0.0735874260171472  -0.0026831095185874   0.0001231792209444  -0.0000071248567355  -0.0000007482291224  -0.0000001726007308  -0.0000037738729471   0.0000775448776086  -0.0016043523225854   0.0376427918857342   0.0000000000000000   0.0000000000000000   0.0000000000000000   0.0000000000000000   0.0000000000000000   0.0000000000000000   0.0000000000000000   0.0000000000000000   0.0000378810408194   0.0000286931869275   0.0000000000000000   0.0000000000000000   0.0000000000000000   0.0000000000000000   0.0000000000000000   0.0000000000000000   0.0000000000000000   0.0000000000000000   0.0000000000000000   0.0000000000000000   0.0000000000000000   0.0000000000000000   0.0000000000000000   0.0000000000000000   0.0000000000000000   0.0000000000000000   0.0000000000000000   0.0000000000000000   0.0000000000000000   0.0000000000000000   0.0000000000000000   0.0000000000000000   0.0000000000000000   0.0000000000000000   0.0000000000000000   0.0000000000000000   0.0000000000000000   0.0000000000000000   0.0000000000000000   0.0000000000000000   0.0000000000000000   0.0000000000000000   0.0000000000000000   0.0000000000000000   0.0000000000000000   0.0000000000000000   0.0000000000000000   0.0000000000000000   0.0000000000000000   0.0000000000000000   0.0000000000000000   0.0000000000000000   0.0000000000000000   0.0000000000000000   0.0000000000000000   0.0000000000000000   0.0000000000000000   0.0000000000000000   0.0000000000000000   0.0000000000000000   0.0000000000000000   0.0000000000000000   0.0000000000000000   0.0000000000000000   0.0000000000000000   0.0000000000000000   0.0000000000000000   0.0000000000000000   0.0000000000000000   0.0000000000000000   0.0000000000000000   0.0000000000000000   0.0000000000000000   0.0000000000000000   0.0000000000000000   0.0000000000000000   0.0000000000000000   0.0000000000000000   0.0000000000000000   0.0000000000000000   0.0000000000000000   0.0000000000000000   0.0000000000000000   0.0000000000000000   0.0000000000000000   0.0000000000000000   0.0000000000000000   0.0000000000000000   0.0000000000000000   0.0000000000000000   0.0000000000000000
   0.0000000000000000   0.0000000000000000   0.0000000000000000   0.0000000000000000   0.0000000000000000   0.0000000000000000   0.0000000000000000   0.0000000000000000   0.0000000000000000   0.0000000000000000   0.0000000000000000   0.0000000000000000   0.0000000000000000   0.0000000000000000   0.0000000000000000   0.0000000000000000   0.0000000000000000   0.0000000000000000   0.0000000000000000   0.0000000000000000   0.0000000000000000   0.0000000000000000   0.0000000000000000   0.0000000000000000   0.0000000000000000   0.0000000000000000   0.0000000000000000   0.0000000000000000   0.0000000000000000   0.0000000000000000   0.0000000000000000   0.0000000000000000   0.0000000000000000   0.0000000000000000   0.0000000000000000   0.0000000000000000   0.0000000000000000   0.0000000000000000   0.0000000000000000   0.0000000000000000   0.0000000000000000   0.0000000000000000   0.0000000000000000   0.0000000000000000   0.0000000000000000   0.0000000000000000   0.0000000000000000   0.0000000000000000   0.0000000000000000   0.0000000000000000   0.0000000000000000   0.0000000000000000   0.0000000000000000   0.0000000000000000   0.0000000000000000   0.0000000000000000   0.0000000000000000   0.0000000000000000   0.0000000000000000   0.0733256758302934  -0.0029876980516081   0.0001600866021622   0.0000277828607358   0.0000218998057425   0.0000042933541301  -0.0000068452412369   0.0001225978170625  -0.0026819681606585   0.0735890880865971   0.0000000000000000   0.0000000000000000   0.0000000000000000   0.0000000000000000   0.0000000000000000   0.0000000000000000   0.0000000000000000   0.0000000000000000   0.0000000000000000   0.0000000000000000   0.0000000000000000   0.0000000000000000   0.0000000000000000   0.0000000000000000   0.0000000000000000   0.0000000000000000   0.0000000000000000   0.0000000000000000   0.0000000000000000   0.0000000000000000   0.0000000000000000   0.0000000000000000   0.0000000000000000   0.0000000000000000   0.0000000000000000   0.0000000000000000   0.0000000000000000   0.0000000000000000   0.0000000000000000   0.0000000000000000   0.0000000000000000   0.0000000000000000   0.0000000000000000   0.0000000000000000   0.0000000000000000   0.0000000000000000   0.0000000000000000   0.0000000000000000   0.0000000000000000   0.0000000000000000   0.0000000000000000   0.0000000000000000   0.0000000000000000   0.0000000000000000   0.0000000000000000   0.0000000000000000   0.0000000000000000   0.0000000000000000   0.0000000000000000   0.0000000000000000   0.0000000000000000   0.0000000000000000   0.0000000000000000   0.0000000000000000   0.0000000000000000   0.0000000000000000   0.0000000000000000   0.0000000000000000   0.0000000000000000   0.0000000000000000   0.0000000000000000   0.0000000000000000   0.0000000000000000   0.0000000000000000   0.0000000000000000   0.0000000000000000   0.0000000000000000   0.0000000000000000   0.0000000000000000   0.0000000000000000   0.0000000000000000   0.0000000000000000   0.0000000000000000   0.0000000000000000   0.0000000000000000   0.0000000000000000   0.0000000000000000   0.0000000000000000   0.0000000000000000   0.0000000000000000   0.0000000000000000   0.0000000000000000   0.0000000000000000   0.0000000000000000   0.0000000000000000   0.0000000000000000   0.0000000000000000   0.0000000000000000   0.0000000000000000   0.0000000000000000   0.0000000000000000
   0.0000000000000000   0.0000000000000000   0.0000000000000000   0.0000000000000000   0.0000000000000000   0.0000000000000000   0.0000000000000000   0.0000000000000000   0.0000000000000000   0.0000000000000000   0.0000000000000000   0.0000000000000000   0.0000000000000000   0.0000000000000000   0.0000000000000000   0.0000000000000000   0.0000000000000000   0.0000000000000000   0.0000000000000000   0.0000000000000000   0.0000000000000000   0.0000000000000000   0.0000000000000000   0.0000000000000000   0.0000000000000000   0.0000000000000000   0.0000000000000000   0.0000000000000000   0.0000000000000000   0.0000000000000000   0.0000000000000000   0.0000000000000000   0.0000000000000000   0.0000000000000000   0.0000000000000000   0.0000000000000000   0.0000000000000000   0.0000000000000000   0.0000000000000000   0.0000000000000000   0.0000000000000000   0.0000000000000000   0.0000000000000000   0.0000000000000000   0.0000000000000000   0.0000000000000000   0.0000000000000000   0.0000000000000000   0.0000000000000000   0.0000000000000000   0.0000000000000000   0.0000000000000000   0.0000000000000000   0.0000000000000000   0.0000000000000000   0.0000000000000000   0.0000000000000000   0.0000000000000000   0.0000000000000000   0.0738810856614760  -0.0023353674738438  -0.0003553404208389  -0.0009190760406863  -0.0004297431616723   0.0000268712505819   0.0000178488189538   0.0001450249881944  -0.0029212837626081   0.0733915403652726   0.0000000000000000   0.0000000000000000   0.0000000000000000   0.0000000000000000   0.0000000000000000   0.0000000000000000   0.0000000000000000   0.0000000000000000   0.0000000000000000   0.0000000000000000   0.0000000000000000   0.0000000000000000   0.0000000000000000   0.0000000000000000   0.0000000000000000   0.0000000000000000   0.0000000000000000   0.0000000000000000   0.0000000000000000   0.0000000000000000   0.0000000000000000   0.0000000000000000   0.0000000000000000   0.0000000000000000   0.0000000000000000   0.0000000000000000   0.0000000000000000   0.0000000000000000   0.0000000000000000   0.0000000000000000   0.0000000000000000   0.0000000000000000   0.0000000000000000   0.0000000000000000   0.0000000000000000   0.0000000000000000   0.0000000000000000   0.0000000000000000   0.0000000000000000   0.0000000000000000   0.0000000000000000   0.0000000000000000   0.0000000000000000   0.0000000000000000   0.0000000000000000   0.0000000000000000   0.0000000000000000   0.0000000000000000   0.0000000000000000   0.0000000000000000   0.0000000000000000   0.0000000000000000   0.0000000000000000   0.0000000000000000   0.0000000000000000   0.0000000000000000   0.0000000000000000   0.0000000000000000   0.0000000000000000   0.0000000000000000   0.0000000000000000   0.0000000000000000   0.0000000000000000   0.0000000000000000   0.0000000000000000   0.0000000000000000   0.0000000000000000   0.0000000000000000   0.0000000000000000   0.0000000000000000   0.0000000000000000   0.0000000000000000   0.0000000000000000   0.0000000000000000   0.0000000000000000   0.0000000000000000   0.0000000000000000   0.0000000000000000   0.0000000000000000   0.0000000000000000   0.0000000000000000   0.0000000000000000   0.0000000000000000   0.0000000000000000   0.0000000000000000   0.0000000000000000   0.0000000000000000   0.0000000000000000   0.0000000000000000   0.0000000000000000   0.0000000000000000
   0.0000000000000000   0.0000000000000000   0.0000000000000000   0.0000000000000000   0.0000000000000000   0.0000000000000000   0.0000000000000000   0.0000000000000000   0.0000000000000000   0.0000000000000000   0.0000000000000000   0.0000000000000000   0.0000000000000000   0.0000000000000000   0.0000000000000000   0.0000000000000000   0.0000000000000000   0.0000000000000000   0.0000000000000000   0.0000000000000000   0.0000000000000000   0.0000000000000000   0.0000000000000000   0.0000000000000000   0.0000000000000000   0.0000000000000000   0.0000000000000000   0.0000000000000000   0.0000000000000000   0.0000000000000000   0.0000000000000000   0.0000000000000000   0.0000000000000000   0.0000000000000000   0.0000000000000000   0.0000000000000000   0.0000000000000000   0.0000000000000000   0.0000000000000000   0.0000000000000000   0.0000000000000000   0.0000000000000000   0.0000000000000000   0.0000000000000000   0.0000000000000000   0.0000000000000000   0.0000000000000000   0.0000000000000000   0.0000000000000000   0.0000000000000000   0.0000000000000000   0.0000000000000000   0.0000000000000000   0.0000000000000000   0.0000000000000000   0.0000000000000000   0.0000000000000000   0.0000000000000000   0.0000000000000000   0.0000000000000000   0.0000000000000000   0.0000000000000000   0.0387480019057467  -0.0009261582153059   0.0000397618451349  -0.0004351238623641  -0.0010086185654886  -0.0004759455956317   0.0596301709889193   0.0000000000000000   0.0000000000000000   0.0000000000000000   0.0000000000000000   0.0000000000000000   0.0000000000000000   0.0000000000000000   0.0000000000000000   0.0000000000000000   0.0000000000000000   0.0000000000000000   0.0000000000000000   0.0000000000000000   0.0000000000000000   0.0000000000000000   0.0000000000000000   0.0000000000000000   0.0000000000000000   0.0000000000000000   0.0000000000000000   0.0000000000000000   0.0000000000000000   0.0000000000000000   0.0000000000000000   0.0000000000000000   0.0000000000000000   0.0000000000000000   0.0000000000000000   0.0000000000000000   0.0000000000000000   0.0000000000000000   0.0000000000000000   0.0000000000000000   0.0000000000000000   0.0000000000000000   0.0000000000000000   0.0000000000000000   0.0000000000000000   0.0000000000000000   0.0000000000000000   0.0000000000000000   0.0000000000000000   0.0000000000000000   0.0000000000000000   0.0000000000000000   0.0000000000000000   0.0000000000000000   0.0000000000000000   0.0000000000000000   0.0000000000000000   0.0000000000000000   0.0000000000000000   0.0000000000000000   0.0000000000000000   0.0000000000000000   0.0000000000000000   0.0000000000000000   0.0000000000000000   0.0000000000000000   0.0000000000000000   0.0000000000000000   0.0000000000000000   0.0000000000000000   0.0000000000000000   0.0000000000000000   0.0000000000000000   0.0000000000000000   0.0000000000000000   0.0000000000000000   0.0000000000000000   0.0000000000000000   0.0000000000000000   0.0000000000000000   0.0000000000000000   0.0000000000000000   0.0000000000000000   0.0000000000000000   0.0000000000000000   0.0000000000000000   0.0000000000000000   0.0000000000000000   0.0000000000000000   0.0000000000000000   0.0000000000000000   0.0000000000000000   0.0000000000000000   0.0000000000000000   0.0000000000000000   0.0000000000000000   0.0000000000000000   0.0000000000000000
   0.0000000000000000   0.0000000000000000   0.0000000000000000   0.0000000000000000   0.0000000000000000   0.0000000000000000   0.0000000000000000   0.0000000000000000   0.0000000000000000   0.0000000000000000   0.0000000000000000   0.0000000000000000   0.0000000000000000   0.0000000000000000   0.0000000000000000   0.0000000000000000   0.0000000000000000   0.0000000000000000   0.0000000000000000   0.0000000000000000   0.0000000000000000   0.0000000000000000   0.0000000000000000   0.0000000000000000   0.0000000000000000   0.0000000000000000   0.0000000000000000   0.0000000000000000   0.0000000000000000   0.0000000000000000   0.0000000000000000   0.0000000000000000   0.0000000000000000   0.0000000000000000   0.0000000000000000   0.0000000000000000   0.0000000000000000   0.0000000000000000   0.0000000000000000   0.0000000000000000   0.0000000000000000   0.0000000000000000   0.0000000000000000   0.0000000000000000   0.0000000000000000   0.0000000000000000   0.0000000000000000   0.0000000000000000   0.0000000000000000   0.0000000000000000   0.0000000000000000   0.0000000000000000   0.0000000000000000   0.0000000000000000   0.0000000000000000   0.0000000000000000   0.0000000000000000   0.0000000000000000   0.0000000000000000   0.0000000000000000   0.0000000000000000   0.0000000000000000   0.0000000000000000   0.0000000000000000   0.0000000000000000   0.0000000000000000   0.0373126982890009   0.0133660441338673   0.0004308968551009   0.0000000000000000   0.0000000000000000   0.0000000000000000   0.0000000000000000   0.0000000000000000   0.0000000000000000   0.0000000000000000   0.0000000000000000   0.0000000000000000   0.0000000000000000   0.0000000000000000   0.0000000000000000   0.0000000000000000   0.0000000000000000   0.0000000000000000   0.0000000000000000   0.0000000000000000   0.0000000000000000   0.0000000000000000   0.0000000000000000   0.0000000000000000   0.0000000000000000   0.0000000000000000   0.0000000000000000   0.0000000000000000   0.0000000000000000   0.0000000000000000   0.0000000000000000   0.0000000000000000   0.0000000000000000   0.0000000000000000   0.0000000000000000   0.0000000000000000   0.0000000000000000   0.0000000000000000   0.0000000000000000   0.0000000000000000   0.0000000000000000   0.0000000000000000   0.0000000000000000   0.0000000000000000   0.0000000000000000   0.0000000000000000   0.0000000000000000   0.0000000000000000   0.0000000000000000   0.0000000000000000   0.0000000000000000   0.0000000000000000   0.0000000000000000   0.0000000000000000   0.0000000000000000   0.0000000000000000   0.0000000000000000   0.0000000000000000   0.0000000000000000   0.0000000000000000   0.0000000000000000   0.0000000000000000   0.0000000000000000   0.0000000000000000   0.0000000000000000   0.0000000000000000   0.0000000000000000   0.0000000000000000   0.0000000000000000   0.0000000000000000   0.0000000000000000   0.0000000000000000   0.0000000000000000   0.0000000000000000   0.0000000000000000   0.0000000000000000   0.0000000000000000   0.0000000000000000   0.0000000000000000   0.0000000000000000   0.0000000000000000   0.0000000000000000   0.0000000000000000   0.0000000000000000   0.0000000000000000   0.0000000000000000   0.0000000000000000   0.0000000000000000   0.0000000000000000   0.0000000000000000   0.0000000000000000   0.0000000000000000   0.0000000000000000   0.0000000000000000
   0.0000000000000000   0.0000000000000000   0.0000000000000000   0.0000000000000000   0.0000000000000000   0.0000000000000000   0.0000000000000000   0.0000000000000000   0.0000000000000000   0.0000000000000000   0.0000000000000000   0.0000000000000000   0.0000000000000000   0.0000000000000000   0.0000000000000000   0.0000000000000000   0.0000000000000000   0.0000000000000000   0.0000000000000000   0.0000000000000000   0.0000000000000000   0.0000000000000000   0.0000000000000000   0.0000000000000000   0.0000000000000000   0.0000000000000000   0.0000000000000000   0.0000000000000000   0.0000000000000000   0.0000000000000000   0.0000000000000000   0.0000000000000000   0.0000000000000000   0.0000000000000000   0.0000000000000000   0.0000000000000000   0.0000000000000000   0.0000000000000000   0.0000000000000000   0.0000000000000000   0.0000000000000000   0.0000000000000000   0.0000000000000000   0.0000000000000000   0.0000000000000000   0.0000000000000000   0.0000000000000000   0.0000000000000000   0.0000000000000000   0.0000000000000000   0.0000000000000000   0.0000000000000000   0.0000000000000000   0.0000000000000000   0.0000000000000000   0.0000000000000000   0.0000000000000000   0.0000000000000000   0.0000000000000000   0.0000000000000000   0.0000000000000000   0.0000000000000000   0.0000000000000000   0.0000000000000000   0.0000000000000000   0.0000000000000000   0.0734246455332793   0.0360245205489474   0.0004209473639425   0.0000000000000000   0.0000000000000000   0.0000000000000000   0.0000000000000000   0.0000000000000000   0.0000000000000000   0.0000000000000000   0.0000000000000000   0.0000000000000000   0.0000000000000000   0.0000000000000000   0.0000000000000000   0.0000000000000000   0.0000000000000000   0.0000000000000000   0.0000000000000000   0.0000000000000000   0.0000000000000000   0.0000000000000000   0.0000000000000000   0.0000000000000000   0.0000000000000000   0.0000000000000000   0.0000000000000000   0.0000000000000000   0.0000000000000000   0.0000000000000000   0.0000000000000000   0.0000000000000000   0.0000000000000000   0.0000000000000000   0.0000000000000000   0.0000000000000000   0.0000000000000000   0.0000000000000000   0.0000000000000000   0.0000000000000000   0.0000000000000000   0.0000000000000000   0.0000000000000000   0.0000000000000000   0.0000000000000000   0.0000000000000000   0.0000000000000000   0.0000000000000000   0.0000000000000000   0.0000000000000000   0.0000000000000000   0.0000000000000000   0.0000000000000000   0.0000000000000000   0.0000000000000000   0.0000000000000000   0.0000000000000000   0.0000000000000000   0.0000000000000000   0.0000000000000000   0.0000000000000000   0.0000000000000000   0.0000000000000000   0.0000000000000000   0.0000000000000000   0.0000000000000000   0.0000000000000000   0.0000000000000000   0.0000000000000000   0.0000000000000000   0.0000000000000000   0.0000000000000000   0.0000000000000000   0.0000000000000000   0.0000000000000000   0.0000000000000000   0.0000000000000000   0.0000000000000000   0.0000000000000000   0.0000000000000000   0.0000000000000000   0.0000000000000000   0.0000000000000000   0.0000000000000000   0.0000000000000000   0.0000000000000000   0.0000000000000000   0.0000000000000000   0.0000000000000000   0.0000000000000000   0.0000000000000000   0.0000000000000000   0.0000000000000000   0.0000000000000000
   0.0000000000000000   0.0000000000000000   0.0000000000000000   0.0000000000000000   0.0000000000000000   0.0000000000000000   0.0000000000000000   0.0000000000000000   0.0000000000000000   0.0000000000000000   0.0000000000000000   0.0000000000000000   0.0000000000000000   0.0000000000000000   0.0000000000000000   0.0000000000000000   0.0000000000000000   0.0000000000000000   0.0000000000000000   0.0000000000000000   0.0000000000000000   0.0000000000000000   0.0000000000000000   0.0000000000000000   0.0000000000000000   0.0000000000000000   0.0000000000000000   0.0000000000000000   0.0000000000000000   0.0000000000000000   0.0000000000000000   0.0000000000000000   0.0000000000000000   0.0000000000000000   0.0000000000000000   0.0000000000000000   0.0000000000000000   0.0000000000000000   0.0000000000000000   0.0000000000000000   0.0000000000000000   0.0000000000000000   0.0000000000000000   0.0000000000000000   0.0000000000000000   0.0000000000000000   0.0000000000000000   0.0000000000000000   0.0000000000000000   0.0000000000000000   0.0000000000000000   0.0000000000000000   0.0000000000000000   0.0000000000000000   0.0000000000000000   0.0000000000000000   0.0000000000000000   0.0000000000000000   0.0000000000000000   0.0000000000000000   0.0000000000000000   0.0000000000000000   0.0000000000000000   0.0000000000000000   0.0000000000000000   0.0000000000000000   0.0000000000000000   0.0000000000000000   0.0000000000000000   0.0000000000000000   0.0000000000000000   0.0000000000000000   0.0000000000000000   0.0000000000000000   0.0000000000000000   0.0000000000000000   0.0000000000000000   0.0000000000000000   0.0000000000000000   0.0000000000000000   0.0000000000000000   0.0000000000000000   0.0000000000000000   0.0000000000000000   0.0000000000000000   0.0000000000000000   0.0000000000000000   0.0000000000000000   0.0000000000000000   0.0000000000000000   0.0000000000000000   0.0000000000000000   0.0000000000000000   0.0000000000000000   0.0000000000000000   0.0000000000000000   0.0000000000000000   0.0000000000000000   0.0000000000000000   0.0000000000000000   0.0000000000000000   0.0000000000000000   0.0000000000000000   0.0000000000000000   0.0000000000000000   0.0000000000000000   0.0000000000000000   0.0000000000000000   0.0000000000000000   0.0000000000000000   0.0000000000000000   0.0000000000000000   0.0000000000000000   0.0000000000000000   0.0000000000000000   0.0000000000000000   0.0000000000000000   0.0000000000000000   0.0000000000000000   0.0000000000000000   0.0000000000000000   0.0000000000000000   0.0000000000000000   0.0000000000000000   0.0000000000000000   0.0000000000000000   0.0000000000000000   0.0000000000000000   0.0000000000000000   0.0000000000000000   0.0000000000000000   0.0000000000000000   0.0000000000000000   0.0000000000000000   0.0000000000000000   0.0000000000000000   0.0000000000000000   0.0000000000000000   0.0000000000000000   0.0000000000000000   0.0000000000000000   0.0000000000000000   0.0000000000000000   0.0000000000000000   0.0000000000000000   0.0000000000000000   0.0000000000000000   0.0000000000000000   0.0000000000000000   0.0000000000000000   0.0000000000000000   0.0000000000000000   0.0000000000000000   0.0000000000000000   0.0000000000000000   0.0000000000000000   0.0000000000000000   0.0000000000000000   0.0000000000000000   0.0000000000000000
   0.0000000000000000   0.0000000000000000   0.0000000000000000   0.0000000000000000   0.0000000000000000   0.0000000000000000   0.0000000000000000   0.0000000000000000   0.0000000000000000   0.0000000000000000   0.0000000000000000   0.0000000000000000   0.0000000000000000   0.0000000000000000   0.0000000000000000   0.0000000000000000   0.0000000000000000   0.0000000000000000   0.0000000000000000   0.0000000000000000   0.0000000000000000   0.0000000000000000   0.0000000000000000   0.0000000000000000   0.0000000000000000   0.0000000000000000   0.0000000000000000   0.0000000000000000   0.0000000000000000   0.0000000000000000   0.0000000000000000   0.0000000000000000   0.0000000000000000   0.0000000000000000   0.0000000000000000   0.0000000000000000   0.0000000000000000   0.0000000000000000   0.0000000000000000   0.0000000000000000   0.0000000000000000   0.0000000000000000   0.0000000000000000   0.0000000000000000   0.0000000000000000   0.0000000000000000   0.0000000000000000   0.0000000000000000   0.0000000000000000   0.0000000000000000   0.0000000000000000   0.0000000000000000   0.0000000000000000   0.0000000000000000   0.0000000000000000   0.0000000000000000   0.0000000000000000   0.0000000000000000   0.0000000000000000   0.0000000000000000   0.0000000000000000   0.0000000000000000   0.0000000000000000   0.0000000000000000   0.0000000000000000   0.0000000000000000   0.0000000000000000   0.0000000000000000   0.0000000000000000   0.0000000000000000   0.0000000000000000   0.0000000000000000   0.0000000000000000   0.0000000000000000   0.0000000000000000   0.0000000000000000   0.0000000000000000   0.0000000000000000   0.0000000000000000   0.0000000000000000   0.0000000000000000   0.0000000000000000   0.0000000000000000   0.0000000000000000   0.0000000000000000   0.0000000000000000   0.0000000000000000   0.0000000000000000   0.0000000000000000   0.0000000000000000   0.0000000000000000   0.0000000000000000   0.0000000000000000   0.0000000000000000   0.0000000000000000   0.0000000000000000   0.0000000000000000   0.0000000000000000   0.0000000000000000   0.0000000000000000   0.0000000000000000   0.0000000000000000   0.0000000000000000   0.0000000000000000   0.0000000000000000   0.0000000000000000   0.0000000000000000   0.0000000000000000   0.0000000000000000   0.0000000000000000   0.0000000000000000   0.0000000000000000   0.0000000000000000   0.0000000000000000   0.0000000000000000   0.0000000000000000   0.0000000000000000   0.0000000000000000   0.0000000000000000   0.0000000000000000   0.0000000000000000   0.0000000000000000   0.0000000000000000   0.0000000000000000   0.0000000000000000   0.0000000000000000   0.0000000000000000   0.0000000000000000   0.0000000000000000   0.0000000000000000   0.0000000000000000   0.0000000000000000   0.0000000000000000   0.0000000000000000   0.0000000000000000   0.0000000000000000   0.0000000000000000   0.0000000000000000   0.0000000000000000   0.0000000000000000   0.0000000000000000   0.0000000000000000   0.0000000000000000   0.0000000000000000   0.0000000000000000   0.0000000000000000   0.0000000000000000   0.0000000000000000   0.0000000000000000   0.0000000000000000   0.0000000000000000   0.0000000000000000   0.0000000000000000   0.0000000000000000   0.0000000000000000   0.0000000000000000   0.0000000000000000   0.0000000000000000   0.0000000000000000   0.0000000000000000
