 -10.0	-10.0	-10.0	-10.0	-10.0	-10.0	-10.0	-10.0	-10.0	-10.0	-10.0	-10.0	-10.0	-10.0	-10.0	-10.0	-10.0	-10.0	-10.0	-10.0	-10.0	-10.0	-10.0	-10.0	-10.0	-10.0	-10.0	-10.0	-10.0	-10.0	-10.0	-10.0	-10.0	-10.0	-10.0	-10.0	-10.0	-10.0	-10.0	-10.0	-10.0	-10.0	-10.0	-10.0	-10.0	-10.0	-10.0	-10.0	-10.0	-10.0	-10.0	-10.0	-10.0	-10.0	-10.0	-10.0	-10.0	-10.0	-10.0	-10.0	-10.0	-10.0	-10.0	-10.0	-10.0	-10.0	-10.0	-10.0	-10.0	-10.0	-10.0	-10.0	-10.0	-10.0	-10.0	-10.0	-10.0	-10.0	-10.0	-10.0	-10.0	-10.0	-10.0	-10.0	-10.0	-10.0	-10.0	-10.0	-10.0	-10.0	-10.0	-10.0	25.0	31.24454599093717	30.295847908124376	39.26892122116972	40.0	33.0	30.999999999999996	45.0	44.99999999999999	41.0	-10.0	-10.0	-10.0	-10.0	-10.0	-10.0	-10.0	-10.0	-10.0	15.980446220722696	42.4636650815746	42.31232736867806	66.66921176339429	69.52871611172426	53.08348887537173	40.283647900042155	41.799430202295	22.0	-10.0	-10.0	-10.0	-10.0	-10.0	-10.0	-10.0	-10.0	-10.0	-10.0	-10.0	-10.0	-10.0	-10.0	-10.0	-10.0	-10.0
 -10.0	-10.0	-10.0	-10.0	-10.0	-10.0	-10.0	-10.0	-10.0	-10.0	-10.0	-10.0	-10.0	-10.0	-10.0	-10.0	-10.0	-10.0	-10.0	-10.0	-10.0	-10.0	-10.0	-10.0	-10.0	-10.0	-10.0	-10.0	-10.0	-10.0	-10.0	-10.0	-10.0	-10.0	-10.0	-10.0	-10.0	-10.0	-10.0	-10.0	-10.0	-10.0	-10.0	-10.0	-10.0	-10.0	-10.0	-10.0	-10.0	-10.0	-10.0	-10.0	-10.0	-10.0	-10.0	-10.0	-10.0	-10.0	-10.0	-10.0	-10.0	-10.0	-10.0	-10.0	-10.0	-10.0	-10.0	-10.0	-10.0	-10.0	-10.0	-10.0	-10.0	-10.0	-10.0	-10.0	-10.0	-10.0	-10.0	-10.0	-10.0	-10.0	-10.0	-10.0	-10.0	-10.0	-10.0	-10.0	-10.0	-10.0	-10.0	-10.0	25.0	31.24454599093717	30.295847908124376	39.26892122116972	40.0	33.0	30.999999999999996	45.0	44.99999999999999	41.0	-10.0	-10.0	-10.0	-10.0	-10.0	-10.0	-10.0	-10.0	-10.0	15.980446220722696	42.4636650815746	42.31232736867806	66.66921176339429	69.52871611172426	53.08348887537173	40.283647900042155	41.799430202295	22.0	-10.0	-10.0	-10.0	-10.0	-10.0	-10.0	-10.0	-10.0	-10.0	-10.0	-10.0	-10.0	-10.0	-10.0	-10.0	-10.0	-10.0
 -10.0	-10.0	-10.0	-10.0	-10.0	-10.0	-10.0	-10.0	-10.0	-10.0	-10.0	-10.0	-10.0	-10.0	-10.0	-10.0	-10.0	-10.0	-10.0	-10.0	-10.0	-10.0	-10.0	-10.0	-10.0	-10.0	-10.0	-10.0	-10.0	-10.0	-10.0	-10.0	-10.0	-10.0	-10.0	-10.0	-10.0	-10.0	-10.0	-10.0	-10.0	-10.0	-10.0	-10.0	-10.0	-10.0	-10.0	-10.0	-10.0	-10.0	-10.0	-10.0	-10.0	-10.0	-10.0	-10.0	-10.0	-10.0	-10.0	-10.0	-10.0	-10.0	-10.0	-10.0	-10.0	-10.0	-10.0	-10.0	-10.0	-10.0	-10.0	-10.0	-10.0	-10.0	-10.0	-10.0	-10.0	-10.0	-10.0	-10.0	-10.0	-10.0	-10.0	-10.0	-10.0	-10.0	-10.0	-10.0	-10.0	-10.0	-10.0	-10.0	26.58501668371826	36.05387278508351	40.00000000000001	42.005400841220336	35.57284355924646	40.9990006278768	46.65133470936995	48.0	45.0	42.0	11.254323435158517	-10.0	-10.0	-10.0	-10.0	-10.0	-10.0	-10.0	-10.0	-10.0	5.0	25.437449786725054	47.38478885439201	62.99999999999999	55.00000000000001	31.09522355556856	31.781509252714557	18.0	5.0	-10.0	-10.0	-10.0	-10.0	-10.0	-10.0	-10.0	-10.0	-10.0	-10.0	-10.0	-10.0	-10.0	-10.0	-10.0	-10.0
 -10.0	-10.0	-10.0	-10.0	-10.0	-10.0	-10.0	-10.0	-10.0	-10.0	-10.0	-10.0	-10.0	-10.0	-10.0	-10.0	-10.0	-10.0	-10.0	-10.0	-10.0	-10.0	-10.0	-10.0	-10.0	-10.0	-10.0	-10.0	-10.0	-10.0	-10.0	-10.0	-10.0	-10.0	-10.0	-10.0	-10.0	-10.0	-10.0	-10.0	-10.0	-10.0	-10.0	-10.0	-10.0	-10.0	-10.0	-10.0	-10.0	-10.0	-10.0	-10.0	-10.0	-10.0	-10.0	-10.0	-10.0	-10.0	-10.0	-10.0	-10.0	-10.0	-10.0	-10.0	-10.0	-10.0	-10.0	-10.0	-10.0	-10.0	-10.0	-10.0	-10.0	-10.0	-10.0	-10.0	-10.0	-10.0	-10.0	-10.0	-10.0	-10.0	-10.0	-10.0	-10.0	-10.0	-10.0	-10.0	-10.0	-10.0	-10.0	-10.0	-10.0	34.45136643750442	43.0	43.659627640809674	43.04280719222509	47.00000000000001	50.0	49.0	46.0	42.0	28.096530883054655	-10.0	-10.0	-10.0	-10.0	-10.0	-10.0	-10.0	-10.0	-10.0	-10.0	-10.0	50.195772187750165	37.253740609438324	-10.0	-10.0	-10.0	-10.0	5.0	-10.0	-10.0	-10.0	-10.0	-10.0	-10.0	-10.0	-10.0	-10.0	-10.0	-10.0	-10.0	-10.0	-10.0	-10.0	-10.0
 -10.0	-10.0	-10.0	-10.0	-10.0	-10.0	-10.0	-10.0	-10.0	-10.0	-10.0	-10.0	-10.0	-10.0	-10.0	-10.0	-10.0	-10.0	-10.0	-10.0	-10.0	-10.0	-10.0	-10.0	-10.0	-10.0	-10.0	-10.0	-10.0	-10.0	-10.0	-10.0	-10.0	-10.0	-10.0	-10.0	-10.0	-10.0	-10.0	-10.0	-10.0	-10.0	-10.0	-10.0	-10.0	-10.0	-10.0	-10.0	-10.0	-10.0	-10.0	-10.0	-10.0	-10.0	-10.0	-10.0	-10.0	-10.0	-10.0	-10.0	-10.0	-10.0	-10.0	-10.0	-10.0	-10.0	-10.0	-10.0	-10.0	-10.0	-10.0	-10.0	-10.0	-10.0	-10.0	-10.0	-10.0	-10.0	-10.0	-10.0	-10.0	-10.0	-10.0	-10.0	-10.0	-10.0	-10.0	-10.0	-10.0	-10.0	-10.0	-10.0	-10.0	10.14106758030039	37.22555311695409	53.745340947768625	55.97866359748062	49.0	48.0	48.168987872141564	45.84268111578126	45.0	43.77789156863478	23.968708574758097	-10.0	-10.0	10.0	-10.0	-10.0	-10.0	-10.0	-10.0	-10.0	-10.0	53.523437762113886	-10.0	-10.0	-10.0	-10.0	-10.0	6.52833932015341	-10.0	-10.0	-10.0	-10.0	-10.0	-10.0	-10.0	-10.0	-10.0	-10.0	-10.0	-10.0	-10.0	-10.0	-10.0	-10.0
 -10.0	-10.0	-10.0	-10.0	-10.0	-10.0	-10.0	-10.0	-10.0	-10.0	-10.0	-10.0	-10.0	-10.0	-10.0	-10.0	-10.0	-10.0	-10.0	-10.0	-10.0	-10.0	-10.0	-10.0	-10.0	-10.0	-10.0	-10.0	-10.0	-10.0	-10.0	-10.0	-10.0	-10.0	-10.0	-10.0	-10.0	-10.0	-10.0	-10.0	-10.0	-10.0	-10.0	-10.0	-10.0	-10.0	-10.0	-10.0	-10.0	-10.0	-10.0	-10.0	-10.0	-10.0	-10.0	5.0	5.0	-10.0	-10.0	-10.0	-10.0	-10.0	-10.0	-10.0	-10.0	-10.0	-10.0	-10.0	-10.0	-10.0	-10.0	-10.0	-10.0	-10.0	-10.0	-10.0	-10.0	-10.0	-10.0	-10.0	-10.0	-10.0	-10.0	-10.0	-10.0	-10.0	-10.0	-10.0	-10.0	-10.0	-10.0	-10.0	-10.0	-10.0	24.931964083243617	46.0759911232766	55.98242131011408	58.95052330611884	51.71664646706145	49.0	44.50091976570606	45.172378034632345	48.99224372202803	42.886138514003186	26.38935478186073	-10.0	5.0	-10.0	-10.0	-10.0	-10.0	-10.0	-10.0	22.941123694635664	41.08201053152068	-10.0	-10.0	-10.0	-10.0	-10.0	-10.0	5.0	-10.0	-10.0	-10.0	-10.0	-10.0	-10.0	-10.0	-10.0	-10.0	-10.0	-10.0	-10.0	-10.0	-10.0	-10.0
 -10.0	-10.0	-10.0	-10.0	-10.0	-10.0	-10.0	-10.0	-10.0	-10.0	-10.0	-10.0	-10.0	-10.0	-10.0	-10.0	-10.0	-10.0	-10.0	-10.0	-10.0	-10.0	-10.0	-10.0	-10.0	-10.0	-10.0	-10.0	-10.0	-10.0	-10.0	-10.0	-10.0	-10.0	-10.0	-10.0	-10.0	-10.0	-10.0	-10.0	-10.0	-10.0	-10.0	-10.0	-10.0	-10.0	-10.0	-10.0	-10.0	-10.0	-10.0	-10.0	-10.0	-10.0	-10.0	5.0	20.83171661584614	40.09149096884818	-10.0	-10.0	-10.0	-10.0	-10.0	-10.0	-10.0	-10.0	-10.0	-10.0	-10.0	-10.0	-10.0	-10.0	-10.0	-10.0	-10.0	-10.0	-10.0	-10.0	-10.0	-10.0	-10.0	-10.0	-10.0	-10.0	-10.0	-10.0	-10.0	-10.0	-10.0	-10.0	-10.0	-10.0	-10.0	-10.0	36.65750705696155	44.317773524373884	54.03793044198295	57.0	55.811255908654005	55.0	49.0	44.6205058016647	46.00000000000001	46.0	30.994918790457994	18.81781128962936	-10.0	-10.0	-10.0	-10.0	-10.0	-10.0	-10.0	-10.0	-10.0	-10.0	-10.0	-10.0	-10.0	-10.0	-10.0	-10.0	-10.0	-10.0	-10.0	-10.0	-10.0	-10.0	-10.0	-10.0	-10.0	-10.0	-10.0	-10.0	-10.0	-10.0	-10.0
 -10.0	-10.0	-10.0	-10.0	-10.0	-10.0	-10.0	-10.0	-10.0	-10.0	-10.0	-10.0	-10.0	-10.0	-10.0	-10.0	-10.0	-10.0	-10.0	-10.0	-10.0	-10.0	-10.0	-10.0	-10.0	-10.0	-10.0	-10.0	-10.0	-10.0	-10.0	-10.0	-10.0	-10.0	-10.0	-10.0	-10.0	-10.0	-10.0	-10.0	-10.0	-10.0	-10.0	-10.0	-10.0	-10.0	-10.0	-10.0	-10.0	-10.0	-10.0	-10.0	-10.0	-10.0	-10.0	6.049578521341864	34.43904733705178	86.71052568487785	77.1800844742599	25.67409875788729	27.18713801697533	28.121136387455465	5.0	-10.0	-10.0	-10.0	-10.0	-10.0	-10.0	-10.0	-10.0	-10.0	-10.0	-10.0	-10.0	-10.0	-10.0	-10.0	-10.0	-10.0	-10.0	-10.0	-10.0	-10.0	-10.0	-10.0	-10.0	-10.0	-10.0	-10.0	10.0	12.258716612716746	16.312296402938447	29.047027786939296	43.67396713539674	50.91728514220191	53.65277059073371	54.0	55.28926776880238	54.194338676576244	50.573918508081256	49.580157042905945	47.0	48.0	41.0	25.138022606665146	-10.0	-10.0	-10.0	-10.0	-10.0	-10.0	-10.0	-10.0	-10.0	-10.0	-10.0	-10.0	-10.0	-10.0	-10.0	-10.0	-10.0	-10.0	-10.0	-10.0	-10.0	-10.0	-10.0	-10.0	-10.0	-10.0	-10.0	-10.0	-10.0	-10.0	-10.0
 -10.0	-10.0	-10.0	-10.0	-10.0	-10.0	-10.0	-10.0	-10.0	-10.0	-10.0	-10.0	-10.0	-10.0	-10.0	-10.0	-10.0	-10.0	-10.0	-10.0	-10.0	-10.0	-10.0	-10.0	-10.0	-10.0	-10.0	-10.0	-10.0	-10.0	-10.0	-10.0	-10.0	-10.0	-10.0	-10.0	-10.0	-10.0	-10.0	-10.0	-10.0	-10.0	-10.0	-10.0	-10.0	-10.0	-10.0	-10.0	-10.0	-10.0	-10.0	5.0	-10.0	5.0	7.773441679987876	12.999999999999998	35.29533856751004	96.10367774501573	234.9739173217589	56.12229918156119	55.18898398960358	53.90401810206767	47.01939404029128	27.412973652244055	5.0	18.06180415494994	24.50961489637175	5.0	5.0	-10.0	-10.0	-10.0	-10.0	-10.0	-10.0	-10.0	-10.0	-10.0	-10.0	-10.0	-10.0	-10.0	-10.0	-10.0	-10.0	-10.0	-10.0	-10.0	-10.0	18.449829331463057	23.474908353348944	25.122078904918986	26.00460445907571	35.97942787800204	58.271594976639705	51.0	55.10408220356125	54.184376332100086	53.847194318718984	54.0	51.55731737922564	48.0	47.00000000000001	49.0	45.0	30.813727475990145	-10.0	-10.0	-10.0	-10.0	-10.0	-10.0	-10.0	-10.0	-10.0	-10.0	-10.0	-10.0	-10.0	-10.0	-10.0	-10.0	-10.0	-10.0	-10.0	-10.0	-10.0	-10.0	-10.0	-10.0	-10.0	-10.0	-10.0	-10.0	-10.0	-10.0	-10.0
 -10.0	-10.0	-10.0	-10.0	-10.0	-10.0	-10.0	-10.0	-10.0	-10.0	-10.0	-10.0	-10.0	-10.0	-10.0	-10.0	-10.0	-10.0	-10.0	-10.0	-10.0	-10.0	-10.0	-10.0	-10.0	-10.0	-10.0	-10.0	-10.0	-10.0	-10.0	-10.0	-10.0	-10.0	-10.0	-10.0	-10.0	-10.0	-10.0	-10.0	-10.0	-10.0	-10.0	-10.0	-10.0	-10.0	-10.0	-10.0	5.0	-10.0	-10.0	5.0	11.272121547687457	12.838071795743744	30.16546398054327	33.73754553302895	38.99999999999999	67.64822087340633	329.9649289702319	439.94954556308124	339.0556042008751	148.55053759011457	94.54603896731228	58.67273757994374	46.52270200092707	46.27042940632153	41.44116855882515	36.55880969767006	34.41472536642489	17.45728271377002	5.0	-10.0	5.0	-10.0	-10.0	-10.0	-10.0	-10.0	-10.0	-10.0	-10.0	-10.0	-10.0	-10.0	-10.0	-10.0	-10.0	-10.0	10.841629869211628	24.358731553559288	30.0	34.0	40.254585723420185	43.68345741439744	52.131198193194194	50.0	53.0	54.971172769510865	52.99999999999999	54.0	58.77287515499869	51.0	48.93346490756761	49.0	47.99999999999999	39.92861382385814	21.386764570550586	-10.0	-10.0	-10.0	-10.0	-10.0	-10.0	-10.0	-10.0	-10.0	-10.0	-10.0	-10.0	-10.0	-10.0	-10.0	-10.0	-10.0	-10.0	-10.0	-10.0	-10.0	-10.0	-10.0	-10.0	-10.0	-10.0	-10.0	-10.0	-10.0	-10.0
 -10.0	-10.0	-10.0	-10.0	-10.0	-10.0	-10.0	-10.0	-10.0	-10.0	-10.0	-10.0	-10.0	-10.0	-10.0	-10.0	-10.0	-10.0	-10.0	-10.0	-10.0	-10.0	-10.0	-10.0	-10.0	-10.0	-10.0	-10.0	-10.0	-10.0	-10.0	-10.0	-10.0	-10.0	-10.0	-10.0	-10.0	-10.0	-10.0	-10.0	-10.0	-10.0	-10.0	-10.0	-10.0	-10.0	-10.0	-10.0	-10.0	-10.0	12.339432388514437	24.56515168156062	39.581163085700275	36.75630115393727	49.011875135558974	60.30838028259737	64.00098312420934	487.2014883098117	728.5460835516922	1059.734761446633	782.0314726913987	909.2330330169652	594.7649733153178	697.5604486787104	429.58400575223925	300.09399591719415	78.60974679598105	56.40640731838765	49.99999999999999	40.0	32.0	20.5632210123745	19.49625348042638	17.004804175941317	5.709817066688717	5.0	5.0	-10.0	-10.0	-10.0	-10.0	-10.0	-10.0	-10.0	-10.0	-10.0	-10.0	11.4923643578818	23.40790185861419	31.14902559193513	37.527666020632324	40.0	44.699309382968764	48.0	50.0	56.16331658956122	53.0	53.0	52.127269511371736	53.0	52.0	51.0	50.00000000000001	49.00000000000001	50.0	45.0	28.43840078084967	-10.0	-10.0	-10.0	-10.0	-10.0	-10.0	-10.0	-10.0	-10.0	-10.0	-10.0	-10.0	-10.0	-10.0	-10.0	-10.0	-10.0	-10.0	-10.0	-10.0	-10.0	-10.0	-10.0	-10.0	-10.0	-10.0	-10.0	-10.0	-10.0	-10.0
 -10.0	-10.0	-10.0	-10.0	-10.0	-10.0	-10.0	-10.0	-10.0	-10.0	-10.0	-10.0	-10.0	-10.0	-10.0	-10.0	-10.0	-10.0	-10.0	-10.0	-10.0	-10.0	-10.0	-10.0	-10.0	-10.0	-10.0	-10.0	-10.0	-10.0	-10.0	-10.0	-10.0	-10.0	-10.0	-10.0	-10.0	-10.0	-10.0	-10.0	-10.0	-10.0	5.0	129.735399565623	-10.0	-10.0	5.0	10.684706404809702	-10.0	7.028546754351649	26.72290596942618	31.14831661687928	41.0	59.805779407738584	58.24369416770556	73.19575870153024	892.4677308591965	1377.9450645793959	1556.0654939832127	1766.6688786149862	1923.7336773748382	2307.525931322961	2132.9526032059425	1793.916620921229	1827.2153858776283	1608.852604355593	1137.0190492855304	1109.6679564795638	1492.7125128851376	363.1598591165961	51.0	36.0	27.03182842085894	21.5399732311757	17.52543819676903	10.01330501742019	5.997288786472607	5.0	-10.0	-10.0	-10.0	-10.0	-10.0	-10.0	18.290474719293492	27.97808677918814	22.715157955349746	30.975169377469108	34.220318717534724	40.455061976714184	42.01682606865056	45.0	47.94933682909901	46.0	46.7628441179673	52.0	52.0	50.46543183300101	51.0	53.47723120116639	52.546245295811104	52.0	49.99999999999999	49.98797970879451	50.0	48.0	40.2226035865509	11.724735636981757	-10.0	-10.0	-10.0	-10.0	-10.0	-10.0	-10.0	-10.0	-10.0	-10.0	-10.0	-10.0	-10.0	-10.0	-10.0	-10.0	-10.0	-10.0	-10.0	-10.0	-10.0	-10.0	-10.0	-10.0	-10.0	-10.0	-10.0	-10.0	-10.0
 -10.0	-10.0	-10.0	-10.0	-10.0	-10.0	-10.0	-10.0	-10.0	-10.0	-10.0	-10.0	-10.0	-10.0	-10.0	-10.0	-10.0	-10.0	-10.0	-10.0	-10.0	-10.0	-10.0	-10.0	-10.0	-10.0	-10.0	-10.0	-10.0	-10.0	-10.0	-10.0	-10.0	-10.0	-10.0	-10.0	-10.0	-10.0	-10.0	-10.0	82.58643649950642	-10.0	-10.0	136.57443931068522	103.44180575685525	-10.0	5.0	10.213286087647125	12.0	24.000000000000004	37.01716259739661	40.563338701590425	51.00778268656208	71.75010050837602	74.05522767043908	535.8983314942792	998.3330026933744	1423.2025073700552	1601.3399598961696	1881.5313023382523	2168.036752970599	2302.2739018171196	2631.8515655045067	2812.3838520421477	2488.741646489723	2725.9791489074933	2417.6142179732424	2272.554800002821	2507.734564958605	2294.432239633131	1863.933809597099	1417.780621273161	1094.5309078935773	58.07140150515144	52.298675343618456	44.00649273086367	30.020036998876357	16.9099055217633	5.0	-10.0	-10.0	30.81910309627351	25.432877653905884	50.73487978510517	53.20654314685828	44.618758976051055	43.499798983247956	41.70070483049934	45.05525572067717	46.0	43.0	45.0	46.027718218724075	48.0	42.8016438983674	33.0	42.99999999999999	50.21668930067243	51.0	51.717360512764884	52.0	51.99999999999999	51.0	50.0	50.0	50.0	44.006321214984446	26.208392388483585	-10.0	-10.0	-10.0	-10.0	-10.0	-10.0	-10.0	-10.0	-10.0	-10.0	-10.0	-10.0	-10.0	-10.0	-10.0	-10.0	-10.0	-10.0	-10.0	-10.0	-10.0	-10.0	-10.0	-10.0	-10.0	-10.0	-10.0	-10.0	-10.0
 -10.0	-10.0	-10.0	-10.0	-10.0	-10.0	-10.0	-10.0	-10.0	-10.0	-10.0	-10.0	-10.0	-10.0	-10.0	-10.0	-10.0	-10.0	-10.0	-10.0	-10.0	-10.0	-10.0	-10.0	-10.0	77.46578297504419	5.0	161.13448252205413	-10.0	-10.0	-10.0	-10.0	-10.0	-10.0	-10.0	-10.0	-10.0	-10.0	-10.0	-10.0	127.81478572436879	47.819573928176	-10.0	126.51273210483444	225.42951724640344	51.113389940946625	-10.0	13.825438852029354	19.09804706875942	32.95531412705017	45.766236314078455	56.69510718213371	62.60420883042423	134.2419031753577	455.2874449021438	844.8893462487033	1232.91123579161	1451.2856180132396	1765.157774332951	2068.2358656014767	2243.283381685849	2462.233891910081	2626.045612318628	2916.2103153992953	3039.454681458142	3189.078912219358	3205.262291958643	3237.206342207296	3085.130167759861	2845.6988387186184	2467.6130747142897	2351.62855307976	2087.886581459214	1553.0547499194795	514.5259502706966	57.114087999120905	51.686982337593406	33.14824304355229	20.0	9.486889719628483	101.93946264976182	116.2971759515824	85.87914238332246	57.68890481428656	50.98584007015954	45.0	45.94593352820814	45.291582339151525	45.99999999999999	37.994084807966544	43.91525450819442	43.17973257780442	51.90405116454005	47.24875274592484	40.0	28.135419466580174	31.000000000000004	39.63836303912133	48.0	53.00000000000001	53.00000000000001	52.0	52.00000000000001	52.72791175683521	50.0	49.00000000000001	50.0	37.0	-10.0	-10.0	-10.0	-10.0	-10.0	-10.0	-10.0	-10.0	-10.0	-10.0	-10.0	-10.0	-10.0	-10.0	-10.0	-10.0	-10.0	-10.0	-10.0	-10.0	-10.0	-10.0	-10.0	-10.0	-10.0	-10.0	-10.0	-10.0	-10.0
 -10.0	-10.0	-10.0	-10.0	-10.0	-10.0	-10.0	-10.0	-10.0	-10.0	-10.0	-10.0	-10.0	-10.0	-10.0	-10.0	-10.0	-10.0	-10.0	-10.0	-10.0	-10.0	-10.0	-10.0	75.6631130880378	5.0	216.80160554894857	-10.0	-10.0	-10.0	-10.0	-10.0	60.19485381130554	109.5765260616732	71.21523633633309	134.0764475185813	194.4473680622949	68.64252004825687	73.72850255400135	203.51320903432253	239.2717122815136	171.1417253230021	62.673623321754256	149.78996026486084	256.0755677656009	310.3924908381202	162.52604076526043	39.919334207004255	32.76661443774016	40.72074097633062	54.00060240496488	67.56709931269252	232.79808438416438	732.6802720937359	1113.0882027799225	1531.628013504291	1764.1288707429994	2024.2722868339797	2063.838483293159	2312.957464839423	2448.391430006272	2614.5766934783996	2807.2440621557807	2867.8081805762813	3029.9174157206553	3188.9404525706987	3365.937353955334	3435.252284048669	3466.783971740939	3330.4500300223026	3150.688501412111	3059.1585149992334	2776.756557386502	2496.076926170136	1869.9101536976466	746.049025217767	119.96970156056409	139.8692649481061	132.90990316716756	96.05119709981969	68.8369407264141	60.84838352320682	54.70735321672267	51.39731958777971	48.267532950101995	45.05256529773848	48.0	45.03980177228834	43.0	42.55341663301726	39.65042612409238	43.5335695074921	54.841347667749844	42.25599983466992	37.384062001099586	29.00132555015514	28.062789959239417	27.736022400655227	32.19236077091114	46.0	52.586484421292695	51.19500555836874	54.00000000000001	53.0	51.0	50.0	49.0	42.9453504262264	14.90233490631509	-10.0	-10.0	-10.0	-10.0	-10.0	-10.0	-10.0	-10.0	-10.0	-10.0	-10.0	-10.0	-10.0	-10.0	-10.0	-10.0	-10.0	-10.0	-10.0	-10.0	-10.0	-10.0	-10.0	-10.0	-10.0	-10.0	-10.0	-10.0
 -10.0	-10.0	-10.0	-10.0	-10.0	-10.0	-10.0	-10.0	-10.0	-10.0	-10.0	-10.0	-10.0	-10.0	-10.0	-10.0	-10.0	-10.0	-10.0	-10.0	-10.0	-10.0	-10.0	211.10903417141577	108.74269595369458	143.7106946694257	166.0998005249568	25.035134837447032	8.86929594594923	-10.0	-10.0	109.15736956650761	291.5097964721676	344.9543293416194	483.43462174121913	381.26678611095195	456.4791942952675	383.8629023917685	397.29409083408694	412.59731243602704	454.97122995305244	402.7358154286397	362.7545036439413	235.41294970587063	350.68716734694794	310.45678474678186	166.18845393540184	57.20042955526607	43.87469502080712	45.51376255577637	80.72394241066401	524.6004881377886	825.1718802869824	1117.8338990200266	1273.5756017381937	1708.766821236195	2005.7046660495523	2109.7857581449507	2371.3444268647763	2596.025259202731	2642.799874418406	2747.3538995115264	2873.598865819789	3038.296503967587	3153.1105165929803	3222.411766520816	3308.365172328279	3431.435170546245	3507.5357504316053	3547.588828042019	3653.6267113537906	3504.090770861637	3348.2382433037023	2962.5617332373845	2320.6864424887654	2063.346951249625	1365.7350204938728	392.25027625279864	161.43076072765862	77.70837382710683	73.3028183272923	65.04769362230587	53.82320602407678	51.107666519954776	46.0	44.57737820128715	41.78532842495551	42.778210613444124	43.88521201039947	40.16575819697333	44.19184941644788	46.0	48.28350784903794	47.38010552896517	37.0	31.991829003322433	31.000000000000004	28.51072544671821	35.0	43.0	51.00000000000001	54.0	56.256883150356046	54.0	51.0	51.33750662206418	45.36622466541154	46.0	37.03298828866489	-10.0	-10.0	-10.0	-10.0	-10.0	-10.0	-10.0	-10.0	-10.0	-10.0	-10.0	-10.0	-10.0	-10.0	-10.0	-10.0	-10.0	-10.0	-10.0	-10.0	-10.0	-10.0	-10.0	-10.0	-10.0	-10.0	-10.0	-10.0
 -10.0	-10.0	-10.0	-10.0	-10.0	-10.0	-10.0	-10.0	-10.0	-10.0	-10.0	-10.0	-10.0	-10.0	-10.0	-10.0	-10.0	5.757928979042797	-10.0	-10.0	-10.0	-10.0	-10.0	187.92507347270015	52.227840453316986	196.17992544786028	-10.0	-10.0	73.39080979920129	111.42855444023911	117.48698273018485	-10.0	14.694883552885399	204.61037819727622	390.53728563605216	328.1825861693692	429.43524277612767	410.98373942189613	400.08984600035194	471.84887127956426	519.9540591601985	472.3089148905949	467.0496920621088	493.644449544802	375.95744036930637	397.34480280033324	278.8497450246648	153.483298523949	106.0116895141876	157.49863244310177	240.64100479962593	827.2757862461174	1218.184588004649	1459.6205560981834	1609.8892334517425	2011.9189046319282	2090.9943495573384	2253.25778944602	2340.163213002988	2509.693218268336	2696.460052385051	2908.7786231265613	3070.7030894961295	3137.569866146535	3286.6474213188812	3336.9025400312494	3349.8179046431683	3463.5588273272833	3541.0881724592846	3595.9768114557846	3664.444852398189	3725.0618976027276	3693.3729396279264	3423.301318577309	3144.4080950773264	2917.438777008335	2379.2339488606153	1985.6131976574934	607.3705432366753	211.3424681690962	72.84924226224206	55.0	48.0	39.88622215896579	36.0	37.556420803873856	40.0	39.352659076003235	39.0	40.68671034993094	46.0	49.0	46.706928764541956	49.46310068852353	44.0	42.0	39.06730428281264	36.736472530830206	30.0	45.0	52.270429406321526	53.0	60.02692221936109	53.00000000000001	51.0	47.0	45.72839436297822	48.81576086912026	42.0	-10.0	-10.0	-10.0	-10.0	-10.0	-10.0	-10.0	-10.0	-10.0	-10.0	-10.0	-10.0	-10.0	-10.0	-10.0	-10.0	-10.0	-10.0	-10.0	-10.0	-10.0	-10.0	-10.0	-10.0	-10.0	-10.0	-10.0	-10.0
 -10.0	-10.0	-10.0	-10.0	-10.0	-10.0	-10.0	-10.0	-10.0	-10.0	-10.0	-10.0	-10.0	-10.0	-10.0	-10.0	-10.0	-10.0	-10.0	28.692546049884804	171.07395539826865	-10.0	-10.0	202.91014263639164	63.489851326465924	-10.0	-10.0	-10.0	-10.0	5.0	-10.0	-10.0	-10.0	-10.0	102.17740488417407	342.58983753060426	340.4725627652233	312.1141982233591	330.36923941529295	373.7882907865526	471.6957842775437	401.4990374395019	234.45595239262803	311.8800632246258	296.1502107029917	406.3232119570998	427.3444971178718	349.006478266231	309.2976439150809	311.47609809622884	337.77835487163003	838.5872465063394	1257.1944210398315	1601.3549486858958	1915.8638670208088	2110.9035904452967	2361.7245175405737	2435.10082118089	2515.5054865138086	2619.0186301496915	2875.0264791472887	3032.66244234972	3190.9164811010314	3298.6894304324014	3343.49542638759	3395.6686929876805	3455.0233105513144	3546.0770425324254	3598.647459330919	3648.947851752795	3689.8702279564354	3714.664834266035	3771.311714142942	3795.570202878141	3691.153068175737	3548.6623084936223	3154.3041911050605	2662.1450296773746	2039.2660089039168	1068.3675109581757	150.81247432736532	53.99999999999999	49.06297195020316	44.0	35.00000000000001	33.91995538313589	39.0	39.0	40.0	44.0	48.00000000000001	50.0	50.0	47.99999999999999	50.0	50.0	50.64199194833791	43.99999999999999	35.30971027249245	42.51124421676161	60.27646365168092	60.62445385911985	61.62542142087477	51.0	46.5122253578423	44.0	43.82045569168731	48.0	48.0	17.39549858440928	-10.0	-10.0	-10.0	-10.0	-10.0	-10.0	-10.0	-10.0	-10.0	-10.0	-10.0	-10.0	-10.0	-10.0	-10.0	-10.0	-10.0	-10.0	-10.0	-10.0	-10.0	-10.0	-10.0	-10.0	-10.0	-10.0	-10.0
 -10.0	-10.0	-10.0	-10.0	-10.0	-10.0	-10.0	-10.0	-10.0	-10.0	-10.0	-10.0	-10.0	-10.0	-10.0	-10.0	-10.0	-10.0	-10.0	-10.0	85.80156837392191	93.27851010175708	152.99694485760412	89.74449119121238	-10.0	-10.0	-10.0	-10.0	-10.0	-10.0	-10.0	-10.0	-10.0	-10.0	340.61852426218013	337.85683013371784	335.92902904107575	322.5427740436611	262.53126546335915	274.92684606535045	188.47701972051655	41.18720206908857	-10.0	216.95043593812196	211.25602032555557	322.5188495378619	341.6863656437923	439.90669439494275	414.578950306283	395.3831658557135	366.2659145835394	981.2463774253715	1461.1988226623973	1774.7893705396323	2058.2484015674904	2287.9131075493588	2467.7235952082065	2605.7616013267543	2635.1602098989415	2765.3330458661353	2911.686970641599	3171.8873799070675	3266.03818098574	3365.147600010478	3424.1043385264256	3501.850335385358	3528.531390625746	3551.1610978698072	3654.3720313881895	3682.730618183712	3719.5632510896494	3734.857808206695	3777.295960875441	3819.3583763970933	3839.4686303076	3860.605750558635	3609.709294239316	3225.816138081311	2614.3813179638737	1606.831224630645	370.5078468322339	150.57006880169814	62.762472444389644	48.22108263469639	45.0	42.761762631577724	45.0	46.0	49.707461473914606	49.932506469694744	49.688442512906754	50.92842126760904	48.79367557479331	52.347590216165116	54.059432559021246	53.0	50.22415806322604	47.0	41.0	58.65987369517666	70.83466427158844	57.0	52.0	48.96581635506159	43.15270884407951	39.95836295382489	41.0	44.0	47.858406167471735	39.73422866758458	-10.0	-10.0	-10.0	-10.0	-10.0	-10.0	-10.0	-10.0	-10.0	-10.0	-10.0	-10.0	-10.0	-10.0	-10.0	-10.0	-10.0	-10.0	-10.0	-10.0	-10.0	-10.0	-10.0	-10.0	-10.0	-10.0	-10.0
 -10.0	-10.0	-10.0	-10.0	-10.0	-10.0	-10.0	-10.0	-10.0	-10.0	-10.0	-10.0	-10.0	-10.0	-10.0	-10.0	-10.0	-10.0	-10.0	-10.0	-10.0	-10.0	88.06524663236735	-10.0	-10.0	-10.0	-10.0	-10.0	-10.0	-10.0	-10.0	-10.0	-10.0	111.79906266262915	-10.0	-10.0	153.6722879459123	176.26574599288716	133.35815889756435	155.89991888138147	62.65695755697506	-10.0	-10.0	-10.0	-10.0	30.894063008384283	16.619426353146245	57.62679072609495	347.7292016432323	357.57764955058315	478.4740850516515	1183.132932367171	1684.409544064073	2024.8268201715075	2213.1634038924344	2411.9389271169716	2613.33359657103	2769.621808878692	2876.61026227227	2897.8003770333253	3066.803187521861	3241.552362098172	3319.7187488901404	3409.81717505599	3532.0512455862254	3552.6773869144467	3585.439511948752	3612.4657463035287	3685.4735989597025	3725.807933639222	3764.0031090454295	3769.5865428674033	3791.3219154345097	3837.354238825098	3846.4266683798496	3874.536722988013	3872.6319982438617	3490.7011820398848	2985.841055899957	2634.277841618441	1453.653273454619	322.7292873842068	112.20601373717781	55.13206622052153	51.37211735901414	51.63399500780237	53.71911583955664	54.0	52.41016175875734	51.00000000000001	51.71429457809061	52.06949926650844	54.0	55.05625873615036	56.00000000000001	55.00000000000001	52.12426452651395	50.0	45.17712287589876	89.03496662590125	50.38769085368774	43.40156647460008	35.52186762141607	37.0	36.31101300362523	38.0	40.71703422283994	43.0	46.0	43.55030675314218	22.847543086896902	-10.0	-10.0	-10.0	-10.0	-10.0	-10.0	-10.0	-10.0	-10.0	-10.0	-10.0	-10.0	-10.0	-10.0	-10.0	-10.0	-10.0	-10.0	-10.0	-10.0	-10.0	-10.0	-10.0	-10.0	-10.0	-10.0
 -10.0	-10.0	-10.0	-10.0	-10.0	-10.0	-10.0	-10.0	-10.0	-10.0	-10.0	-10.0	-10.0	-10.0	-10.0	-10.0	-10.0	-10.0	-10.0	18.834534396333943	-10.0	-10.0	118.50607765250777	-10.0	-10.0	-10.0	-10.0	-10.0	-10.0	-10.0	-10.0	-10.0	98.61361984667363	-10.0	-10.0	-10.0	-10.0	203.24507356697256	144.94000863769526	182.20108988515878	-10.0	-10.0	-10.0	-10.0	-10.0	-10.0	9.009926966073587	31.0	85.20350085080679	256.7958169162797	399.8234820597472	1500.9897386830476	1889.4848573786774	2225.588334353668	2420.349305585415	2581.357909104864	2703.4889373408982	2885.414440418382	2995.5125400393135	3077.0834467532704	3197.122128435097	3323.7792208514356	3454.800520571741	3456.036102748787	3567.0365417327375	3632.3305569785452	3624.2834837185346	3690.55862841609	3712.246705681371	3707.962891043449	3794.21037856762	3801.8510251013577	3823.6434274353005	3832.786280105701	3848.582934755102	3853.6798937732665	3861.614547695938	3727.5816491562173	3604.99111612073	3070.7922387089916	2190.7799367850257	1523.744208634012	334.19980658551674	206.68843522605576	119.3128267397066	88.44419891585453	69.67713874750102	62.191127951093435	57.0	56.92353264233763	54.00000000000001	56.96075785142615	57.00000000000001	60.00000000000001	56.999999999999986	56.0	56.718811793005905	52.847770796743404	50.91082045581627	60.0	23.55237963345909	29.0	-10.0	-10.0	15.0	25.49364233821781	40.0	45.63969299878855	46.99999999999999	45.375348516890305	24.338409122609967	-10.0	-10.0	-10.0	-10.0	-10.0	-10.0	-10.0	-10.0	-10.0	-10.0	-10.0	-10.0	-10.0	-10.0	-10.0	-10.0	-10.0	-10.0	-10.0	-10.0	-10.0	-10.0	-10.0	-10.0	-10.0	-10.0
 -10.0	-10.0	-10.0	-10.0	-10.0	-10.0	-10.0	-10.0	-10.0	-10.0	-10.0	-10.0	-10.0	-10.0	-10.0	-10.0	-10.0	-10.0	-10.0	-10.0	-10.0	55.678387081747765	-10.0	-10.0	-10.0	-10.0	-10.0	-10.0	-10.0	-10.0	23.902370210122903	76.32450021376066	-10.0	-10.0	-10.0	-10.0	167.00544431529164	-10.0	38.59382071192621	128.5379358296694	-10.0	-10.0	-10.0	-10.0	-10.0	-10.0	7.040188791834206	26.0	122.55737816052388	229.05240412743726	496.9201530220298	1266.1634726778739	2190.43117030006	2431.740743502608	2583.2397551401173	2722.5945077327865	2873.7599217850966	2985.1405905364422	3119.626131689695	3193.5334947294687	3284.3774113255586	3383.9414324423306	3470.010812974955	3572.41158180189	3610.7773912313432	3676.4108309655503	3704.073647969563	3733.1917151806983	3743.9025334515536	3774.018927255207	3783.86790984764	3791.081707061798	3827.4223963590093	3841.9999999999995	3849.805436951099	3854.168652614241	3873.228315124007	3862.0998797869215	3636.174664210581	3294.0925849032556	2787.5382266222073	2260.3548681353	1371.6652286258313	238.23833828239196	122.3067238948112	79.3554672842636	71.0	68.00000000000001	63.0	60.00000000000001	63.458111966417206	64.54363407339757	55.99999999999999	64.18363728321208	63.8514053713581	62.57288766659367	56.99999999999999	51.04814255546368	65.42210729463874	57.57158507854013	33.0	24.0	-10.0	-10.0	-10.0	-10.0	13.27451420382475	39.508969189761686	47.0	47.9520996091747	45.3182378235456	25.738852823710765	10.19672630593222	-10.0	-10.0	-10.0	-10.0	-10.0	-10.0	-10.0	-10.0	-10.0	-10.0	-10.0	-10.0	-10.0	-10.0	-10.0	-10.0	-10.0	-10.0	-10.0	-10.0	-10.0	-10.0	-10.0	-10.0
 -10.0	-10.0	-10.0	-10.0	-10.0	-10.0	-10.0	-10.0	-10.0	-10.0	-10.0	-10.0	-10.0	-10.0	-10.0	-10.0	11.35332228372187	8.104602009855489	8.493673787909014	-10.0	-10.0	72.72683571771857	-10.0	-10.0	-10.0	-10.0	-10.0	-10.0	-10.0	-10.0	-10.0	-10.0	-10.0	-10.0	-10.0	-10.0	-10.0	-10.0	-10.0	62.03138304803221	76.90529338426404	-10.0	-10.0	-10.0	-10.0	-10.0	5.0	32.78387311515826	134.91126994745161	215.50519163599512	433.6631838984721	828.4981505181345	2255.994706162955	2574.3901835952793	2727.1985830551375	2824.4290411906222	2944.8614684150903	3069.119076973272	3193.0027553795458	3301.567416487462	3419.36551399718	3483.136162893982	3526.140587176135	3606.8655042757896	3644.529267258289	3694.9567451417324	3712.447844106658	3728.433480033191	3763.314282537872	3723.6253023630516	3801.5162809122185	3794.3645151290816	3848.217428798324	3817.939201690017	3850.7823423729046	3853.6116101479975	3866.3950526474823	3856.1240510819043	3848.3921833539744	3791.9519721190854	3355.176234292035	2749.2356719889885	1960.8059826018728	286.8994000779718	187.10100181316352	129.36101067423255	80.91285873090013	73.43092367639677	63.73095148051504	67.47512102256852	67.73293377701158	94.61936281743078	89.99999999999999	60.0	71.60559236816091	70.06910488988791	57.00000000000001	57.34392789622986	62.72789318396825	69.31728602963182	45.53675163390321	26.461185238745678	15.052954077484392	-10.0	-10.0	-10.0	-10.0	31.0	42.16958688995078	40.89873628451247	43.27257860475074	40.33722184912086	32.93922458341176	5.0	-10.0	-10.0	-10.0	-10.0	5.0	5.0	-10.0	-10.0	-10.0	-10.0	-10.0	-10.0	-10.0	-10.0	-10.0	-10.0	-10.0	-10.0	-10.0	-10.0	-10.0	-10.0	-10.0
 -10.0	-10.0	-10.0	-10.0	-10.0	-10.0	-10.0	-10.0	-10.0	-10.0	-10.0	-10.0	-10.0	-10.0	18.878131474076447	30.209733711699627	38.358942150795414	38.70363092369819	69.14025652841515	67.73764186987229	69.05125117999187	-10.0	-10.0	-10.0	-10.0	-10.0	-10.0	-10.0	-10.0	-10.0	-10.0	-10.0	-10.0	-10.0	-10.0	-10.0	-10.0	-10.0	-10.0	71.87631687918017	-10.0	-10.0	-10.0	-10.0	-10.0	-10.0	-10.0	36.774500680555434	108.02617152938078	182.75651860993668	324.67112410450113	624.0022627279343	1638.748916624191	2565.667515395187	2774.6940194338404	2915.1899087405104	3001.298334475101	3083.797315033141	3192.222338771546	3310.7594017149013	3403.78104930366	3517.8525459573993	3600.8015628163057	3580.1240624470324	3689.5039903104557	3693.067072636204	3737.195493960882	3753.0	3768.0217443853803	3789.1884994416214	3809.665037693096	3835.01317925694	3830.017467462093	3841.5762025450003	3849.5787043635924	3856.303630093689	3880.5516865758623	3815.445576378133	3945.4894028577255	3826.532581239549	2279.64232738936	709.6335031468498	451.25294033768444	310.86702891462784	244.56396020060458	216.38469761952712	156.26610207223817	113.45575669743988	91.93944262698362	109.20723125363199	97.0	93.08918545801072	92.9259446400148	62.0	75.43699920822864	63.0	60.0	64.0	76.80213831269737	73.30165263082036	57.0	46.0765303335968	36.64261920762542	27.32620489191744	19.04156594088186	20.24423948545519	29.000000000000004	32.0	39.0	40.82095700729107	38.00000000000001	41.0	35.56556275932229	21.797917309975716	-10.0	-10.0	-10.0	-10.0	12.999999999999998	14.0	-10.0	-10.0	-10.0	-10.0	-10.0	-10.0	-10.0	-10.0	-10.0	-10.0	-10.0	-10.0	-10.0	-10.0	-10.0	-10.0	-10.0
 -10.0	-10.0	-10.0	-10.0	-10.0	-10.0	-10.0	-10.0	-10.0	-10.0	-10.0	-10.0	-10.0	-10.0	58.84932583321669	69.677951262819	87.36797264076556	113.39079182128604	-10.0	-10.0	-10.0	-10.0	-10.0	-10.0	-10.0	-10.0	-10.0	-10.0	-10.0	-10.0	-10.0	-10.0	-10.0	-10.0	-10.0	-10.0	-10.0	-10.0	-10.0	-10.0	31.310098732228866	-10.0	-10.0	-10.0	-10.0	-10.0	-10.0	34.175755032720375	79.15289700714814	131.87175311147027	216.74015624370816	375.345219338167	1355.564645390665	2388.387459713812	2746.9348604605966	2954.92970834952	3059.369853853178	3147.9088188929936	3204.6780770604614	3295.070791582343	3408.222062270462	3492.709636986488	3636.14780539938	3672.010894063699	3695.4165158493815	3682.5375453365446	3749.0	3762.2617716000905	3775.934241296264	3790.268752249797	3809.5453638699896	3818.552043480193	3836.2895346293044	3859.7572928049062	3845.0064306004197	3871.3173954383396	3859.449180878198	3855.349083258625	3857.5048072489117	1581.1395541468485	614.0495486725275	516.149042260206	1477.665255258308	1403.6632393275179	390.8569321005501	263.6019606719056	189.0454762211736	154.71566833056278	173.53871483918223	157.76187058505118	129.24756212449043	118.92743687472962	108.97359265423783	95.55762197525479	91.11107416174367	66.9006358515327	87.34086853810156	81.80356744836129	102.16150672298309	72.14784562048621	59.0	51.0	49.9496969039231	39.98891649333171	35.786083389224146	34.886383005797654	30.0	31.0	33.794487033385415	39.0	39.0	40.0	36.0	35.152033231874924	29.0	-10.0	-10.0	-10.0	17.0	11.0370081335993	-10.0	-10.0	-10.0	-10.0	-10.0	-10.0	-10.0	-10.0	-10.0	-10.0	-10.0	-10.0	-10.0	-10.0	-10.0	-10.0	-10.0
 -10.0	-10.0	-10.0	-10.0	-10.0	-10.0	-10.0	-10.0	-10.0	-10.0	-10.0	-10.0	-10.0	70.19243818113492	96.71015439454085	85.31085227774095	90.05538788397752	-10.0	-10.0	-10.0	-10.0	-10.0	-10.0	-10.0	-10.0	-10.0	-10.0	-10.0	-10.0	-10.0	-10.0	-10.0	-10.0	-10.0	-10.0	-10.0	-10.0	-10.0	-10.0	-10.0	-10.0	-10.0	-10.0	-10.0	-10.0	-10.0	-10.0	20.548224632875552	48.03599319439049	104.65988334397387	284.6625161665196	363.0811921454099	894.2408905408165	2198.933029631853	2656.998022436571	2929.227607285061	3144.4384912247488	3264.151908506774	3307.4770930471045	3363.852804426852	3449.0939402967642	3525.4197862278447	3602.7232277847033	3696.294549189127	3711.717713533716	3735.9851887199725	3759.0	3769.252726257784	3784.937689310748	3807.4901416503476	3818.212125273847	3819.5644303029726	3836.459704579522	3824.8663134282597	3846.7866633417307	3855.916233069936	3862.5554294602643	3869.381583861613	2507.671162445357	1157.1036031696933	1752.0866104599827	794.2638214132912	1744.771977223427	1493.6133958480816	900.9888697077195	401.79902933701646	301.52437752555977	238.8116058298811	221.21509404519065	188.31075470995808	154.53089221018618	145.58938672846574	143.54083786070555	131.3040630704584	126.4973595694783	131.35586872194875	107.08223369565721	118.20031792576636	97.49762276976355	68.88573529819494	61.999999999999986	57.99999999999999	50.0	44.37723057304469	40.0	35.4584607382317	29.37935917197777	34.311618638506175	37.00000000000001	38.0	41.0	40.0	37.0	34.99999999999999	33.0	36.06699994816024	25.379409379901936	15.0	-10.0	6.000000000000001	-10.0	-10.0	-10.0	-10.0	-10.0	-10.0	-10.0	-10.0	-10.0	-10.0	-10.0	-10.0	-10.0	-10.0	-10.0	-10.0	-10.0
 -10.0	-10.0	-10.0	-10.0	-10.0	-10.0	-10.0	-10.0	-10.0	-10.0	-10.0	5.48475442730255	31.03515737977185	73.12701623714732	14.062238026647801	44.770791145593385	75.74683426159177	-10.0	-10.0	-10.0	-10.0	-10.0	-10.0	-10.0	-10.0	-10.0	-10.0	-10.0	-10.0	-10.0	-10.0	-10.0	-10.0	-10.0	-10.0	-10.0	-10.0	-10.0	-10.0	-10.0	-10.0	-10.0	-10.0	-10.0	-10.0	-10.0	-10.0	5.0	38.0	215.6359893429241	325.44687759498385	376.9848189997693	522.0941256802521	1613.0821829081988	2361.512261655888	2860.38415766181	3112.218023139246	3358.4777083292174	3397.2322784666917	3441.006985111519	3452.3604084895915	3591.5059332825576	3599.0	3690.5928282880514	3717.8984151341933	3739.4398967963198	3745.421277936715	3779.8713609071497	3794.280738132099	3806.0000000000005	3764.8021123852113	3839.5478334074933	3848.0146511259936	3848.9937336918956	3852.0106898656977	3857.5490383779443	3805.682721697883	3850.056538256055	1214.3712841980528	984.6631836205732	1902.634370650217	1913.7935153050453	1952.3594175256094	1734.3925717014677	1084.589135585157	400.28888836872994	389.54063651068316	311.9401326827368	273.0948702960032	188.5500585172848	169.5376242141206	177.33687583941173	177.8719473797745	173.86631207246998	183.0057196487819	156.17734337513352	152.97426440482312	127.88092542029896	90.58618011480371	78.33636829359884	70.00000000000001	56.866923864034774	53.0	49.88665744889972	42.0	39.0	35.99999999999999	33.0	35.0	40.0	42.0	40.0	36.0	30.0	26.077090373122747	26.0	20.0	15.0	-10.0	5.0	-10.0	-10.0	-10.0	-10.0	-10.0	-10.0	-10.0	-10.0	-10.0	-10.0	-10.0	-10.0	-10.0	-10.0	-10.0	-10.0	-10.0
 -10.0	-10.0	-10.0	-10.0	-10.0	-10.0	-10.0	-10.0	-10.0	-10.0	-10.0	9.485329798504681	33.96474046954088	28.548099345030902	9.0	15.910955362000225	61.42476885119091	5.0	-10.0	-10.0	-10.0	-10.0	-10.0	-10.0	-10.0	-10.0	-10.0	-10.0	-10.0	-10.0	-10.0	-10.0	-10.0	-10.0	-10.0	-10.0	-10.0	-10.0	-10.0	51.50474078167416	-10.0	-10.0	-10.0	-10.0	-10.0	-10.0	-10.0	-10.0	6.480602976549579	342.1495633460796	370.4723436398144	343.7081151985513	385.5469157272871	1102.3433941097096	2190.245640398439	2898.735293023404	3380.097521552845	3417.2521474816463	3416.823714449837	3500.106812447401	3503.965268007666	3605.467738356567	3682.9401851605617	3702.367802949196	3732.688829525568	3747.048528805639	3767.5142457293814	3798.42498510668	3788.509456785767	3813.1698313202637	3794.2967986225112	3826.5343333250253	3848.833592942977	3852.233799354346	3851.0	3864.269797749305	3835.527788804152	1593.321806410741	1403.119320042484	1237.8540753088107	1347.3192524096776	2094.67714100546	2047.034221438248	1809.2258915085486	989.0475613998541	463.9298160164391	420.9062576197559	385.80440166399933	243.36868725365022	176.91218976244858	195.17665019963485	198.59846550560133	210.88127812631322	199.99999999999997	169.8369934629025	178.5603089267873	164.98010291417953	141.02600670486967	106.11417924563733	75.30895583302794	74.38145535422024	75.7534308291572	64.95983975767825	49.0	52.383172094180615	45.00000000000001	38.83999497344013	37.0	36.0	38.0	41.0	43.0	37.31913709150763	26.868654255093215	26.000000000000004	27.975686058008126	30.954905087657693	34.0	13.278948116163196	15.0	13.0	-10.0	-10.0	-10.0	-10.0	-10.0	-10.0	-10.0	-10.0	-10.0	-10.0	-10.0	-10.0	-10.0	-10.0	-10.0	-10.0
 -10.0	-10.0	-10.0	-10.0	-10.0	5.0	-10.0	-10.0	-10.0	5.0	-10.0	-10.0	13.03955266735289	52.43742212034997	22.96631548847874	5.0	49.293287878793194	5.0	23.601404040005754	-10.0	-10.0	-10.0	-10.0	-10.0	-10.0	-10.0	-10.0	-10.0	-10.0	-10.0	-10.0	-10.0	-10.0	-10.0	-10.0	-10.0	13.37633715480795	-10.0	53.928254991281946	-10.0	-10.0	-10.0	-10.0	-10.0	-10.0	-10.0	-10.0	279.50910290919575	385.8240263856435	386.73861451672786	394.73618787769726	389.26857830040296	381.14539685793187	607.2053399412612	1879.656069394825	2719.715997584872	3133.7685178723186	3268.3299546692097	3398.8541536298385	3501.017408433049	3586.1708961890618	3624.74361369304	3686.875319013211	3714.0155229344587	3728.8384952454044	3742.3088021232543	3776.0	3765.7345581178747	3810.1762382932047	3815.0	3798.6553406024623	3793.0701682574277	3863.796900168108	3844.0000000000005	3839.4552613469386	3838.240404375596	3856.151450201587	1166.7439187664922	986.624123144308	1165.073336836828	1523.6447763599078	2101.7584251149806	1927.6604703095736	1706.7856297734518	630.6543065958676	565.7284065157492	458.34252279786483	235.6209577743089	177.98206094225594	202.49132542959015	222.89437354602916	257.14567978063735	243.213538397561	218.3644697672562	208.02842455095535	198.2879127100514	170.99986720273753	147.51996103850794	100.57305625197225	83.53120106964775	77.4862322081554	71.01161810464838	57.19324880904159	52.0	49.913861151944054	48.0	43.918096162124854	40.0	36.0	39.0	40.0	42.0	39.96981776012203	34.11277096301181	30.55880159039733	37.99247502422009	31.064360311125498	33.507191147986426	28.0	26.870246344678883	31.85762616828488	18.265730639996164	-10.0	-10.0	-10.0	-10.0	-10.0	-10.0	-10.0	-10.0	-10.0	-10.0	-10.0	-10.0	-10.0	-10.0	-10.0
 -10.0	-10.0	-10.0	-10.0	-10.0	-10.0	5.0	6.999999999999999	-10.0	-10.0	-10.0	-10.0	32.800581739968166	-10.0	-10.0	20.420337363594424	46.75189931624738	22.247071770528024	-10.0	-10.0	-10.0	-10.0	5.0	-10.0	-10.0	-10.0	-10.0	-10.0	-10.0	9.247303513319897	-10.0	-10.0	-10.0	53.88614882254422	-10.0	79.37827475269856	138.62631616611668	5.0	79.51362745688382	-10.0	-10.0	-10.0	-10.0	-10.0	131.46191100058556	-10.0	419.76818071597023	450.33914956629746	477.4655384372958	465.1913658642718	401.652438018649	379.23429676833405	373.7599061297105	888.4525559183951	1695.4714345084974	2477.5962587327235	2933.803957776591	3204.8242674221633	3394.628046680669	3498.988218877268	3580.861047551589	3646.1899534245836	3700.605202021403	3716.7008724571474	3727.280351359272	3759.0000000000005	3778.9469294285773	3790.0	3811.0	3811.466437553977	3790.7514395707376	3838.9895219822774	3841.2465149056043	3847.3466099325065	3849.2134547101236	3843.99242776539	2314.342670703076	894.7794566232692	526.624229234227	721.8526956590185	2031.8603489692246	1992.523154133853	2023.001643529681	1993.7437260790678	644.6877056421579	555.4866683747067	279.18000832422643	171.0	214.41453414437532	266.01920498916814	316.8317488064248	349.8796124899897	279.3369328055883	239.45737121456182	222.63087244313164	206.72893953451236	186.1783803320352	152.24820577305996	94.13511103301353	99.96446084155858	64.43738843919141	59.15282503828411	53.99999999999999	52.0	49.0	46.0	46.00219609968039	42.0	38.0	40.0	42.0	44.0	40.1784268144239	45.57840022929373	44.0	40.0	41.0	35.0	26.0	19.220391997902766	22.0	20.000000000000004	12.999999999999998	-10.0	-10.0	-10.0	-10.0	-10.0	-10.0	-10.0	-10.0	-10.0	-10.0	-10.0	-10.0	-10.0	-10.0
 -10.0	-10.0	-10.0	-10.0	-10.0	-10.0	-10.0	-10.0	26.667206446107706	-10.0	33.98262808719513	5.0	-10.0	-10.0	-10.0	42.90662007684334	77.1586145755932	55.51389631156386	16.003874553426048	13.860214146918768	22.0	39.46025520658511	61.9433922169987	19.514541972225143	33.142067849570026	-10.0	-10.0	-10.0	-10.0	-10.0	93.17110876896463	-10.0	-10.0	-10.0	182.31430424615908	247.88283289504002	213.79222529093272	174.97901886955464	348.97016022904	425.6012246389461	419.7357912539209	105.28746973170297	134.1299340985693	444.174773365094	483.1995080694861	492.18366917290945	498.57701760218396	497.5541920385017	480.3452146992118	449.4091740791814	394.1679384699896	369.33328845030604	376.6140991584334	638.428699298792	1719.7354725422215	2462.4429683245576	2864.5268435176918	3180.556978564734	3378.8800364635167	3493.5692312322244	3581.723407507936	3625.909837141957	3660.420250091663	3702.899994236922	3719.663783784378	3771.0	3784.9999999999995	3774.8321603144173	3811.0	3815.6510794513024	3814.961499636235	3834.9106138773195	3837.104095776903	3848.2794878117493	3843.5088426810153	3854.8489396744744	865.5776776143039	683.2310966981923	597.718606290703	1037.7520875740286	2054.583275545122	2121.54414118274	2045.612211538185	1340.7132314798534	442.5570668645503	537.1395340247011	202.94406324159965	176.0	401.38636588453096	396.1180014274374	438.4495370362365	403.09175255832616	313.22871965982915	262.41329868857366	238.47162271296253	218.99999999999997	199.9497060319102	162.11565577653596	113.28983091948265	83.15510556756601	82.35565748226861	56.00000000000001	52.0	50.0	46.0	43.0	43.0	40.0	41.977792585523254	41.0	40.00688500461384	38.019741954854155	30.000000000000004	30.024344937571904	32.588764338063335	29.40423633966838	27.09447441898228	25.0	22.62502982012764	19.0	17.0	20.91352997802884	29.0	-10.0	-10.0	-10.0	-10.0	-10.0	-10.0	-10.0	-10.0	-10.0	-10.0	-10.0	-10.0	-10.0	-10.0
 -10.0	-10.0	-10.0	-10.0	-10.0	-10.0	-10.0	-10.0	-10.0	58.30255027105538	26.311339564208577	-10.0	-10.0	-10.0	-10.0	5.791532082024899	110.20135371393359	154.3245860938634	128.26897418050237	18.009857365757423	28.465404007379153	62.31376307771019	77.17289532363124	118.46737926581656	98.33639789317769	20.329150277935085	-10.0	-10.0	-10.0	-10.0	-10.0	213.77934307026848	139.72205057647358	267.24265899981947	244.8626002739698	222.75590320942	174.39065604558158	423.52115190022926	488.9074961295078	505.61436834052427	516.6507482552303	440.03137442588206	491.4044253548005	427.9464211904135	422.49344351596676	410.62931552038174	479.8333373922475	472.0140280878114	404.8059341796437	415.9308269141546	389.98683713389244	381.48980687347796	362.5621482916706	910.8837427564304	1855.764617122227	2443.568188669346	2911.2446739595525	3225.2602060919908	3374.839570177537	3487.0685013308707	3599.5282633975667	3601.9147617968747	3653.849773577542	3701.882579771666	3703.868349731495	3739.3957678938673	3778.0000000000005	3752.317234645944	3806.152338999206	3792.2336933560396	3791.0607608272794	3836.076380933597	3838.5376564758026	3844.4364175375977	3840.0000000000005	1476.9713855813065	936.2802291403075	1396.2808773123347	536.0333997173227	2112.1760139605694	2116.248121414059	1924.1201615388327	2073.9477187677467	930.9869575478126	628.1982715349073	319.6653225160645	250.05070371229695	242.47976458652928	443.4940996903406	1338.2893949559832	1070.5854769829991	647.8461219876772	326.4009748232153	296.62619529050454	256.28291169833085	236.41712533869435	202.43424129626413	177.32873357671576	131.32128393114618	144.28962964281985	68.11037004168254	54.0	48.99999999999999	48.00000000000001	45.104353946894264	41.0	42.0	40.0	50.0	37.0	34.0	30.1578801263969	30.0	29.0	28.53639396515954	24.0	21.48368963290828	21.0	23.505681842831187	20.0	15.900715426603583	15.0	16.51404299021319	20.804847624846506	-10.0	-10.0	-10.0	-10.0	-10.0	-10.0	-10.0	-10.0	-10.0	-10.0	-10.0	-10.0	-10.0
 -10.0	-10.0	-10.0	-10.0	-10.0	-10.0	-10.0	-10.0	27.429195175874316	94.35208385811008	17.57115303710833	-10.0	-10.0	-10.0	-10.0	-10.0	105.40017538545155	193.69169173884467	174.300372131012	57.1889509338964	29.0441766552161	143.02295659388773	172.2662362092642	177.12139652002816	184.29457441926593	154.6296889053525	99.15474962443787	6.913062527098058	-10.0	-10.0	-10.0	-10.0	82.73360606585777	121.6031818681659	124.26608807884392	126.74731182256784	319.05423209976664	479.4361184093297	488.0	473.04872997103473	449.47587542007363	451.99779535392366	430.4011564882387	431.39631002758404	404.7928999708175	408.1942369833402	412.06377015343344	411.77780774311907	398.9187462980225	390.24050898354005	368.2025058989854	356.2240582851186	418.3270059962728	1128.8061019256722	1802.7127693529014	2471.7806215372043	3002.6590918491956	3237.5544543301926	3565.3231734436085	3553.5897597152816	3622.7994109777237	3651.092607476301	3695.5178501326072	3704.000093558904	3707.6478342571763	3735.9999999999995	3782.0007052872857	3751.5015757335723	3803.207531489512	3813.32695875025	3823.658402124848	3836.4789479260203	3832.42861484731	3849.4703001243656	3501.585653592001	912.4678618864239	1730.22998330264	785.4957680519858	1055.122810226591	2114.65228375961	2058.304158224216	1658.008406524748	978.4627218173747	610.8672456293275	930.8620471419787	327.7887488829435	662.7384490424234	1134.541384761166	823.1995108603194	1749.1444881937991	1689.0824773599043	1533.43857640486	1336.2999254045117	930.3566767496055	508.8000386445221	283.6166387663275	268.6838701780982	215.01971809530804	200.3537920533615	159.0159523861214	80.6146581791184	60.00000000000001	58.77711871651914	46.9750113699216	43.0	42.00000000000001	42.0	39.99999999999999	37.51749197215656	32.02595648352982	32.0	34.0	29.0	28.0	24.794079907768825	26.0	21.09970568501533	22.0	24.484424941354092	18.0	13.26334378728715	15.000000000000002	12.0	14.000000000000002	8.926867920514374	5.0	-10.0	-10.0	-10.0	-10.0	-10.0	-10.0	-10.0	-10.0	-10.0	-10.0	-10.0
 -10.0	-10.0	-10.0	-10.0	-10.0	-10.0	-10.0	-10.0	-10.0	59.14201519366597	27.700335379555668	66.0	-10.0	-10.0	43.31189669495887	19.600844652144083	66.15342490835117	173.14206388513418	157.57597670324037	199.10852121883374	124.83820238559599	134.20684392907006	141.96835734906426	199.6637507356139	212.52618935319214	249.85238719879342	246.06992048041542	180.76240668355996	55.76742726384642	-10.0	-10.0	-10.0	108.94957497186665	120.62956563267306	110.6396860605861	214.30936105451102	501.5936985468043	467.45465179354807	5.0	-10.0	55.359382434357386	263.548302852836	131.37132504504143	-10.0	343.6735394264817	393.75622039086653	400.6494316169395	175.07041779937856	98.82785824933723	179.09229716507744	286.13874327151785	294.3501262391073	665.195500609106	1503.4350518570345	2085.077976632874	2565.0192800816367	2914.1593747672805	3222.380175203973	3430.3656528601305	3485.511199590069	3558.9079908520293	3662.484473376654	3712.460273576968	3720.721301798434	3759.971412797019	3759.6097571490045	3787.549835167434	3802.3191983874117	3806.002265985325	3823.102529110587	3839.5162857840796	3836.157489834148	3838.9575793918702	3838.1951125285436	2521.48166470891	982.1165981547354	1971.6696754708423	1868.2447109829318	2107.4417987412544	1951.279191322864	644.4802522500221	1102.8968277187557	965.0476509031153	804.9231991137603	790.6970697967253	498.3648037473868	1938.334268418098	2111.4234286077262	2050.6059892432654	2022.140765504852	2004.4084012342923	1994.4961118987771	1942.7970024283209	1580.749288241294	1193.8115220244267	879.1153404207141	561.8521827415027	385.11441469754936	218.8795285275237	172.91243476563926	104.94847655173186	69.01860564450865	61.0	49.00000000000001	41.99999999999999	42.0	41.0	40.0	36.29376322656061	35.0	32.0	31.0	30.0	27.000000000000004	25.0	25.0	23.0	22.050812010377445	21.285535748859456	20.55880159039733	14.0	16.0	8.0	10.0	10.000000000000002	5.0	-10.0	-10.0	-10.0	-10.0	-10.0	-10.0	-10.0	-10.0	-10.0	-10.0	-10.0
 -10.0	-10.0	-10.0	-10.0	-10.0	-10.0	-10.0	-10.0	-10.0	19.388185022811037	-10.0	57.417505540977544	50.5961709014465	24.884479921828685	-10.0	50.91516451895656	68.5409243072024	127.27153049527514	108.2313955639117	166.59725046989584	103.44152678941816	114.40640762392974	104.34920206173584	80.57570986099377	87.38775733122556	105.45291831472241	237.97275178137284	284.0806952656775	234.14232929339727	-10.0	-10.0	-10.0	105.00986727361355	131.06413877833813	206.3198158811799	510.71366677172364	484.5007456154491	294.04880014060655	-10.0	-10.0	238.29551171575125	-10.0	-10.0	-10.0	117.44517291363114	-10.0	143.4224953497824	78.72658283279473	-10.0	-10.0	143.27607026771585	261.4344086499373	693.6569377599034	1617.461561995361	2490.7363841762954	2767.192829389968	3094.142884237937	3254.8073031510903	3467.8337973891885	3605.0	3585.9562923970807	3652.3592841455834	3702.2044094679886	3665.1709484362236	3708.71853785545	3779.8770730958045	3797.23452886297	3802.618011654441	3829.9230182264864	3788.958181823481	3829.0	3834.979210038841	3837.8843558240724	3845.42155415619	1220.9495481007577	1688.7211115158061	1408.9609492304592	1851.3625420654625	1835.668288920597	1029.7039378390937	512.077745365572	2619.900448127115	427.2742444969503	897.853394778106	596.6515153859008	983.3399753493691	2108.5132955922827	2212.0	2205.904938370343	2233.969532944755	2205.4053529679663	2208.3037268441503	2083.98165917239	1812.0658464615467	1214.7510422504074	1017.8235035471524	885.3213241742591	604.9732475096547	505.09898937600224	186.01787759386613	133.03092840788008	89.10679497396164	62.699854927143676	50.4894671604753	54.0	46.0	43.0	41.00000000000001	39.00000000000001	35.0	29.0	30.0	30.0	28.323456255065018	26.000000000000004	26.000000000000004	23.000000000000004	20.0	21.91668308853555	21.0	14.0	11.671970261216032	8.0	8.937777361973405	6.802497068226456	5.0	-10.0	-10.0	-10.0	-10.0	-10.0	-10.0	-10.0	-10.0	-10.0	-10.0	-10.0
 -10.0	-10.0	-10.0	-10.0	-10.0	-10.0	-10.0	-10.0	-10.0	-10.0	-10.0	13.191690925302732	-10.0	-10.0	-10.0	-10.0	45.0	74.50040203350409	85.03229487282997	138.0635823330805	-10.0	-10.0	5.0	14.263292323756929	5.0	-10.0	-10.0	179.37245580608038	304.7398160468526	182.090346394695	-10.0	-10.0	72.97152148092867	293.73617661427903	534.6828913091424	449.1980901064186	333.9896572476364	28.667010017395572	-10.0	15.69210979828217	-10.0	-10.0	-10.0	-10.0	136.8415180363837	-10.0	-10.0	-10.0	-10.0	37.146847966645375	203.40674620183665	341.10166702210734	598.9587405399005	1523.1890862631108	2440.2933137368345	2896.3396476596504	3090.937454927472	3322.8375778071722	3480.038492094068	3581.81196468843	3616.671472704538	3652.42479340983	3697.8415245044207	3733.0198273545143	3744.993662318665	3748.909455092014	3797.4910421986397	3812.3613288173265	3845.968103578639	3817.9855455407933	3821.9738694292605	3837.3104097241794	3834.0	2778.304255614379	1868.981634500814	939.4795351357299	1537.9433052646878	883.5736600360449	1603.091390989579	1456.1101546907807	2460.0657627230607	676.9104908282236	344.14801277907304	901.1223999778118	711.6329737175373	989.9089277991814	2157.478577192145	2255.8663643241316	2235.9734969795118	2207.178311689315	2203.2162637822585	2214.003599739245	1983.8612011262244	1634.5191201552507	1076.8273038051675	1143.478479209585	1030.727223080616	781.0603612369908	438.5679712868072	254.97082957056676	177.4078913255851	118.4361201299793	71.06824233550736	64.56082267727939	56.585758507454514	53.0	45.57308087213044	45.0	43.0	37.72303651584369	33.0	30.0	30.0	28.0	27.0	25.0	26.0	22.663126363847596	17.073687319111176	19.0	16.0	13.0	8.0	6.999999999999999	-10.0	-10.0	-10.0	-10.0	-10.0	-10.0	-10.0	-10.0	-10.0	-10.0	-10.0	-10.0	-10.0
 -10.0	-10.0	-10.0	-10.0	-10.0	-10.0	-10.0	-10.0	-10.0	-10.0	-10.0	-10.0	-10.0	-10.0	-10.0	-10.0	-10.0	-10.0	147.83014180123612	184.71541676726298	17.429726257066182	-10.0	-10.0	-10.0	-10.0	-10.0	-10.0	-10.0	290.4517289295201	299.2596429842534	110.00845875208309	148.42936454904384	427.2250295514658	512.378490223427	412.12940271869957	286.60679002742035	153.37538831810832	-10.0	-10.0	-10.0	-10.0	-10.0	-10.0	-10.0	-10.0	182.6341699573531	41.848810823885835	-10.0	-10.0	41.99565292979327	212.87430795529204	348.0689284473582	523.965756545128	1527.9221843939295	2414.781328201223	2879.969967056881	3193.1836720889473	3429.903575100741	3516.4412461135685	3566.5318975555783	3604.468329256694	3676.5945857319675	3712.327013681146	3733.258292899263	3770.9999999999995	3787.933042205503	3797.0	3803.8743419080056	3834.2370862921757	3830.318360454822	3756.5886505579842	3834.8611180652206	3832.6273173803065	2351.441110400746	1072.3627844984028	2110.0308733494703	1652.2032946553124	1203.69830499348	1805.0549129564502	656.5256999457846	2628.6501148288744	318.87434212786536	322.7984168582389	528.3462314411045	561.0772045757363	739.3570088941553	2107.456399385328	2211.600374340008	2197.4034112014656	2193.143779669509	2058.0714370941505	1965.3275843775934	1694.7955497758112	906.1828529037318	942.5348755081615	1153.0374739243266	1074.1607164381378	832.0374316995095	477.4654113821812	317.24221005304497	208.0443563142594	169.77491869048302	122.6044167660309	66.28460264640754	61.89455040619233	55.0	50.0	46.17145721562842	46.0	40.00000000000001	36.0	32.0	29.0	29.0	27.0	25.0	26.0	23.0	20.0	21.0	17.0	13.980907588678729	8.0	5.0	-10.0	-10.0	-10.0	-10.0	-10.0	-10.0	-10.0	-10.0	-10.0	-10.0	-10.0	-10.0	-10.0
 -10.0	-10.0	-10.0	-10.0	-10.0	34.454714328325025	-10.0	-10.0	-10.0	-10.0	-10.0	-10.0	-10.0	-10.0	-10.0	-10.0	-10.0	-10.0	-10.0	263.7192135319237	-10.0	-10.0	-10.0	-10.0	-10.0	-10.0	35.38789954932203	89.06314852617476	129.57605047869777	219.7061431008338	313.49991360710396	442.119236162951	471.510623090449	363.0111455244756	240.8516683490034	158.88122562994678	-10.0	-10.0	-10.0	-10.0	-10.0	-10.0	-10.0	-10.0	-10.0	20.67272873057325	-10.0	-10.0	-10.0	151.74121789035073	226.4759870297715	326.49319629006595	559.278449078395	1634.0383454824896	2264.6694224917355	2709.7388858613012	3165.9614165098583	3400.331914284207	3569.911106235192	3589.7353292092334	3596.8229594078803	3700.2936287645844	3720.003506198046	3752.914828793956	3777.0	3790.7465823609027	3800.681775118898	3815.3303071414966	3818.4334315920323	3826.934649889798	3731.285168534034	3833.6361341862653	3828.209253563785	3328.387055188032	880.5890038695454	1394.4966543815497	1304.858861655229	2626.158132505073	2790.388003855264	1822.7754217467973	634.778210158729	277.2007082770029	475.12614513780045	516.7197055815453	451.69126703198276	1292.5160434009472	2154.5067611381714	2228.3590000723784	2208.870963758895	2123.1891377390707	2026.0569390272715	1756.4890255648147	1525.5036856268848	786.8708540970599	1046.4823054592043	1177.9296017686327	1127.2496668647202	841.3666674756657	488.07940758648823	293.90232206580015	225.18194059499186	193.01789019272064	165.26288713647563	103.55171012033422	69.74361813263988	60.0	54.358403748065186	50.0	45.0	40.0	38.0	34.64833274735699	30.000000000000004	27.999999999999996	26.92795882306006	27.000000000000004	23.0	23.0	22.0	18.0	19.011527198061582	12.0	8.078872292801082	5.0	-10.0	-10.0	-10.0	-10.0	-10.0	-10.0	-10.0	-10.0	-10.0	-10.0	-10.0	-10.0	-10.0
 -10.0	-10.0	-10.0	-10.0	-10.0	-10.0	-10.0	143.00496827619503	-10.0	-10.0	17.072075124956378	129.29095987435812	-10.0	-10.0	-10.0	-10.0	-10.0	-10.0	-10.0	423.8179243761212	-10.0	-10.0	-10.0	-10.0	-10.0	-10.0	-10.0	-10.0	33.17447674203867	115.35081332402653	355.25624585207277	372.2180483597305	277.05596847753793	214.1827488880409	160.23641486236107	-10.0	-10.0	-10.0	16.862997196154744	231.54629573924663	236.21754889776673	56.476857427167914	-10.0	-10.0	137.02378034098942	-10.0	-10.0	-10.0	-10.0	173.04330925522942	242.98970495155888	295.30978284882076	552.6247621714015	1697.9609828877042	2865.4361643117118	2753.1990628140975	2993.1085009608323	3293.529039981253	3539.171770387712	3608.4350089079967	3654.3548392293433	3698.043502774407	3735.5603779344915	3759.541734788624	3782.0	3795.0	3808.10251237361	3820.676898751317	3814.2600903036237	3817.5900764781327	3837.7315349684104	3829.549076958704	3831.4174252235753	3840.1360492266786	2076.131936683367	3783.496157170341	3793.9776122283993	3330.0988487275063	1789.7811522765946	1561.8110249032432	579.1911491733066	478.01860744169284	411.3462857555403	308.71809944165284	456.275441565566	1394.8335841083474	2221.2912658808655	2283.546480131175	2009.1076564813957	2043.6103635687148	1761.733193195384	1404.3723204912735	1374.018460609898	1119.8798398701135	1152.920038883803	1166.9555436283918	1165.5067461449912	819.3498974323088	399.62604838901	287.1327234251289	224.33831771153922	209.2671752063153	174.14416489851303	138.03154106160824	70.0	63.0	57.0	53.8989033057318	47.0	43.0	42.0	38.0	31.249481895051296	29.000000000000004	29.0	25.0	21.999999999999996	23.307649477042645	23.209805393670067	14.999999999999998	16.0	16.343519880765076	9.735102728900287	5.0	-10.0	-10.0	-10.0	-10.0	-10.0	-10.0	-10.0	-10.0	-10.0	-10.0	-10.0	-10.0	-10.0
 56.17802004860648	56.17802004860648	97.13754159873872	52.426074140335565	-10.0	-10.0	-10.0	35.069616843540466	124.99390235859697	5.0	130.37832326371864	164.14705305425204	-10.0	-10.0	-10.0	-10.0	-10.0	-10.0	-10.0	33.443147217157616	409.69956916222526	295.41123382361064	-10.0	-10.0	-10.0	-10.0	-10.0	-10.0	-10.0	134.39404911341887	237.22600588782882	191.0927320273299	179.5446331260283	171.55876923920604	183.8948814308496	-10.0	-10.0	-10.0	-10.0	-10.0	246.08471359613844	265.8293696769748	315.3014132716016	335.69806764945076	-10.0	140.60858392096412	-10.0	-10.0	5.536569748925068	166.35360444822916	245.4266681728327	344.58148300636157	506.03642609669896	1495.5330518468245	2144.810355753843	2657.0533499349262	2954.681154153417	3230.8539451236406	3450.6913122532437	3594.043559676796	3660.394638180382	3675.580935435393	3733.9045834762564	3759.0	3777.0	3796.0000000000005	3765.9643012854513	3814.01358161033	3824.374069737036	3830.20471830805	3835.273541911235	3826.674863757953	3832.3471715256733	3847.9388425159864	3360.5066066798927	3823.475327748024	2571.7000816514274	2807.265011625354	744.1283380428378	793.6481565664872	727.6754499899398	660.9425414301716	495.5854865675546	464.66656640226	547.6749769090292	1949.159733717162	2209.3215968355184	2222.0	2083.195045629762	1954.5335924456606	1395.7031682304696	1242.5768635268207	1599.2285666398418	1399.0469881994495	1125.8071237025567	1164.460854395811	1199.72596321725	860.577827065372	391.7676437142204	286.3992136798658	236.60376685952576	212.82958471830398	180.4864272098489	147.43695030772116	88.09554464261734	65.00000000000001	57.99999999999999	55.0	52.0	45.0	44.0	40.0	34.0	29.000000000000004	29.0	25.000000000000004	22.280742160745554	23.000000000000004	20.0	20.0	19.74839496739952	15.185327326554043	10.292424537932284	5.0	-10.0	-10.0	-10.0	-10.0	-10.0	-10.0	-10.0	-10.0	-10.0	-10.0	-10.0	-10.0	-10.0
 -10.0	-10.0	35.67290338840375	40.73369082376881	35.60558234058533	-10.0	-10.0	10.06607411279575	41.116076752822494	24.136208097526026	109.19301503945967	77.98569199604451	181.01508925668367	163.32871256959237	192.04140910890186	158.48565966708355	-10.0	6.133904795473461	21.26687509019174	-10.0	-10.0	362.873672496491	386.2347225299973	-10.0	45.8315449395699	-10.0	-10.0	-10.0	81.95799233262042	203.81811895927382	151.20836975228525	123.49661483174731	143.75163912100834	66.78193403434278	-10.0	71.32184319611164	-10.0	-10.0	-10.0	-10.0	-10.0	82.95891579023261	361.87050851396407	399.77250689658587	380.852167394399	98.23479966545885	-10.0	-10.0	257.8701632239511	242.98945522064892	244.9325663187698	302.2250633716509	568.0851948436717	1761.654485300294	2450.3452817871257	2806.6680805207066	3049.3943119520427	3257.3356962397374	3425.720595363455	3585.6978693945102	3594.4611498512304	3695.3701556802516	3725.0	3751.942933859682	3774.7129328938436	3780.0000000000005	3760.931516259651	3822.8829953203413	3820.0000000000005	3822.8539202097268	3827.847744425675	3842.005328323228	3837.5695581187283	3830.3329417869554	3824.8705560870585	3822.7207088487444	3350.4527641476616	2519.5602621009252	1451.9767295783395	864.0329711777239	973.3386892595292	810.0591313413133	643.7590818602073	1254.4168724576032	2131.806625636554	2646.9074711565713	1947.9823387187655	2188.3388670406666	1706.479500228087	1757.492477401914	948.0389469266241	1050.5417654892112	1620.2522023640547	1509.698023817346	1020.1275375704217	1154.576781392185	1213.9460887050316	932.5619343931168	500.34439452808607	359.4958073824397	278.7696739872615	212.20749505029522	178.43863974228242	147.20513379013087	92.56224087397844	67.92603403391875	63.0	59.0	53.003285534346205	51.5505483471341	44.0	43.00000000000001	37.0	31.000000000000007	29.0	24.845433084839925	24.0	23.0	22.0	21.0	21.0	14.30971639993339	13.656644825034535	7.424283055156499	5.0	-10.0	-10.0	-10.0	-10.0	-10.0	-10.0	-10.0	-10.0	-10.0	-10.0	-10.0	-10.0
 -10.0	-10.0	8.794965236432594	34.41495289885941	64.34919295093925	78.7730538788749	44.843978189053004	28.309716552627076	97.6619618587568	66.59070211015866	85.96474203389033	143.6954682545726	125.30481035854714	149.65009718757864	186.7603202717137	229.79550686961278	268.6946148029417	86.75746716340588	113.40131482255187	57.58159944920397	-10.0	-10.0	-10.0	297.72660643426514	248.17859452538664	38.53190438611156	-10.0	-10.0	42.36879760908067	168.97582827363675	79.54971332880933	159.00692942934933	133.07698304276215	140.7062541749906	90.19012953863896	191.04066639840664	-10.0	-10.0	352.86264170000237	19.895937997332865	-10.0	162.23705892670387	462.30081700383283	417.093234870224	393.0442481987216	243.67650268897722	60.50501382918098	138.92668945755526	231.54481448024262	241.5896343090981	375.9308348007645	318.30273199082853	1013.729518803248	1810.1522989390471	2659.604384321732	2959.4497800372405	3083.7832633223547	3399.4305652545004	3517.0891967320836	3552.3910953463737	3661.015119514096	3694.171672504104	3724.5068042284133	3747.66103589554	3770.949329580126	3784.0	3804.9289083896165	3810.565103615567	3820.272107065025	3825.6261766250204	3826.9564385352646	3835.348981271869	3848.9382287098997	3837.012214128244	3833.436160582856	3778.1711040637274	3150.8385191597486	3272.6759905542563	3134.3780798803336	2276.833547247986	1847.0515874865648	1560.379025409417	2371.2006562149027	2679.7979158294356	2601.7185885307745	2882.6951440394855	2296.031715435754	1587.4128009015403	1573.3091323042954	1339.5194700316981	1321.3397432567258	1565.6950040363538	1589.2165227835728	1582.6505078921173	1111.2982298638758	1146.7027127664978	1209.0	1025.083763698997	596.2237856302179	336.487270085782	280.00424071847164	230.84338625009934	187.56182881950943	152.05271202472812	111.37844270982703	80.09437339487492	67.0	61.0	53.99999999999999	45.0	51.01619086505743	43.4891445249261	39.0	33.80736693855957	29.0	26.235049481343818	26.64249425615263	25.0	23.0	21.0	20.0	19.726811674673396	11.852659076003228	13.282226688865563	7.000000000000002	5.0	-10.0	-10.0	-10.0	-10.0	-10.0	-10.0	-10.0	-10.0	-10.0	-10.0	-10.0
 -10.0	-10.0	-10.0	237.09597671319676	200.9432515894602	170.88790720804437	137.23951505250201	131.47196450444454	117.12726115818143	170.435963828634	150.31757558479964	165.0586404009716	120.24046350732672	159.03192314912675	158.46588035845323	242.83390346163895	301.7315464601949	219.93253237326337	94.66077842531973	74.19262009206234	-10.0	-10.0	-10.0	-10.0	252.88848646907564	206.06576420228294	67.06426353533297	118.5579821926984	122.14509297815115	203.68947013505922	40.03218917025996	121.61892582720382	100.66490773228612	176.48133359240092	122.2376250475691	101.05032636018595	202.5263800380203	231.1426871677363	246.47662027158538	399.1560619663998	299.8865057084809	149.95767922970037	330.6882668465976	176.58738112624786	-10.0	43.3310817439767	-10.0	148.06070235146524	220.64698119250198	265.00081240244475	307.1909429090644	702.5256613917757	1782.6334896720446	2281.4822597943885	2795.5996102250983	3090.17605218485	3280.573912221661	3398.866967532097	3567.141321122097	3613.19729004096	3580.0744412423173	3642.837514311297	3715.063894572072	3746.0	3769.5394567794633	3780.7629666630614	3801.524430370888	3803.221287603419	3819.2890554505498	3825.1902656712105	3807.0886228712784	3842.9752976252266	3847.0	3869.450082027309	3087.3659662144905	3532.4440182481885	3597.89780892191	3531.1728463038507	3446.78987081282	2982.066659189739	2471.244898764162	2469.07922325621	2743.557282463774	3049.1092067078307	2735.0141688034	2453.0622967928007	1660.7444788044913	1886.313745061565	1571.7364218945997	809.5433603910183	1546.9919788280736	1616.2373783756564	1571.6514552509652	1627.9383082009397	1182.1901010398176	1166.597794576439	1210.1950787676442	1010.7787545104354	565.2401678591641	346.52750426501285	292.5283476887229	245.67489916842163	208.14714476937186	176.46454383914767	134.83332253849431	79.2137792002348	67.0	59.99999999999999	55.25519171117905	49.0	46.77109077645147	44.99361028867636	41.99999999999999	33.0	30.000000000000004	26.00371921501916	22.999999999999996	23.0	22.0	21.0	19.483172024135644	18.000000000000004	15.0	17.0	11.0	7.0	5.0	-10.0	-10.0	-10.0	-10.0	-10.0	-10.0	-10.0	-10.0	-10.0	-10.0
 -10.0	-10.0	-10.0	-10.0	303.96636298001556	247.81767575656127	232.42233291182137	267.9208405532812	196.36725715265257	113.80346561321922	-10.0	-10.0	-10.0	43.149701873581726	-10.0	91.36020037967138	277.52446576170485	372.1558819357628	277.47707579441965	115.80427305444746	-10.0	-10.0	-10.0	-10.0	-10.0	224.3062868196199	217.86953753515746	156.1636198487348	55.63241273345992	93.21046844059708	12.072973737308018	-10.0	17.073986767519948	-10.0	-10.0	-10.0	-10.0	79.07628267057989	179.21508584759175	145.63879513349642	421.46259801731344	495.7314454238172	455.84699204603294	-10.0	-10.0	-10.0	161.79073922816582	98.93106425968739	233.88122654378876	289.924882884904	491.9364971269518	1524.4732731719432	2110.631056596392	2599.310668102324	2970.5092405936334	2711.918815030937	2593.3894757855132	3400.316525116451	3498.3978242950598	3582.818050975916	3644.3186384142946	3678.292855304095	3713.2412703747555	3683.8292053409064	3759.0	3774.1568902638064	3785.709426949004	3797.068730531395	3812.431591638112	3815.263156703979	3822.5344645877403	3821.6272820183117	3832.240074985201	3848.2094269490044	3768.848243249985	3789.458659785866	3663.9937297515426	3347.1692720900296	3506.5025268650375	3362.6734509108746	2640.821380411508	2853.0549479010083	3144.47097736081	2741.8322747843436	2629.2463234580537	1875.1511029577907	2195.0744844142096	1266.1120548981428	1599.8762422335158	1123.5343581709126	1636.1387328168205	1637.1225603019889	1669.9919477827714	1672.888327110727	1524.3533756223023	1202.3127436530096	1209.7568718211242	985.1060277100564	597.9868386894466	355.45254170735643	301.53671228156804	254.1124819283371	210.5976063809904	198.0	128.21569240702865	75.3649197937676	67.0	57.99999999999999	52.0	50.0	45.0	47.0	41.50280602636266	33.152928179592344	30.0	26.0	22.000000000000004	23.0	22.0	22.000000000000004	20.0	18.0	15.0	15.816885328965391	12.0	12.0	9.604816613929511	5.0	-10.0	-10.0	-10.0	-10.0	-10.0	-10.0	-10.0	-10.0	-10.0
 -10.0	-10.0	-10.0	-10.0	-10.0	-10.0	336.2312095328837	301.6768122806008	-10.0	5.0	-10.0	-10.0	16.559150162806013	-10.0	-10.0	-10.0	8.356366754672138	229.74670625185644	373.88066619845955	291.6163520709481	-10.0	-10.0	-10.0	-10.0	-10.0	96.51221624671419	194.83500833164706	190.56069741209075	242.43107164411504	66.36892337455815	-10.0	-10.0	8.603846270456955	-10.0	-10.0	13.36977720509829	17.701500122869398	5.0	197.3452056159554	185.11405447894901	323.3432309112613	418.89561704069746	420.40573970500463	288.93798895841786	-10.0	175.50560088593056	16.5014997384727	261.8927343106983	279.29757014330045	472.04666278142594	841.6907464922206	1843.1529816812345	2298.2832306845085	2555.2046240393124	2378.9042052200366	2407.1777602993197	3220.5476789573963	2673.8871312267142	3323.865037944097	3503.708644758518	3597.618766541257	3623.071764100059	3658.4162705196704	3714.951321623179	3754.649984348439	3730.0	3772.993856494776	3793.0	3805.539761435891	3826.0	3825.0	3833.0	3829.2481158768783	3811.2384642406014	3814.312513728033	3491.808087939145	3264.496047602737	3309.3192632435253	3248.475796014028	3257.5032638360713	3294.4446379981982	3239.963109916203	3227.202339173905	3184.6634812456327	2501.1246225933073	2518.738355759708	2159.5703055684094	1938.216148076801	1649.375534578808	1164.265509945539	1625.1863753690677	1647.0668290877047	1793.6853130725017	1812.8094171980235	1730.4797253724155	1441.7950517521651	1076.1504684699578	989.5858886408547	631.1351770088174	358.68183646236537	303.91247932112026	256.4416745407514	218.83710313905473	200.16834623890958	91.62683461180362	69.9983544415287	65.0	50.96977961087781	44.0	45.0	44.0	47.71539735359246	42.00000000000001	38.0	27.060808816433052	26.0	21.0	21.0	24.0	25.000000000000004	22.113639965493885	21.0	18.47451939546187	15.0	15.0	13.299203316028898	11.02339495984891	5.0	-10.0	-10.0	-10.0	-10.0	-10.0	-10.0	-10.0	-10.0	-10.0
 -10.0	-10.0	-10.0	-10.0	-10.0	-10.0	-10.0	397.2009041084909	-10.0	-10.0	-10.0	-10.0	-10.0	-10.0	-10.0	-10.0	-10.0	-10.0	285.82740545026024	455.6995107588136	271.1355740479975	-10.0	-10.0	-10.0	-10.0	170.0426117398313	160.7443973246409	167.30584523037646	-10.0	128.66844523164914	157.44634776205262	-10.0	-10.0	-10.0	8.272885264747659	5.0	178.26049059581885	359.8737616363034	57.2275516826725	-10.0	38.47473956130955	310.5439493303223	474.00723711247304	363.34638566810577	370.8524514432156	23.98495052908423	-10.0	178.34141052174664	401.85519494904395	419.89868370685025	962.6299648041696	1832.7105684596095	2199.6732734319166	2623.500039709037	2611.022605712476	2745.2833070285815	2687.4144420502803	3081.260469473547	2841.5195518708906	3474.0470592721267	3551.0131787582977	3618.609971048815	3684.6453351368355	3723.9190030021155	3748.5891849717464	3770.1721573838176	3781.763515983583	3787.9999999999995	3790.033903984596	3811.6391543242894	3826.3220344268248	3750.545784396553	3794.0	3815.9636084407393	3569.374968723404	3635.615005254989	3665.892067374844	3134.843576200979	3186.8382688528604	3287.5894014674204	3302.301435345508	3285.638913653542	3290.9999999999995	3299.994768308218	2549.096844895679	2486.244077119013	1826.734656555492	1484.3636417830394	1867.49433849332	1423.1768358780564	1393.737221229753	1795.6991353386695	1871.6310893714276	1922.9194737601158	1864.355023660003	1668.9433462775628	1101.2153253799913	943.9970313931323	666.4847883221953	354.0985089144525	300.63166832542555	251.43785101142112	212.00002634816377	166.38772020686883	110.25876373249777	68.0	61.0	50.99999999999999	45.0	45.0	48.00000000000001	45.99999999999999	42.0	37.18909992328207	33.24312723902164	29.588172796619908	24.000000000000004	25.999999999999996	29.0	31.000000000000004	30.0	26.999999999999996	23.0	18.0	15.0	14.0	7.507071175161368	-10.0	-10.0	-10.0	-10.0	-10.0	-10.0	-10.0	-10.0	-10.0	-10.0
 -10.0	-10.0	-10.0	-10.0	-10.0	-10.0	-10.0	-10.0	-10.0	-10.0	-10.0	-10.0	-10.0	-10.0	-10.0	-10.0	-10.0	-10.0	-10.0	379.23649847841824	366.1633838752155	-10.0	-10.0	-10.0	149.40740785151584	163.1053791259472	40.04529774517955	-10.0	-10.0	-10.0	-10.0	48.263046100816794	-10.0	-10.0	-10.0	-10.0	332.6877359324776	363.47950386556795	327.6642875766342	318.80766973466456	297.5779455466127	226.3631580414404	355.57015653027423	373.7765966994971	189.186231399852	-10.0	70.63774668533617	134.4531317967489	376.6140930781603	567.7372772135445	1234.9603951335173	1832.3912356063665	2065.5147007268483	2321.2290206521643	2255.823697060137	2677.2348627009337	2803.4155467347355	2932.8142648771095	3514.941087660246	3268.6559501070296	3538.4284337195777	3629.7649231273804	3685.631749366302	3717.174023338791	3740.0	3738.9999999999995	3758.9904584062924	3785.3718417533937	3795.1668597949893	3791.480036292837	3800.1013200036227	3807.0527271056726	3802.819615877297	3811.9999999999995	3159.4340175477	3626.4428587099032	3560.2351776816763	3441.2705356070746	2927.576478947709	2996.2168947131067	3315.3266638666164	3310.5946069249458	3295.835282160299	3313.071076286692	2751.9473930101976	2136.662053543578	2266.9914711379615	1500.6449894163957	1574.7536781519746	1799.466140945367	1645.349296931991	1803.3062599516627	2000.386706149824	2104.9899356081896	2072.9021111333545	1704.3485948795205	1102.0316133701208	849.2473063418438	493.9689952084305	357.0152379245203	293.25063525976793	238.76445533889662	192.99999999999997	149.63351387163644	101.26154730654777	73.94347320486662	58.611717964217235	53.00000000000001	47.609861572768004	44.0	40.0	42.947677952436564	42.51064664500345	36.505646878413785	39.0	34.632799957145224	31.139333844303128	30.0	33.0	33.0	30.0	25.06653806798261	20.0	17.0	16.0	11.961185238745678	5.0	-10.0	-10.0	-10.0	-10.0	-10.0	-10.0	-10.0	-10.0	-10.0	-10.0
 -10.0	-10.0	-10.0	-10.0	-10.0	-10.0	41.41611007042002	-10.0	-10.0	-10.0	-10.0	-10.0	-10.0	-10.0	-10.0	-10.0	-10.0	-10.0	-10.0	-10.0	439.4097474748082	318.22263255417823	-10.0	140.46436331241873	311.21960327244716	174.96123277495815	155.66355131623075	-10.0	-10.0	-10.0	37.01898203291996	98.87049828148542	172.5861042999867	-10.0	-10.0	345.68934609177415	386.04431682146037	187.54595899726775	245.47527116786247	334.14529243335824	399.17904446319073	462.0898868531292	422.997763396309	365.9753930247805	403.51572849404806	467.26487961481587	474.23485854954197	494.52443149687906	544.3120093972261	579.2295798907568	847.1586582214333	1340.8981379724	1898.2904087909212	2282.892608805312	2451.9475191587717	3283.4176201405944	3311.452017415917	2663.4968570872297	3025.656768757315	3571.673675683391	3602.2981759580266	3625.035325470497	3692.368212055416	3720.6750445493603	3733.2070435569644	3712.0	3765.0875255135024	3785.2575139327178	3809.6547846666413	3775.1685242156773	3562.616131578283	3801.4091018722975	3806.5043447486246	3810.8212097543924	3802.478720950019	3654.8358030622776	3200.5434032584253	3156.946707084188	3215.569296870389	3297.851618108413	3310.140394102926	3333.6992411672377	3325.8474012932634	3310.0796043584246	2917.1338700881474	2292.649366359241	2003.140591386686	1799.5159766513677	1695.6235392331207	1602.488447113114	1705.5556900618742	1828.3972785858568	2215.802961312682	2336.7947819296023	2359.8641802613774	2174.5451179205947	1155.6022982341658	494.9305498307482	373.00000000000006	337.613635025543	280.6089209269936	220.54304809560023	177.41909561034694	136.2984248421712	100.0	79.40878502519729	68.0	58.07220267521727	50.275941714881434	44.0	39.0	39.78442146019053	39.50853128428106	34.093346438340376	40.49058965534775	26.0	31.447844106657964	32.0	31.0	29.000000000000004	20.0	18.83059804625276	17.423532642337634	15.912968736721545	14.0	6.262968093773141	5.0	-10.0	-10.0	-10.0	-10.0	-10.0	-10.0	-10.0	-10.0	-10.0	-10.0
 -10.0	-10.0	-10.0	33.56606430507594	26.52437705154674	-10.0	-10.0	-10.0	-10.0	-10.0	-10.0	-10.0	59.840300817391345	18.177420978571913	55.954379349786905	-10.0	-10.0	-10.0	-10.0	-10.0	317.1564521657083	405.55203744178374	199.29380498427838	230.87479751918502	192.8962780133009	-10.0	56.342050905861356	169.18895301806	259.43567928102016	96.1882247961794	-10.0	128.54507256773954	125.69744822355311	143.31090126987726	240.58687022476485	324.20762990325426	97.41835076800774	156.25549645561688	281.7606153271347	-10.0	292.82426696349785	30.77556942435074	73.66062955418724	494.3627853127122	436.15021635707024	419.2297462904251	468.89975566562566	541.9755196068293	519.789943378066	548.1069827317049	684.9530075418521	1346.2441476770243	1824.952794768858	2251.1906948138408	3128.2736986499654	2691.3633672956166	3252.5957146264436	3389.180572311695	3456.79388353933	3566.0023605002566	3635.6374182721956	3573.291257716926	3702.2159320539627	3677.244945356624	3731.949344791092	3747.2692759115857	3770.829885073811	3790.7834258558396	3520.5014310238685	3750.0068266674216	3685.752274384653	3099.5179497292697	3662.3260585433704	3793.131757440181	3806.798455067694	3816.4872350141864	3816.3992800781907	3501.627534613939	3403.9275334702543	3265.300004703147	3303.2578174965493	3282.8876054956745	3173.7033215509045	3314.2497069107026	2746.1508720415422	2261.5293796228357	2214.294589283865	1484.3036397802978	1570.7428601625065	1765.8719909201236	1716.9884800125237	2000.55874646152	2389.9527447241485	2573.633896947167	2504.3100820094137	2441.156606576438	2105.437068543293	726.6876501234694	351.81135493746507	317.9180408641161	272.02503071849486	207.58957349533267	168.967407769833	128.16329846398452	97.61929536821013	85.0	77.0	65.0	56.0	45.0	40.0	38.99999999999999	37.0	32.0	26.0	20.0	19.0	21.66259291871246	20.0	19.0	16.0	13.999999999999998	16.0	18.0	8.0	5.0	-10.0	-10.0	-10.0	-10.0	-10.0	-10.0	-10.0	-10.0	-10.0	-10.0	-10.0
 20.000000000000004	20.000000000000004	67.77603658495946	30.5507673463733	152.90019968306657	-10.0	-10.0	-10.0	-10.0	-10.0	-10.0	-10.0	-10.0	-10.0	-10.0	501.7377051390552	507.80736713028443	150.47550530779267	-10.0	-10.0	63.19107687804109	406.75761149476	315.53920497044123	308.95522271441575	-10.0	-10.0	-10.0	-10.0	97.1232301951828	244.75463589527067	160.09667751895526	7.247896149730752	-10.0	-10.0	56.16279789354705	115.67218884456952	198.98857277005305	278.28220741912173	5.0	137.5527284227656	22.78789876252099	-10.0	51.58513853680223	77.53564331528668	380.64456966035175	475.5850233982931	478.07628517986956	551.091678863089	543.0	575.005874275553	829.2418923041198	1404.1468635746621	1865.1444962413893	2335.7774511044386	3079.2420789041585	2980.7260030644684	3205.0	3313.358068440585	3441.724935987656	3576.5316501408356	3621.5205308108925	3683.777089587157	3687.9696335267354	3697.1520774178393	3719.182382309411	3747.1911048758498	3351.0237823824673	3139.272190375817	3032.4966423353944	2716.370869381081	3558.2089923572357	2935.8224522909945	3511.266767607763	3750.039429899717	3768.1355151693742	3780.469406075751	3819.88042034938	3811.891885408405	3658.811406068166	3156.1933624693793	3215.8910916364157	3287.318598031083	3294.4055706472254	3208.1338358448156	2895.2263073051727	2258.9762062303826	2053.901730287735	1750.208356639758	1879.2411475043393	1709.6677449251408	2047.8040092864849	2397.5994935872823	2621.2403595429746	2626.3482672569385	2581.7020280779516	2450.3856112851076	2232.6729854599203	1710.8789782315846	723.1929689292625	339.18842549614953	283.4255514071512	198.99999999999997	165.20153559297458	117.05462449522649	99.7968137923095	87.95241470285517	66.59024124376117	58.842681295222214	54.0	48.73236391208114	39.86711221244859	37.0	31.192380343146205	21.496277755363675	16.999999999999996	15.0	15.0	17.0	17.0	15.999999999999998	13.999999999999998	15.0	15.0	16.0	7.0	-10.0	-10.0	-10.0	-10.0	-10.0	-10.0	-10.0	-10.0	-10.0	-10.0	-10.0	-10.0
 27.844951482933745	27.844951482933745	36.08153091587923	38.83412211324078	-10.0	27.202238649604645	-10.0	-10.0	-10.0	-10.0	-10.0	-10.0	-10.0	-10.0	-10.0	-10.0	-10.0	367.26860821125956	-10.0	-10.0	22.758101215520774	407.51105446385725	382.6216783621544	17.99697588606881	-10.0	-10.0	-10.0	-10.0	-10.0	-10.0	-10.0	-10.0	-10.0	-10.0	48.92139227177751	130.9497317314319	112.24188784179867	175.91044573004206	-10.0	-10.0	-10.0	-10.0	-10.0	-10.0	-10.0	206.73874852712	441.88974470090693	545.0163756915308	530.8802418996876	575.0	885.410848140515	1547.4538183606837	1989.0557352211379	2442.2356214426704	2775.1451871836944	2923.729853474435	3149.588859561349	3246.6047754560095	3391.994834581723	3492.7016162994587	3597.524473613312	3645.085058798133	3679.192920787356	3656.8255900345166	3695.554174124709	3723.9992754169807	3008.7169203811986	2782.186421029631	2865.185408455246	3436.9257656505797	3196.4434724474427	3201.9197915674595	3528.8173554660298	3753.2358483557878	3763.473041956591	3801.2728516546836	3803.9840443668186	3814.133849015805	3810.031427351487	3314.19211905845	3209.158394855643	3221.666315093497	2882.9383922147995	3252.7345803943535	2514.643564918546	2126.8049680191325	1851.0799077473107	1474.6522215508865	2000.9616298741462	2133.5940469504208	2365.0494031235103	2653.0	2660.4045335725605	2662.8043904936794	2616.501458675522	2491.8610964524432	2189.7075999428275	1625.6398545148365	962.0909337246306	434.1929000626528	311.75990396239547	218.0292888317411	156.9525728033865	104.7498100259763	91.52942002646544	84.00000000000001	65.96019678196562	38.28504641636388	54.987194507255296	47.0	38.102661378905715	37.0	31.11556842176165	18.0	16.008531284281055	13.99669583060299	10.0	10.0	14.0	15.0	16.0	16.0	14.0	13.0	8.0	-10.0	-10.0	-10.0	-10.0	-10.0	-10.0	-10.0	-10.0	-10.0	-10.0	-10.0	-10.0
 -10.0	-10.0	30.829551435695357	5.0	14.37241502567403	-10.0	-10.0	-10.0	-10.0	-10.0	-10.0	-10.0	-10.0	-10.0	-10.0	-10.0	-10.0	-10.0	650.0163941006333	-10.0	384.42377093237604	488.08229405061655	344.21416497577184	-10.0	-10.0	-10.0	-10.0	-10.0	-10.0	-10.0	-10.0	-10.0	72.81016197095948	14.566437379947788	66.28758456476453	-10.0	103.12346787787459	-10.0	163.76135837056924	320.344562360529	-10.0	104.78077948799786	-10.0	-10.0	210.36748764223833	272.33251911176274	398.66893727732247	431.46178173747546	475.9394435450222	532.7307325149058	1054.5779300351326	1678.4402925055178	2221.9536912881786	2573.33455965188	2756.093543426954	2849.473361562338	3062.3608996552753	3198.1234612842427	3370.670591695055	3388.954478866506	3523.7756494004957	3599.599065183558	3654.1386788816644	3657.701626125726	3657.8962355358385	3669.606337900467	3239.7434666703466	2643.2871603334925	3044.6928875276485	2941.6572903421784	2925.036244721493	3050.079309502249	3409.402548637619	3807.0111193695616	3810.0	3763.8787161246937	3763.7083317215634	3814.195933289283	3673.7681164767037	3298.2201211218985	3303.446228428555	3082.036261759323	2714.1880929576964	2796.1306851884465	2220.8695042510967	1967.9504180010947	1654.578671640889	1867.6079136986566	1783.2211985600238	2528.4086706327885	2645.0441173579047	2685.672352354921	2707.959811753718	2688.399971218397	2636.862667930882	2499.5911253626437	2211.5413111055996	1751.4674038463988	955.3139757602795	406.2970155919478	249.76837038148838	207.95201158868633	143.17842921964413	99.0	89.0	79.6703974441854	63.63694518494025	16.11789469926668	58.0	44.67989760964627	37.0	31.351589928594706	28.95744917952688	15.932656966773921	15.000000000000002	11.0	12.0	11.000000000000002	8.0	12.040426345113115	15.000000000000002	15.0	14.0	11.0	8.0	5.0	-10.0	-10.0	-10.0	-10.0	-10.0	-10.0	-10.0	-10.0	-10.0	-10.0	-10.0
 5.0	5.0	19.101596658714364	77.56361232837445	-10.0	-10.0	-10.0	-10.0	-10.0	-10.0	-10.0	-10.0	-10.0	-10.0	-10.0	-10.0	-10.0	-10.0	414.5097933717168	232.90263347806703	476.6764060471307	558.0164529291969	15.171189370080896	-10.0	-10.0	-10.0	-10.0	17.558886909599263	20.059807159696838	-10.0	-10.0	64.7762069533515	245.66797599721042	318.51338980382894	-10.0	-10.0	66.18566242052593	-10.0	-10.0	-10.0	330.36855779108896	264.1503893000474	396.3560996301709	469.8778385282483	396.0	392.05536695986854	405.290573050996	489.432976591385	526.6405143239865	571.3530527637887	1189.657869113411	1956.446120489432	2364.850592279103	2599.474668072049	2773.1241906285536	2757.930011073432	2917.516538741527	3116.2222879808937	3315.6830727695287	3399.521076558842	3482.4629472024217	3595.784389970976	3613.547103046746	3595.6939164807004	3472.22905197888	3538.604235884323	3287.114617744698	2818.294270248555	2522.2231814254137	2650.2308883334863	2894.8689438790543	3124.5428589356316	3315.3799896651426	3806.458152113912	3803.3045784357087	3764.019392009391	3809.035654929059	3664.1786049970246	3623.9576543118246	3420.8189900704047	3229.3832314167594	3148.0731136782433	2930.4225874090134	2568.923828718701	2369.2215710382898	2170.0051807783548	2190.009346684464	2105.2727098011937	2460.6057493395356	2642.0	2721.0156096837027	2724.933842744117	2722.3758794258024	2707.1766506238073	2671.452300125658	2536.1443224963045	2299.758307784617	1765.0875430134793	1127.4309825041012	334.5755399394106	191.98230198244866	167.48110407699642	119.85167729211588	99.0	88.08494399916874	80.89952960179227	59.48907309927009	12.0	51.0	44.00000000000001	35.99999999999999	31.000000000000004	30.0	16.102811308389835	18.0	14.682092716930882	10.563205209205927	9.0	12.619077303546863	11.000000000000002	15.0	14.0	13.429963512088811	10.0	6.0	5.0	-10.0	5.0	7.0	-10.0	-10.0	-10.0	-10.0	-10.0	-10.0	-10.0	-10.0
 43.78991910230727	43.78991910230727	13.449286403743049	9.417664714451956	67.44351315951738	16.02380365154491	-10.0	-10.0	-10.0	-10.0	-10.0	-10.0	-10.0	-10.0	-10.0	-10.0	-10.0	-10.0	284.1549074216014	655.848599536228	575.1873299394912	431.9668553163739	-10.0	-10.0	-10.0	-10.0	100.89063230330807	105.63594363408556	72.18652101254517	-10.0	-10.0	55.18562669872166	7.517264483353771	235.8049932409704	276.82138833783904	140.51445355667315	135.84971515147274	-10.0	95.08344366840578	113.51862576777981	308.3996694900084	483.273277728925	613.9078692083269	560.6133970471772	495.22551236345043	452.0590396522505	445.9989032387052	479.219779644662	582.404175517094	728.9067342952171	1202.7647394725807	2147.8546347238766	2439.4006958900104	2688.152849449721	2801.920377490664	2395.2947170251146	2440.7570797854196	3333.4979193385907	3274.732436402451	3310.74218814442	3361.473890536987	3531.6559009882076	3566.0961488865555	3514.980652989339	3404.904775947831	3290.848869790863	2987.2876697672887	3014.229488753287	2730.856112828681	2704.520767096956	2723.6403279394663	3191.664838349956	2750.594551750217	3804.1795310377083	3517.232772557234	2857.5489807369286	3773.072034879552	3823.9554947574193	3381.1724956958133	3406.690837573166	2893.800198970919	3173.309400671213	2840.7050792891355	2256.0657559973106	2298.1829059246697	2197.153031918435	2341.7774425217603	2652.8731142065853	2575.0199098025832	2674.040243673214	2733.7131366534804	2750.17215510992	2742.1207273777172	2726.7701056411465	2698.196839760922	2635.7553106981313	2386.2888226259306	1947.9796987714387	1116.6968724323006	310.18851710079076	183.7325678746354	150.9718054144432	107.02177124909574	95.0	87.99999999999999	76.00000000000001	67.0	55.891981537756095	50.00000000000001	46.32687823295474	35.72664836864218	30.50088839075544	31.0	21.539117417118927	16.86045197168454	5.989582943722055	-10.0	5.0	9.86912755686835	11.306648703623122	15.0	13.000000000000002	12.0	9.0	7.0	6.000000000000001	-10.0	-10.0	-10.0	-10.0	-10.0	-10.0	-10.0	-10.0	-10.0	-10.0	-10.0
 -10.0	-10.0	5.0	-10.0	34.38184520060636	-10.0	-10.0	-10.0	-10.0	-10.0	-10.0	-10.0	-10.0	234.52918389076058	-10.0	-10.0	-10.0	-10.0	704.0657414431433	670.5565480065463	680.2462927852524	-10.0	-10.0	-10.0	-10.0	29.111364473555582	502.6189353664163	560.7966597510535	23.30681991657836	-10.0	-10.0	346.8417905831622	-10.0	-10.0	384.1563389528713	422.9795233048614	390.27526687113004	445.39487880460604	338.78830755365675	334.95399126026	507.85475212802726	63.41747572506212	257.4525637986295	90.84739163433656	211.57625587644222	337.3932958391863	465.25	498.1598668855024	593.9342873284343	690.4431730365615	1360.8314300816658	2081.3259124699543	2491.0873855302566	2788.771992153832	2950.756278976784	3002.5821399569163	3247.522656469573	3234.0056532280432	3321.01983213877	3365.9613794507577	3451.2316723066256	3490.2460486548553	3492.1371517640387	3496.1531333979938	3182.9999999999995	2997.024775249859	2970.3204433423316	3018.3791273082056	2797.9096376050775	2805.0	2934.986588988434	2551.342723469891	3256.06351265816	3528.5297379429057	2968.196917020018	3725.358265238011	3530.078926898396	3740.382895473829	3634.926288729268	3348.260330853328	3260.4717331446864	3154.638845873874	2546.102444433259	1895.3937279209517	1686.9803279988762	2225.4219857518465	2510.4185118870005	2615.217816783728	2715.805888213513	2736.8164223118765	2760.0	2773.282856335783	2772.3768394531794	2763.0461344169257	2740.2377745488952	2652.0927945545604	2373.926281147396	1963.9121196840108	1288.1318093749808	378.72107486894214	188.99025843317213	146.9816856424985	105.86210639096028	94.00000000000001	87.0	75.28976558999804	67.50874247471046	62.00000000000001	50.60075168108623	45.00005228279451	41.30969797177029	34.35977384484259	33.0	26.25113663347849	17.999999999999996	9.999999999999998	-10.0	-10.0	11.0	11.000000000000002	15.0	12.0	9.0	6.0	11.0	7.245798185508131	-10.0	-10.0	-10.0	-10.0	-10.0	-10.0	-10.0	-10.0	-10.0	-10.0	-10.0
 -10.0	-10.0	-10.0	-10.0	-10.0	-10.0	-10.0	-10.0	-10.0	-10.0	-10.0	-10.0	54.91476132956646	545.8053432830247	100.28006474643298	210.9764729513788	-10.0	414.33472963060603	592.6210881211526	753.7236545108271	724.8050178006162	-10.0	-10.0	-10.0	-10.0	194.97123889015953	637.5853377858746	215.938831106113	5.0	-10.0	-10.0	175.44628906659867	312.4643845675672	380.2195236111085	341.93698824020095	-10.0	-10.0	-10.0	-10.0	210.7310492860688	9.021072428535705	83.67069638981539	107.23739567785415	73.3356295530464	51.45042228796741	182.96581902174054	277.40223801267695	411.9472800383553	537.2482177330398	965.8571697977811	1611.534510004365	2375.2661130711367	2573.7345409719583	2839.9743937487247	3041.6142559065825	3177.4573600882463	3233.7240837475683	3311.2838434246833	3316.9968353098016	3365.1149730386014	2365.3525500055403	3404.202938203585	3447.9122726207256	3451.1491525314946	3035.626780090193	2773.4089113646987	2853.3603935558185	2807.0771556237737	2243.1711965964564	2920.042951558725	2853.0207310734804	2866.8179053087483	2925.2486584365683	3067.0522728476826	2929.6380815212656	2720.227164087534	3114.1875269261623	3263.114441136799	3219.9526821811382	3090.2488036338655	3045.7289306384587	2591.5624466963536	2465.3990236331456	2295.5902813739026	2237.8368362163214	2419.4298495697585	2581.9275718349877	2663.2006382568165	2731.3086088028203	2761.0000000000005	2795.7159320539627	2786.8953849692293	2801.9262247808983	2785.865840870423	2761.868351928897	2668.507092277697	2456.7198008462024	2003.8516471056853	1328.0981296337707	392.6711611874653	198.97238343343753	145.15465690235163	100.30831139871444	93.0	85.19700724157815	75.0	67.0	62.0	53.0	46.0	40.0	37.42219229894765	35.0	33.0	22.000000000000004	12.0	-10.0	5.0	14.0	9.992936708190422	15.0	10.0	6.0	5.0	7.309133830320146	12.0	-10.0	-10.0	-10.0	-10.0	-10.0	-10.0	-10.0	-10.0	-10.0	-10.0	-10.0
 -10.0	-10.0	-10.0	-10.0	-10.0	-10.0	-10.0	-10.0	-10.0	-10.0	-10.0	-10.0	-10.0	710.6861907336001	-10.0	-10.0	-10.0	585.4498153280302	770.1941913587665	730.6990588999079	-10.0	-10.0	-10.0	-10.0	-10.0	355.14126036198047	709.6026101716404	-10.0	-10.0	-10.0	-10.0	14.671470640410147	-10.0	104.26760283669847	261.809377655958	-10.0	-10.0	-10.0	-10.0	81.71554524287258	-10.0	-10.0	-10.0	194.87520557452766	273.1985608850336	283.60672389091894	367.0047559203249	499.35841279179806	570.1010854126592	1090.222605850975	1843.7846622033892	2405.0364364019006	2662.789899522766	2911.924781846151	3092.179504422266	3174.0000000000005	3224.792267837629	3267.8677455583584	3313.4717691608676	3286.2540704691255	3273.3351594969254	3310.8882992029316	3402.9999999999995	3343.9752578866437	2974.9210524332493	2536.140556781604	2527.2926051752424	2487.234889174237	2247.9917517302842	2560.591387657041	2670.037143803096	2777.593961946837	2254.871144921796	2199.5070341713845	2559.283011825708	2338.9705614910854	3011.582405895336	3097.3732382178564	2791.9086641678023	1768.6135573162885	2894.67916725057	2392.1594925597933	2204.508945403735	2370.26069367906	2406.0	2429.7526491465883	2592.897833738531	2763.8835087318143	2733.256121879186	2776.0	2808.989655221433	2796.9999999999995	2794.0	2786.6192909429565	2772.6598128215155	2748.889892817668	2560.7164045208137	2175.4051577468704	1382.7325801127954	392.3235338303407	200.65663652327908	143.43019690536653	98.84557826592308	91.0	83.0	75.0	66.0	54.06030089619995	48.0	46.0	40.71269417453599	38.62719415209713	36.04427728718609	33.0	26.59752099648276	14.755915787238854	-10.0	9.917206989794845	12.0	13.0	16.0	11.0	5.0	5.0	-10.0	13.03903384045042	5.0	-10.0	-10.0	-10.0	-10.0	-10.0	-10.0	-10.0	-10.0	-10.0	-10.0
 -10.0	-10.0	-10.0	-10.0	-10.0	-10.0	-10.0	-10.0	-10.0	-10.0	-10.0	-10.0	-10.0	946.691313188364	-10.0	-10.0	-10.0	825.7711317230606	799.372985865454	708.5302973165202	-10.0	-10.0	-10.0	-10.0	-10.0	638.360524817368	581.8772767186838	-10.0	-10.0	-10.0	-10.0	-10.0	-10.0	307.27924724313743	248.33380946236446	-10.0	-10.0	-10.0	6.982913174980265	-10.0	-10.0	-10.0	10.897602907162717	30.223156162039118	289.2579006371034	281.48946761528026	346.20549869060966	530.4032298156136	597.2154775635769	784.0546661930716	1803.5674118295221	2462.0638664110375	2714.579222966395	3017.100604454503	3027.0480949966563	3077.230719114544	3201.3498580997757	3205.2956416204283	3220.1748317853817	2998.2179038523896	3203.361572682977	2918.5300628172704	3314.048324818106	3293.0922190261244	3126.315963062446	2673.076936433573	2452.5715904531776	2202.495593534721	2402.0848595256825	2482.5571988383335	1963.3348660072427	2408.6336210178188	2337.747278623761	2428.3862837280903	2440.3369592315344	2649.4859946388415	2871.1623265592743	2839.9651045023584	2824.920425389235	2711.883586744709	2526.4991981482917	2817.001396509232	2767.420439292797	2691.8964467234473	2579.7565618595504	2615.438531653942	2670.663804086811	2769.6069740007097	2766.5243871455878	2777.13251518736	2796.309716882002	2823.0	2800.859561828267	2799.9529258561547	2799.2576907989924	2748.5195014878404	2595.944717564467	2189.763812989142	1615.3506414971519	692.9939348135762	228.70742042197497	144.61544924999296	99.0	86.70811144709872	79.0	72.00000000000001	65.0	52.0006742739409	47.0	45.0	39.0	38.99999999999999	36.0	36.0	31.356591150087162	13.75949101645998	17.773478852210978	8.0	9.0	10.0	17.0	11.206682615402277	6.999999999999999	-10.0	-10.0	13.412287164015003	8.0	-10.0	-10.0	-10.0	-10.0	-10.0	-10.0	-10.0	-10.0	-10.0	-10.0
 -10.0	-10.0	-10.0	-10.0	-10.0	-10.0	-10.0	-10.0	-10.0	-10.0	-10.0	-10.0	-10.0	-10.0	-10.0	-10.0	1027.047983655009	833.235464183799	715.2590935529299	603.2927237432996	191.0567108125418	20.782802806824982	-10.0	-10.0	473.01045127853854	666.9783540369708	593.1162308720785	-10.0	-10.0	-10.0	-10.0	-10.0	-10.0	-10.0	-10.0	232.16163232825835	6.2702421500251715	-10.0	-10.0	-10.0	-10.0	-10.0	-10.0	-10.0	123.23893794281096	128.73115297521548	269.41852827347935	321.7766349722196	526.6386873716831	666.9904432445276	1207.2524731658336	2224.9467365220225	2649.474069016729	2990.981587403334	2969.039433930815	3011.736707390836	3002.1909350659766	2854.6598241684483	2855.554207432531	2930.9899207880735	2895.5762872129385	3027.6443886780467	3266.22952954114	2956.325951063084	2780.832826434036	2649.128572212443	2368.9394917447353	2199.63077156023	2204.4885547629046	2374.4604402375066	1834.367202815542	2373.3813584773598	2337.3111651774852	2116.9190732247775	1373.1047713224298	2151.9396265459854	1486.6052989352984	1782.6654262042748	2407.832218106471	2054.9309020617548	2346.626247987151	2392.832624583973	2450.523014939779	2490.3318237716526	2069.3531982307977	2908.648564364556	2812.2549328733335	2758.26862136568	2774.8887961480727	2828.086211128698	2798.5860305500614	2799.156793558923	2799.0	2799.0	2817.148964364358	2822.0668036036177	2598.8297235973578	2196.2474106821915	1715.8664255142555	1056.877388892638	315.0664172796334	100.07440703599549	99.0	78.94403595844712	74.0	68.0	63.64681438229202	50.04382969489359	46.76413794067571	44.0	38.0	36.229636467943436	35.0	40.781485582300824	35.83104561469147	19.258900557598363	-10.0	-10.0	-10.0	10.256381867360124	15.000000000000004	15.0	8.87540993369808	-10.0	-10.0	11.151002403774086	13.269365889938664	6.0	-10.0	-10.0	-10.0	6.000000000000001	-10.0	-10.0	-10.0	-10.0	-10.0
 -10.0	-10.0	-10.0	-10.0	-10.0	-10.0	-10.0	-10.0	-10.0	-10.0	-10.0	-10.0	576.4145646063562	66.66962886236726	389.1562286311501	993.2906251633351	911.8793484151784	824.0158434068803	696.4085389983303	466.15464871899684	411.11960663164746	535.5777005594897	538.6802182370217	536.3021119791556	693.6281607837965	-10.0	16.090605780413743	-10.0	-10.0	-10.0	-10.0	-10.0	-10.0	-10.0	-10.0	-10.0	17.401769757768555	-10.0	-10.0	-10.0	-10.0	-10.0	-10.0	-10.0	-10.0	204.85868694974593	147.8718872309862	514.5625959096994	614.2943202234947	600.4904001451914	642.5664731943532	2275.3750000000005	2587.476246798562	2813.531319325661	2810.2520316931013	2908.7142869519735	2808.523827334758	2632.195715154898	2797.7295603555513	2453.6715030480236	2863.708358000883	3007.8622572076097	2207.9132761358815	2794.3466762128865	2733.362399821905	2426.9500573749237	2092.59772027177	2205.438282029652	2178.866820071478	2194.146667432246	2288.3704484476984	2284.0	2276.0000000000005	2064.3420120307924	2102.9765064629005	2078.9425591176305	2335.818500872472	1953.3711434731908	1920.2229067915896	2065.444197978999	2569.2927156853802	2726.5102066087097	2424.349248361633	2721.143630492041	3005.5379391520673	2838.85103558243	2847.6885939213216	2798.0543295633406	2879.625	2829.744706788978	2818.224579301748	2799.243878120814	2805.6985487326256	2863.0004391240823	2905.7088360316984	2762.6475016833374	2631.221848060107	2284.4536325542713	1901.5185267282727	1255.5226296080405	304.5223026062548	100.4081605975382	91.62641537667005	80.0	75.71434722365544	68.23889557385556	64.0	54.82091837100628	47.0	40.00000000000001	36.0	33.968144759285366	35.0	36.00000000000001	36.192992759380196	19.603766859525745	-10.0	-10.0	-10.0	-10.0	18.917820212585795	11.602563271530395	5.0	-10.0	-10.0	10.884524259742486	13.999999999999998	8.0	-10.0	-10.0	5.033681728596745	-10.0	-10.0	-10.0	-10.0	-10.0	-10.0
 -10.0	-10.0	-10.0	-10.0	-10.0	-10.0	-10.0	-10.0	-10.0	49.1118232767104	59.235333397413825	230.5248837925447	742.1416827070578	867.1845939141408	947.7017444940157	885.7150425797145	893.6994076817773	728.9757290110558	633.9317886097525	337.59236076434513	332.5091723042465	399.84540746572816	448.4841447181442	220.12042689339455	-10.0	-10.0	-10.0	-10.0	-10.0	-10.0	-10.0	-10.0	-10.0	-10.0	-10.0	83.52181064010396	5.0	-10.0	80.14671482595463	-10.0	87.0447364441857	-10.0	265.50688501366676	-10.0	-10.0	5.0	433.2753077922251	333.3858415747122	294.5083283196903	543.752752204286	870.3153241061775	2149.9262008305564	2520.3339331603047	2671.678699386456	2750.6147443094046	2762.0134234886327	2583.309862268081	2468.8158425349275	2184.6635560700065	2273.545337845043	2458.2307230383904	2484.0406407454275	2519.141282097783	2628.849505019754	2577.9178967806333	1874.7453475435727	2011.563462347468	2115.0585999581153	2134.253780977996	2177.945550407727	2226.928881563367	2274.4993909769078	1846.4255845568762	1984.1781584641458	2108.9156841659656	1749.8070893929992	1996.6728175198143	1875.43064907236	1990.9816434293734	2264.4913750240817	2196.9595104434175	2511.7782562200064	2780.5364099345084	3015.0471846704786	3201.4627158234453	2903.0120724923213	2825.9336786902604	2883.6676992284983	2840.9075911510236	2829.4603461581555	2821.9818704416466	2817.5483165871274	2809.0	2851.7530774315146	2795.129103624512	2750.2373793294096	2675.025576479194	2415.5340903139077	2023.250001782423	1393.016343053107	254.76166798352935	113.93122091189399	99.0	100.0	88.76942507438486	72.0	65.0	56.0	47.24936931513253	40.0	35.84437407136099	34.99999999999999	39.00000000000001	34.0	29.0	25.53432629081134	-10.0	5.0	-10.0	-10.0	18.235811356481275	11.024540577679167	-10.0	8.003401547901857	9.0	10.117979782727438	13.345984200677648	17.0	16.107333202734615	16.9318014977069	15.440262318928239	8.0	-10.0	-10.0	-10.0	-10.0	-10.0
 -10.0	-10.0	-10.0	-10.0	-10.0	-10.0	-10.0	-10.0	664.1544573704103	198.23954180371706	263.752584504695	749.5861052339255	860.1509784750361	928.1002079654951	934.3926408146433	948.2286601250175	790.5885934973514	696.1475622474441	552.0093249634144	403.75864996667224	375.8644382901605	375.9537283291912	319.7326726768125	200.50307990963236	181.7727194136883	176.15006293177862	-10.0	-10.0	-10.0	-10.0	-10.0	-10.0	-10.0	-10.0	-10.0	5.0	-10.0	-10.0	-10.0	-10.0	468.0895449633514	806.8710685512058	196.9942134587884	-10.0	682.9184335443485	-10.0	253.07706043768587	262.2690479767821	325.93860951256306	456.0732446499596	1131.2453718812292	2161.8715795847143	2407.2189565574527	2431.5230035640884	2617.834989320885	2505.845992613027	2141.380628827639	2130.1376299522863	1850.3407932683976	1749.9821470674601	2023.000393738955	2297.722793717455	2221.237947694619	2221.62871873278	2332.136051206716	1770.8779640065598	1866.1413053188328	2000.5668142463571	2035.7787833136686	2144.669626773142	2219.980599986147	2235.1350925653205	1892.088077000883	2115.2415585966255	2067.672997982248	1783.5309296073106	1617.2709040445627	2022.5837451570912	1926.4000832323843	1869.6632635525227	2175.0513442152605	2469.0684400747778	2844.5072958785913	3153.0885541354323	3146.974992655773	3154.2488360342895	2997.871386059663	2910.1010507905467	2800.108748046085	2817.2843771220632	2818.9999999999995	2814.0000000000005	2805.0	2796.048455645922	2799.9249559741106	2749.373340360244	2572.55502646629	2412.551392610021	2012.4700192220919	1506.1829038168744	605.6545389615417	314.2089008195186	173.6714259772318	126.41758158095186	94.0	78.0	69.0	59.40271998551511	49.00000000000001	45.00601009162778	38.0	33.0	30.82989353834809	28.000000000000004	18.0	12.684134262643603	-10.0	-10.0	-10.0	-10.0	-10.0	22.0	17.323782661190425	13.999999999999998	13.0	14.303919357177062	19.0	25.857581223419963	24.999999999999996	18.35374397998087	9.187373104412567	15.0	5.0	-10.0	-10.0	-10.0	-10.0
 -10.0	-10.0	-10.0	869.9765863562633	-10.0	-10.0	-10.0	132.93731988274618	399.7390325483963	639.9330061755452	900.8665536646679	832.8772183991781	888.4208969290878	923.8128437226185	898.3851439852858	859.3315262276443	760.7567647342678	668.4814474032892	594.2580901778415	525.6877420903772	450.74053736037547	404.695748731687	329.12324557550437	286.8033667622989	220.55027759686405	277.2314961130257	94.0762986386285	118.43699074149455	528.357748392332	-10.0	-10.0	-10.0	-10.0	-10.0	-10.0	-10.0	-10.0	-10.0	-10.0	-10.0	605.3515382098877	-10.0	-10.0	-10.0	9.562541325937614	-10.0	109.95990265229689	374.541212444169	340.0265634801253	449.2454915784735	1513.7445138647327	2119.1015579924956	2243.1856882666357	2347.449630455187	1990.3318927151681	2047.834892049789	1664.227254518964	1603.7727979868619	1491.9219627982739	1677.7245075464027	1944.6228901847446	1951.9319242641286	1339.0056934418635	1772.6780774881308	2000.516968519869	1776.251597510368	1868.3209848351833	1958.4720647235122	2243.439729962329	2297.656324283714	2506.012965308979	1988.442753494338	2605.9954895742353	2375.2846318453894	1844.8833774929703	1851.4892387040668	1656.348954032948	1775.8273555604756	1673.8644117926913	2220.9568030429937	2385.019718698061	3002.4329370829905	3155.3230582949145	3234.859536403496	3209.697361069037	3229.4371389240628	3162.8359436600076	2867.8394631285305	2684.468777413908	2802.148268162361	2794.4508406985447	2810.0000000000005	2801.9999999999995	2763.0	2729.932803691139	2673.8702047472607	2605.229945022288	2428.7278129825295	2179.6760580078258	1922.210638525134	1468.6074241584554	932.3008879648017	386.30352750924544	180.9109286721693	96.06238862305969	84.0	74.35215172179593	65.0	57.00000000000001	47.92331614312762	40.65413135627506	32.0	25.327917025080367	24.0	20.461122493916662	5.0	7.01888982864104	-10.0	-10.0	-10.0	-10.0	14.63270918219651	18.463002263145807	19.04923131183905	18.0	19.708920277102244	22.0	18.0	20.0	22.0	18.4081553807155	16.422448231687344	-10.0	-10.0	-10.0	-10.0	-10.0
 -10.0	-10.0	-10.0	-10.0	397.18877861320385	643.1979402786593	114.57210447714732	290.37182841635257	1001.4636810958143	1078.6239350965445	1108.9136287734352	1074.972868448197	1111.3999251114044	1074.5670137243658	939.426565965652	880.2164862371587	783.9189612183696	720.641176311619	736.455645157349	704.9046105558044	596.8059766290232	451.68120112208874	361.2044299116235	334.00000000000006	314.62323642452975	97.68892118186854	107.37395255537726	350.11119148652006	197.9588016237112	75.29253284898525	116.19535918351883	-10.0	-10.0	-10.0	-10.0	-10.0	-10.0	-10.0	185.3290855095357	554.0874786628286	-10.0	-10.0	-10.0	-10.0	-10.0	-10.0	229.37017170043467	243.81193547589268	388.22609878160006	580.1546789650538	1707.235657233371	2034.0	1744.5064724371925	2016.3046194343428	1702.9088564845333	1838.733998270986	1493.5211066822499	1396.447657456011	1604.013468479839	1825.5135354606655	1441.390145708297	1402.9193207705885	1153.1504242724368	1781.3667683564797	1769.386910322118	1514.569531334623	1488.7189959563248	1677.1171417129026	2368.9247788267967	2523.4324313217903	2796.293638919624	2958.2682350812433	2851.3375630405353	2551.95026561318	2432.342995300445	2433.5913923159314	1823.015325192419	2156.3656394390564	2431.128876244833	2268.7709071047484	2754.0059240256187	3144.262808345845	2441.285487606756	3237.0864858605973	3372.16192990168	3329.177107246122	3172.7378678844284	2828.034141771073	2470.406045200869	2320.5478745325495	2589.0819095605157	2735.729294976256	2761.8560994222744	2725.0	2670.534640537523	2620.919683307999	2601.0	2529.631265018922	2249.74506219096	1992.9764107846408	1644.894113517537	1245.556259485924	799.2208999964844	206.2648018232312	108.8449101031905	89.99999999999999	80.67617668762182	70.0	59.0	52.0	41.53874635436739	35.0	26.000000000000004	20.0	24.0	15.000000000000002	-10.0	-10.0	-10.0	-10.0	-10.0	21.27314212488892	17.0	17.0	19.2962843967171	21.0	23.000000000000004	21.0	13.999999999999998	20.0	21.46450441542331	17.999999999999996	14.173139522502073	-10.0	-10.0	-10.0	-10.0
 -10.0	-10.0	-10.0	-10.0	294.96671430858953	167.26668131185312	666.0353194793731	1237.6431471381484	1691.6905015141233	1570.3889667746425	1504.7080206812232	1381.541706741572	1256.890801644742	1194.606640941745	1126.2229368301878	1069.758067834394	970.0866379301045	957.146247276999	894.4283078715782	766.708371353221	652.9595157586882	477.1596782264866	391.13157640840905	411.2158271054603	481.2816275612979	459.3411701999517	512.2690520090507	559.9733659796382	557.6039626125634	507.9940370837188	-10.0	-10.0	-10.0	-10.0	-10.0	-10.0	-10.0	-10.0	-10.0	259.9521549190948	-10.0	-10.0	-10.0	-10.0	-10.0	-10.0	237.13850198807415	236.92585561344995	352.9633746813672	1238.715117534899	1868.4999999999998	1916.878990546284	1213.5115114718383	2117.5607003673335	1567.5952056914934	1559.1968730889528	1368.593118920416	1446.3115945913873	1310.0397392621371	1378.0218958600328	1202.5322766816785	1380.7348964334815	1219.8086857390467	1418.876491096157	1392.089857179614	1377.5358444206504	1610.140353165786	2212.414048726482	2293.1243327332136	2399.3060180412403	3074.2679802344014	3360.0521234136772	3366.4263984001987	2770.7591685776683	2649.232227810606	2393.734802467767	2661.3767244793853	2759.9408085829987	2891.7556848847953	2667.5178261451083	2807.7954714721013	3267.760370153101	3326.8831300832544	3293.1870792802774	3375.5712308229226	3373.333800683157	3390.3783196679074	3362.696485770286	2378.2287625057484	1083.9453721509408	2753.0097141908263	2762.3344111079678	2767.2070535097937	2759.8802066992976	2629.3169272304713	2604.844323994565	2585.907671297112	2453.2926459537453	2217.560160002652	2068.7716976982388	1799.4835931440236	1419.6217024315652	874.9534396380033	188.16758977506117	197.54276677926438	204.51880933096584	96.22191083237107	72.47039207324858	62.254720611916284	54.9813878517878	49.0	40.0	30.0	20.0	19.66293850133551	22.0	11.377563927943603	-10.0	-10.0	-10.0	20.000000000000004	23.000000000000007	26.0	20.0	21.50047911320223	24.0	24.000000000000004	17.209427648025024	16.0	20.0	22.0	14.981767032573941	12.000000000000002	7.0	-10.0	-10.0	-10.0
 10.174909240138506	10.174909240138506	-10.0	45.82889196103905	202.08466550767992	253.27017097975047	1367.4422116955914	1783.851520812063	1922.0542995919554	1836.4093058556011	1817.8496830397771	1748.1598747607204	1616.0881181166699	1428.3303707545106	1335.0116969351377	1267.4086889554064	1257.5640330807537	1207.0751043491432	912.1282270767475	761.9454583838019	629.9383830296135	476.6694976545908	376.70866673147697	475.2574504594453	608.9920603827331	404.0357561919684	513.3005353707091	700.5	695.803246643939	633.3651921856682	34.99459138124467	-10.0	-10.0	-10.0	-10.0	-10.0	-10.0	-10.0	-10.0	227.54231440929865	-10.0	-10.0	-10.0	-10.0	-10.0	-10.0	145.79386011934957	226.57958291094673	319.9483816624627	1322.6274890661487	1665.8594407876653	1459.087519946327	1989.0952375845761	1998.6806168838998	1852.261537171813	1922.220048907107	1820.0981603198309	1680.066055743472	1362.5101275713116	2056.5338791795702	1211.2577653048152	1684.546363473554	2260.084155240827	2426.18871807673	2140.4599908958744	2220.1065156866916	1846.137329530101	2183.7939266728254	2610.242017452929	2980.181367693316	2988.1369480211224	3399.2985305032316	3666.039449442545	3839.8424950310327	3830.31353078328	3695.712383162461	3119.537766143023	2337.706936352162	2658.539351540028	2583.085134040179	2902.279530222505	3176.350366519632	3400.0	3390.0639238950216	3153.527323778621	3551.533398195722	3308.7399175777027	1791.5807975462697	2567.9441684036087	2760.511059723798	2664.756616454778	2691.073560841249	2725.7832071947605	2719.2979538117415	2609.4661642304864	2549.2727787683993	2423.111703192021	2178.8326108003766	2039.5616624717175	2037.702457773233	1817.8260718386796	1600.7920086902957	1350.5170073607826	1110.9932299700404	932.7802064001371	389.0519964755199	93.02141639131214	80.38708147285624	70.0958200501527	60.82158761670929	52.138307320939646	46.0	34.3351987220927	26.999999999999993	24.0	23.0	21.0	18.775941714881437	20.0	18.999999999999996	27.0	29.0	24.821237623170642	25.989474382947108	16.0	17.0	17.0	14.325998131459448	15.838569373750511	19.33407615634658	21.0	17.0	5.913354164524815	-10.0	-10.0	-10.0	-10.0
 20.8826410465186	20.8826410465186	105.75816083977726	122.52716132249742	200.28282746769082	1273.400980345051	1907.2124510168837	2160.5144020587195	2179.416971780628	2103.8489245194833	2083.720830571875	1996.7293088310626	1937.3014853602606	1821.4804969195015	1725.9860908452888	1650.2923003875756	1596.5482026374218	1421.599211292947	951.79617997068	634.1883662283308	600.7569777928752	508.6975328990973	435.09118439284964	558.2433653165292	421.23310044373744	278.9839978356888	298.1906876887068	263.89549183153093	245.5084747078902	429.61139881149677	634.4950850796558	304.49477289199757	-10.0	261.5170398384764	53.14458777173195	-10.0	-10.0	-10.0	-10.0	-10.0	64.30010310921269	-10.0	-10.0	-10.0	-10.0	104.38256664986933	98.04228771144817	249.34485780207834	257.246073935705	1109.8897564845904	1578.1380650901024	1425.8074011049866	1675.7056221746182	1979.2606162719883	1413.880249134985	1370.062142926768	1985.2697244645003	1978.6916214953217	1595.6130667781788	1146.6124878326568	1610.554078432333	1416.6944986079347	1184.0214878183795	1212.8875962744735	1531.3595285864208	2039.8696410231137	2287.993297100931	2662.2238195613154	2779.7158717607253	3100.6731571090213	3479.2453357679956	3274.332464725565	3859.121649769441	3863.955352757417	3889.6730809607066	3909.912511699794	3916.695400688564	3660.0175405230216	2454.483065051833	2384.6520050383974	2857.7462627399855	3401.0043592382913	3536.18421512585	3274.9041092899356	3440.826419712491	3177.1033720966975	2491.6993218556545	2809.0	2587.7179496732388	2324.2914496993426	2587.8626733957535	2629.313293391198	2600.3639773415707	2600.9821254459807	2492.0568718522	2119.638892998457	2222.02148634363	1972.2449198262395	1864.661769899194	1441.8847877283217	1695.0821986555625	1709.5050617175987	1908.59066308248	1743.2585867929508	1245.8118125735186	464.69394318441033	312.92190445411	150.52359639653716	114.26970793693648	70.64114729381846	59.0	51.43013849227787	42.979122421118845	30.0	27.0	24.0	23.95388282806236	23.0	30.66182744480878	39.0	31.990737007053802	23.006084636091305	19.000000000000004	7.0	10.0	14.0	15.0	14.327179226228338	12.464663323551658	19.0	20.0	20.0	12.930196689223123	-10.0	-10.0	-10.0	-10.0
 123.13514685992425	123.13514685992425	166.67392148847142	666.9177092687869	1301.8383593292417	1840.51095624438	2165.052036504711	2291.7722619704823	2322.264356610326	2294.237125340316	2283.4342300364174	2241.80413899553	2180.8339646347295	2109.5676582255946	1998.436235412762	1951.2719508443788	1793.9074630552532	1588.0622163020676	951.9126190475799	666.9263724319634	583.4437901921996	538.8268484573804	636.3124864640125	287.6388223254615	461.7082200868874	304.7602670016331	921.9862544691134	10.325589495298868	75.69231076224192	129.44950159932898	278.69501461088436	576.0948388580533	370.77618423779836	132.83456816835366	96.35216470204227	-10.0	-10.0	-10.0	-10.0	-10.0	-10.0	29.22014553795026	-10.0	-10.0	-10.0	-10.0	-10.0	326.3153532705653	232.58693498280402	888.8253804763085	1544.3651491732635	1642.1924781609648	1805.0078292733742	1932.5702802675005	1948.6307954014364	2007.5823087235044	1746.083110526991	1213.177590599119	1753.3725956629737	1596.325558408534	1507.9258687677145	1498.9496309164974	1277.0118559525843	1648.5404965951693	1850.3518451331258	2062.0276591390816	2387.189179405979	2420.669166586693	1749.0084334392366	3295.9352111607714	3392.3682542050888	3583.7748953180767	3773.5	3941.8411739901862	3928.355747084396	3896.311708406105	3905.6537719300172	3880.976948137523	3197.2983502441366	3403.697287187187	3265.038765314321	3701.578969467778	3607.3575309433327	3581.334412019828	2553.8153123741035	2782.708533147875	2168.2735578458014	1611.6404623168262	2222.159792706184	2456.281486139479	2338.3836993444115	2229.26574052648	2273.881999799713	2366.3467357331865	2301.8434053214455	2014.7572639308144	1821.6807139575442	1505.7135194695318	909.8524645460767	1660.6020004163447	1654.76408128283	1588.027041832604	2200.437456076617	2367.0865838294535	2359.0400380812516	1565.3754011643016	1687.2438736104673	1298.0150431458515	256.18475214746945	78.58525312010173	65.69290011840513	58.0	50.0	40.67367502444401	31.000000000000004	27.0	25.0	30.07752534924772	39.0	32.0	21.0	18.0	14.650234701945772	10.0	8.0	10.505259427080096	19.0	14.000000000000004	14.0	22.45598256959791	20.0	18.0	18.0	16.02291458127819	15.508007886386855	-10.0	-10.0
 653.857974595297	653.857974595297	1227.5231144316292	1638.0609024887701	1914.6663314070997	2184.5223746535544	2267.2558781404023	2314.5731611072233	2333.3798288507483	2330.3372458541908	2377.750779210596	2345.7869649086397	2303.0687547660445	2271.4709959635347	2186.168847380328	2095.949996365962	1998.1034688038594	1814.4055650042433	1070.3081126447146	604.7834410664213	502.8939283817236	464.47804195936044	170.24082033888564	-10.0	68.31972463894849	-10.0	180.90964106561427	45.38401347707811	-10.0	-10.0	-10.0	213.7823033208666	258.9973072563081	221.79256198623924	256.69156391095623	-10.0	-10.0	-10.0	-10.0	-10.0	-10.0	-10.0	-10.0	-10.0	-10.0	-10.0	6.880953302557493	172.80583771589835	270.37058568018404	481.05471923015307	1598.1151806122052	1685.0	1794.1859632703388	1804.359116713604	1933.5387155953747	1804.6859041178323	1625.7904420742434	1535.0608357721921	1838.1266907824606	1542.4078927248047	1657.4326181671213	1958.5109374873632	2002.595335320086	2250.619477853357	2332.910133226212	2604.4276983259892	2647.2874524570907	2750.0011921271316	3085.417912881172	3162.7205801978325	3100.127016163591	3030.475953963218	3669.6768470655365	3801.982632880502	3829.062803621649	3943.715369728889	3922.1681814916647	3936.4069417129667	3929.1790275979242	3867.4880722898233	3871.7887473894843	3653.211536904926	3170.620419804871	2521.2512270543903	2473.982931205782	2039.9110679585397	2091.5469870741995	2008.4000352405133	1417.0436049919463	2052.023530662944	1763.7447498857498	1903.618295050168	1955.809807540798	1869.2585282629238	1704.6045583964074	1278.9937915537314	1484.9946671441924	1040.001299098489	1323.8705303242814	1422.527693151543	1943.7900533129718	2099.64763208715	2589.0846881228276	2854.9544461582686	2847.2903652194013	2776.371609469694	2327.201546644089	2203.3937545071453	1386.7546991960862	109.80358423060613	80.3230039816998	65.0	56.0	46.49453654963504	32.0	32.0	35.0	46.0	28.0	18.075984541281898	15.000000000000002	15.0	16.343198844856246	16.63087244313165	12.000000000000002	19.000000000000004	21.874776878382818	22.379395736978044	24.0	22.028025455656966	18.0	15.732828004761243	16.0	13.772766011595309	13.0	-10.0	-10.0
 1482.3060469177624	1482.3060469177624	1864.0047581318918	2075.8957330368075	2182.3325894036416	2247.1739622648706	2284.6733902106575	2315.437548833209	2327.365373452875	2358.1521239747126	2339.9799171432687	2344.0	2357.2358451044133	2329.0	2291.195805686107	2238.039650367983	2153.87462589128	1750.4784114796898	540.1598221061101	367.2234699914378	331.13840153381847	230.3046365314057	-10.0	-10.0	-10.0	-10.0	347.08680443981774	-10.0	-10.0	-10.0	-10.0	-10.0	307.3512824196854	186.3043784699933	227.1283544938225	-10.0	-10.0	-10.0	-10.0	-10.0	-10.0	-10.0	-10.0	-10.0	-10.0	-10.0	-10.0	722.1609587202393	556.2639950088903	562.3534516795037	1356.8870981488096	1608.755574287576	1755.6652409722149	1638.4753888871705	2061.9927143904824	2042.3579716589804	1860.8668211167558	1904.100546471628	1768.3939048953318	1987.3690772088746	2145.4577748033753	2188.7551333064603	1841.8973813535001	2183.3147504380922	1586.0316108293648	1959.7668142461391	2933.74910317245	2962.5766091773767	3149.7771012013027	3068.541956251669	2625.2925396978453	2802.7578381080434	3271.7343670132295	3885.053780248086	3871.483294069404	3954.667782520827	3958.7579011419853	3961.390946370329	3906.9501021344377	3938.6561979760254	3890.908855165766	1017.9778266386309	2346.0811490078613	1737.1842749127145	764.2151727805095	1425.11449912939	1484.2262658872369	1219.822372141437	1810.1284466883994	1229.032590190383	1168.3918746948814	1336.51110534301	1141.6357351362024	1825.0540524587045	1853.2182831254054	2190.561717838504	2290.5062682553194	2175.170385276808	2837.1779592624707	1831.8574423735483	2177.8318978084385	2803.104861910821	3276.531144454517	3188.1517881505247	3177.7441350469544	3065.5018590657137	2971.593573427119	2378.6224507183706	1725.0	889.7120869546309	117.94553968799393	73.86220460342531	65.0	53.968408932911416	40.00000000000001	40.0	51.0	43.410625413863244	25.401230636673315	19.0	24.548778673117038	21.0	21.954216095382534	27.0	25.02541844959703	20.0	20.0	23.0	20.0	9.60143053460929	5.0	5.0	5.0	5.0	13.0	-10.0	-10.0
 2079.2770953169356	2079.2770953169356	2092.161578695715	2158.8520829792374	2194.1465174129307	2236.947105095022	2278.1053245995327	2299.0866942901393	2317.8954260868472	2338.579473698651	2311.864431955014	2298.4246091078344	2287.223119998543	2292.4465058167452	2218.463911608841	2217.5984146737924	2009.7554673221775	1057.1149205901233	337.80310519485795	347.6930490386754	476.2548522130495	26.0576850213956	323.94078782107476	-10.0	-10.0	-10.0	-10.0	-10.0	-10.0	-10.0	-10.0	-10.0	252.13592299756618	201.9452966754353	157.78014931898127	238.14222574953166	64.89421720141343	-10.0	-10.0	-10.0	-10.0	-10.0	-10.0	-10.0	-10.0	-10.0	-10.0	160.46174285593125	199.53416889844092	458.6050163007085	1421.726344577328	1468.117970567704	1474.3614822006925	1753.767682144583	2098.9024165154533	2023.4930560183968	2029.5177244294055	1985.081676185332	2195.595989118604	2396.8287854793107	2059.113135140492	2015.9887907470913	2542.8307298960144	2716.552929010609	3054.093536671371	3291.214824893115	2773.015513781314	3158.490516821109	3270.8045938858813	3229.2504137443507	2636.480275173564	2659.938070620399	3755.442251973553	3876.338504593771	3912.4049416310386	3952.575357491678	3953.1674633105067	3959.620642036572	3899.387645057171	3976.397238021355	1845.9137207698939	1251.7501808920995	1279.3322610838031	684.0	1347.6201908287476	1726.4617265003785	2633.0958736658713	2580.417199063544	2815.2681973810377	2594.287970473361	1985.5626355947206	2257.915783852325	2330.8439839968237	2759.3556001900074	2437.4795220872365	3295.155527870304	3518.227010391114	3429.3473992379018	3410.9216823923566	3054.1754152279436	2972.2129919128515	3355.136745459	3407.1424551402492	3393.6388505544114	3337.708691647351	3218.6942504517087	3046.433502237296	2915.1054285191285	2925.977089067846	2222.3499329548613	1362.8310893935318	176.69112532146875	73.0	64.0712091625423	56.16686064585868	55.0	50.999999999999986	49.00000000000001	46.99999999999999	47.87104619130905	46.577504430839994	39.99999999999999	33.74672175798338	32.09793807317019	15.0	8.02620664198846	13.999999999999998	14.43885391911935	5.0	-10.0	-10.0	-10.0	5.0	-10.0	-10.0	-10.0	-10.0
 2090.2591063699156	2090.2591063699156	2160.0637861964246	2162.6172554255695	2194.219788426557	2232.859763246805	2263.5230595085727	2270.9513727422927	2262.1534974353203	2247.0042608356357	2182.9996565904285	2047.2950655641166	1836.5385804439961	1468.1170600473147	1233.6534104989096	1531.0478393809326	928.9211285229454	388.85614339949734	297.9600538439555	209.6722880102252	590.1528887687216	269.65466513211487	284.5345854862517	-10.0	-10.0	-10.0	-10.0	298.74621089921413	-10.0	-10.0	-10.0	-10.0	19.215701560802728	271.2809318433918	104.76775985934864	177.62048381482217	283.5089717252407	-10.0	-10.0	-10.0	-10.0	-10.0	-10.0	-10.0	-10.0	-10.0	-10.0	109.90965471947692	195.299654578155	366.050521577661	1251.9870858018758	1336.5703299347788	1198.6548398322338	1193.4805460327416	1822.2006303033781	1995.3144079304097	1997.7704651005374	2194.204529848139	2467.025155009858	2590.286110504938	2439.0855737631787	2091.7312017990917	2328.7131005729634	2678.685173705388	3206.857235383428	2835.2108903349445	3265.9197024058235	3333.121829757572	3601.855405137475	3678.372839166589	3551.8385957315086	3810.531415038254	3869.7105282009	3872.3338465076476	3907.201085994149	3955.8757662242615	3943.6141956175647	3972.8881586320354	3778.611053832214	2435.189859974799	1374.24232705319	1237.3106320747233	779.900438003198	915.073069291555	1313.2922863685621	2538.8905334940787	3182.1175204423566	3328.3045249221877	3346.237429634275	3376.416017916498	3633.815275820391	3337.5031878187397	3779.4498019430985	3812.6894303586723	3892.923609775801	3948.3448830690377	3882.298010183328	3762.7767074384283	3707.9356323868947	3645.5498993580427	3762.321033158454	3638.22490348491	3598.497747746442	3573.4324339889527	3447.371702905749	3305.9289605626054	3186.9915538433106	3019.9955633238933	2741.172272419228	1983.7961067672572	1806.5316764503177	1390.1596520666562	82.57565238833888	71.0	61.0	61.94365979908322	64.02620272556744	54.0	51.3990558212047	47.0	41.0	39.0	39.55245690625679	36.0	25.049811469928432	20.911170241221225	21.67723935615225	5.0	-10.0	-10.0	-10.0	-10.0	-10.0	-10.0	-10.0	-10.0	-10.0
 2037.0985422772105	2037.0985422772105	2066.523655727842	2121.956877018783	2179.248077799626	2203.535086666566	2222.1872553078465	2209.171862688496	2208.0898621166903	2132.94113845055	1983.3754129292793	1460.4692034575742	570.2239552132976	710.8959271003223	792.5605995589884	522.8052839771051	392.3747446274773	263.93901474106053	167.40677483224536	166.87646578296727	739.8587686861173	305.58104432497913	-10.0	-10.0	-10.0	-10.0	-10.0	-10.0	-10.0	-10.0	-10.0	-10.0	-10.0	412.0092045448763	139.71207970039958	87.03360418158056	-10.0	357.1245851849002	-10.0	-10.0	-10.0	-10.0	-10.0	-10.0	-10.0	-10.0	-10.0	153.47737479678597	169.66877818399587	382.70372494714843	1197.8295931022444	1185.4191999567097	999.7195446318797	1164.8269277089491	1688.953166806345	2043.9461072517024	2100.788599127454	2264.882729812292	2563.0333242783004	2703.7793119524445	2680.8355342714126	2327.902541328217	2232.0514981620627	2407.7467455401506	3185.5709839651	3258.922286016468	3272.415139918966	3432.7166675472454	3759.2286670163303	3624.319604975741	3940.08152411505	3953.1560843800717	3929.6301148109333	3901.0	3960.9112353983332	3959.637025176119	3945.2281099838638	3952.939508379761	2279.4491201289306	1223.7872221382283	1241.101384561949	914.7224967626455	919.9196918437295	2331.215084782654	2899.1523611716843	3425.5888661985537	3245.1430361859984	3778.07952666043	3770.6076030988957	4129.354231232569	4089.234778218898	4168.965646881186	4117.079630081169	4099.9585660935245	4001.3045509268823	3900.2463784328797	3998.66629093602	3989.1335017892297	3940.1110743203226	3917.076589914883	3849.2838956591268	3792.0	3773.0215370556325	3637.810316923439	3516.1031333437886	3372.5242420419154	3194.2849014007065	3154.0377041955358	2785.375604481937	2544.3825286700867	2025.5901186681685	1848.8900434288676	1032.4721137930437	100.79105150655131	74.6521538339713	69.0	60.0	47.99999999999999	45.0	43.0	40.0	35.0	32.0	30.0	34.085530302325196	28.696734288625596	15.35784336623432	5.0	-10.0	-10.0	-10.0	-10.0	-10.0	-10.0	-10.0	-10.0	-10.0
 1701.4949098065745	1701.4949098065745	1764.9701861801595	1835.6225304506054	1988.7347474321293	2032.0792644599767	2067.94831496176	2030.9120214661323	1735.8003031110843	1606.6580451118057	1665.4255545337687	482.29960532324196	512.3374735478811	645.1456123565691	682.2991828766327	353.3335265704859	267.17000159596444	161.35881052345172	166.66906398145156	238.28290205430443	602.8194968005303	420.7666014882928	56.956164210970556	-10.0	-10.0	-10.0	-10.0	-10.0	-10.0	-10.0	-10.0	-10.0	-10.0	122.86303401785696	197.44946865453045	61.6450232584109	-10.0	-10.0	362.34838710457086	-10.0	143.98578778707048	-10.0	-10.0	-10.0	-10.0	-10.0	301.4878093090235	250.68432276031047	141.50768671815695	303.06149013194073	1110.6524395785573	1072.8924780990849	819.1036785791417	925.6939125646552	1295.6103586083857	1844.8737997432747	2038.1032192545379	2192.266578661798	2384.7786931179116	2751.6021117222017	2740.975063909159	2323.151100723165	1958.4235752461686	1897.4255266836087	2507.8974881156078	2909.2502023119087	2455.5540383817106	3920.2523734783636	3939.8324987870656	3965.423159698663	3905.1846319397328	3951.777934312539	3953.7776517609277	3957.949784344757	3966.0889384170787	3934.1760097112765	3927.782732652273	3677.707335179571	1627.7960544333916	972.0724660321615	1422.566953815478	928.3626101970718	2595.4521260837487	3309.637494780547	3613.5012712617468	3954.8433200126046	3949.0841755889915	4122.573305849971	4190.0	4167.316799374137	4188.47818303407	4168.192322134571	4134.179268058429	4244.593589086728	4111.760649195148	4082.628251555613	4044.121793804912	4005.0	3965.8443239945645	3942.382881157034	3888.5337550095874	3828.090365388819	3771.6380359571713	3653.410501243001	3489.9802132852574	3404.4113490989207	3234.2637676573204	3065.662036197944	2868.3524051215973	2658.6003805084256	2564.6027298859	2287.6747593784453	1293.21081980524	346.56777413644505	99.68953606903412	68.08982681294817	57.0	50.368480608195696	45.0	44.0	41.0	36.0	36.0	24.0	34.0	26.000000000000004	14.0	-10.0	-10.0	-10.0	-10.0	-10.0	-10.0	-10.0	-10.0	-10.0	-10.0
 748.6004664603959	748.6004664603959	911.4869611811255	1390.5369152762437	1524.48760467396	1576.2590411161775	1586.8188779327543	1584.1923978148536	761.2103794284386	589.1831947763544	511.51233168662907	368.97274328272977	466.693279679404	576.456838065047	637.2024885810223	652.7535777821652	548.4853301056191	577.6041479970129	757.21350953679	984.8711832184133	518.0658341597185	246.5004419152692	-10.0	-10.0	-10.0	-10.0	-10.0	-10.0	-10.0	-10.0	-10.0	-10.0	-10.0	-10.0	-10.0	-10.0	-10.0	-10.0	-10.0	482.0341489443448	-10.0	-10.0	-10.0	-10.0	-10.0	47.44431047743765	278.4660221203411	238.19438904188289	210.5750455215915	383.6985556874319	1233.2750171749763	1125.6563151981056	544.2264942404596	585.2393443894795	991.3388628163771	1717.891485157613	1827.9963239763047	2152.5224794905944	2360.6873313276565	2667.136057465749	2772.9411601128404	2334.109091469066	1595.578802861711	1400.5648129260421	2273.411738583594	3195.6761953314585	3478.320694957805	2810.0024217310056	2940.1601657546066	2105.078682854057	1360.2576136587356	1293.3575528919228	1056.6043073239957	2705.6792336794088	3212.351425349011	3716.0966428975007	2534.6726936548566	1343.5434610304585	1014.0947906233572	2219.328113541902	2044.733315058195	2668.8633945923366	3254.085490594095	3780.5916026045415	3944.45292616389	4202.475984329301	4198.1767383838405	4225.003134101272	4206.823204762666	4191.5634979108245	4198.881390615668	4180.22485289931	4253.274930625388	4182.875683536446	4148.281061104193	4098.086053621587	4055.1415449477863	4018.7609864743126	3984.1706095237296	3896.6089428715336	3896.3096736673224	3830.3544760176965	3765.744608866106	3639.5681537926653	3493.2879101910976	3384.843370862055	3228.0449997009564	3046.115032838461	2993.4084337094646	2816.6139820354874	2599.749163485561	2214.507350236276	2060.406190366019	1661.5162979555741	649.299109359945	77.58246925974312	60.00000000000001	50.21349589090395	49.0	45.0	31.671581826712277	31.755001113330824	31.0	40.0	29.46292380553083	12.552155893342036	5.0	-10.0	-10.0	-10.0	-10.0	-10.0	-10.0	-10.0	-10.0	-10.0	-10.0
 658.6460393740363	658.6460393740363	547.1868693256276	606.9415202966713	687.0689078987839	805.77530799477	819.4101042275208	802.6371870184144	514.7079935725833	721.3304674397741	360.2748775601176	378.95280470156786	368.37564593691485	510.28793867729814	618.2817773302958	728.4652633991142	739.9828197270294	802.8600808408306	644.3702731626784	371.9600880835898	413.784477804908	111.463086464995	-10.0	-10.0	-10.0	-10.0	-10.0	-10.0	-10.0	-10.0	-10.0	-10.0	-10.0	-10.0	-10.0	-10.0	-10.0	-10.0	-10.0	396.0067242702618	402.65503166598495	621.9435268952317	-10.0	-10.0	-10.0	135.12506027083944	87.10069704169784	210.49572706170073	295.55605861331327	715.9227650339938	1439.627881190135	1084.0853280771364	579.5830718524986	419.06387473752386	826.7440152562568	1162.2013724558687	1766.502890088637	1867.9077379457356	1977.9743101775946	2492.0	1636.4602998970245	2552.2713202995574	2390.975322821419	2638.5440594531174	2092.496970023692	1622.3576660232927	1756.983712445644	1241.9265425580274	1312.3248108641017	1586.7028787333206	2672.125354803599	2808.7468485307954	2614.3426120530085	2675.5	2703.4947684902295	1408.2617952881324	1146.7030178900955	1138.8507964474404	1987.738818184846	2444.8932501758723	2651.3085579567773	3608.1534290193426	4028.3699052000284	4198.41323903308	4230.0	4241.0	4270.200442739071	4258.119952173805	4230.0	4231.932420953712	4221.821341602326	4251.588489866655	4251.961969922102	4200.844462225557	4172.960594635489	4106.984371568559	4050.6636693152022	4010.6911551623407	4006.0	3981.4214919151827	3988.956500145996	3817.806581479542	3779.520358282074	3619.326448217147	3426.7594923047777	3361.105557581561	3199.1962205769482	3013.563034137174	2940.8275782026576	2974.483236109168	2603.6891546213583	2213.347568725707	2019.9394248464268	1600.0995695311235	724.1641168310368	103.77526751510435	86.0	56.16816920522498	51.99999999999999	52.0	45.0	33.99999999999999	39.754284290649885	36.51726770658142	23.21088111281817	12.0	-10.0	-10.0	-10.0	-10.0	-10.0	-10.0	-10.0	-10.0	-10.0	-10.0	-10.0
 548.8787090319954	548.8787090319954	544.770003734129	378.25006138022815	366.09370991415045	408.83983605721266	435.6971848700636	352.33108051265583	286.86828404119245	466.70094715533247	655.8183840296194	367.01292270486454	249.8661699410018	324.8930935763316	541.2682909975903	806.5828548783651	821.8136106789152	253.12644328769355	660.1288683975006	295.1027173490023	-10.0	-10.0	-10.0	-10.0	-10.0	-10.0	-10.0	-10.0	-10.0	-10.0	-10.0	-10.0	-10.0	-10.0	-10.0	-10.0	-10.0	-10.0	-10.0	-10.0	-10.0	-10.0	480.7550003964685	-10.0	90.61501816210364	95.81077181818176	147.99501595732494	227.6991348020759	497.330977494393	1212.3782548576291	1714.336317208974	1473.2605419966662	630.4572778098188	396.6609687937292	465.0725996552373	716.4635362176518	1198.3653662399847	1849.712103987071	2048.8835812183747	2296.6281478973146	2083.9205514081596	1365.8539921496158	1145.8054950143733	1603.3639428234026	1468.9107594714303	1426.4949271313526	1315.3830255959583	1547.516980685375	2232.8781159723953	3777.2552690689704	4163.835042622763	4159.585834905569	3507.284319688532	1203.5670034910372	1336.9205864439978	1230.668701222578	1393.453135137223	1474.8421627821876	2510.4267190788355	2661.135654584644	3670.816133234781	4214.931185115298	4230.207929447136	4319.115100394239	4273.962594707851	4264.0	4266.0	4313.581485018814	4259.895363265807	4246.267570066875	4236.0	4219.824313420462	4237.27868097437	4200.6881059809975	4148.090682020998	4067.8635213273496	4023.9165228857155	3886.68884445116	3866.2114698631963	3599.066652481823	3637.2020178637677	3715.4075698616516	3604.938194444646	3493.2858828318267	3396.846807717224	3400.0563039994413	3454.721721668428	3326.681244738431	2989.996048629151	2786.9804536031183	2518.6238656638325	2178.859300702875	1926.4997041560994	1367.1468120404827	660.8050603936384	100.01867586191601	88.41954141581309	74.79228740470242	58.76489143649224	45.0	42.0	37.149753102403025	44.405285393625	18.967120648132063	16.0	8.999999999999998	5.0	-10.0	-10.0	-10.0	-10.0	-10.0	-10.0	-10.0	-10.0	-10.0	-10.0
 486.9044943349105	486.9044943349105	536.6489491713694	384.2628398089107	295.67949412866136	305.0292721347457	310.23200111739703	310.1492304345207	245.25023233866466	167.97154129525222	444.4026855957825	771.3610999327598	422.8743777831416	198.25391626667272	223.05006595036787	460.8502912687809	1192.0749818897455	233.42647717155995	214.4512532406839	5.0	-10.0	-10.0	-10.0	-10.0	-10.0	-10.0	-10.0	-10.0	-10.0	-10.0	-10.0	-10.0	-10.0	-10.0	-10.0	-10.0	-10.0	-10.0	-10.0	-10.0	-10.0	-10.0	-10.0	426.34109893104096	102.07279327772804	123.05283951305829	198.87618555636735	304.54683186105603	540.0466408308507	1088.032213395827	1870.2279672225081	2066.7784039372386	741.4024233608657	413.0066848044156	363.1862933391661	526.9045422161214	718.381438009263	813.2626984834641	1088.4935151772845	1186.5299725315672	1157.1445991451633	1167.631700934259	1382.4712197198405	1398.0444319089672	1145.5643834277942	1438.0888954401587	2851.1714440401497	3875.061651811791	4174.277492896206	4206.269507777324	4231.88002148162	4232.857266110714	4204.488345663776	4269.086129161595	3586.3265334197754	2870.917495056005	3063.446068690313	3070.4160000425104	2325.1141240566026	3926.8822361407483	4234.960036624578	4270.0	4302.113172234847	4295.422251020025	4313.175078179427	4302.763886504876	4290.036068247724	4296.092682552406	4274.5178446532245	4249.700758705062	4256.215309390889	4222.288024336236	4229.005053624202	4064.319718159399	3903.2064819684842	3868.528240931646	3841.8036830310734	3719.749866933414	3660.6398565162767	3671.191563437737	3655.638195179341	3619.6411434235924	3616.2342301678204	3318.218042495719	3590.860626535475	3244.3986520511307	3172.4613554075772	3204.602449524307	3042.990258433172	2907.3323705686075	2626.800109322536	2241.556885918674	2031.067823414105	1380.2077074356102	384.31061209987035	88.83592799894596	85.0	73.54070452881051	58.99999999999999	56.42127045843611	49.0	40.0	25.0	12.284121167753684	12.0	9.0	11.748456252256542	11.0	10.332262539239993	-10.0	-10.0	5.0	-10.0	-10.0	-10.0	-10.0	-10.0
 436.16920597884257	436.16920597884257	506.88079033925504	327.824526641368	236.70809751011538	238.14781029025056	228.80851151392926	303.1808159548975	195.28961252989632	205.12329083045594	419.32097650688337	574.0750354414587	456.8510692369039	323.9682613324282	858.395166750736	493.1889169216944	220.32156591884325	-10.0	-10.0	-10.0	-10.0	-10.0	-10.0	-10.0	-10.0	-10.0	-10.0	-10.0	-10.0	-10.0	-10.0	-10.0	-10.0	-10.0	-10.0	-10.0	-10.0	-10.0	-10.0	-10.0	-10.0	-10.0	-10.0	469.32209818643855	303.85134497751085	174.64695285880757	227.42986871883312	307.49804031884025	323.7842837237518	554.6394561476569	1877.0121020246397	2229.3449301812607	1072.0311179361504	545.3675884681094	381.38575244569455	554.7386093584263	635.4276193898617	632.4415588712133	737.6757642791592	1245.3210520496814	1227.4765640522778	1339.1237689112359	2076.8303741904538	2211.9531474461037	2377.5884781304303	2630.623158349258	4163.781102704854	4114.632647218896	4131.333119672155	4231.922997777908	4209.8561352771785	4219.0	4232.278629847541	4196.34491829809	4307.8692638794655	4341.399747439393	3659.2190899762886	2269.498436816266	4306.358041121111	4290.539153867779	4291.009990843855	4302.032711435732	4301.0	4325.266139472913	4297.0	4299.0	4363.754708292197	4292.29070222041	4387.060533643099	4256.174528910331	4265.32498994337	3657.5498109046393	4140.263275793279	3739.6568781379538	3780.7173154811867	3811.5403503812004	3685.476720030244	3527.25356816991	3172.6262106057225	4583.94177709398	4420.147688036787	3712.682140253153	3381.646407980931	3363.0218251358674	3252.2913182392003	3207.0	3198.1492604573514	3079.817443114955	2975.175728731484	2812.502533337384	2518.2446905017337	2088.901076409868	1600.3973707646012	934.7333065821656	153.06393528493624	82.82695875025016	71.44954964121192	69.2454887141101	71.46643755397665	61.99999999999999	56.70146333071729	35.46297510172778	19.000000000000004	15.594679044283296	15.0	10.763267231968836	11.0	13.000000000000002	11.0	5.0	-10.0	-10.0	-10.0	-10.0	-10.0	-10.0	-10.0
 304.85935661076786	304.85935661076786	558.8110744713431	354.4707391467602	231.3759502257047	199.71641535735077	161.2197636672553	178.54266992144738	253.41217832941254	192.27292501168847	253.88966621987078	132.95630305785818	-10.0	-10.0	749.5766582841301	5.0	-10.0	-10.0	-10.0	-10.0	-10.0	-10.0	-10.0	-10.0	-10.0	-10.0	-10.0	-10.0	-10.0	-10.0	-10.0	-10.0	-10.0	-10.0	-10.0	-10.0	-10.0	-10.0	-10.0	-10.0	-10.0	-10.0	-10.0	333.448219796214	522.5931210121157	425.7049712106286	300.55414730295865	294.05004244037775	298.82431342046243	377.02552945141315	1568.9825005990108	2390.764100996518	2284.126979561188	1173.7169163055698	1488.6179035212106	1099.7918421171555	1979.4459923004438	1635.1441306743636	2421.7257292307713	1819.7479898270299	2034.776366462278	2797.972245652816	3357.6178772942694	2640.1953161329448	4019.555728672278	3975.355953549424	4073.698445839913	4181.923980320142	4184.324895387254	4253.981342420904	4299.108689617753	4413.285267386516	4276.868273055299	4227.0	4333.328432781357	4318.632828262231	4332.463256637302	4340.131391973274	4348.965794844109	4312.291537651517	4307.590334575163	4316.9916155547735	4318.0	4314.0	4316.470985799586	4299.478064676255	4374.360441533359	4003.5634737890564	3621.057330482746	4158.954962036836	3994.043706689176	3708.78153627954	3654.2122171162564	3504.146954345435	3945.8394753740595	4217.268446567541	4390.1908251941095	4065.3858198119265	4379.146933890713	3747.1688209047597	3415.9021619220794	3199.5464656620743	3200.0000000000005	3203.0	3215.1401209377536	3215.0	3200.2806567778434	2965.8373322974367	2817.519698919953	2592.901846082593	2341.953968825688	2006.8953689709429	1465.766604693791	821.0289385413449	212.7845622009374	76.57334228602959	68.44569879130006	60.99999999999999	62.0	56.0	47.0	41.75605507501903	32.556641466816664	19.974365899822477	20.407852702660538	9.576464089796174	16.999999999999996	15.0	14.0	5.0	-10.0	-10.0	-10.0	-10.0	-10.0	-10.0	-10.0
 129.8046777409448	129.8046777409448	526.3558182872458	441.9533622609365	121.5677113083444	40.46688967267524	5.0	90.95818944277596	207.43357164680998	5.0	-10.0	217.5643474521194	-10.0	-10.0	-10.0	-10.0	-10.0	-10.0	-10.0	-10.0	-10.0	-10.0	-10.0	-10.0	-10.0	-10.0	-10.0	-10.0	-10.0	-10.0	-10.0	-10.0	-10.0	-10.0	-10.0	-10.0	-10.0	-10.0	-10.0	-10.0	-10.0	-10.0	-10.0	706.0914619665276	688.7367013922722	438.21971890203633	410.94982407840547	320.8283137188191	283.36460405333776	342.9424843577455	1966.36471355708	2483.546127876885	2749.591196853494	2637.7182501476746	2554.5210128615254	3006.215053144325	3105.0545292393513	2165.2007496023516	2321.4005668749787	3452.975259611613	3615.8074702224803	3636.0348190713057	3708.760910884091	3763.0430671651584	3909.882445364551	4122.834289960668	4256.839554787715	4295.97381468005	4307.292654264481	4291.614519390164	4300.787299398404	4312.303094566993	4355.634061376708	4240.671112730745	4308.633240780049	4345.235109270898	4302.949754973982	4315.63834209779	4310.526766529015	4368.472813358091	4317.790022595056	4340.223578405756	4347.358055195849	4320.0	4348.062471969882	4217.4959446754	4357.580095423684	4173.256912272233	4046.501615199608	3588.1096058243024	3772.6158518869124	3981.175427124922	4143.331267750014	4153.617474604158	3928.1307921403877	3425.4492091603834	3242.970957303902	3525.296040549103	3258.0355015094797	3527.7176085181395	3243.9976490824315	3248.0030398945346	3221.8583177500673	3201.0222393241	3197.8799625074	3235.1509975236722	3050.273110661535	2810.390583060549	2619.0491400827223	2322.957281861104	2073.8587946761922	1664.4770794992205	1150.8976085452268	556.0936131688159	125.95978596908071	70.0	60.00000000000001	54.0	50.99999999999999	43.0	32.99999999999999	28.485336682328224	20.0	16.0	19.556355075075572	17.700302024300164	13.0	8.0	5.0	-10.0	-10.0	-10.0	-10.0	-10.0	-10.0	-10.0	-10.0
 23.151589970098414	23.151589970098414	416.8631302944057	474.821330420468	104.59442440589646	-10.0	-10.0	-10.0	-10.0	-10.0	-10.0	-10.0	-10.0	-10.0	-10.0	-10.0	-10.0	-10.0	-10.0	-10.0	-10.0	-10.0	-10.0	-10.0	-10.0	-10.0	-10.0	-10.0	-10.0	-10.0	-10.0	-10.0	-10.0	-10.0	-10.0	-10.0	-10.0	-10.0	-10.0	-10.0	-10.0	-10.0	-10.0	-10.0	556.9771704064027	199.62605278418846	367.187678387442	295.0934746932313	272.2541465359824	337.24797195045767	1801.0659047139209	2415.871919472269	2669.0376092152646	2820.0364009645127	2962.8397321773245	2974.8961643343737	3097.985121752533	3346.217422423007	3470.158045670092	3607.8890075572835	3586.359447831864	3701.007442793916	3897.493579608743	3975.6715102267167	4055.0990813618178	4210.277523741443	4330.259029443302	4304.526836294269	4330.274560066848	4344.503990171632	4353.94844364314	4335.440024246329	4367.614196915103	4345.809425994374	4332.180400629513	4367.301531036894	4264.241651991302	4319.291963249829	4344.2283912351295	4347.890868272635	4317.341173990187	4315.434702215056	4321.188339220395	4325.500431253549	4313.81128488185	4336.514675320767	4230.23609805696	3808.8477753231155	3996.4979417745817	3795.850031419448	4003.6875525716455	4130.43277993929	2798.747270777263	3464.8491031355243	3588.4815440497528	3411.2759642522756	3427.820772473893	3409.9999999999995	3402.2235365079096	3369.7855319920645	3353.6081438811666	3350.3213345426084	3260.0250045318057	3217.08343580744	3209.520904512612	3199.849413567498	2970.0963773425883	2701.731535443686	2370.056276306277	2097.3097250635647	1740.0108086697799	1311.8881231422965	711.991627210008	218.11879903829748	65.58164923199224	51.30175444977565	45.00000000000001	41.842978923552415	38.0	31.895345181730377	27.775995028075705	29.0	24.797101789995452	15.0	13.34478248380709	13.0	10.0	-10.0	5.0	-10.0	-10.0	-10.0	-10.0	-10.0	-10.0	-10.0	-10.0
 378.1034132519293	378.1034132519293	-10.0	546.3206523501053	188.94889148694304	-10.0	-10.0	-10.0	-10.0	-10.0	-10.0	-10.0	-10.0	-10.0	-10.0	-10.0	-10.0	-10.0	-10.0	-10.0	-10.0	-10.0	-10.0	-10.0	-10.0	-10.0	-10.0	-10.0	-10.0	-10.0	-10.0	-10.0	-10.0	-10.0	-10.0	-10.0	-10.0	-10.0	-10.0	-10.0	-10.0	-10.0	-10.0	510.92446225624104	-10.0	-10.0	200.384144825433	280.0487829667009	279.06418665403777	332.03419016388835	1319.9985800163495	2190.2750128789153	2500.3014499690885	2543.128918861508	2674.1332636754596	3048.8660223777415	3198.096848358168	3192.2670639374437	3426.58419698834	3771.5710324775064	3921.413615322642	3975.9319133611293	4036.0619189183344	4178.805092056627	4242.000000000001	4266.144246331685	4363.037475545069	4313.634350682925	4300.270169940102	4348.46923136594	4319.143920304405	4371.260475561778	4377.776872949958	4370.255043950717	4383.0	4343.009868711588	4204.152339679354	4369.259833222275	4312.236285868483	4282.564899466264	4371.546063349901	4355.606944747532	4324.683900937776	4329.321933784158	3870.162885711477	3879.0335170684702	3599.806041338837	3803.607696459298	3796.030587553154	4162.548347318508	3819.5954272077424	3477.4926495139007	3607.3782791580975	3576.2461045546875	3531.214052639151	3478.917949556918	3449.761729809972	3409.1016213670964	3397.0	3418.013174170191	3464.555860894059	3517.9425058559536	3438.442922844766	3301.5771376919715	3209.8431097361936	3183.4818044054564	2947.7276677450845	2506.9670439349447	2107.5633471399688	1659.2860791217947	919.9018313348715	438.744615703	295.71721526803606	73.60190958572944	52.05487857450225	38.67965362589637	49.0	52.0	49.628302179120325	25.0	21.0	20.0	19.000000000000004	14.999999999999998	12.000000000000002	10.0	10.0	-10.0	-10.0	-10.0	-10.0	-10.0	-10.0	-10.0	-10.0	-10.0	-10.0
 -10.0	-10.0	-10.0	551.5306147696944	551.9864490608984	229.4420128661384	355.36531449300594	-10.0	-10.0	-10.0	-10.0	-10.0	-10.0	-10.0	-10.0	-10.0	-10.0	-10.0	-10.0	-10.0	-10.0	-10.0	-10.0	-10.0	-10.0	-10.0	-10.0	-10.0	-10.0	-10.0	-10.0	-10.0	-10.0	-10.0	-10.0	-10.0	-10.0	-10.0	-10.0	-10.0	-10.0	-10.0	236.3242587062366	-10.0	151.45632720479693	49.99838723029312	-10.0	163.85870863717105	253.98724119850198	314.5096069790956	1142.8289297405481	2194.942983539254	2379.0310434779412	2386.5963627751134	2319.245435747521	2581.811943099113	3058.182730038242	3366.934766295166	3603.5877807822444	3887.4464545108553	4112.725612173897	4223.726230572604	4203.0	4274.097665463889	4314.889885583697	4304.947239821418	4345.271600498343	4346.317478135687	4313.56477334103	4361.541785759589	4380.265440291496	4345.391253809812	4226.917840760663	4313.5491343451395	4325.500000000001	4367.815263149943	4367.268690824271	4362.852605615595	4347.836302408953	3992.9279218269794	4214.52843466251	4275.258737103618	4270.8400938614395	3881.6517917354386	3962.107224481839	3976.4997032418605	3650.1409792112554	3986.442500738248	4098.325314078449	3571.939532118993	3600.0	3602.2601340362758	3069.518859755896	3600.0	3601.0	3579.0145928791944	3494.122440913189	3370.9889897400644	3352.5293267015677	3448.5005685164115	3513.1669498674923	3329.324124202652	3207.6886094803103	3209.229894358853	3205.0471097958475	3003.3849288664032	2865.5233541426855	2462.417750601473	1978.8344314942578	789.6579328710259	369.149562987471	313.250317485688	70.00000000000001	67.74060755095957	59.00000000000001	60.271861341757045	52.0	40.887680729557914	39.99999999999999	42.0	30.59149684926933	22.0	15.839667707309818	19.58217978741421	5.0	10.0	9.142277547784406	-10.0	-10.0	-10.0	-10.0	-10.0	-10.0	-10.0	-10.0	-10.0	-10.0
 -10.0	-10.0	-10.0	579.7787035276283	-10.0	-10.0	-10.0	-10.0	-10.0	-10.0	-10.0	-10.0	-10.0	-10.0	-10.0	-10.0	-10.0	-10.0	-10.0	-10.0	-10.0	-10.0	-10.0	-10.0	-10.0	-10.0	-10.0	-10.0	-10.0	-10.0	-10.0	-10.0	-10.0	-10.0	-10.0	-10.0	-10.0	-10.0	-10.0	-10.0	-10.0	-10.0	-10.0	5.0	-10.0	-10.0	-10.0	242.05740974807932	148.3088223845048	229.6197566376392	569.3566349992178	1664.7282910178888	2147.4179101414816	2099.5472136368317	2110.2523620664724	2618.8027669272815	2876.1967119483033	3585.5192201832233	3768.5215030914133	3947.9968986828544	4247.407736868408	4351.81695972658	4270.087853596058	4294.099921165369	4309.1945251900925	4329.999462363829	4301.489800452624	4364.4066735638135	4374.942391934113	4301.005938321784	4378.649028713812	4381.207754714679	4238.0717691119235	4325.986340441958	3968.401335587956	4180.705824297591	4228.202721140767	4429.0	4326.496907062556	4394.26898599748	4320.695827653285	4343.784601642696	3864.451666370824	4020.6494166067964	3616.5758940854507	3096.4422842459335	3833.9765551356713	3982.3553459938926	3646.543343064748	3701.7452579001415	3695.17619266778	3600.0	3568.258212253817	3599.046255391718	3565.282359869927	3485.0788731363295	3374.783454034632	3241.0728040733056	3208.9508852214717	3381.6569120103277	3297.2198345537695	3201.407940934576	3162.2872947927667	3048.2419591621183	2884.036954757243	2741.6881522209005	2480.8598803301647	2004.7907489319546	1168.5120100053407	322.8953129935403	358.2353001545861	347.524077598337	71.98113884242518	59.00000000000001	55.0	46.000046779452184	32.70419886088802	26.999999999999996	23.498885948796527	30.96797332285003	42.00000000000001	41.0	25.0	28.877597635859797	17.0	12.0	8.012014781880273	-10.0	-10.0	-10.0	-10.0	-10.0	-10.0	-10.0	-10.0	-10.0	-10.0
 -10.0	-10.0	1164.9209823727801	413.9369733014579	-10.0	95.04681646473875	-10.0	-10.0	-10.0	-10.0	-10.0	-10.0	-10.0	-10.0	-10.0	-10.0	-10.0	-10.0	-10.0	-10.0	-10.0	-10.0	-10.0	-10.0	-10.0	-10.0	-10.0	-10.0	-10.0	-10.0	-10.0	-10.0	-10.0	-10.0	-10.0	-10.0	-10.0	-10.0	-10.0	-10.0	-10.0	-10.0	-10.0	-10.0	-10.0	-10.0	-10.0	133.6383756087783	-10.0	114.51725522626273	228.47300900669012	464.00417459009975	979.7664303710682	1385.969278746889	1380.0041360420826	1587.7815198961982	1971.6202614107865	3519.7411681104045	3806.2093786382875	3973.3921497000083	4254.23330680299	4419.985795491545	4266.094839490856	4293.8457039750965	4307.5011579653155	4307.929649786229	4352.687781829177	4368.515300348511	4390.038365072378	4381.678918309593	4365.826780063741	4300.734362455774	4404.75260175726	4375.40720246994	3509.737896306729	4449.339647260829	3945.815404877073	4302.532792298307	4209.729501595971	4320.239834322697	3939.320442078692	3625.830835786729	3939.8348991394523	2956.127036042384	3917.036710885148	4172.853545153365	3674.134215220014	3629.056526477865	3600.189841576248	3765.5205016127265	3631.232413634229	3579.963723505785	3432.1815935384093	3439.604159175777	3363.4007276835205	3235.983222305824	3200.9999999999995	3203.9055321652295	3257.0067937636495	3208.0260711794544	3205.0	3039.728515935803	2763.947391631916	2586.340172468333	2305.9902711610043	1863.1797817071129	1687.4852598510784	1100.2828993012579	326.42148278885566	111.274335684131	308.76488545815164	293.0334176496804	71.85352841609192	47.84169193213393	45.222825314279966	23.90892597566378	7.801974890670626	-10.0	-10.0	-10.0	-10.0	30.740265637771984	34.01421935694207	24.99721734869167	30.999999999999996	20.0	10.0	-10.0	-10.0	-10.0	-10.0	-10.0	-10.0	-10.0	-10.0	-10.0	-10.0
 -10.0	-10.0	-10.0	-10.0	-10.0	-10.0	-10.0	-10.0	-10.0	-10.0	-10.0	-10.0	-10.0	-10.0	-10.0	-10.0	-10.0	-10.0	-10.0	-10.0	-10.0	-10.0	-10.0	-10.0	-10.0	-10.0	-10.0	-10.0	-10.0	-10.0	-10.0	-10.0	-10.0	-10.0	-10.0	-10.0	-10.0	-10.0	-10.0	-10.0	-10.0	-10.0	-10.0	-10.0	-10.0	-10.0	-10.0	-10.0	-10.0	-10.0	133.42451100387194	788.159943695399	706.9154295579679	1074.4066821644583	1400.0000000000002	1205.2475526856533	1798.9284815799836	3336.292645879981	3877.2021672099545	4089.7332469399244	4094.613972779401	4345.370328956967	4250.102089636805	4248.154449491735	4277.281736545271	4297.647682572737	4326.671293426347	4362.507535214173	4103.3041336324095	4370.695097394545	4284.982287161447	4222.341352202388	3594.592215211743	4009.986855280246	3693.436729540011	3482.9652061016645	3340.4301840444523	3284.8745164760976	3499.7353418845196	3801.589666995617	3717.3715157204088	3377.371478031444	3903.3512513444603	4243.71559344752	3623.789432299218	3517.1132430951466	3078.0595794578912	3707.0680071164334	3642.5274922391145	3660.3580731079437	3600.3788828855854	3520.3561654122723	3204.350129508847	3200.4920973097105	3196.0	3202.489413577956	3174.7235384911583	3197.4821759323145	2910.891935402148	2834.737543598895	3010.6858669515054	2560.151878739039	2442.019622593942	2052.1680028020915	1371.3485105594277	1028.168651778202	647.6543461738407	402.7183916305996	162.39790254477666	61.99999999999999	86.48353469375188	293.24839921581025	183.45718078598438	43.0	29.0	5.0	-10.0	-10.0	-10.0	-10.0	-10.0	-10.0	20.55142482875114	-10.0	-10.0	10.0	5.0	5.0	-10.0	-10.0	-10.0	-10.0	-10.0	-10.0	-10.0	-10.0	-10.0
 -10.0	-10.0	-10.0	-10.0	-10.0	-10.0	-10.0	-10.0	-10.0	-10.0	-10.0	-10.0	-10.0	-10.0	-10.0	-10.0	-10.0	-10.0	-10.0	-10.0	-10.0	-10.0	-10.0	-10.0	-10.0	-10.0	-10.0	-10.0	-10.0	-10.0	-10.0	-10.0	-10.0	-10.0	-10.0	-10.0	-10.0	-10.0	-10.0	-10.0	-10.0	-10.0	-10.0	-10.0	-10.0	-10.0	-10.0	-10.0	-10.0	-10.0	111.6201019974771	417.07401577759657	878.6357924509105	941.4765668483379	1401.4553750712266	1076.6193630233652	1782.8125361640405	2669.26235941269	3416.8741653300203	4128.276108219635	4095.612815878148	4235.763596561309	4200.0	4221.572444652148	4187.582609961514	4298.377892594968	4217.499347313104	3893.1821923730886	4142.577219206653	4303.007830773556	4150.926323293301	3996.6192499238477	3588.5707003436955	3669.9684430446814	4250.634387846324	2225.4409626988318	4399.0237339338855	3170.552765534838	4071.30213261855	3967.70302748468	3972.5417432016256	4106.56132344808	3080.002301971981	3645.499962750948	3620.7188803212057	3621.642586402497	3680.80469870742	3688.0	3669.702849203481	3631.0	3535.4945292128823	3278.9450936472904	3200.0	3201.0000000000005	3204.0	3104.1836555145774	2900.604572544459	2692.0784582432852	2511.0010392333234	1958.5976765163678	1832.6466496737787	2065.2917284735104	1639.8099101835382	793.2048402797614	460.43125224585754	394.2476237213475	317.0647784491863	184.84752905492357	88.08651448340665	50.35426139889421	34.77925163491869	263.03032680494357	85.42409576563905	43.49453654963504	28.521233065216748	-10.0	-10.0	-10.0	-10.0	-10.0	-10.0	-10.0	-10.0	5.960784602016611	-10.0	9.0	-10.0	-10.0	-10.0	-10.0	-10.0	-10.0	-10.0	-10.0	-10.0	-10.0	-10.0
 -10.0	-10.0	-10.0	-10.0	-10.0	-10.0	-10.0	-10.0	-10.0	-10.0	-10.0	-10.0	-10.0	-10.0	-10.0	-10.0	-10.0	-10.0	-10.0	-10.0	-10.0	-10.0	-10.0	-10.0	-10.0	-10.0	-10.0	-10.0	-10.0	-10.0	-10.0	-10.0	-10.0	-10.0	-10.0	-10.0	-10.0	-10.0	-10.0	-10.0	-10.0	-10.0	-10.0	-10.0	-10.0	-10.0	-10.0	-10.0	-10.0	-10.0	103.95494335755143	234.35107758003195	654.4821515680015	1087.5414098382869	1464.8959940510176	1649.6493983548007	966.7821200798516	1974.5100651654143	2241.4335867915484	4085.606275523868	4013.57726511918	4242.5570744486795	4263.37454701417	4203.0	4269.392627004167	4335.131845961159	4355.388217931305	3899.414836617385	3856.957146498335	3962.1506106678735	4014.9779245838954	3823.7554175890255	3130.6201735076274	4958.070973793098	3324.572084617306	1632.2042345668558	3671.0890936909273	3318.090625194374	3491.161698822332	3676.740596508462	3563.10151126109	3810.869121414417	3753.466409859764	3707.9676030530354	3635.3831475596808	3607.0	3678.5763506198737	3642.0637622735926	3605.0	3601.0	3487.5223853358325	3190.1213466229297	3203.985413778493	3102.206531120062	3067.9809155067865	2794.072692774228	2582.4094811107234	2213.54135846559	1598.893089550858	1122.2221934099866	744.8086990206139	869.6278187893681	370.22652395443174	314.86144597846857	398.0	184.83790466439075	195.0	194.03526317273554	76.76644457555723	30.753139223233593	69.55892961409349	194.42962300981839	70.91289837001283	39.913162487777996	21.0	-10.0	-10.0	-10.0	-10.0	-10.0	-10.0	-10.0	-10.0	24.719843455221692	10.775417000132316	-10.0	-10.0	-10.0	-10.0	-10.0	-10.0	-10.0	-10.0	-10.0	-10.0	-10.0	-10.0
 -10.0	-10.0	-10.0	-10.0	-10.0	-10.0	-10.0	-10.0	-10.0	-10.0	-10.0	-10.0	-10.0	-10.0	-10.0	-10.0	-10.0	-10.0	-10.0	-10.0	-10.0	-10.0	-10.0	-10.0	-10.0	-10.0	-10.0	-10.0	-10.0	-10.0	-10.0	-10.0	-10.0	-10.0	-10.0	-10.0	-10.0	-10.0	-10.0	-10.0	-10.0	-10.0	-10.0	-10.0	-10.0	-10.0	-10.0	-10.0	-10.0	-10.0	-10.0	282.69561270688416	855.3702962798077	1238.6288021173973	752.966454017087	829.90849599791	1352.1383199187499	1014.0544651370867	1242.393009199694	3907.3466335677667	3990.8283561403055	4005.2452122817476	4200.02148781838	4293.4594369723745	4246.111248381322	4046.602172866811	3877.3751659797545	3817.6849938003047	3490.0994116749	3750.058601341162	3510.885563607956	2637.3179371864176	4854.481060140813	3545.407055216605	3442.9107070426508	3472.7367645625895	3807.6088726814396	3836.2196939397163	3808.9999999999995	3788.804939432014	3791.325495219223	3759.665213587236	3728.6943933256307	3692.8783276764348	3646.1221788079583	3611.7407142552793	3585.5821149940843	3617.431610067808	3599.438793163077	3452.773245389992	3199.8736303773057	3226.5951103177067	3143.313908949697	2844.5381702298705	2818.4120417148497	2557.644526513628	1731.4863306887942	1237.9619815391309	297.53232579412366	180.74007644140545	212.692953918465	180.37545779967763	122.62305277232892	246.94880046513367	251.62795238370586	82.69084300197056	39.31505719583326	-10.0	-10.0	157.12820089934036	200.6300449848727	80.61156396883425	5.0	25.989834832532328	19.499971384706793	5.0	-10.0	-10.0	-10.0	-10.0	-10.0	-10.0	-10.0	-10.0	17.19960193010591	-10.0	-10.0	-10.0	-10.0	-10.0	-10.0	-10.0	-10.0	-10.0	-10.0	-10.0	-10.0
 -10.0	-10.0	-10.0	-10.0	-10.0	-10.0	-10.0	-10.0	-10.0	-10.0	-10.0	-10.0	-10.0	-10.0	-10.0	-10.0	-10.0	-10.0	-10.0	-10.0	-10.0	-10.0	-10.0	-10.0	-10.0	-10.0	-10.0	-10.0	-10.0	-10.0	-10.0	-10.0	-10.0	-10.0	-10.0	-10.0	-10.0	-10.0	-10.0	-10.0	-10.0	-10.0	-10.0	-10.0	56.07718168066562	-10.0	-10.0	-10.0	-10.0	-10.0	133.31246013395804	446.2942074233402	2144.0077082177954	1876.5321797840695	3354.637067401355	3387.0716576568616	3872.3684823989947	3808.6341469593385	3586.324679938569	3949.033810999771	3845.164881062104	4132.115162114993	4293.527260585635	3702.9839858196992	3769.4754930475983	3812.470324618826	3631.6308248504065	3772.234692581833	3049.4335521494136	2600.227515439632	3248.756904095153	4837.923236250189	2818.1715222464454	3843.661167974482	3716.6937598315144	3909.94522335391	3803.5501390306604	3817.0	3799.4780622660046	3800.0	3766.159540120776	3719.5971966628153	3698.32520270281	3678.4836797701046	3631.6855417150728	3596.1280734593233	3530.3283639997553	3445.109089119178	3451.1874456380674	3199.9999999999995	3184.6031946012235	3139.7336225592658	2913.2288932562055	2704.265354660113	1945.472000725763	1221.353437971794	627.4834114514546	194.72897521936045	198.32608842662427	51.8426501022238	103.98484344408783	50.909184580327185	76.88416395755806	215.00259505736346	177.79662562586225	-10.0	-10.0	-10.0	-10.0	178.67127554685067	199.7281973551626	16.526263076238163	-10.0	5.0	-10.0	-10.0	-10.0	-10.0	-10.0	-10.0	-10.0	-10.0	-10.0	-10.0	9.591467926678312	10.615070203523182	5.0	-10.0	-10.0	-10.0	-10.0	-10.0	-10.0	-10.0	-10.0	-10.0	-10.0
 -10.0	-10.0	-10.0	-10.0	-10.0	-10.0	-10.0	-10.0	-10.0	-10.0	-10.0	-10.0	-10.0	-10.0	-10.0	-10.0	-10.0	-10.0	-10.0	-10.0	-10.0	-10.0	-10.0	-10.0	-10.0	-10.0	-10.0	-10.0	-10.0	-10.0	-10.0	-10.0	-10.0	-10.0	-10.0	-10.0	-10.0	-10.0	-10.0	-10.0	-10.0	-10.0	-10.0	-10.0	-10.0	-10.0	-10.0	-10.0	-10.0	-10.0	126.52346962665685	1398.23731084354	2071.294577671614	2638.482032011021	3614.491111865289	3787.643346592836	4007.322893293349	3802.2444338073983	4013.282453777725	4076.3285163304354	3772.1145259257746	3919.1088112138455	4048.488037214496	3998.753551451703	3984.8963697122035	3398.1407237740345	2534.2108825100795	3300.631831399155	3422.44050709317	2023.3715621408535	3796.0896165897584	3201.022849789147	3418.688563214512	3801.66009338421	3865.509763815558	3869.768702646074	3768.234633553473	3809.139586259892	3806.213900725232	3802.0	3769.4790850740746	3702.2566553528695	3660.0291990154965	3623.3325853871597	3613.675015709724	3465.546762679278	3337.1413372074317	3205.9291806425135	3277.751374392942	3041.7786809664854	2987.8783204568144	2640.2506845532257	2515.6017828072527	2096.5021251683006	1110.4430376778257	93.23391609753816	209.35369907978176	-10.0	-10.0	-10.0	97.25109900573146	100.12273898820109	-10.0	-10.0	293.1473541270367	-10.0	-10.0	-10.0	-10.0	192.27091813879187	152.26020130705515	-10.0	-10.0	-10.0	-10.0	-10.0	-10.0	-10.0	-10.0	-10.0	-10.0	-10.0	-10.0	-10.0	-10.0	7.181314675503667	9.0	-10.0	-10.0	-10.0	-10.0	-10.0	-10.0	-10.0	-10.0	-10.0	-10.0
 -10.0	-10.0	-10.0	-10.0	-10.0	-10.0	-10.0	-10.0	-10.0	-10.0	-10.0	-10.0	-10.0	-10.0	-10.0	-10.0	-10.0	-10.0	-10.0	-10.0	-10.0	-10.0	-10.0	-10.0	-10.0	-10.0	-10.0	-10.0	-10.0	-10.0	-10.0	-10.0	-10.0	-10.0	-10.0	-10.0	-10.0	-10.0	-10.0	-10.0	-10.0	-10.0	-10.0	-10.0	-10.0	-10.0	64.61271454383545	-10.0	-10.0	-10.0	194.60053356351793	2221.814732360035	3429.1622098461416	3394.9245943674846	3635.708072165812	3803.339861532375	3865.343895462718	3819.062307605069	4315.744357615917	4149.051700674693	3443.5869906565426	3801.988909949435	3521.6264263604007	3735.600550443419	2897.277742006189	3591.620342918622	3767.8274117041447	3057.6594128913002	3120.2354758826073	3581.2093162588353	3547.49547510112	3368.553176229608	3833.915993492948	3896.1218079919668	3887.0719316886775	3865.6263171312785	3858.5240156706986	3844.4218395206053	3812.9999999999995	3805.0	3752.567932391539	3667.120934404058	3600.109667618517	3495.8905852374196	3389.9319623573188	3269.031336565922	3199.0	3204.000000000001	3042.4550083129257	2795.952266706699	2474.7560423905975	2053.4669722493445	1752.0142175155477	1276.949825142474	213.5615561873039	203.06792908635683	38.42624442032954	5.0	-10.0	-10.0	-10.0	-10.0	-10.0	-10.0	-10.0	-10.0	127.7610626338921	-10.0	-10.0	120.0	106.0634502142288	-10.0	-10.0	-10.0	-10.0	-10.0	-10.0	-10.0	-10.0	-10.0	-10.0	-10.0	-10.0	-10.0	-10.0	-10.0	9.009470028417956	-10.0	-10.0	-10.0	-10.0	-10.0	-10.0	-10.0	-10.0	-10.0	-10.0
 -10.0	-10.0	-10.0	-10.0	-10.0	-10.0	-10.0	-10.0	-10.0	-10.0	-10.0	-10.0	-10.0	-10.0	-10.0	-10.0	-10.0	-10.0	-10.0	-10.0	-10.0	-10.0	-10.0	-10.0	-10.0	-10.0	-10.0	-10.0	-10.0	-10.0	-10.0	-10.0	-10.0	-10.0	-10.0	-10.0	-10.0	-10.0	-10.0	-10.0	-10.0	-10.0	-10.0	-10.0	29.319283485036372	-10.0	5.947568009774793	74.87949589485537	-10.0	-10.0	139.46060833177154	263.65419166678555	2262.018805651247	3459.5816936215415	2663.7554551839944	3878.0215346082764	3959.433500958915	3537.0670161702537	3728.4089296106135	4251.617834990383	3508.1636902675154	3691.599105316378	3087.010682651966	4312.950012882763	4384.759396971704	3961.247470584497	3186.9088625698423	3401.4833436410095	3071.595551903761	3668.0069145773796	3607.486517910573	3862.7467578681944	3883.9982743767077	3949.631219379134	3893.3303895592376	3878.6792302628046	3950.1398777293225	3861.1922772942025	3829.0	3771.543791850263	3695.026460852041	3625.006661599592	3462.8205812737397	3212.4376672664866	3201.6914311225814	3199.0	3178.4599106335836	3024.982144662395	2847.064942100301	2450.967667100936	1810.8663570232725	1488.6135291171477	706.9396949059891	322.06089506676557	94.0	43.0	31.204990142361837	50.65586546379065	-10.0	-10.0	-10.0	-10.0	-10.0	-10.0	-10.0	-10.0	20.340806337288225	162.46419917086266	-10.0	119.19403596334658	108.585904125978	41.9507510343401	-10.0	-10.0	-10.0	-10.0	-10.0	-10.0	-10.0	-10.0	-10.0	-10.0	-10.0	-10.0	-10.0	-10.0	7.656433383764494	-10.0	-10.0	-10.0	-10.0	-10.0	-10.0	-10.0	-10.0	-10.0	-10.0
 -10.0	-10.0	-10.0	-10.0	-10.0	-10.0	-10.0	-10.0	-10.0	-10.0	-10.0	-10.0	-10.0	-10.0	-10.0	-10.0	-10.0	-10.0	-10.0	-10.0	-10.0	-10.0	-10.0	-10.0	-10.0	-10.0	-10.0	-10.0	-10.0	-10.0	-10.0	-10.0	-10.0	-10.0	-10.0	-10.0	-10.0	-10.0	-10.0	-10.0	-10.0	-10.0	-10.0	-10.0	-10.0	-10.0	-10.0	-10.0	120.21816520225518	109.0	135.52979375736757	157.03526926252297	1921.9007735142918	3427.2152365152724	3784.034061235977	3773.565527308142	3313.8614623208277	2624.101499450054	2625.795588265679	3095.427047588143	3774.3527092651593	3698.90266759034	3555.678588607849	3606.237937072788	2606.3903640955764	3400.4521142281415	3673.8387538787583	3880.1853316140114	3712.504984884433	3815.0425130127023	3915.5158058557236	3932.363910245259	3964.3381378679132	3923.878325590035	3946.7433837804715	3876.19406911822	3848.9999999999995	3819.3810839662265	3837.2848765332737	3702.827881350561	3637.478436709234	3492.542642588031	3233.6807602794997	3203.0	3213.0	3068.0370662573573	2872.745353505281	2816.2840828480366	2568.477229794127	2076.986704510733	1510.559545973898	766.5514869155134	408.64274957418354	370.2235365079098	222.67435672230945	106.27048973309245	35.259319027535724	100.98486042088015	107.43205397114238	-10.0	-10.0	13.344703555295046	-10.0	-10.0	-10.0	51.04162308805665	93.51848127884463	158.42725781164327	131.43543758195523	110.1074057524546	96.47521826226921	5.0	20.999999999999996	-10.0	-10.0	-10.0	-10.0	-10.0	-10.0	-10.0	-10.0	-10.0	-10.0	-10.0	-10.0	-10.0	-10.0	-10.0	-10.0	-10.0	-10.0	-10.0	-10.0	-10.0	-10.0	-10.0	-10.0
 -10.0	-10.0	-10.0	-10.0	-10.0	-10.0	-10.0	-10.0	-10.0	-10.0	-10.0	-10.0	-10.0	-10.0	-10.0	-10.0	-10.0	-10.0	-10.0	-10.0	-10.0	-10.0	-10.0	-10.0	-10.0	-10.0	-10.0	-10.0	-10.0	-10.0	-10.0	-10.0	-10.0	-10.0	-10.0	-10.0	-10.0	-10.0	-10.0	-10.0	-10.0	-10.0	-10.0	-10.0	-10.0	-10.0	-10.0	112.45490050998342	35.368786176117524	118.4117122544282	179.8829918488475	1435.8336024686723	2954.7118637536896	3310.2800239144644	3708.0589362054043	2761.033635306216	2308.03482276884	3123.815097456271	3537.1605077437944	3054.4128167465406	3142.168150841388	3593.4273951709692	3286.6835595682487	3198.627112725043	3585.144110885298	3916.5280220832	4126.761700264671	3746.563279496917	3875.5066580822804	3812.237704342529	3867.753656560135	3922.2162882948824	3971.293745828975	3904.4937317974554	3904.0	3878.9999999999995	3845.6595423178305	3801.8906025851607	3794.5775607541677	3687.2561469186467	3588.7727225764565	3197.73712632268	3252.043707965167	3003.453453250385	2943.8894653133684	2719.5690600263015	2558.2321245840903	2120.83100256692	2088.0863807307805	1903.5906182670517	927.2877844683665	433.93484928414875	383.96833628842637	403.1234612842429	365.6785845004447	297.1929350434357	178.10520094417154	188.24235297098306	116.68410228833402	105.86586520826663	-10.0	26.940950983319055	21.327402263563968	30.453566822651638	46.422299702460506	90.0	83.63118322224122	155.8138076740758	37.81866510693859	98.00000000000001	94.13875310478187	91.06267892100097	31.77941430943802	24.0	-10.0	-10.0	-10.0	-10.0	-10.0	-10.0	-10.0	-10.0	-10.0	-10.0	-10.0	-10.0	-10.0	-10.0	-10.0	-10.0	-10.0	-10.0	-10.0	-10.0	-10.0	-10.0	-10.0
 -10.0	-10.0	-10.0	-10.0	-10.0	-10.0	-10.0	-10.0	-10.0	-10.0	-10.0	-10.0	-10.0	-10.0	-10.0	-10.0	-10.0	-10.0	-10.0	-10.0	-10.0	-10.0	-10.0	-10.0	-10.0	-10.0	-10.0	-10.0	-10.0	-10.0	-10.0	-10.0	-10.0	-10.0	-10.0	-10.0	-10.0	-10.0	-10.0	-10.0	-10.0	-10.0	-10.0	-10.0	-10.0	-10.0	-10.0	5.107273280430352	105.54369539241496	121.3304425276701	186.55074668634882	1515.9345813977056	2863.8101051426243	3280.773474245777	3176.616837188145	3492.8575270719502	3729.84077299163	2612.4323894364516	2469.754483861058	3223.801229919502	3553.089943290438	3354.983836100509	3306.284320018675	3650.317202858258	3774.1194235450903	4008.6980760658234	4010.493593940507	3990.555914030274	3927.8885542428848	3867.129701986736	3905.1263851202525	3989.676849184695	3927.649662474777	3914.0	3900.0	3881.499945918515	3848.663330946777	3813.6481715514446	3798.577632618799	3632.1991887801823	3521.5516005105774	3306.039163135671	3152.2379057517987	2828.5053933526433	2607.8639977549565	2229.2327635029014	2008.9208218032427	1572.092097058618	1704.9122830634162	1575.238553738751	399.02350608490485	370.2438781208138	294.76556478871976	364.03773522769575	344.92730882059027	349.1822809570247	318.99999999999994	308.37359907431454	205.1407332967237	176.39145682236799	60.6280011737735	52.100116526732045	92.78169737383752	86.92538218337491	41.37549179172482	30.605642460122247	50.69542505061038	101.64704059892527	47.63379875414556	124.77533948349455	85.14386122720714	77.62299277211036	18.93786618948481	-10.0	5.0	-10.0	-10.0	-10.0	-10.0	-10.0	-10.0	-10.0	-10.0	-10.0	-10.0	-10.0	-10.0	-10.0	-10.0	-10.0	-10.0	-10.0	-10.0	-10.0	-10.0	-10.0	-10.0
 -10.0	-10.0	-10.0	-10.0	-10.0	-10.0	-10.0	-10.0	-10.0	-10.0	-10.0	-10.0	-10.0	-10.0	-10.0	-10.0	-10.0	-10.0	-10.0	-10.0	-10.0	-10.0	-10.0	-10.0	-10.0	-10.0	-10.0	-10.0	-10.0	-10.0	-10.0	-10.0	-10.0	-10.0	-10.0	-10.0	-10.0	-10.0	-10.0	-10.0	-10.0	-10.0	-10.0	-10.0	-10.0	-10.0	-10.0	-10.0	14.486418376641016	119.90084368525137	150.0210765588423	1366.0212587090582	2940.757461053682	3110.147122984963	4584.425780063074	2582.2642603196728	2377.33568918274	2962.752638857982	3685.7441142400294	3784.1746274066095	3316.1345599722904	3470.7348260858207	3436.2138842725976	3845.707656587981	3982.9604493487814	3998.848833823543	4000.759365095936	3959.899594742088	3935.6280930487	3994.3849095929963	3995.4370774752574	3959.1874648105295	3928.5415726862857	3915.7833438064827	3900.4311362555713	3874.4321957625016	3843.589884100874	3812.272333976934	3688.2822156492152	3625.141373056601	3441.299190093248	3238.923898273864	2911.870036119799	2539.9471232358	2063.187956974212	1773.2814243087707	1363.7662173259514	1109.3077353994715	981.6798067201355	630.6352154713778	331.32793889987636	204.52705013557028	232.05441877263652	277.25223499894673	273.55277634189747	328.3236373144675	340.28639688701014	280.9559228409229	134.57694177844036	117.25383354276323	121.42489166334583	118.22065591309264	113.0	78.44403595844712	50.33395681209387	30.6727357272661	29.784313932296616	101.0	62.9752737848169	63.60623771623024	-10.0	5.0	-10.0	55.04519614629136	-10.0	-10.0	-10.0	-10.0	-10.0	-10.0	-10.0	-10.0	-10.0	-10.0	-10.0	-10.0	-10.0	-10.0	-10.0	-10.0	-10.0	-10.0	-10.0	-10.0	-10.0	-10.0	-10.0
 -10.0	-10.0	-10.0	-10.0	-10.0	-10.0	-10.0	-10.0	-10.0	-10.0	-10.0	-10.0	-10.0	-10.0	-10.0	-10.0	-10.0	-10.0	-10.0	-10.0	-10.0	-10.0	-10.0	-10.0	-10.0	-10.0	-10.0	-10.0	-10.0	-10.0	-10.0	-10.0	-10.0	-10.0	-10.0	-10.0	-10.0	-10.0	-10.0	-10.0	-10.0	-10.0	-10.0	-10.0	13.188649524390536	-10.0	-10.0	-10.0	-10.0	5.167000985666257	198.3952374670242	2588.48102544114	3075.817544514859	3792.025446049478	3892.963980593798	3050.163607652873	3546.959374174772	3644.2853962270688	3761.6417243670717	3835.3119572343458	3789.668941686736	3981.3669487295815	3982.7210991470356	4025.915885530468	4027.8926236917355	3984.25524724592	4054.7166043108814	3986.8727515397736	4012.282316400391	4004.738153672827	3962.5201123485085	3916.8595364034963	3908.925755926152	3905.7840111218825	3893.0	3872.388867454128	3835.482859870429	3809.79562165879	3767.9662742512273	3604.582323765305	3402.6368269126847	3055.8160640102515	2845.08395979706	2337.1461718984474	1703.9289921206969	1008.2111419796496	806.5679972458918	702.8675683816423	633.8696435136444	478.1504125220635	217.2523593166503	191.02308289280805	168.60796602698133	140.16950125801486	189.7594607204786	274.6216483835786	325.98442912735936	315.2755866880255	190.61055482797522	110.7062214669542	198.3064548098705	167.18274674575667	105.41409767240718	83.31788519541357	54.60572064276151	25.11557324070443	41.12987454052291	62.0	76.02815692021929	55.14672986415293	47.008606490845445	5.791535420346355	51.03317612567739	-10.0	5.0	-10.0	-10.0	-10.0	-10.0	-10.0	-10.0	-10.0	-10.0	-10.0	-10.0	-10.0	-10.0	-10.0	-10.0	-10.0	-10.0	-10.0	-10.0	-10.0	-10.0	-10.0	-10.0
 -10.0	-10.0	-10.0	-10.0	-10.0	-10.0	-10.0	-10.0	-10.0	-10.0	-10.0	-10.0	-10.0	-10.0	-10.0	-10.0	-10.0	-10.0	-10.0	-10.0	-10.0	-10.0	-10.0	-10.0	-10.0	-10.0	-10.0	-10.0	-10.0	-10.0	-10.0	-10.0	-10.0	-10.0	-10.0	-10.0	-10.0	-10.0	-10.0	-10.0	-10.0	-10.0	236.96754498097698	131.08381948073264	-10.0	93.25145413115236	-10.0	-10.0	-10.0	115.64299400538002	368.25088417834166	2708.843443729318	2852.4726547705395	4211.719007084773	2859.721331378764	3150.6942545927177	3521.5527919381466	3543.399901493175	3521.6036756048	3890.0687010587526	4037.5517455686368	3411.940164384081	3898.009912425729	3979.404928837407	4027.0733475203406	3971.6728904240135	4046.935431148637	3980.6075336242043	3977.476246270949	3946.281110487882	3895.0	3871.262402707915	3851.453093919993	3839.2551726523097	3822.661333276339	3798.914595623215	3734.8913481720274	3603.927936037906	3431.1062264090046	3273.3600701166347	2402.5724508919375	1792.9851534793297	1945.582483284592	1798.10076488098	1295.8873632466898	761.5081884984405	688.8850732619171	676.2920939949182	655.5627633272409	533.0705622934668	151.78680115806335	44.05106980658256	160.80297130983826	-10.0	168.70072992443792	103.04628476711004	211.0071404970303	200.0	213.50012222946432	198.57830145015626	241.595325887816	270.0890354749732	179.41068487850345	58.13705736374324	65.00123424764115	46.01875410077305	21.843532476726153	20.158062806714558	69.50614899636676	52.91410089082712	51.28730582546401	5.0	32.59396429700605	-10.0	-10.0	-10.0	-10.0	-10.0	-10.0	-10.0	-10.0	-10.0	-10.0	-10.0	-10.0	-10.0	-10.0	-10.0	-10.0	5.0	-10.0	-10.0	-10.0	-10.0	-10.0	-10.0	-10.0
 -10.0	-10.0	-10.0	-10.0	-10.0	-10.0	-10.0	-10.0	-10.0	-10.0	-10.0	-10.0	-10.0	-10.0	-10.0	-10.0	-10.0	-10.0	-10.0	-10.0	-10.0	-10.0	-10.0	-10.0	-10.0	-10.0	-10.0	-10.0	-10.0	-10.0	-10.0	-10.0	-10.0	-10.0	-10.0	-10.0	-10.0	-10.0	-10.0	-10.0	-10.0	-10.0	-10.0	-10.0	-10.0	171.25258987373041	99.49637801332184	55.06324759037339	76.9545711658278	99.8637282158505	1395.3194803374977	2345.4868644753487	2791.1171847823925	3751.494540434476	2404.37174962398	3221.957305625233	3559.836220019452	3639.9372070817226	3712.9423124240698	3947.3172566255666	3993.425888245235	3900.3512793928576	2691.237467450655	4023.363871105378	4031.435494889831	4001.9768297708897	4004.9154108907373	3955.4174867760703	3992.1583469392144	3975.8709546318314	3877.4973870917865	3828.205591967925	3787.4458096281846	3762.4954993119563	3703.7967545778693	3596.5652394829535	3458.4636204564413	3242.4364782582866	2924.897554653039	1618.8204078163799	381.7058003267657	309.3083998014103	442.8765493079419	1134.3387623441852	650.3739316036227	583.2927933477722	602.9648572501147	627.0	647.6913911971799	549.2332276578774	209.30616201083387	33.0	23.19879567360242	135.7774020025738	84.74145475543514	93.0	127.0155000538863	69.45539996601717	200.43340925673147	205.01821692818908	87.96401710562748	150.21794394053566	179.6713924794747	125.95838136587999	114.4969524046719	76.81990388670941	26.716522783572398	25.0	54.36930932617937	40.22408631806307	57.78764676113591	48.51448469058364	49.46489500291953	-10.0	-10.0	-10.0	-10.0	-10.0	-10.0	-10.0	-10.0	-10.0	-10.0	-10.0	-10.0	-10.0	-10.0	-10.0	-10.0	-10.0	-10.0	-10.0	-10.0	-10.0	-10.0	-10.0	-10.0
 -10.0	-10.0	-10.0	-10.0	-10.0	-10.0	-10.0	-10.0	-10.0	-10.0	-10.0	-10.0	-10.0	-10.0	-10.0	-10.0	-10.0	-10.0	-10.0	-10.0	-10.0	-10.0	-10.0	-10.0	-10.0	-10.0	-10.0	-10.0	-10.0	-10.0	-10.0	-10.0	-10.0	-10.0	-10.0	-10.0	-10.0	-10.0	-10.0	-10.0	-10.0	228.66554989443557	254.86893691665455	269.75379003642513	227.72446012797516	289.72222724248934	277.01246842750436	246.86438406161585	117.9255357576734	104.69757573840782	1405.5987508308663	3098.051917479904	3503.5755256793846	4001.805786168923	1850.1374779128773	3093.7540796308504	2639.762592202015	3218.5018130248473	3141.597717947354	2398.5701908840465	2635.6918635767547	2755.929032135138	3189.7996851194316	2392.924299438259	4016.4619412426614	3999.0	4001.422001287251	3965.290127703661	3947.1880970558263	3861.641264346647	3802.3296810061493	3683.0617097588442	3616.82850159133	3527.4691197515926	3475.583202687578	3266.8656910571785	2755.2673635190104	2317.8961818118787	865.6085197736516	316.54362210599265	294.75178907698273	204.89724883535908	296.0	243.39720109190753	365.4153941815768	418.6619103700215	554.4229395623141	639.8117306421215	623.2321225181329	563.0	492.2880103420524	138.43329884933755	36.12596290090635	40.0	36.0	103.4187186643227	50.0	48.0	56.638209101385975	167.8208291513224	181.08675023500282	94.0183143575015	86.78807155384439	81.6443389775587	103.4706750020743	46.467816111237596	25.873569695976098	11.71146720008934	21.12546076384983	20.248433147474458	29.0	31.640226155157407	32.86789578210159	-10.0	-10.0	-10.0	-10.0	-10.0	-10.0	-10.0	-10.0	-10.0	-10.0	-10.0	-10.0	-10.0	-10.0	-10.0	-10.0	-10.0	-10.0	-10.0	-10.0	-10.0	-10.0	-10.0	-10.0
 -10.0	-10.0	-10.0	-10.0	-10.0	-10.0	-10.0	-10.0	-10.0	-10.0	-10.0	-10.0	-10.0	-10.0	-10.0	-10.0	-10.0	-10.0	-10.0	-10.0	-10.0	-10.0	-10.0	-10.0	-10.0	-10.0	-10.0	-10.0	-10.0	-10.0	-10.0	-10.0	-10.0	-10.0	-10.0	-10.0	-10.0	672.7433913930648	860.729224125105	-10.0	32.661720836410424	249.20578868326157	228.4457752351825	93.39010036331551	43.13154264760721	109.8040787611422	162.56795246838732	294.2368640176103	159.87071985503633	113.29632653606379	1216.8642852955713	2986.7483142705787	3629.1739194219585	3178.2051876994187	1579.3686448014623	2696.3157600375544	1354.5458440314817	1907.4627182024808	1304.1993849320795	859.3472483891942	791.5071412271566	862.519931520701	1667.9297762282924	1698.6303289667972	3950.547741069135	3998.9639182068636	3990.0853984569976	3993.890466793772	3907.0908254928067	3813.708850064375	3612.9775411552146	3444.5590377424023	3305.667280518753	3152.127422715457	3103.690330815624	2679.7555811296643	1830.383821596392	696.8949810218851	218.34579665179186	212.52126327133016	239.93578635813375	191.5741691692919	183.20830641184847	257.22418420773795	87.55722413955584	121.04143825616998	421.4707277954771	570.5618775375214	575.0176288078596	576.4036347283516	570.2594607204774	474.1000923772203	74.31637481630634	44.89169653117441	63.32680065203042	110.0	86.83527201057794	38.0	50.0	120.28776461202425	79.43325502610233	71.28018620530327	52.98405595827339	108.26779757935483	110.40750601663825	65.66883147169669	47.865657221783216	11.941120271253304	14.395993289348912	34.7565119535981	36.22955568059389	42.77576261478369	28.887015873444838	-10.0	-10.0	-10.0	-10.0	-10.0	-10.0	-10.0	-10.0	-10.0	-10.0	-10.0	-10.0	-10.0	-10.0	-10.0	-10.0	-10.0	-10.0	-10.0	-10.0	-10.0	-10.0	-10.0	-10.0
 -10.0	-10.0	-10.0	-10.0	-10.0	-10.0	-10.0	-10.0	-10.0	-10.0	-10.0	-10.0	-10.0	-10.0	-10.0	-10.0	-10.0	-10.0	-10.0	-10.0	-10.0	-10.0	-10.0	-10.0	-10.0	-10.0	-10.0	-10.0	-10.0	-10.0	-10.0	-10.0	-10.0	-10.0	-10.0	154.15791251164868	-10.0	128.22203021531425	-10.0	155.2234084951346	407.2603823831239	276.8550770206008	22.807792157708153	96.58183477961661	199.16462906388585	153.91930594759066	134.895286525498	306.0	258.84042727316177	233.47435912101932	2754.840608962971	3237.9964311571184	3132.232143634945	2766.606648866621	1851.8242075258245	1247.278089666598	782.427175409596	785.8922627913475	782.2849239313217	873.0674523792109	1003.3629334015777	1485.4014953459355	1693.7726285987187	1650.769713824704	3857.7814324427545	3919.894934816708	3930.086053621587	3902.1889363576884	3809.4164844082698	3498.8078131385037	3349.0678122575864	3018.2301999060783	2750.864131771667	2602.964480405538	2379.1020805721464	2078.8202650554445	825.8151522062328	350.4298718275841	319.31288144022074	194.00977257527018	191.5210765588423	203.7773187851603	45.73560315158832	180.41566971144576	53.865960179989166	251.03812575574506	64.14849072807392	463.4050438551775	528.8645619140494	554.7485191074729	583.9787790771038	538.6522761179235	349.77219017466217	156.40720544543754	150.92968581120812	99.07893010401268	109.94140674820193	96.35189104011495	51.82847088103673	41.23835197002792	106.36024760043607	15.0	83.14622046344526	86.34800154573807	103.7613465883942	87.18251370580032	62.49453654963504	60.0	24.327835829351088	40.02328592695669	44.656489930086934	20.464727824162285	40.73144233197989	-10.0	-10.0	-10.0	-10.0	-10.0	-10.0	-10.0	-10.0	-10.0	-10.0	-10.0	-10.0	-10.0	-10.0	-10.0	-10.0	-10.0	-10.0	-10.0	-10.0	-10.0	-10.0	-10.0	-10.0
 -10.0	-10.0	-10.0	-10.0	-10.0	-10.0	-10.0	-10.0	-10.0	-10.0	-10.0	-10.0	-10.0	-10.0	-10.0	-10.0	-10.0	-10.0	-10.0	-10.0	-10.0	-10.0	-10.0	-10.0	-10.0	-10.0	-10.0	-10.0	-10.0	-10.0	-10.0	-10.0	-10.0	-10.0	-10.0	-10.0	5.0	5.0	279.0915849661761	499.52863905793527	218.06965324792424	150.990552007368	88.68603144076481	186.37395555682167	255.22861036383085	233.02048288249705	167.58763796352616	183.87219754845626	293.215847876216	778.626319997235	2914.271749844238	3542.9367793451474	3129.6582238792976	2654.449153405231	1352.3040320792784	763.0374903955579	749.3720224573071	480.2130823384192	799.5358785628408	1044.0076650551018	1407.8676734971634	1449.6221575152344	2526.038348874338	2311.152311625913	3675.6924808788967	3781.3857604393334	3896.4007327288646	3822.202625776921	3710.61735649181	3399.2216192755654	3019.536378294574	2678.699170128474	1967.5615762067666	1639.7673549770388	1518.0899346359652	764.772935123279	188.43368373083393	165.0367742115252	248.53229263302842	252.7940945738648	241.38804790171548	135.00648902698913	116.12677623620947	19.646424707649512	5.0	224.4421442157069	76.02694956604739	23.398641164818144	489.4310396210964	510.12640384078486	584.9863215529821	576.8348956433886	525.7325397413288	377.5263236944645	68.03150309054844	109.28511925116774	163.28608888970814	142.97595804802924	91.76080795329032	50.366084833346335	33.0	37.754852955751176	137.7048526088089	75.4969075559589	51.003181822123715	29.56521307746457	64.78398793386864	28.242059861299644	36.839503809172285	33.46331361157783	50.0	52.090652340703215	36.776598906035844	-10.0	-10.0	-10.0	-10.0	-10.0	-10.0	-10.0	-10.0	-10.0	-10.0	-10.0	-10.0	-10.0	-10.0	-10.0	-10.0	-10.0	-10.0	-10.0	-10.0	-10.0	-10.0	-10.0	-10.0
 -10.0	-10.0	-10.0	-10.0	-10.0	-10.0	-10.0	-10.0	-10.0	-10.0	-10.0	-10.0	-10.0	-10.0	-10.0	-10.0	-10.0	-10.0	-10.0	-10.0	-10.0	-10.0	-10.0	-10.0	-10.0	-10.0	-10.0	-10.0	-10.0	-10.0	-10.0	5.913455744882482	-10.0	-10.0	-10.0	143.6331086102099	140.55034670088168	-10.0	461.0799979687896	360.94430339442187	81.96689311834866	155.78582729126714	192.04400171611678	347.6059130474523	252.76954638955365	125.38935492460342	202.0	192.92494444618433	321.70463166847463	1622.5338854705237	2954.7273349066522	4263.19890495572	3055.14068117889	2043.0320386533483	1010.515715929726	709.6634809832426	642.0673318894765	451.0103239087235	1246.5256398800122	1913.550107988351	2058.545454088594	2167.2550181237016	2158.710764402267	3345.849382461779	3426.413662339549	3624.9374534795716	3697.031482458404	3584.9354508080437	3515.1206589340227	3199.0427292520744	2689.418227005891	1964.2880232393807	1377.7155808668886	621.7725687085733	551.7228030432898	190.03132247002657	194.75874419546906	149.89359432740883	170.83295682250903	283.2151589974374	527.0952676337506	354.41108451572427	6.685577488304718	12.257692883609016	247.65239394185883	196.68915208828642	-10.0	51.177908311627	281.4324611016807	393.06594481976686	436.12273004890346	542.5856207661848	542.1046135409549	475.25542097710695	360.04055940104905	257.0009655290173	216.0	155.5557735525261	111.3095665213788	93.0	69.56094115325418	131.33921593041572	91.17790851805908	20.15898347286438	47.90304458268467	48.47233589602058	53.49392821953753	49.48871803304398	26.529875757578164	50.57868509147198	23.240354619011022	20.0	26.884843520510806	-10.0	-10.0	-10.0	-10.0	-10.0	-10.0	-10.0	-10.0	-10.0	-10.0	-10.0	-10.0	-10.0	-10.0	-10.0	-10.0	-10.0	-10.0	-10.0	-10.0	-10.0	-10.0	-10.0	-10.0
 -10.0	-10.0	-10.0	-10.0	-10.0	-10.0	-10.0	-10.0	-10.0	-10.0	-10.0	-10.0	-10.0	-10.0	-10.0	-10.0	-10.0	-10.0	-10.0	-10.0	-10.0	-10.0	-10.0	-10.0	-10.0	-10.0	-10.0	-10.0	-10.0	-10.0	-10.0	7.529779560090426	5.0	30.92791245763351	-10.0	-10.0	228.89206555352442	269.3582298238708	419.6329586037934	401.24195792675863	168.3497387001887	141.2995520777563	214.44677261726517	354.5817704347775	248.87447460882598	162.91172195055947	210.88307505099482	230.35131068109112	1055.4372057991122	2145.4521999838894	2773.7613736004078	2405.9345225421876	2864.6662600740237	2341.809126642881	994.9061617338118	687.2724851400769	884.9588869663978	949.775542098624	1799.8652212738223	1453.5255119534647	2101.5305266525374	2389.2252329450394	2340.835481493869	1373.111451177061	2985.352483457293	2922.0996825776037	3089.8625629984335	3040.6948537454136	2934.814874927506	3089.3108776039962	2283.642576137739	1129.8849284819808	427.4999069041579	437.4647710267727	517.8257935116907	364.0902592727699	168.0	118.41933064550881	98.45688076710329	292.48054145337574	369.4902411953522	362.36864035017635	403.60838773008425	-10.0	-10.0	-10.0	121.42425546620738	187.6185012682473	201.3995857923859	359.91028787152874	525.9782048889607	543.0	542.1353756558614	509.7750625608299	451.08807807673446	401.5612877504295	277.32283897568885	232.88394344548496	172.70318749521968	145.11672594431894	128.22804396662454	89.27263766523016	39.444279274085744	32.31672740208877	32.0	45.952414702855165	48.51979063324827	40.87300113085169	38.20880808967307	52.072526915268625	32.11420027927316	25.960576102508686	29.9058687673472	-10.0	-10.0	-10.0	-10.0	-10.0	-10.0	-10.0	-10.0	-10.0	-10.0	-10.0	-10.0	-10.0	-10.0	-10.0	-10.0	-10.0	-10.0	-10.0	-10.0	-10.0	-10.0	-10.0	-10.0
 -10.0	-10.0	-10.0	-10.0	-10.0	-10.0	-10.0	-10.0	-10.0	-10.0	-10.0	-10.0	-10.0	-10.0	-10.0	-10.0	-10.0	-10.0	-10.0	-10.0	-10.0	-10.0	-10.0	-10.0	-10.0	-10.0	-10.0	-10.0	-10.0	-10.0	-10.0	-10.0	212.9318948179005	-10.0	75.88382560577706	229.4637598241682	162.9505912535848	301.4785561711141	345.1807873929439	379.53854287005845	164.52396633685152	169.80444687388137	190.15279610402803	210.4864066774332	222.2805394956352	185.8505894285654	305.4122525543726	937.5344453655197	1872.7177016603787	2511.6499309780593	2744.828835119087	2625.9822809980396	2838.0949088301677	1463.2783814167924	828.6867068140767	654.7657445051625	854.4285639037926	737.7726317319018	1383.7544426402337	2042.820237168166	2075.7730409793767	2190.7443934750886	576.847862754568	576.4437163380796	674.6466688731066	475.1173763627666	590.1409563157101	1267.2492519419643	750.6336932421207	774.2617612982281	457.65108112756144	257.55221132848465	372.0847625934924	375.2911572304415	434.7741564072185	418.01276498581376	252.91698731863565	67.87650007366359	173.96830923183205	161.8043429819944	340.05360678108985	133.1674073284321	-10.0	-10.0	59.33383363670164	-10.0	205.3711704859138	191.82141286747935	112.88921247561743	300.84737742704095	482.91439858231263	524.5475135491326	511.095265340496	473.6561392919551	466.08859485983237	443.49807455016344	357.1152384808661	297.4918492193722	241.19049332848147	183.59355769569035	158.41435294618606	78.08497212513858	59.0	49.00000000000001	53.79753156280775	53.340396373202076	42.01422201769036	54.82185086201939	50.0	41.07764381736725	52.0	38.00785914387751	30.264857789750536	-10.0	-10.0	-10.0	-10.0	-10.0	-10.0	-10.0	-10.0	-10.0	-10.0	-10.0	-10.0	-10.0	-10.0	-10.0	-10.0	-10.0	-10.0	-10.0	-10.0	-10.0	-10.0	-10.0	-10.0
 -10.0	-10.0	-10.0	-10.0	-10.0	-10.0	-10.0	-10.0	-10.0	-10.0	-10.0	-10.0	-10.0	-10.0	-10.0	-10.0	-10.0	-10.0	-10.0	513.0040865262068	-10.0	-10.0	-10.0	-10.0	-10.0	-10.0	-10.0	-10.0	-10.0	-10.0	-10.0	228.27874686930258	135.61677587041447	88.53029839841119	242.90099699151898	201.5298806715932	195.3561569450411	298.66063513495976	280.61018976356723	371.47166803013863	228.50864018146598	187.54195541753472	205.43040879018344	260.44751903292723	180.91127947863708	248.18826012766553	782.1820978200487	1750.7345025632949	2203.7887898251784	2570.640328993314	2744.673546564112	2748.0913816987268	3489.917446959357	2214.4500366741177	873.1862501123824	567.4764236036142	820.8410355806815	887.2872466763821	1131.6085329427974	1244.1730245525885	831.2722271500319	1374.8915851348638	186.9046289791669	175.9671245172223	173.8911357336592	166.43286181170848	202.86741790975495	155.98787589351338	332.9080509164456	206.57379487424083	178.232522525824	226.85304950321805	190.9572570547062	303.9445725568103	518.5482384469087	476.7875272426016	430.8885480261196	45.64335672420337	93.25476452297517	14.609620508809602	-10.0	290.2598865754551	-10.0	11.178641051031363	-10.0	198.2250022871241	229.48111203442852	324.0032159758672	192.0	234.45065001992498	469.9271960932339	488.9232926292393	481.59657259335654	447.01393460234885	454.43586223644405	474.25620924498975	428.8199955554751	384.9901613245771	340.9243203393195	305.94717433613476	263.8790197682516	187.07110801402234	94.41515878373995	68.0	59.99999999999999	59.0	54.99999999999999	53.0	48.08523062494997	46.0	40.0	31.000000000000004	39.46886002568989	9.476799008025038	-10.0	-10.0	-10.0	-10.0	-10.0	-10.0	-10.0	-10.0	-10.0	-10.0	-10.0	-10.0	-10.0	-10.0	-10.0	-10.0	-10.0	-10.0	-10.0	-10.0	-10.0	-10.0	-10.0
 -10.0	-10.0	-10.0	-10.0	-10.0	-10.0	-10.0	-10.0	-10.0	-10.0	-10.0	-10.0	-10.0	-10.0	-10.0	-10.0	-10.0	-10.0	-10.0	-10.0	-10.0	139.66935923716267	89.60624855950277	-10.0	-10.0	-10.0	-10.0	-10.0	317.1372850549031	38.16055982272494	-10.0	451.00000000000006	81.57279557163152	218.0	351.84558666872977	201.20630310672328	247.57918874530267	239.84179612749531	261.7789106777932	376.8225047500688	270.49991376481216	245.0	214.1711407397471	206.91372908887502	260.6645712759314	308.24324911338294	1131.3039603722132	2225.7430789937466	2511.2740077865733	2527.4571319110205	3031.5607498052755	2798.2466349687425	3762.842108973603	2403.5153516102864	978.6709810493905	537.5246675520514	523.6076993757067	523.9247977046693	201.49826396407352	277.23981585161204	183.87332632513375	141.47144897772048	141.76695965333113	57.03575421847958	89.08449422383441	183.96535095387947	212.05862416259987	84.75919168056168	401.4989682318701	165.68596730847554	158.41160169193526	182.72676716896305	139.15186484742452	188.88995547259793	317.7691819973017	462.392307208493	342.16247488759734	161.53071073855685	-10.0	296.3316018087046	266.0035134899333	159.81233529129622	-10.0	194.58721330196445	31.121096484708474	100.20578836901109	178.19732936754852	148.9562386262801	129.8219491703266	225.2240107740096	348.91232498770404	383.1311016817263	362.63866601452276	388.2193376944388	409.5883432701527	430.0	413.9902940884976	390.51930405250056	309.1386450370882	270.8853474454699	235.8694279947537	147.9348605756143	95.0	86.00726962309764	54.630773653273884	64.95733874759009	51.14099273346246	13.618937529203086	46.780276854464006	47.0	32.355638406117826	27.777542016519416	22.305104147200794	-10.0	-10.0	-10.0	-10.0	-10.0	-10.0	-10.0	-10.0	-10.0	-10.0	-10.0	-10.0	-10.0	-10.0	-10.0	-10.0	-10.0	-10.0	-10.0	-10.0	-10.0	-10.0	-10.0	-10.0
 -10.0	-10.0	-10.0	-10.0	-10.0	-10.0	-10.0	-10.0	-10.0	-10.0	-10.0	-10.0	-10.0	-10.0	-10.0	-10.0	-10.0	-10.0	-10.0	-10.0	-10.0	-10.0	-10.0	-10.0	-10.0	-10.0	201.70550208086513	79.74208800551632	10.30198830908218	72.46826776704386	-10.0	348.78359845609793	155.1669831727907	70.46764799480775	307.14714476937183	257.68366934450927	244.91251046919396	226.500974882059	295.6196025766247	344.8790596991205	316.52598151173277	272.0442558870079	216.97892575304186	251.03791361437294	335.0429649286457	412.60517264269953	1906.9264200926616	2565.23325878958	2639.584090947053	2397.852108347212	2668.964443769279	3683.0529288537655	3807.2738248044834	2720.082841284031	1099.4789428040028	654.1686330580724	472.34378032464997	245.69314469944248	179.44710824491273	48.081995725331936	163.5841433050111	20.021465414232907	93.54408142498767	51.87527479890674	167.59989033201327	175.7045309481726	130.63262861951432	100.8625331305919	375.97675816454813	173.77646687007513	134.2479090025787	205.30906578074416	245.54112307090725	97.83495708235772	200.59171888191202	346.508299832669	389.0095749212319	358.84576683928015	383.7038520887893	-10.0	-10.0	262.23924740032993	124.91403078339009	355.1505806681011	241.23217685028203	135.784106550774	337.71444868818054	215.3674566840212	181.9134715426323	236.35035820750508	237.91638140086815	304.8484110989559	330.84278495894944	374.20572642621363	416.3472498359994	419.77300480762983	360.6427810287316	284.60606536098874	261.82153681243733	241.19330748519988	194.63311538942213	131.2478022042215	109.49884068079467	65.9188923807359	75.19342393968026	50.0	47.72309867910721	54.326848457380336	27.986427209848888	23.483805140462383	48.0	45.0	33.931757664492636	5.0	5.0	5.0	-10.0	-10.0	-10.0	-10.0	-10.0	-10.0	-10.0	-10.0	-10.0	-10.0	-10.0	-10.0	-10.0	-10.0	-10.0	-10.0	-10.0	-10.0	-10.0	-10.0	-10.0
 -10.0	-10.0	-10.0	-10.0	-10.0	-10.0	-10.0	-10.0	-10.0	-10.0	-10.0	-10.0	11.446931426019237	-10.0	1145.5745555527499	-10.0	-10.0	169.68916346631917	52.19038872225138	-10.0	-10.0	-10.0	-10.0	-10.0	-10.0	360.9530642441474	77.36851718780052	-10.0	108.13325742701466	101.95237459165048	17.722336215565235	337.16844046600596	145.36638342297175	168.0760144133154	304.8020587669203	222.0926064366815	200.2346540068292	310.15090582136463	352.8966629145634	405.5359112693907	316.2103626701045	193.93317550642666	251.74343423094047	174.05893352901927	532.2832733844725	2286.519772759497	2710.1804225015157	2848.416366120203	2759.637172869509	2511.8285240612595	2504.7654901293804	3422.662890747242	1783.5448180779872	1675.7296440579976	1124.838622308189	278.50032390697106	93.13067610944697	-10.0	7.067618536055365	98.63350267269097	-10.0	64.38695173460763	-10.0	-10.0	-10.0	-10.0	72.3508197399727	61.86111004209805	403.96870163938195	141.44436981602792	46.50053101644567	252.1185692771081	108.91028639847534	74.26197958812777	136.6562292862572	372.4707957976946	382.7458219283855	332.64319623552626	331.41720073643273	159.53102518062136	92.25747110862578	34.135055185410465	417.43124254652594	316.21931703268467	247.46593426190995	261.8168391116795	183.95879079047594	174.97304504985772	191.15109160612778	233.44771233242312	279.92244116432283	333.2908417853099	341.7904515029736	359.04103543306894	424.5272268787365	394.75255591454544	315.7161932377105	252.79611110855862	249.4838627908503	209.39424219259575	167.9124793211202	153.92549287996107	143.19573630076528	83.29334623890958	79.0	71.0	46.0	44.0	37.652457014616544	12.347134665315671	15.874691821301804	46.99999999999999	36.891283334055714	15.542131358098809	23.409425541859385	6.105343769042531	-10.0	-10.0	-10.0	-10.0	-10.0	-10.0	-10.0	-10.0	-10.0	-10.0	-10.0	-10.0	-10.0	-10.0	-10.0	-10.0	-10.0	-10.0	-10.0	-10.0	-10.0
 -10.0	-10.0	-10.0	-10.0	-10.0	-10.0	-10.0	-10.0	-10.0	-10.0	787.6105987175208	-10.0	305.38151716658757	-10.0	-10.0	-10.0	-10.0	-10.0	-10.0	-10.0	-10.0	-10.0	384.4472305356244	35.48859486265832	-10.0	59.453960001999754	262.66484287886965	106.70915184975078	167.6232484998208	315.62323373850313	328.72828320473945	232.9090246084711	184.0334635059119	220.37330669604475	295.0374688928912	227.90268442664555	157.18117732690365	309.8057781006924	296.0962678500083	334.37966621569683	220.32485106907916	253.33919206041597	255.65562592863904	682.285757219724	1849.5675983434019	2794.0996122938395	2890.1476168210393	2986.1609467840517	2930.597934012936	2524.3056484665353	2497.8864354344073	2289.319311363467	2589.617085272254	1344.136519591575	1131.932882375438	139.25025813154474	49.18530847152551	-10.0	117.31757014975028	-10.0	-10.0	457.3678600336983	-10.0	-10.0	-10.0	-10.0	-10.0	8.194089600318383	309.59915589462537	81.72704511724412	32.0194259806204	217.48502977453748	60.06045145632266	148.5245537910369	294.67584680450636	345.35471128150255	348.7451918699127	274.8494586046108	256.86736644315283	331.1308390101368	261.09140831007284	288.61794919510214	324.3660437257707	180.61375305370518	219.192810114861	210.5926856503369	191.0	220.55001824340272	169.1149200767337	274.5414995118949	301.30542311761417	339.8546263030868	347.3834155255762	340.95964715578447	372.44856767962176	463.05020730185925	359.66830552427075	316.3184121905806	281.18519804264224	199.86888784531854	144.05506842235212	144.38883229631534	99.69521276198086	84.62470419864155	62.549761647731515	46.68250860101669	41.97658774521594	41.0	40.0	39.0	35.99999999999999	41.0	23.08575850745452	10.62350554846571	26.50690031067801	-10.0	-10.0	-10.0	-10.0	-10.0	-10.0	-10.0	-10.0	-10.0	-10.0	-10.0	-10.0	-10.0	-10.0	-10.0	-10.0	-10.0	-10.0	-10.0	-10.0	-10.0	-10.0
 79.55766992114592	79.55766992114592	-10.0	-10.0	-10.0	-10.0	-10.0	-10.0	-10.0	-10.0	307.8120790705226	1180.3963688834933	-10.0	-10.0	732.7859941568981	-10.0	-10.0	-10.0	183.08580269861653	-10.0	11.979455155570976	62.46134961983443	175.42243569609454	308.6730324923725	152.31173970553252	180.53221257828963	198.31263480072568	165.8550585099817	225.3850818237241	299.43569200205843	296.8454703493174	141.32770785173665	201.51323774218602	223.63583879359905	228.2395717298895	370.823395421121	240.44303407631494	286.63809215639054	255.89415155477332	287.71499894058644	321.8715488162955	265.16064014890225	700.6593150446255	1341.6218972999072	2931.6371663637715	2936.741457156104	2980.788318507086	3045.9234179329915	3027.743983138997	2162.498891688233	2301.994619041003	2336.2833132784335	2401.511167005442	1386.4233172358583	640.7634520202591	222.90527299963136	12.1267294497722	-10.0	-10.0	73.7355564649589	-10.0	-10.0	-10.0	-10.0	-10.0	-10.0	-10.0	83.38340987250658	201.44021078630638	148.04663110737195	201.29119547864593	267.58375019084764	256.91168242252013	263.1849456060455	320.0	331.07086988161967	351.44952770702	249.60616547182852	154.31870479532938	237.5899051657564	323.33276368105294	399.74803758890494	306.0	224.9964288013501	223.48143373393813	192.7612251953786	213.22006664470723	177.8420887684997	235.88012425512375	260.98744016539786	333.6823596705309	326.15765281366856	289.6933722318672	328.03155570049165	327.21042588338486	379.1275788965315	501.7369100717536	471.9660633852003	484.0186508212796	260.76321751281426	150.1942851089065	92.47173660243331	95.9219700136779	65.00164555847127	56.444300173638055	45.0	29.460965015283147	34.0	19.30199337086104	37.894616956253515	40.0	36.88595746693369	28.526266525132826	26.451480762417816	24.43015696970695	-10.0	-10.0	-10.0	-10.0	-10.0	-10.0	-10.0	-10.0	-10.0	-10.0	-10.0	-10.0	-10.0	-10.0	-10.0	-10.0	-10.0	-10.0	-10.0	-10.0	-10.0	-10.0
 185.0609924070841	185.0609924070841	455.5537174557241	41.114324144351365	-10.0	-10.0	-10.0	-10.0	-10.0	-10.0	-10.0	578.9507778745758	378.6582333007949	422.5796265725363	362.08017371824707	-10.0	-10.0	-10.0	249.49536098183333	5.0	268.6131109802211	282.14012826347323	210.17192938420422	285.0068743775361	226.27223771860014	190.16159345366628	288.70198127691543	194.39708522678163	226.58152777226923	307.0	271.22628745578703	169.20727095517276	199.76733920298477	219.94998886669174	191.8973151069504	421.62123766988725	490.8546757505264	666.6207482332175	621.1766641348464	764.5666864783844	1217.3883707528432	1546.7301589874767	1525.605098398348	1780.5239016901894	3017.650176292729	3062.7795828117137	3093.015077715897	3104.65697874101	3089.4922320367778	3022.913660954524	1990.5231789646273	1976.6530877683556	1811.4196886047046	1999.284722755488	579.705496247534	63.3514483810834	97.49861304241003	-10.0	-10.0	-10.0	-10.0	45.886916206512716	73.1330269781437	-10.0	-10.0	-10.0	108.74353927520734	328.7991402253543	296.95454061221056	309.12188785670264	311.19954356702095	309.0076086046276	327.0	300.0	305.7539021705326	260.9679436968179	290.126426391684	260.05359647081696	120.1300095318079	132.98145233391722	291.9194937561605	341.8856492514073	336.9183438429775	268.39427088746453	296.67064412094135	215.39845494267092	186.70493491527185	167.87951507845855	225.70384719422066	302.7426594067574	339.0	306.57633888808573	289.6082613917862	221.87101271538123	184.1654160747939	204.42325192385837	76.5283521230164	103.06022796026119	355.51051220332624	219.40974656753198	140.21959043858507	99.0242651095736	94.12973666183993	67.02952918506891	56.89301266116105	44.81730985418985	33.0	39.0	37.0	-10.0	11.978528726338208	34.11586306115982	38.13708507645945	25.0	-10.0	-10.0	-10.0	-10.0	-10.0	-10.0	-10.0	-10.0	-10.0	-10.0	-10.0	-10.0	-10.0	-10.0	-10.0	-10.0	-10.0	-10.0	-10.0	-10.0	-10.0	-10.0	-10.0
 342.20686013970857	342.20686013970857	74.05695573955742	211.0822459795807	-10.0	-10.0	-10.0	-10.0	-10.0	-10.0	-10.0	-10.0	559.1414367368262	242.72112379627106	-10.0	-10.0	-10.0	-10.0	302.84689756458994	354.7953301249473	212.18301930047747	267.2030096794079	237.45405668348883	223.27414408660496	264.2239237100548	232.37085725588565	265.9671091539058	220.51474812551425	219.0279631860557	291.97049656102143	259.1836079574164	472.4089037164916	935.5384852974628	1309.6802656341736	1610.4690556000278	2072.7548737672473	1802.5979104912487	1744.3566786802028	1787.844235371647	1942.6641541223123	2322.654930177293	2313.4707440921034	2475.513770163591	2054.2054869858102	3056.928666219962	3163.6513256877024	3173.895220808002	3147.8874322458237	3093.1103185503125	3133.0524613547645	2869.712562140435	2482.470239648711	2769.993535655539	2112.2063055060685	481.35122724889214	54.92058072990354	26.26455946140764	-10.0	-10.0	-10.0	-10.0	-10.0	5.0	40.97948291675496	100.85982324206343	182.66041847995476	255.90657054853614	214.47290837462873	179.7163151005674	154.806278127108	160.29469219446406	214.56636945822257	235.45517228774438	302.00427880686743	296.54911786633363	193.13428297695623	364.9262813217757	236.3244629889001	237.90613456762213	191.81442553372045	268.49102215165215	292.76625589637064	284.51979400621565	222.80228459853373	286.0136255745929	246.6865294878645	190.0	172.78564571827627	231.5837107975865	335.459867053447	338.0	290.3038420310933	187.18967981573982	105.62119464364412	87.32370565316484	218.81106958751394	-10.0	-10.0	72.22288528221928	125.80372253203365	204.18582361698935	196.38838018949153	96.84630308523931	37.63909676312571	44.018293798904445	40.852068067837514	37.0	36.74672175798338	32.0	30.000000000000004	28.82933111994653	32.99999999999999	37.723322291652494	-10.0	-10.0	-10.0	-10.0	-10.0	-10.0	-10.0	-10.0	-10.0	-10.0	-10.0	-10.0	-10.0	-10.0	-10.0	-10.0	-10.0	-10.0	-10.0	-10.0	-10.0	-10.0	-10.0	-10.0
 292.9623310227911	292.9623310227911	266.6813740840821	171.74069659811	263.25019046662715	-10.0	-10.0	-10.0	-10.0	-10.0	-10.0	-10.0	566.8038676473233	170.9994832875604	-10.0	-10.0	-10.0	-10.0	266.2712347042691	391.38658340627416	242.39825752130082	249.10685167644283	264.005935727785	273.49496283785874	341.6716489284517	287.1955471760238	306.29453717913344	649.2147326075183	1389.317070806233	1643.4562129736164	2013.926956254735	2497.4522510933775	2505.717119906916	2669.6136617534657	2975.6150730209383	2917.2378301414938	2875.9035183240753	2976.323992076358	2766.9048014816794	2791.7051370636514	2782.2758204889374	3297.7907787742033	3461.498904510219	3413.2605463696436	3085.2293774566115	3189.0516512488784	3199.2095909450095	3179.874554381136	3204.530391554225	2697.976651470764	2431.173535411597	2032.585131110661	3304.127226168182	1415.323813263992	212.8270056581544	279.89136202038503	92.27904532514466	-10.0	-10.0	-10.0	-10.0	-10.0	-10.0	53.1130668606837	171.5212738792697	140.88692679848856	75.38415029878396	9.052198548491637	51.52764878592236	192.12557221944414	269.7134697501947	302.83766747049265	275.83647158010734	199.94323332381424	144.60677456415408	178.23843011102642	376.264756758931	247.00962109196365	208.89726550332634	264.38486804374924	255.28251232806025	251.21356917584276	236.37073116011277	256.29998136922984	251.50281908126962	242.0	239.10460541747207	233.22542635001534	194.89825879602245	246.72988661517678	317.82341474975766	227.9754261250907	157.15052861018296	121.50013090239007	182.89874595986905	139.16218127443045	-10.0	-10.0	32.24445859911731	285.80519735741507	263.46327922817295	108.16515607045736	128.1310853005176	38.86796372151195	31.879793592639203	33.29779831815414	32.86084198858679	30.0	27.021511981780066	31.071320621569964	24.99711925264613	30.073210935394957	36.0	5.0	-10.0	-10.0	-10.0	-10.0	-10.0	-10.0	-10.0	-10.0	-10.0	-10.0	-10.0	-10.0	-10.0	-10.0	-10.0	-10.0	-10.0	-10.0	-10.0	-10.0	-10.0	-10.0	-10.0
 280.02001003345185	280.02001003345185	247.01343964059913	446.8443050790828	204.04190351294366	190.22187203472862	77.591400303639	-10.0	-10.0	-10.0	-10.0	-10.0	82.17097246439093	350.52111063168564	26.437239361587	-10.0	134.31386560639064	326.76501092914395	253.71623545187558	278.4058619490695	268.4126778095888	257.66077842531973	266.28966357715774	261.24082459545696	346.6267099943213	846.7316917033229	1851.0339213349064	1991.6863367102858	2198.2218210047154	2445.0313965204236	2689.7503851808456	2892.232595683247	2988.5222049916933	3119.6330355592318	3178.7349442158143	3251.980353542888	3302.9008669219706	3323.8410643296984	3394.754150771714	3358.325738661496	3337.8166531460142	3486.1081451132873	3703.7517445476974	3367.5654093533476	3073.500593408907	3196.9389601956645	3207.7605466761297	3204.667725028189	2728.6673169987175	2254.15243372403	2597.0520451247003	2093.374972068155	2532.7701211411054	1424.3475652579832	156.70379684172914	154.746585944095	219.37010543619502	99.24966036790829	-10.0	-10.0	-10.0	65.38346837739458	-10.0	51.860072031749546	99.22599077617907	149.07728535069555	34.05404187022838	123.19601223957201	221.1875040010256	289.15795949961756	295.0710139027067	265.8913224880466	173.03341629444768	96.34823329505234	143.09556953607836	267.27559558646215	293.1818257998506	196.50997000801542	216.21065380849967	290.46391617782297	268.05020436548966	286.071625986755	239.87080748775242	247.53240458569917	232.70665367268907	189.0181439179863	324.6117410858185	261.9814913988102	193.57080302900937	197.70091867859045	201.92948819115946	213.22462925266052	149.74217622525128	212.24730038319942	180.22625980457428	51.46243966258956	-10.0	-10.0	115.7660315961375	289.1508311957304	199.14939479861218	131.0	60.23327169386558	30.0	26.0	25.0	26.000000000000004	24.9494516528659	21.000000000000004	24.0	21.999999999999996	19.0	19.0	20.0	5.0	-10.0	-10.0	-10.0	-10.0	-10.0	-10.0	-10.0	-10.0	-10.0	-10.0	-10.0	-10.0	-10.0	-10.0	-10.0	-10.0	-10.0	-10.0	-10.0	-10.0	-10.0	-10.0
 305.53106609893564	305.53106609893564	312.79542464120306	293.4321858929542	297.08554186660064	310.34476024235653	232.9975872800739	308.4136618995095	440.6119253747101	174.82050101124707	31.287191931762667	-10.0	-10.0	558.8354607893436	15.514990252110744	43.4452771864858	259.30820466185105	346.7032044547394	385.69884744464684	278.2468802279949	419.288995703046	776.9672396395079	1339.7702518178999	1187.7343105300922	1492.1242582202772	2022.463029410013	2272.3144982598938	2453.920328014866	2545.397036792152	2586.1478177536173	2806.579462513637	2895.7615464905625	2965.2813908694397	3090.26908671609	3195.950484013559	3313.8855688094336	3346.337066353458	3436.705218149138	3531.6427520902575	3547.937637473978	3585.461829344932	3648.3617585329794	3693.9434016670516	2267.4879089566184	3149.171118975183	3157.0132548062043	3220.483019874656	3206.4330918402957	3254.8170942028673	2738.287394511315	2145.2931237168027	3544.6489495285746	2072.6975236676153	1705.2081720683314	348.3555548701243	116.53566458267474	36.78975382516109	-10.0	-10.0	-10.0	-10.0	56.85733970436352	-10.0	-10.0	89.68664804882303	166.61941201459842	284.26665154672014	270.75118553191317	300.07980623052384	246.79458921763353	228.08490351186703	123.91607126324845	93.01767138539866	123.82248696398645	155.3723681269422	217.95267445358283	273.40914861455235	223.366400617873	298.1698223395896	305.2079840732008	296.3194896216621	326.7197300907637	352.2703052218655	235.7735432284946	268.3633107072942	288.2677482575764	318.44026080099303	194.2847378849077	151.8788623417252	185.94887357182816	191.00000000000003	239.78730582546402	193.46445290296478	156.65777850296092	163.26409594229247	-10.0	-10.0	-10.0	267.0293624602883	293.0135615417769	163.1998481105743	118.70863800610061	34.0	28.28291169833082	23.878965553648634	17.0	21.0	21.000000000000004	21.0	20.0	18.268477219202158	13.0	14.0	-10.0	5.0	5.0	5.0	5.0	5.0	-10.0	5.0	-10.0	-10.0	-10.0	-10.0	-10.0	-10.0	-10.0	-10.0	-10.0	-10.0	-10.0	-10.0	-10.0	-10.0	-10.0	-10.0
 404.88531675500906	404.88531675500906	307.82400035434927	388.92423884991086	667.5512768724146	609.1515686992233	381.84669919996446	291.1573522938481	350.5806344611549	290.00774224522144	212.25412668021724	221.99138669041366	435.2645423063651	520.7911281194633	511.35251562470216	293.3653567485333	264.0646234027316	468.5288584733855	697.8969418337572	1324.686399652248	1522.3710468352942	1669.0840712994902	1703.373669998049	1454.4746369763477	1567.4127144221206	2031.6293038454528	2386.4398329950573	2554.0033045510863	2647.340533620064	2796.157329421121	2849.0597102152633	2962.171641045769	3089.6890643598367	3207.736878544004	3254.303447291095	3352.811736959261	3394.292785738254	3471.2323963943527	3555.920551914234	3604.791811773467	3620.112112686533	3616.5361246415055	3685.0233990282204	3073.9870910334325	2920.5670519588816	3214.316926594962	3184.8572583156783	2509.950509080636	3057.4192143723803	2763.403194851063	1505.7785249949347	2563.240234482229	2232.580989506902	1650.7384245359822	206.2504847536389	235.33071279987013	-10.0	94.51073255980442	-10.0	-10.0	100.39198844996494	83.84409629520277	-10.0	-10.0	53.446012655246314	175.48944769749878	216.38392480743127	303.8795978816187	323.47201512170864	218.3243190098829	160.94600541758896	204.82012586683368	86.11862455616769	175.30648882622134	183.69111310969345	231.96975663394196	222.46616475594504	248.90120326674185	300.8129350465477	285.5925673523182	264.57237017094593	227.17663048145982	317.53959917482456	345.85162979555736	341.09806282563756	349.00000000000006	328.7301848465662	196.78657945398515	151.04058635818598	159.4764799366086	148.0	181.16891889533682	92.50784226309945	11.280452310314812	-10.0	-10.0	-10.0	103.17172396041195	320.7468374713269	256.41899328345005	224.46297510172778	73.65029093648721	40.53747585817371	25.15107978534957	24.0	24.000000000000004	21.999999999999996	17.171457215628426	18.0	10.125223121617182	5.0	8.0	9.0	11.270131283643838	5.0	5.0	5.0	-10.0	5.0	-10.0	-10.0	5.0	-10.0	-10.0	-10.0	-10.0	-10.0	-10.0	-10.0	-10.0	-10.0	-10.0	-10.0	-10.0	-10.0	-10.0	-10.0
 669.5215161975495	669.5215161975495	1006.2636738916931	1236.7696829268284	1341.0385356650208	1397.9264718499148	1422.4326291174148	1288.9071227808204	1170.2714548532979	1221.7248658123954	300.98769994085643	361.8545578886439	447.69177999686724	419.18411598626096	330.83900839547516	293.5084931797519	316.30034712353165	1144.476210584894	1622.9409062846937	1507.671649241011	1697.7077584091494	1690.511967795967	1349.8477247266305	1362.5127943891116	1613.1320847635873	1232.981923888956	2145.6812458326626	2597.502510744126	2673.889679884187	2791.1346068938537	2889.3712705303915	2987.1316872046273	3086.893457502386	3187.218429845291	3287.4376712875246	3367.470055942275	3445.2294785392423	3516.4087907380417	3572.3010929033253	3598.8584390725755	3638.63023021714	3655.215131348471	3695.895265465294	2959.4772597151637	2924.1145374064963	3260.6639530969533	3114.6458652632405	3134.6462564829026	2487.8132716817136	2341.373763414931	2809.8895310277576	2241.7516630720947	2251.662944592649	1605.2781872680384	649.172735275596	112.91088305540039	-10.0	-10.0	-10.0	61.09526315947282	152.28615644887478	46.531451505032535	-10.0	-10.0	66.58839254263984	166.98954949117177	134.3137863907783	226.72947036616824	258.26913776501004	233.43860026426626	160.1794299541192	167.7205784668473	126.19227944219898	188.23637780714066	232.88806875042272	236.46184101776927	220.23960322427416	249.5700810603076	272.14035953391056	284.9337401502563	242.49103397300246	298.52087757888114	273.81121002104373	314.57621158802755	335.988705094645	324.0	331.0085898397617	239.38495308405638	126.3956321623432	143.91098101685103	129.09897580043037	151.23972242378272	78.94432259008629	10.335376643130536	-10.0	-10.0	-10.0	256.9207151155851	286.1939482046547	182.63242889487526	217.5813551669117	83.92970329872225	26.903475737451103	22.95914828239013	15.0	20.0	22.0	22.0	10.0	11.759125787537343	10.84570822376	6.077568350178936	7.0	5.0	-10.0	-10.0	-10.0	-10.0	-10.0	-10.0	-10.0	-10.0	-10.0	-10.0	-10.0	-10.0	-10.0	-10.0	-10.0	-10.0	-10.0	-10.0	-10.0	-10.0	-10.0	-10.0	-10.0
 956.7634602855987	956.7634602855987	1273.5875527120318	1268.8986891256623	1337.5981073938558	1422.8552410934383	1426.8132794162723	1545.9453431024697	1456.3008252103095	1503.645914828404	747.5545053853792	385.2587793728409	376.1124529011387	311.83714788761074	276.72338076502416	328.45534566780856	829.4240015737491	1673.0964005911442	1643.5355140791075	1668.7518296035944	1118.839666962861	1676.2435576480398	1280.0036701343865	973.580018749027	1455.7922979211069	2216.6505863085777	1435.7042092100082	2225.152567928462	2580.5041736043486	2753.78820218049	2886.97628558988	2742.6909536410612	2793.088637682634	3229.995773020757	3308.2580460579484	3397.645417427091	3451.8060883229814	3520.371400756644	3603.3577751293733	3454.2727334846422	3639.6769511690404	3696.0190552108706	3707.120536598705	2883.7840180274115	2517.124908028959	3003.921854790166	2770.437443952046	3116.149437001575	2304.8934717199963	2528.4425737058	2450.653536387504	2228.110175469288	2232.1689254581097	1951.5915679979294	1269.8574994988119	111.21360431722337	139.05230140832774	67.16353242015457	-10.0	75.43263935849603	147.5862749011717	62.93886634859183	23.057364541262626	28.856431843928938	63.19309304554211	157.1130719093196	159.67027864310668	163.94183571078833	206.0716136404027	184.56780534697515	141.34104179229917	188.37489600338455	217.84720113786668	184.1824898184163	219.20954173769306	208.69145064682576	210.3800584411641	255.5959337638177	230.76203343730646	267.62916988634186	240.34319280887817	223.49082201088112	246.36186822408158	297.6759338575567	340.143652912732	346.6160799681943	282.92714523356733	157.8356220355467	100.0	79.28425066543517	64.27800972317362	98.99321975911249	23.24588513296448	-10.0	-10.0	-10.0	277.72871230833016	344.373099756883	182.8024268221555	135.61153476863356	103.14066942489221	122.4355704604947	34.18961539438892	19.0	18.0	17.0	20.000000000000004	21.000000000000004	14.668845098247619	9.0	5.0	11.0	7.0	5.0	5.0	-10.0	-10.0	-10.0	-10.0	-10.0	-10.0	-10.0	-10.0	-10.0	-10.0	-10.0	-10.0	-10.0	-10.0	-10.0	-10.0	-10.0	-10.0	-10.0	-10.0	-10.0	-10.0
 664.1248088189965	664.1248088189965	819.68629118661	818.529277050916	810.7204078058719	934.0174723112721	1086.0790266704394	1241.6144959726053	1226.9838875838007	1360.2604840613012	1402.0802490881972	953.6412290488361	436.00267230940744	357.6103983616568	439.99904342769133	948.131927258541	1567.1897919371852	1599.9152897560843	1575.6687026544948	1413.6193036613395	1441.6480131585495	1037.9466645047185	1447.0525494063988	894.0572202668005	1588.8452181816463	2117.296484789141	2396.278866803426	676.4888322956415	2235.721879593975	2719.9878333313745	2828.7637835515497	2834.7792181806317	3181.247922444113	3205.6369594165117	3401.0	3447.714674311006	3311.2707371852543	3273.208212597655	3536.525896869232	3581.7031734199504	3630.243909243627	3696.317127450633	3710.1694597963333	3293.9816592524976	2887.0844652471123	2904.501155781146	3130.120900609727	2666.531692950635	2358.743865785802	3287.0860222922474	2256.668218128554	2212.0733971609397	2157.501932970303	1974.4564265426545	1628.2834504159512	229.96816770651867	125.26748068452805	-10.0	108.54660141674472	63.21180808593253	140.54408393762512	21.58752067887975	5.489371879889301	95.56052088391738	71.89927296033423	105.22321527575616	226.67893230904696	181.6293520258807	190.42980937546562	172.44334419448717	172.78892638378545	150.67884100378032	143.73055180363036	148.0064581995104	170.01582553966853	211.8426342597033	212.55938958410317	231.27394409175764	225.0	260.9725541041993	265.0149271917092	223.04663003203606	221.26128004924797	241.64252320818196	284.13996495298693	308.993041261652	243.4582875705215	113.2079271261045	113.0	80.98014678897769	96.14727079930267	91.40039301706848	-10.0	-10.0	-10.0	-10.0	355.67579963538776	339.0255938528432	47.155176416225	111.90954814128735	205.83462004787285	45.498003138159106	39.32871985584502	21.768501251832976	17.0	12.0	9.0	15.0	21.0	13.598887509336997	13.318286156006925	-10.0	5.0	7.0	5.0	5.0	-10.0	-10.0	-10.0	-10.0	-10.0	-10.0	-10.0	-10.0	-10.0	-10.0	-10.0	-10.0	-10.0	-10.0	-10.0	-10.0	-10.0	-10.0	-10.0	-10.0	-10.0
 121.00224670789436	121.00224670789436	174.17038144060894	246.84297321313932	413.7188943918385	591.5141454900318	748.8496865351478	847.9370871692524	944.0403526512426	1036.8779331592132	1244.2922570002352	1488.1496650698564	1532.1532665913805	1429.7752942413786	1367.9785285143355	1587.4506445638344	1617.3120097941257	1439.721983213683	1057.0765151714231	953.618903575734	1513.6531422589153	834.5521833901049	952.4814439459358	1388.1439067564133	1767.6783477197162	2035.8240139348648	2234.2869041719046	2199.4151490164204	2160.0156222078267	2295.4363875526465	2388.880084507758	2519.782318283372	2827.811441763888	2962.3322684201507	3132.1386841220933	3319.3953623419357	3074.1469122850913	3579.7521033808334	3457.331554290765	3624.4201062787897	3355.5912073263144	3201.0980871676056	3684.7081317313946	3135.7797627178084	2600.443358859118	3294.5228251771714	3142.3758477856436	2703.301896943224	2451.4515742209696	2818.1812220759243	2396.1545833401647	2300.6991260791683	2167.859100891472	1850.460837588223	1363.451204693443	740.1917589685361	152.25990512395188	5.0	198.35167031638642	136.22248994759664	174.88542030944788	54.83379132190848	131.0910740243362	47.499584346255205	55.24323099310345	88.85069138600687	120.84868256039772	228.49034632243655	250.81281125776644	251.5191237492495	180.51061548879247	138.45710963521037	114.32623231176535	150.79601361498402	167.9268164195765	189.30548568718973	202.50035112366663	205.23156675823094	232.04172391523855	248.41147272822428	258.00899459967115	247.1417840523983	160.81908544678697	205.74041269644832	247.39328224711718	277.53233376466363	228.70207763976518	133.43158816587248	125.0	97.07350094155866	161.47569244253555	82.79878540412007	-10.0	-10.0	-10.0	104.79916197163027	371.06340239359713	242.08703950455018	84.85724937222153	80.47479997453006	78.93095442746649	93.13821661852492	50.0	23.0	18.0	10.0	-10.0	-10.0	13.431498556429625	18.513975262493013	23.999999999999996	6.999999999999999	-10.0	7.0	-10.0	-10.0	-10.0	5.0	-10.0	-10.0	-10.0	-10.0	-10.0	-10.0	-10.0	-10.0	-10.0	-10.0	-10.0	-10.0	-10.0	-10.0	-10.0	-10.0	-10.0	-10.0	-10.0
 170.02898328499407	170.02898328499407	150.7906518935814	244.5586743745277	309.58355386203993	456.16793923955805	653.0469990525393	840.9691533509454	938.9034434869508	1045.8588891314178	1148.0440643071022	1205.9430164474845	1348.5081825632765	1445.318721414661	1522.0673644268152	1370.955592341361	1171.3166002625244	1144.217378939166	1114.2550492977696	1020.0854905341681	2140.4174521383948	1456.3223893784916	620.6726023419855	765.6851843178945	1826.5575950580126	2888.7448793356043	2299.7991459797818	2457.2543505092417	2200.3093657814816	2425.140609866775	2461.700294091948	2551.6459771128857	2715.6760589518767	2665.321254301366	2735.944153387981	3008.9310258044297	2943.9266478932095	2869.575228377731	3265.43071284126	3592.0824277904103	3168.040803239447	3340.7640495605956	3503.1550328053117	3736.184365919829	3252.768652766288	3312.5375724871756	3194.9935333928443	2673.5658332511234	2499.0446723285413	2143.1612337139886	2441.2250807087794	2347.110427305378	2114.0522231034643	1726.516244071141	1075.4159229654656	353.4768312817913	376.3535798493467	275.67368363692424	261.30808018808426	280.27591003895293	215.37791549207662	265.9202113145214	206.91718654255038	54.17531088946065	8.480135099520615	74.90810985750755	132.95402328352304	209.38809358200805	274.5703721616288	286.46776241025555	217.44579136740197	151.35047004742145	200.6497774639317	208.43319361332954	224.73090282309852	215.10777232991296	218.60991133680565	230.29755881745677	237.85206181737317	240.33302369871774	281.0685013308704	241.0	190.17711374164207	207.12485567467135	227.5658329870165	273.93474058127083	197.27692759316403	133.36400016617625	152.13972026511354	127.72048374609123	187.73695614607726	-10.0	-10.0	-10.0	-10.0	71.35004363538165	384.4990106041057	312.1281548314342	168.12145749385598	94.0879035891528	120.7139589154966	97.42128894238579	52.32923245405695	39.03462783284578	24.000000000000004	15.0	-10.0	5.0	-10.0	-10.0	5.0	7.000000000000001	5.0	-10.0	6.0	7.000000000000001	8.0	-10.0	-10.0	-10.0	-10.0	-10.0	-10.0	-10.0	-10.0	-10.0	-10.0	-10.0	-10.0	-10.0	-10.0	-10.0	-10.0	-10.0	-10.0	-10.0	-10.0
 46.96138893898145	46.96138893898145	58.94629984581495	100.44657947809715	212.60508712385035	284.77374461648026	538.1704947553327	685.7040259026605	979.549162692251	1060.4499457675286	1200.2991462978957	969.4085761850027	1116.504631905914	1377.5530786592526	973.9217958453871	1018.7580008879628	1001.4226563868244	1203.9214054811305	1179.0619689394423	1068.566584801417	1035.965928965257	1804.247717972875	864.5143290283081	887.2512390332585	1245.6526481760106	987.6931451143186	2299.346178744928	2395.9405012540137	2351.0705667061247	2426.644878549821	2574.740232350423	2400.70424333279	2601.5214025308965	2665.8635937841213	2852.8377477967847	2765.152099870783	2910.3576617669646	3136.6697248715777	3131.5034648087476	2975.719305679867	3180.279820038343	3129.9042604347355	3519.063066200619	3694.432323044327	3649.1442072134664	3440.3767914968607	2951.031327873326	2642.6979267679208	2613.1411370484893	2627.4228296597344	2509.1106319951687	2366.4307670885028	2085.0927594161662	1544.8083303711364	720.5992785847225	386.8224874085003	381.3898786585408	311.1377723688998	165.5626667019908	167.72260099077107	157.2634571041687	105.91827843848837	53.28942860353076	60.592888142463856	81.11371691195492	140.1789448564647	124.49855179399657	199.17655286379642	288.5	318.30428694555025	289.4677843904883	269.48242776063836	294.3331214068446	280.97378438782397	266.8239120703546	240.90782717923162	223.8739604675875	272.85169166634637	278.56427751607794	332.79730090062833	238.99999999999997	240.7295871056449	296.3700376830236	240.1024211257516	248.94322093134497	260.0554365755578	191.55493902244524	135.8330837678952	126.2403510854682	176.68710261453646	178.2514141253285	-10.0	-10.0	-10.0	-10.0	184.78699708475375	349.0	279.93403404984406	192.74180900250565	99.11144064174044	151.15667594081785	98.56911829198185	53.0	49.006012838972545	39.0	19.945788522041383	-10.0	-10.0	-10.0	-10.0	-10.0	6.0	-10.0	-10.0	-10.0	-10.0	-10.0	-10.0	-10.0	-10.0	-10.0	-10.0	-10.0	-10.0	-10.0	-10.0	-10.0	-10.0	-10.0	-10.0	-10.0	-10.0	-10.0	-10.0	-10.0	-10.0	-10.0
 -10.0	-10.0	38.20702154423822	78.1871787143277	135.474514764147	215.53393334856298	340.80048330635026	433.85206201571265	673.3321810660004	1071.264760480417	1114.6860046167885	1055.909393238558	911.3993355964676	1176.5405528392487	1711.9709464152472	821.3157498128028	1036.4253935836293	1166.1568338403856	1312.2932105508373	1439.2482710879776	1253.6212973634442	1262.8005883049777	1175.285641628744	1234.3585315475834	1068.769009232373	1307.8101188726766	2046.3443271050924	1852.8417295325412	2542.1764806773167	2520.167430582547	2595.0361827207635	2602.9088347932725	2677.7090080339817	2706.940003893066	2861.376834177145	2877.44323889784	2833.3690035475815	2985.6944224639524	2772.9344289981864	2981.827881736365	2756.181303899056	3181.3665247863228	3195.9501309158604	3361.981653785265	3218.3052919120046	3019.5337492168924	1665.6239722174628	2319.203548707496	2747.6794999581502	2632.244961441074	2529.6236003207614	2386.988177273911	2114.855179510533	1531.8349737182784	598.0674445530211	381.1288849603857	294.54375489016263	204.89349998513848	91.20157481903323	45.808033105948624	43.03491744789665	51.59449119841457	62.081596327943075	74.13301820389125	108.10905234445529	183.84194150988014	158.62956667559024	236.34547308587864	313.28997291528077	328.06751182414683	312.6718710451525	308.0203654240834	284.19336883055064	257.82879642564876	221.45890237919318	261.22952277438924	268.0597542290596	314.90604791621604	305.7598999845709	337.8900839859311	281.50701340734736	297.32174740453576	310.3261794293245	265.9049737614416	267.5	264.03330783537643	190.065298825132	167.95601004698466	191.24480324656713	246.14077102140322	163.29347328061098	5.552535998493344	-10.0	-10.0	-10.0	145.73152319203197	353.2562453576431	205.29761095373803	154.71088485670498	81.92892168311715	101.07681572166496	97.42358748085793	71.56525440982193	53.86791428498537	50.335620885583936	36.0	-10.0	-10.0	-10.0	-10.0	-10.0	5.0	5.0	-10.0	-10.0	-10.0	-10.0	-10.0	-10.0	-10.0	-10.0	-10.0	-10.0	-10.0	-10.0	-10.0	-10.0	-10.0	-10.0	-10.0	-10.0	-10.0	-10.0	-10.0	-10.0	-10.0	-10.0
 -10.0	-10.0	27.64583326641186	185.78586949888214	279.3082191956511	281.0275751500716	287.17934828384637	347.08574751936754	472.5425208833832	748.62117494254	709.946053034161	1204.1683039510735	1323.7657109325255	723.0992940339734	1386.2494589376022	1040.0978027270519	1518.8835001128923	1340.847227246966	1511.663578944675	1531.203445968036	1411.3559853787156	1644.409691987914	1563.0714119421084	623.6115458424711	1303.2106940185513	1039.7117263325376	439.1807831849093	2211.110562124657	2214.865941191493	2445.8590240040307	2489.244637239276	2512.055744824766	2581.8625187713324	2787.022714652863	3036.9531450406444	2873.991307769635	2497.8969380057	3026.1087421403276	2982.052250322271	2837.0605537316587	2986.8987591366713	2906.904834215219	3042.818882251834	3272.3282335794	3256.6420800437245	2749.821236578237	2724.402606107976	2219.4686883415707	3275.4338573576606	2346.977852732693	2483.4762904673353	2403.536074674626	2165.5103193865953	1767.3919293667263	984.9943458682438	192.87819098106297	192.68047292526379	116.13339723809483	109.14371029091627	63.122624301715554	44.65023447822996	42.480696644539506	82.88408866934849	102.61196361220364	107.14853807835341	159.50477596044954	241.2544442922227	281.0863830046237	326.36972552547553	329.09146224613056	305.3832089470087	233.93411224770975	194.75443854817635	176.77123573560246	179.05287290370438	223.29534277993076	296.42576886138505	253.89146260415282	259.2989423708226	317.1725272067632	321.24546690253385	313.2801045708734	302.67780484201853	279.7226271899417	268.23924855117065	273.4874713695299	201.40174131839672	170.05109536439932	160.78242949829627	234.445527386517	147.19693360826435	70.70652807787347	-10.0	-10.0	-10.0	178.39619176642708	331.91257747210443	88.91125593273287	82.33645238429739	109.55395210948413	129.14546692027034	102.43600439318863	95.44664540262927	63.04591657113582	103.47444234056769	40.81432384564108	22.463926205828223	-10.0	-10.0	-10.0	-10.0	-10.0	5.0	5.0	-10.0	-10.0	-10.0	-10.0	-10.0	-10.0	-10.0	-10.0	-10.0	-10.0	-10.0	-10.0	-10.0	-10.0	-10.0	-10.0	-10.0	-10.0	-10.0	-10.0	-10.0	-10.0	-10.0
 -10.0	-10.0	97.67158045709772	285.5645990350986	218.64764278260998	224.52992475714467	494.55047295744424	445.9205334987813	232.99901998883146	929.4658283215568	1100.328916771217	1198.225529062575	1201.9512276103899	1413.8583415077298	1435.964655010946	1520.4615105825471	1394.2139241185093	1636.162688439826	1587.6258045279808	1651.3254991586348	1829.6037228169025	1673.839377380352	1850.457701937823	1700.4971721798725	631.6908819686606	642.5119580342256	137.06056228993543	548.9023736348549	1495.118553480035	1658.1602249637492	2188.557070816494	2599.3317859939134	2493.101937916357	2489.39647116808	2626.6377058612634	2202.656421343293	2700.95053611243	2931.2133242204163	2763.8153183405752	2868.7369855816696	3292.031123584792	3034.814208775652	2858.7639028264016	3067.9619584471106	2481.0527673459387	2207.7162865605605	2442.0006700051617	1715.0191291042208	3061.642353543231	2435.3994752074263	2425.4774296138016	2369.6385220358875	2245.6311578448103	2008.94277493735	1327.1165967529605	253.54919214346648	180.7267626633539	108.26017043609599	32.0	38.78121590269214	49.920007907998446	48.206077576384075	96.39836724072022	127.52357718853489	150.9242750040797	215.7903370972095	261.33745415780254	334.2998495025177	368.1353646889786	349.7784937048847	286.8834106462086	214.13710135665596	173.48007514347967	158.3859008415666	161.73761300543907	181.2784891389216	230.59026551709928	189.04193842958603	235.07304382115356	286.3479135641793	318.95845816778547	295.9012502742072	303.67173727502507	248.71845795719366	260.343338525199	230.82527824962784	182.86483851212654	150.74417398982206	173.58726390567034	230.739063772367	159.17573622912622	90.79573023495308	-10.0	-10.0	5.0	255.1762399085071	333.25988770045234	298.16662834000783	157.0	96.61944668437239	70.46436598291574	96.25505009749533	49.00000000000001	76.60866110949377	113.82397782010663	104.19642750858542	47.66790317393999	5.0	-10.0	-10.0	-10.0	-10.0	-10.0	5.0	6.0	5.0	-10.0	-10.0	-10.0	-10.0	-10.0	-10.0	-10.0	-10.0	-10.0	-10.0	-10.0	-10.0	-10.0	-10.0	-10.0	-10.0	-10.0	-10.0	-10.0	-10.0	-10.0
 98.88919965109551	98.88919965109551	128.73648562330962	50.57821871785786	193.21114807201818	301.85088155049823	506.59199231732083	124.87907438959301	497.599167893866	954.9433285814448	1009.0535346378833	1035.2174491815367	1329.9036484700528	1401.8238954530416	1487.1854589494815	1554.3014719119215	1536.7511931914748	1680.2330068021554	1840.474760203048	1783.5643813630788	1877.5634009761914	1834.418977694425	1457.0135488796761	1452.6716119088444	1109.9738423868196	147.41641166551523	230.42868441891474	375.3166525393773	1118.214753601989	947.1654408527108	2104.594125592184	1905.319688195375	2284.086207635284	2117.6854036802097	2343.8655453162737	2679.7946229271997	2414.0548976853725	2405.2874347979305	2721.9489309790497	2526.979525377343	2680.972795252796	2624.7574585445163	2592.7533044799866	2886.2103491894386	2860.4717223692232	2219.7720805294166	954.81300916449	2600.071182027064	2427.1681463554105	2366.4266609848783	2301.010547030219	2278.0524990434615	2176.1438217998893	2061.8555550914966	1337.03780190819	252.5120077314876	280.18096001452216	218.0088186252562	72.04881308189061	50.109077123014615	65.97868104245566	84.3616321510373	133.15601504877023	155.52902965862248	197.10968793969613	216.09413458017428	313.46530479182957	350.11399371534173	384.7214306887985	351.440981879725	269.8870589783435	181.8059394662813	171.53665541993678	153.15188808119834	176.6875603705542	195.046333912288	200.21486306316328	210.0250054274257	190.76275780931	226.88764824335038	331.5162611951802	300.47283432763686	288.04962111800455	211.06748021937972	248.78772906519944	191.62326968112131	156.5251672950472	127.03804146821878	215.85857724567552	195.9424147558481	160.25218192972937	-10.0	-10.0	-10.0	-10.0	248.3701342670259	328.94305222398026	315.20685166473385	74.0	72.4322683888208	89.36707748934751	78.21239804791014	66.84110745569534	83.88665744889971	114.0	117.20980539367007	83.28449973246775	22.89524266850864	-10.0	-10.0	-10.0	-10.0	-10.0	-10.0	5.0	6.000000000000001	-10.0	-10.0	-10.0	-10.0	-10.0	-10.0	-10.0	-10.0	-10.0	-10.0	-10.0	-10.0	-10.0	-10.0	-10.0	-10.0	-10.0	-10.0	-10.0	-10.0	-10.0
 -10.0	-10.0	-10.0	83.72143047900234	78.30644498735073	430.8268661052299	184.88569635733845	351.49227472856774	280.7591923248188	680.2311353217991	840.5803290236048	891.3657080683018	1051.9424112439544	1215.6471799317226	1269.436788740154	1469.2226317445638	1738.9366438937898	1837.9767921813423	1915.5065261638078	1942.5058896502107	1953.3876252382022	1713.6366800813744	2144.0819708083677	1977.4214009950051	1426.4126134548274	355.50070089419415	1262.4877194322016	1132.6315466391552	2839.154109901984	1739.1086581504303	1590.410716159054	2434.014211803693	2506.741259629049	2667.5273515139693	2222.692821695884	1963.5264818050587	2195.889690986347	2498.906448053848	2013.2248159203782	2622.081203924193	2225.109720911576	2495.9427781986346	2467.805013725271	1930.3172429999831	2133.843041534472	2071.7785978735096	2236.138496912422	2387.7554445771743	2374.1819532538984	2249.9061921431244	2152.4035460934047	2032.1060537621534	1966.7770635853794	1836.587416500387	1482.0588078142032	242.60590623657754	132.64839373651054	50.46658046647424	54.03312255911906	82.17066142082898	141.08023207144905	106.61496626855737	152.97322566344053	204.21154262396476	225.272597263934	310.04377794093244	340.7837481782059	380.04137476154017	388.7868113561822	342.13788240374174	182.39357016127178	199.77860733765294	173.3762618187411	205.8422106187034	201.71092061586782	180.29361406603667	177.07644749980443	155.40013521554903	189.44259657577314	201.90193334154452	305.6938449151916	309.9753698985522	301.2639150319079	203.75263409203382	188.81791111599964	236.92322090221887	151.21381756048714	160.5757985899237	222.74539025026803	203.47382201237923	98.96602984405325	-10.0	-10.0	-10.0	-10.0	274.11146493372036	346.9698654262738	264.37418143062143	91.61737562467201	97.0	105.99999999999999	85.46708027480463	77.69493479190697	104.51278718398198	121.33245909933376	95.31374858010903	25.649629442027074	19.313289650069066	-10.0	-10.0	-10.0	-10.0	-10.0	-10.0	-10.0	6.0	5.000000000000001	-10.0	-10.0	-10.0	-10.0	5.0	6.000000000000001	5.0	-10.0	-10.0	-10.0	-10.0	-10.0	-10.0	-10.0	-10.0	-10.0	-10.0	-10.0	-10.0	-10.0
 -10.0	-10.0	-10.0	-10.0	-10.0	212.42470028582292	73.22428171498721	258.31832245593057	181.6867863618685	374.9849251407173	449.61606679761394	779.9079830077889	972.2193670752506	1202.7212796430465	1353.421118729777	1725.5698812540309	1797.6049958546614	1870.1087061508745	1833.1681738568614	1802.9337355902805	1687.62103568982	2084.6168822521663	2137.1197825533873	1654.113470420183	726.2170346823591	1229.1313799369027	1790.992820589557	2424.1527581500786	1988.3206186281313	2200.2200717946125	1757.1769968154404	2417.218995976493	2034.3796878243993	1556.2110652434021	1764.8699833148175	2156.098648773557	2104.8236966064314	2522.9105385033595	2647.888338220042	3066.0363519016228	2875.5440489574303	2721.2810366975423	2490.7115154631674	2534.0534498946004	2336.467733679397	2369.2016558270157	2356.7410267463474	2363.8220434595733	2265.2798734042312	2102.684990857402	1958.0006463244083	1800.3000989371474	1632.183850475877	1514.313498302925	896.1681540268742	260.99679851224204	157.8329687662457	44.64857187246013	98.55689414012375	193.56923454046037	188.76049519812562	111.2289914451682	201.00304427890987	294.4325492441622	325.3474182671713	380.2323920337677	378.3683269034672	379.1704338510397	368.91994964515135	259.18479771346904	172.9082066424404	227.51421486728339	238.95760999701275	274.849696399521	240.56292072289477	139.46973495668934	159.098047846501	174.77571149860358	198.72620493679503	219.27078409617548	280.23271297536894	322.00018524937826	298.6676092621088	274.3542244074854	271.04258328453056	236.93919118356695	190.2113565728418	186.45193241312157	244.58804667637477	182.01164115481856	77.23795027062073	34.259222992589144	-10.0	-10.0	11.51332225254957	305.5174884200682	286.27721116303803	351.50322307348597	143.81673173016011	109.64614707016447	100.96965271309602	93.81052268684407	99.95765027000736	102.22593406599046	106.15537539680085	128.0	55.57699495114204	9.0	-10.0	-10.0	-10.0	-10.0	-10.0	-10.0	-10.0	-10.0	6.0	5.0	-10.0	-10.0	6.0	-10.0	-10.0	-10.0	6.330198422147395	-10.0	-10.0	-10.0	-10.0	-10.0	-10.0	-10.0	-10.0	-10.0	-10.0	-10.0	-10.0
 -10.0	-10.0	-10.0	-10.0	-10.0	-10.0	185.76781184605605	240.1430777159086	130.73765003538958	294.0888793893993	189.39549831772558	458.4478455580103	967.7540774015929	1525.0081252630207	1585.4824034595445	1852.235732292826	1881.9518240892612	1882.7570382158433	1918.379837666248	2214.488428093272	2191.672784887722	2166.6750184962857	2139.1584414805343	974.5826456061006	963.9497956524451	1664.8641012710775	2529.977502899161	2740.5463370899097	2734.1691036868788	2476.457166046316	2598.318552049162	2471.441777023204	2359.9333373127024	2153.922719671342	2050.497117134928	1946.7939721482196	2510.2801104154087	2595.6265449453253	2600.7399077162577	2295.5741066547953	2578.7845210017185	2242.639672671345	2389.627894125075	2431.7595377826447	2426.399286749479	2438.559527821765	2389.385097310693	2272.8775161194617	2122.7178330811776	1960.5960616392576	1770.2234072881317	1557.7880924400004	1270.5461452119528	881.9183785213911	411.83035726891785	288.44115016150954	172.87082574720043	128.89548175815656	148.05883500349296	341.07269478087704	271.49655247376444	319.7278355439386	386.98071663353693	413.75390248580476	399.6138473818548	404.17812402212223	403.445493960882	371.9010690805904	326.23372320353485	255.05660273520704	205.46518041265858	278.89984064827013	279.126047083729	270.1181311233294	229.94422740746882	197.45943354504828	200.217066356842	218.862765646318	236.91533791052493	255.06258839672475	290.8412031700742	363.15450325322183	334.6818590070992	277.7101995599536	277.62357554836836	241.35373927756513	232.0246536172665	232.84960937389457	223.69920915847166	156.41789910038267	78.15918959683152	13.89276303214588	-10.0	-10.0	-10.0	242.11012859399762	297.1196820554529	187.3896615081067	134.41809616212487	128.9626431722052	122.0	100.89718182401744	77.24506193212535	105.0	95.87155449071138	135.91985502846214	28.84834732808921	11.000000000000002	-10.0	-10.0	-10.0	-10.0	-10.0	-10.0	-10.0	-10.0	-10.0	6.0	5.0	5.0	5.0	-10.0	-10.0	-10.0	-10.0	-10.0	-10.0	-10.0	-10.0	-10.0	-10.0	-10.0	-10.0	-10.0	-10.0	-10.0	-10.0
 -10.0	-10.0	-10.0	-10.0	-10.0	-10.0	-10.0	-10.0	-10.0	228.17957628341986	125.04658686973985	292.68455099264105	1009.839611673933	1667.4168966857555	1796.417698630843	1839.1692249814107	1858.7438576023212	2039.6445570515903	2082.656001244465	2106.4216756169344	2082.644863941172	1113.0161339608278	1704.9294879037045	922.422107212496	2302.047538454574	2516.654960628345	2615.1506552274177	2964.638669545867	2960.5918991638405	2018.2179711111908	2900.3881343425514	2684.083604829157	3129.5360252161763	2490.0036565729524	2951.2409734359353	2922.993840275365	2966.812579087182	3189.6124190975565	2693.444279196862	2444.885653213355	2816.522918674775	2558.695647424891	2768.543632810908	2664.6017317622664	2565.4304190656935	2439.1643995649097	2324.272624918696	2174.4138748146433	2017.8638129712053	1816.960021701982	1587.816817788074	1258.1067164464914	860.8822655068914	488.3195530511855	452.809408740447	408.36364651432973	310.4108331121121	306.193975954414	400.07543940802543	482.2016265876034	480.6404922181679	450.3606955482596	455.87377739006644	452.8920498661797	435.89223210292647	413.7025749869114	390.7647872173008	367.81545991373963	334.6007373276115	264.02653446393765	284.3485641050156	300.18718315673095	306.30745622002263	273.55285313424235	254.71694219835098	251.6474058359537	211.04316379335282	222.75737152789347	246.81788154600497	297.9078638836475	344.44952308816045	374.0	340.377306904799	319.9597426072529	322.357381894834	310.9870839175588	262.57413727343425	251.53892983649288	242.8074867928548	154.04673664206027	58.56286234672692	-10.0	-10.0	-10.0	-10.0	219.75401357226835	346.2818993796041	209.52002025800948	105.42310446232284	117.36748071164345	102.84616014964709	101.0	97.8178360921006	119.5934911687967	75.63168037906148	52.301274614772176	44.6987030181615	13.0	5.0	-10.0	-10.0	-10.0	-10.0	-10.0	-10.0	-10.0	-10.0	5.0	6.0	5.999999999999998	5.0	-10.0	-10.0	-10.0	-10.0	-10.0	-10.0	-10.0	-10.0	-10.0	-10.0	-10.0	-10.0	-10.0	-10.0	-10.0	-10.0
 -10.0	-10.0	-10.0	-10.0	-10.0	-10.0	-10.0	-10.0	82.61903930382888	132.31691564178456	227.51997519799653	261.62008793148993	957.6542477018587	1671.198910881725	1739.7695395526675	1790.1807289444455	1864.4843500136208	1992.6450387898121	1907.5137434089684	1677.9982529875954	1433.1115372937643	1228.0023818163145	1386.6628472312764	2070.705938953592	2409.7358701199873	2847.8456284931935	2932.8463598712315	3160.52288467564	3155.8232985213917	2253.912621148002	2802.6562515802916	2697.8613250306234	3199.539656679267	2869.4855605782877	3113.9133387012967	2943.3923949317877	2453.3513348942033	2937.197081692394	3096.0440018151608	3060.0700608162583	3010.784587868855	2937.7529123383224	2659.567080098309	2710.710988313323	2594.5597299058018	2447.2764770703807	2290.411178528713	2144.1956937583145	1953.6644090459122	1729.7233172848385	1454.7318484533012	1132.7113822300041	654.7003246138861	486.93740958429026	486.25390755314913	460.3971567331586	471.2091504607271	485.0723439446666	488.4112908484532	482.99054331886435	459.21337810570026	451.1963586455322	451.46159007612573	455.51375187908275	441.15292237339196	412.5524453288051	391.65932238146155	350.17018057730303	333.26060844960216	325.8143580409238	306.9477099404976	314.2856993371657	310.96898304011205	243.25748834158395	240.65061506924027	231.89194292592128	227.56323465694746	239.87353232477574	287.0	314.96706208944033	351.66569701506046	363.9525339299204	340.25765962210573	340.44587555331066	328.99653796491475	312.05094305459045	276.61964614970975	242.0024919001475	200.9209003527017	180.23088446902233	65.00936996970378	-10.0	-10.0	-10.0	-10.0	262.8441928790325	314.96486220881644	185.67607442351337	132.32373133649793	130.41290375372722	68.85627685156166	75.0	97.99893833228525	131.62387482879302	139.7253730835834	99.73621771568757	39.0	18.964556857147986	9.0	5.0	-10.0	-10.0	-10.0	-10.0	-10.0	-10.0	-10.0	-10.0	-10.0	-10.0	5.0	5.0	-10.0	-10.0	-10.0	-10.0	-10.0	-10.0	-10.0	-10.0	-10.0	-10.0	-10.0	-10.0	-10.0	-10.0	-10.0
 -10.0	-10.0	-10.0	-10.0	-10.0	-10.0	-10.0	-10.0	69.0213783887538	67.47696520190999	152.3039179998234	216.26862749912743	1380.7280021573433	1583.8602898897316	1598.4536251097988	1567.2339861784174	1793.7498596902224	1929.9473637723247	1889.3476447230253	1936.8653307354912	1924.9103111700185	2004.164963835232	2072.7387233445916	2376.329304407183	2840.438259834084	3087.53966450513	3190.129587084205	3296.3897706616244	3317.7869998829956	3224.1105667068546	2332.657442589094	3229.3725625441593	3238.3492738750465	3192.0891827943933	3018.7737394532805	3107.044039734982	3169.2060667348433	3104.4414739130434	3101.276084155763	3086.311716941203	3026.428149979245	2979.463767217151	2876.497476294377	2773.033799758941	2647.856126606314	2483.868072666571	2356.3906829749103	2121.794986780686	1938.9233596782988	1689.1981764382153	1370.5329229269537	1009.682872455982	551.0666040962067	446.93209441232585	446.5015298488757	437.93183574673196	420.24834535635955	445.22019310434	465.6501953509593	465.85593959667995	434.9797200966842	415.68641399377145	405.39411763673706	440.830860305104	427.25665389064505	395.4747472094954	383.86991110386157	395.1738196418279	379.9897275388101	341.8201306536091	292.4744072371854	291.6735089785116	255.84584310195734	245.77047487699517	257.28895258452565	280.23201676192434	251.10405670154677	279.93349101150994	307.2346291013184	309.5975401574231	329.08433907499096	342.9422499207767	354.3989720271655	337.91635365804115	337.86376310774415	309.69487163064895	274.902212523991	224.79316330622848	188.08569193543468	170.78993225384536	67.44514784517918	36.04181648042579	-10.0	-10.0	-10.0	134.2787160686773	303.98322036342665	289.999860487315	171.4030338164018	157.33503951973586	111.70962297964417	76.28919689613548	69.53775799004835	129.84472014098114	160.5596269819175	96.97622855343135	47.44485034661075	34.05069229953216	24.43287759725725	19.002908365271757	-10.0	-10.0	-10.0	-10.0	-10.0	-10.0	-10.0	-10.0	-10.0	-10.0	5.0	6.031518323700178	5.0	-10.0	-10.0	-10.0	-10.0	-10.0	-10.0	-10.0	-10.0	-10.0	-10.0	-10.0	-10.0	-10.0	-10.0
 -10.0	-10.0	-10.0	-10.0	-10.0	-10.0	-10.0	-10.0	104.12074746991706	153.5685554419874	268.86780251719705	326.4810956389664	1244.8605615570586	1505.2762619720318	1541.4747717051068	1657.5175561961041	1773.9669304150316	1743.5053176401793	1121.442563960798	1573.2404694219913	1571.7634663414603	1739.416578849147	2064.639114405957	2658.519969890008	3129.948864687581	3285.601212241283	3372.852003796398	2883.3162898405158	3522.7932745503663	2902.2758553555886	3032.9275842980664	3182.0675008254325	3242.2537366644374	3256.8047881314797	3115.4190389047867	3208.7777324458207	3170.5950235614623	3182.432395699997	3150.03766004107	3124.091758712486	3058.071598339433	3021.1463251210116	2947.6297379598036	2809.2526325686367	2678.336876554565	2555.2657511821194	2335.178100877945	2152.407254862673	1952.5887712205667	1711.3367598355705	1351.3696265542917	893.9078145482304	456.38519152069614	424.62334147601075	376.6697028559198	389.22446229775863	407.5838991486241	435.632455820553	453.96466332355163	440.79103038394805	423.5063694953386	367.66234625367736	413.2091432868493	421.16217564706767	430.62062865631094	353.5574256953118	288.03212321628126	318.2288872689052	339.1578040881833	303.62147893702524	273.19239702773825	260.35298956629833	228.2631409653721	235.78279192479908	224.3851043955817	226.29580129293015	233.01411122899083	282.4469310769988	330.15748604653004	327.1394974696959	328.3013035340797	347.83196666292594	274.6716672621809	326.2162132657916	299.48397447577025	262.8028036511748	242.00000000000003	184.96061196983422	141.15810745895817	134.39364960215448	71.32204270237	13.80398676396046	-10.0	-10.0	-10.0	-10.0	152.74852905302788	298.0	224.9835498081046	201.11174981030922	171.01446760804808	118.0	83.54373524283214	146.82909661665502	151.24096713431723	141.08512740881554	154.76139980889278	62.84667255703028	41.0	32.0	10.040031386786962	-10.0	5.0	-10.0	-10.0	-10.0	-10.0	-10.0	-10.0	-10.0	-10.0	5.0	5.0	-10.0	-10.0	-10.0	-10.0	-10.0	-10.0	-10.0	-10.0	-10.0	-10.0	-10.0	-10.0	-10.0	-10.0
 -10.0	-10.0	-10.0	-10.0	-10.0	-10.0	-10.0	-10.0	201.07222218463508	229.1286878786829	159.2969084337897	415.3777907404353	1300.207113875218	1452.5504587355179	1497.8735806179525	1487.197658491766	1547.8431442077313	1661.6992740110304	1713.2893474407676	1506.5673842100664	1765.2265684533752	1923.2168874263052	2449.333273600654	3152.942279422233	3347.9514424425656	3459.3519090409945	3637.9078971782274	3625.7906065864718	3558.897278469622	3474.7219452693384	3247.989389932708	3226.6405030910887	3277.4961202551676	3212.2662029071494	3238.376529767829	3222.5180103790594	3195.0856007396164	3220.2702614101745	3169.145523876841	3132.477928768163	3101.9620499204884	3044.2069229139056	2930.6835946661186	2811.8025688933535	2668.380902406858	2531.144860626903	2357.8564222939085	2210.4424022134745	1962.7593609190178	1686.8201322534967	1354.0479981640328	1067.5955927682721	733.3746380779099	393.9232152083566	359.92898189001767	366.78391558612964	370.79336175968604	406.57985938470097	421.3333436529285	413.7641382403064	399.69639885642	384.7703500830442	415.51380281347076	381.28248197442394	358.2011855293359	300.6469594131562	308.4499469603256	281.8608815221119	268.12868584568014	246.97339098421537	247.18245836516815	217.32147616660376	209.20353117023296	223.491785449863	235.30277931759025	241.1184337078166	269.0720186007143	316.2523448637906	333.43903758911216	361.3466476991136	345.46844363831656	254.80267160448497	274.35416193273	264.69716624297234	288.7147892815971	264.0	234.32361069496523	157.72958250680338	109.2054377993082	111.50068500036502	90.6234873296099	-10.0	-10.0	-10.0	-10.0	-10.0	5.0	109.20242457580241	246.75313841950106	164.85237645220428	155.37458350517412	137.0381388602291	134.0	147.3823651102561	141.00000000000003	180.67529495589153	161.22196284494083	73.71203230529657	37.08233528554805	28.38266272713929	23.007961814727555	12.048906021740065	12.0	14.0	5.0	-10.0	-10.0	-10.0	-10.0	-10.0	-10.0	-10.0	5.0	-10.0	-10.0	-10.0	-10.0	-10.0	-10.0	-10.0	-10.0	-10.0	-10.0	-10.0	-10.0	-10.0	-10.0
 -10.0	-10.0	-10.0	-10.0	-10.0	-10.0	-10.0	-10.0	76.77376058010422	252.5292102616305	321.7782377929701	267.0408042056385	1196.2935132985801	1415.305851360689	1441.430796295498	1505.1531241596037	1330.777923971457	1473.9935840680155	1720.9325587729043	1726.8575227451545	2068.083576327318	2408.9143791810816	2959.1460136939727	3391.5836776517954	3480.3917441147105	3565.014447357691	3447.7677886362653	3450.564536388725	3604.3735478635904	3217.2546683763476	3042.6015415249913	2943.308612727652	3255.0516755986064	3038.2505528190104	3245.8622134724296	3244.554612908826	3232.851911599897	3227.0635156880357	3183.6369677983826	3162.825912116415	3138.4347653991867	3072.3266422106076	2919.473652406633	2793.017539356064	2642.164185810234	2552.8986448115734	2441.37426709645	2219.3208052715167	2083.851995529152	1862.9381947158668	1583.2746864270814	1104.683659011101	470.94051152691594	360.7530432856255	364.8545744987635	360.60621257982456	348.8743120884607	337.9859203813311	331.3860428796359	335.00034850286477	338.44598405219836	307.13247358529156	259.5770443679555	273.7952383022522	285.57225915870475	303.29373573529284	345.81004309771566	296.76738537246706	280.7877780239979	276.32974364826043	268.99999999999994	273.741014050066	241.05364111287932	224.63413433414235	224.1011586212758	238.07092666840435	246.50991947629092	306.08383701638337	342.3103492123762	358.1488464497089	308.5003986649958	270.5761250250811	260.7434726835488	280.0	267.35516405461647	302.2232719387452	203.74925996840298	183.52143435877164	141.10787010939424	123.99999999999999	99.09362051298103	-10.0	-10.0	-10.0	-10.0	-10.0	-10.0	-10.0	116.79101924669631	173.37365816973028	129.9843579010435	124.62598625091935	164.73361548017743	142.4939028367163	193.12592931517543	162.7796927154965	77.56475954559596	19.58784582712572	18.426946427806985	21.527339903494173	17.35832123842941	13.11374284578618	10.0	11.000000000000002	11.0	-10.0	-10.0	-10.0	-10.0	-10.0	-10.0	-10.0	5.0	5.0	-10.0	-10.0	-10.0	-10.0	-10.0	-10.0	-10.0	-10.0	-10.0	-10.0	-10.0	-10.0	-10.0
 151.6493926533442	151.6493926533442	20.780811578364894	-10.0	-10.0	-10.0	-10.0	42.74582863634794	227.69161947002036	172.56000832383324	218.25847896287829	330.8246726822917	1179.5760748887128	1368.5390218665948	1418.9282059186148	1503.4996862561175	1618.9010542509363	1636.717631853713	1582.5305100867834	1976.4215085400822	2503.4920170213622	3033.4976138407496	3355.605986624668	3545.9615470704457	3613.965430693864	3414.46854908782	3689.6412600647795	3694.9698033644772	3709.801865602057	2129.920624721003	2617.809094673671	3247.825180047021	3251.842811901145	3226.2671971290792	3244.7305821348573	3239.955119111787	3236.6599299728546	3195.448362499711	3209.85160477667	3179.8197568911064	3123.2111773812867	3002.503299286348	2908.319398417183	2797.982012601373	2700.785847063868	2572.8631787027352	2496.8910920540484	2315.37402412557	2173.6929130997546	1887.2010009635087	1512.8151685553198	1106.612671652017	497.0674239585069	349.02563359187377	327.12109721565093	313.0088699592832	305.5336071657083	376.69495883320633	351.7600379932331	321.53435628411455	280.3064301992857	274.4009099518458	271.02148555411	250.77769529078583	264.6007084522189	305.3401846504016	283.2860373726137	278.8522925283628	284.1619905982939	295.2312728810243	273.0656422431772	282.90030390505666	282.3014929478675	271.7372507364677	230.951853598024	227.35374397998086	252.24518037204268	286.87268632199834	317.78862064530705	341.19137680666466	291.87517714312065	246.67611257704002	278.0666932816917	270.8208877335554	190.98413682255836	151.13859542048183	59.1329136783291	51.0	130.62426452651397	113.34497657493075	104.70319975398772	97.87647296890844	47.26678489947098	-10.0	5.0	-10.0	-10.0	-10.0	-10.0	9.10213547932873	13.212633723490136	-10.0	31.36889039312969	148.56632233980653	73.0911374711246	7.590062383311615	-10.0	-10.0	-10.0	-10.0	-10.0	-10.0	-10.0	-10.0	-10.0	-10.0	-10.0	-10.0	-10.0	-10.0	-10.0	-10.0	5.0	5.0	-10.0	-10.0	-10.0	-10.0	-10.0	-10.0	-10.0	-10.0	-10.0	-10.0	-10.0	-10.0	-10.0
 149.826420672192	149.826420672192	164.53497371803832	96.95499181602315	84.32060217743573	76.39743863981057	113.365422674647	114.60462041486798	208.0998172229113	322.5545906959289	314.8511618907015	959.1769092954383	1190.4136854033986	1291.003616953205	1330.06678754505	1392.7741683293627	1693.948871815498	1887.5927322244672	2024.7619053288795	2354.2725655455592	2887.79544163206	3327.463678199633	3520.433033775188	3668.5327883125387	3702.1586966200534	3485.0530635247046	3701.9370141434765	3737.223935570227	3568.988923546885	2404.0141380264145	2556.61141206962	3142.9960084331315	3149.103112764722	3202.267861182385	3227.1877200058007	3236.68235820075	3225.6440977728944	3225.625214886112	3224.2017365715983	3195.6628407456983	3080.817859004015	3010.0508771963423	2871.3987069743803	2775.6965839551476	2698.4145136810835	2652.1403217764255	2543.9000180679504	2383.034284958751	2253.9210633784032	1980.7747163659674	1733.69505527864	1367.7001700457597	739.9649863680553	290.35685134701987	276.1376690092447	263.4433618297174	265.04401407914054	329.064628944995	362.6532593505889	366.6553568905253	303.9579135362441	281.75174913724027	254.1175849335612	244.71915851514044	246.25560297885968	229.28242805806102	276.06682200664187	288.4322565881421	325.2650992382972	303.2519520504629	267.624133442988	249.7472241412891	283.33922157468027	237.48269177057307	250.3708593299602	256.43305076023387	283.1611902485813	313.55231577192643	343.39711442097916	344.9982850753015	292.288840890159	275.55195268919186	235.6563295156721	140.1652523338341	98.74853590918937	63.5092852880772	50.962091266381385	111.96012762742973	136.00133928588295	113.34284297347263	99.18554225703807	130.3801122043882	151.04621407005934	101.93952822489832	-10.0	-10.0	-10.0	17.431443950697854	51.21461581653244	45.38971978231546	52.76861318052329	-10.0	-10.0	-10.0	-10.0	-10.0	-10.0	-10.0	-10.0	-10.0	-10.0	-10.0	-10.0	-10.0	-10.0	-10.0	-10.0	-10.0	-10.0	-10.0	-10.0	-10.0	5.0	5.0	-10.0	-10.0	-10.0	-10.0	-10.0	-10.0	-10.0	-10.0	-10.0	-10.0	-10.0	-10.0	-10.0
 122.84942961439441	122.84942961439441	122.10259038021672	188.41962054266966	125.01978472002253	132.766595734945	122.06143640315184	152.3901214051984	184.4784517773512	255.05632867610106	693.5239199004761	898.4072102164704	891.2130466269574	857.8252807672837	890.6334966364434	1227.9451344590668	1548.8572647282913	1898.9532235969045	2209.628808049496	2727.364279172112	3240.620396999625	3448.63352959472	3570.959108433134	3635.9032612823485	3756.012993140391	3719.8708580088087	3564.756764923536	3731.6447778848787	3355.441249250245	2113.1930221731645	2342.9522504044244	2873.524589390832	3112.843943056322	3233.1060463909953	3238.441945972075	3233.5081465796375	3261.5594263276835	3268.89813426546	3209.0922082109064	3196.0258567199767	3137.5927076777098	3055.366484243633	2909.4565922325073	2792.94076154549	2767.0729166652914	2716.9006748671777	2683.9594659267345	2512.0405505982794	2357.249329365174	2226.271721453223	2007.5271818644298	1744.6843808257179	876.604570876229	277.2053155147707	236.44472444562842	231.436268993558	218.77766282285	301.6388201129313	326.644941110887	387.46584587747464	322.73199483262215	294.7693714885614	265.2576923578853	327.12228382717655	337.09388252612024	304.1581314531133	286.9992256886326	315.8988289250265	346.44671439360013	330.7982377578524	287.1268846539024	252.6106518201114	236.63011934832699	252.35065540742997	277.3125845303974	299.59449881534147	335.022181455495	371.8815503983782	361.4853918523575	351.1479429973964	315.9545881141189	258.7530780443659	282.41234327697896	263.307967063721	73.05273874444083	79.35732070582188	128.3399193965803	184.28924494912948	145.95811622914945	121.1068332660345	118.501747133407	130.46075674459073	137.76327604080922	142.4773031108951	154.91145008159526	160.941322232509	152.53623670537894	158.62646682385355	133.64823945283845	51.0	51.0	32.42181978086436	22.462569204973313	16.84494911589588	-10.0	-10.0	-10.0	-10.0	-10.0	-10.0	-10.0	-10.0	-10.0	-10.0	-10.0	-10.0	-10.0	-10.0	-10.0	-10.0	-10.0	-10.0	5.0	5.0	-10.0	-10.0	-10.0	-10.0	-10.0	-10.0	-10.0	-10.0	-10.0	-10.0	-10.0	-10.0	-10.0
 1288.1619788914697	1288.1619788914697	1197.1461359502919	461.2237794531931	406.02585074420614	156.0403598334668	198.2837620669276	221.57749195999736	364.0733912433882	576.812114659184	579.8443871784059	817.1553716162739	859.8730509024836	807.1715266752583	905.5018090690398	1467.404895536345	1789.5144859807547	2169.1597293208124	2735.1625767602445	3176.8970088020164	3458.315346580313	3584.160666234467	3418.9012089480707	3430.8846937673584	3772.3030194880184	3702.242942524259	3529.206908491109	3747.911021019795	3525.629327857383	2558.799908733232	2673.153593239027	2938.889299613508	3058.578387335237	3213.695067010322	3235.3946971533474	3239.9830758848047	3250.425130930228	3188.8303504519445	3206.5717587871322	3174.6872648146673	3096.30157693602	3052.3653723719517	2904.2095045448486	2824.436496687331	2812.376002945558	2775.14560119927	2728.877423562071	2594.0182198140724	2496.033622949949	2383.817980752833	2178.5188452708794	1793.4974819527858	985.3532748865025	246.66409339004446	216.5387666008644	208.60843278807317	206.4387759552935	248.14932871613652	299.5386165424706	412.9532315394762	362.4875238304851	317.3648347373959	298.55307859857334	276.4272871711455	348.29357322637566	373.09604742452564	331.43997484961073	333.93856670126496	309.9699344751036	318.0604766884018	292.28606481837613	288.8138005353848	226.71466659593668	229.74134652506294	253.26104759908532	250.2026026685569	294.95325441560163	360.6653337701729	376.2285227408235	332.94678360088574	271.539896571801	176.80499909040827	194.6091401398089	199.428422956919	104.11022226786635	258.9278553300859	147.03231178697902	170.11114792336446	149.00203124015295	131.9408664838303	101.98423951702397	87.98746421971161	80.93775102501327	118.73138520489971	129.1911579455567	79.91567492076484	98.42428247589476	59.032860334729776	62.92359464657618	47.05709489539687	34.53909189816657	24.994700083232694	14.0	15.999999999999998	10.0	5.9610716538063055	-10.0	-10.0	-10.0	-10.0	-10.0	-10.0	-10.0	-10.0	-10.0	-10.0	-10.0	-10.0	-10.0	-10.0	-10.0	-10.0	5.0	-10.0	-10.0	-10.0	-10.0	-10.0	-10.0	-10.0	-10.0	-10.0	-10.0	-10.0	-10.0	-10.0	-10.0
 1509.4472228938412	1509.4472228938412	1400.0621828392225	978.721276687151	685.6361824861989	539.9827296615505	428.2431300595062	409.961657344022	425.8888560533413	431.6273573678353	497.02689128135535	753.2431925403729	839.3467225785092	865.4500818337808	1001.9680975271667	1481.0877679439855	2047.9920505662653	2780.8317151724286	3173.8168525506912	3184.5843557369835	3552.9633998373365	3238.0362821615663	3671.2230734706645	3578.455575984017	3397.5584826544728	3659.491836909437	3735.327794897508	3754.6775243731818	3651.962121336218	3002.006507371669	2713.401375233692	2612.1867298073776	2881.084711948686	3105.065579668161	3237.395700036833	3228.2453342174254	3206.0280990499427	3220.2800458090537	3228.483610093471	3209.581805764218	3169.8592283342787	3002.2181857022188	2905.6855382382278	2893.2794858386005	2922.848791807907	2883.215799658462	2759.3563589202113	2674.774433644983	2610.8428340209257	2487.8461565862194	2219.8209144504176	1789.445652927992	784.9565346301969	233.79696646138788	244.29965088333887	182.11376526405797	186.54747079005364	172.54967657834737	270.5054583303746	258.33201870987966	165.900265701032	269.431743819189	232.64896090889602	295.601833049704	276.3515490164779	365.66797886544725	394.34837697803437	327.76188754777814	281.9388794112997	239.52804927632673	260.2402445453949	261.04441679035585	245.10334548661416	183.11964728770846	202.14505836354218	235.9196399788826	262.72671754746233	313.07341408478175	292.11807499610734	275.49507201594895	126.40081034876755	91.69334975442348	88.76685542961107	94.74855518649602	128.83865313858593	114.65497063959361	109.07240312105554	137.68585375342923	138.84770028588954	120.78020939506804	85.98640743439012	77.99999999999999	88.22920826205583	98.97483369274833	98.37465053138254	77.74595636190475	73.58977215415635	58.0078084163527	39.63286531999808	24.0822320803929	20.0	20.0	16.708721160062975	10.793791298557002	6.000000000000001	6.0	-10.0	-10.0	-10.0	-10.0	-10.0	-10.0	-10.0	-10.0	-10.0	-10.0	-10.0	-10.0	-10.0	-10.0	5.0	-10.0	-10.0	-10.0	-10.0	-10.0	-10.0	-10.0	-10.0	-10.0	-10.0	-10.0	-10.0	-10.0	-10.0	-10.0	-10.0
 1290.611018557298	1290.611018557298	906.7595252459801	633.5436148675421	468.0007759438578	393.8484246844313	345.4940519140096	344.99921463228293	400.32753119313304	547.8540052082112	1407.3450966663988	1309.3257446830225	804.1541580133552	1067.80658264277	1363.6742372901172	1637.5659111312548	2249.502906567632	2852.499521218549	3389.017480229476	3427.8844960493952	3545.0597641552613	2893.2494168969138	3392.465858307245	3606.273732365122	3665.1364492761722	3520.6127813188973	3313.654407496003	3737.7590322097003	3611.7507757452536	3264.830834682338	2825.0684318737494	2586.8188162783945	2518.533806390176	2291.526764675329	2879.0748834119236	3066.2198498138573	3208.5394035042004	3139.141020946033	3165.044859450757	3126.942325257577	3076.23637501717	3039.8297573198715	2970.465431833001	2944.8104955492286	2918.7519953026795	2843.9831619774686	2805.6870817847484	2730.5399521479308	2609.1886891276445	2480.266927692015	2269.641361301545	1871.187377236616	230.56506353352913	121.96951731039876	153.63566070863763	273.97253969330296	78.24666823286793	293.87244705832074	51.23714284888018	25.42907622909322	75.91351345147551	-10.0	80.08421320819473	266.78113800016575	69.52430784377756	-10.0	255.6712912388807	313.5007221764859	300.5812389821901	279.0507979474886	239.81685980954046	229.71307458819552	207.79973148610523	167.15534674430293	179.46693077013668	191.97888065813692	200.30704358819804	248.45757118356687	233.42052032507758	244.9142622484321	104.67856903904294	71.30389531339677	74.31990133006883	77.77458188207099	99.52372387199237	97.47117646840317	95.07022365669476	101.0	102.44388137205591	64.92451702747978	52.475156091173034	69.0	76.39625444316677	76.94873467283577	50.46155235050555	54.98986151101804	51.11130477872976	45.648601172350176	24.72107406102342	14.597651660533222	13.000000000000002	13.08851633730609	6.930871212356161	-10.0	-10.0	-10.0	-10.0	-10.0	-10.0	-10.0	-10.0	-10.0	-10.0	-10.0	-10.0	-10.0	-10.0	-10.0	-10.0	-10.0	-10.0	-10.0	-10.0	-10.0	-10.0	-10.0	-10.0	-10.0	-10.0	-10.0	-10.0	-10.0	-10.0	-10.0	-10.0	-10.0	-10.0
 942.5993297962457	942.5993297962457	652.173129502133	474.0028408465946	424.8117668743259	394.14922598732227	385.3647098965229	455.98798637446663	529.8687430129697	606.9699973043688	639.7252211252778	1523.861949789124	2612.089216933301	1131.2807820165601	1847.003070189465	2126.0988098841817	2679.3367171316518	3049.1190249206975	2671.391027593755	3473.6439180291295	3357.321429253112	3578.981343156824	3704.610129132131	3489.0183000788247	3421.0793948830747	3470.8133782810773	3614.0100421316392	3691.826526257256	3490.894353281907	2602.1093984054633	1923.3376971293324	1776.7851257734333	1612.698933514878	1593.851749668034	2049.6943071774062	2284.9484814422517	2530.1271529711066	2874.6958552471533	3045.482985698304	3052.7579236367774	3058.680536125874	3036.8727304886274	2995.136506643312	2974.473661631223	2924.574711174592	2926.045850561017	2836.5533634883977	2724.765472054999	2588.1872258322633	2351.898792906701	2135.502985894776	1620.9740271012704	88.82390247791432	146.97197601580618	44.92351886374412	95.9451404816955	239.426904206849	61.159913514959584	71.79448130698795	-10.0	-10.0	-10.0	73.40860175159222	-10.0	-10.0	149.22567029944983	-10.0	54.60026164127899	385.842337103118	254.52159461577128	254.41443203492682	229.04882614058604	197.83893841384787	190.32909139263595	165.77605874251265	166.50393881085444	176.54432473160662	196.65553988579316	224.32311928674255	195.93720865422142	105.16831334921505	70.7939354814954	64.70681207347137	73.55801511559783	95.0	86.0	81.0	91.03151020070436	94.03812703266694	69.99999999999999	55.0	56.51366382485259	54.0	50.0	48.3086689865718	40.00880902046705	40.0	30.71180229895641	17.0	8.409182041842923	8.0	5.127855847514527	-10.0	-10.0	-10.0	-10.0	-10.0	-10.0	-10.0	-10.0	-10.0	-10.0	-10.0	-10.0	-10.0	-10.0	-10.0	-10.0	-10.0	-10.0	-10.0	-10.0	-10.0	-10.0	-10.0	-10.0	-10.0	-10.0	-10.0	-10.0	-10.0	-10.0	-10.0	-10.0	-10.0	-10.0	-10.0
 850.8797689951759	850.8797689951759	705.1720422225553	460.1346191388139	435.1398216083313	338.27031725795837	397.773052073701	524.503747038781	666.8864012002089	886.3844766705068	989.2060899993559	1774.9921180449821	2508.1177433694493	2619.0851317023007	1956.0179143315609	2394.428238699309	2730.896477476789	2835.830437605566	3240.3899338323436	3372.125943074606	3733.652922388603	3628.645757478616	2736.676024107354	3389.470624797934	3618.2211024357603	3479.3349014786654	3613.174359821266	3591.999567048122	3421.9831890294968	2121.5948900036597	1677.658073143351	1410.12283639368	1285.3228336017867	1346.7052899819892	1601.7479359975423	1666.5895509974418	2206.4641072586037	2536.1203973670945	2937.671924569954	2817.812975835598	2963.9974272899544	3029.0040946708027	2978.2366141586144	2950.9966454888627	2932.6379138757457	2923.5530385479206	2816.604803248746	2659.6482339947274	2441.686907205799	2154.314534221089	1171.3948785542534	252.05508962032897	87.3839836744202	22.074761267908755	-10.0	61.23253579170783	-10.0	-10.0	-10.0	-10.0	-10.0	-10.0	-10.0	-10.0	-10.0	-10.0	-10.0	-10.0	21.13926169249359	441.06161089645633	246.4923366354075	249.0	251.16599278803318	204.37727598621973	173.89134016465843	185.59916410816467	182.5215309776375	199.63824558180937	207.85244257242002	166.0020721350609	149.94367111286286	170.98486224195491	93.93590451480614	90.53002080109385	109.62545975678944	87.41993678774328	82.70288642291507	83.95339958271478	67.1175854470422	51.303473839391295	40.88705358708633	13.188030083022795	48.93322807597316	54.232239695636004	50.97232431600563	19.60626975155131	22.0	5.0	5.0	5.0	5.0	-10.0	-10.0	-10.0	-10.0	-10.0	-10.0	-10.0	-10.0	-10.0	-10.0	-10.0	-10.0	-10.0	-10.0	-10.0	-10.0	-10.0	-10.0	-10.0	-10.0	-10.0	-10.0	-10.0	-10.0	-10.0	-10.0	-10.0	-10.0	-10.0	-10.0	-10.0	-10.0	-10.0	-10.0	-10.0	-10.0
 1023.35608775367	1023.35608775367	803.5492357710358	581.2201292326441	461.0076534719363	398.36765040734866	404.44025186111	553.3092940915371	658.637498539719	784.5886762339536	1173.3668556668015	2063.37652265375	1624.0824589563335	2072.892501554289	3658.0612430610654	3506.621300382223	3731.1042388222027	3817.9310447343532	3873.8652062970414	3265.005104196671	2924.682350870278	3431.6623235784486	3406.37400084704	3498.157489719403	3473.387822537312	3288.2704575702965	3378.081641423611	3407.5382395603883	2522.8862666649793	1767.3364288387415	1385.9002466517136	1341.0731714839412	1278.0443598931029	1260.377821311378	1260.5287868897722	1396.426634509882	1614.4504080827826	1789.5323453032852	2373.0605523115983	2742.4597746703253	2893.7708985151276	2975.396500342501	2895.3207343470167	2763.0451169246303	2807.6746964960676	2213.9149286368884	2490.3172958928076	1355.857486840398	943.1501731425055	169.000736196325	389.8759872870027	34.502048514856625	197.64948940455795	-10.0	-10.0	-10.0	66.67992872264779	124.74336580562098	-10.0	-10.0	-10.0	-10.0	-10.0	-10.0	-10.0	-10.0	-10.0	-10.0	114.27096894214125	216.9174407833925	183.27433967718613	213.3697857576748	242.2203528272181	245.1465931093366	154.0072781910135	158.73610837005103	166.2198567581938	171.844537419623	189.98307634930873	194.37234846937602	111.65684869784917	117.82209487590733	98.03545581241167	103.69758279410235	91.73778940681893	83.01402098945738	89.70177511506382	73.27797768474616	52.97558868049648	41.99342943190734	5.1641072531508385	-10.0	-10.0	38.606283986740515	42.90521582593741	21.0	10.042551417571365	-10.0	5.0	5.0	-10.0	-10.0	-10.0	-10.0	-10.0	-10.0	-10.0	-10.0	-10.0	-10.0	-10.0	-10.0	-10.0	-10.0	-10.0	-10.0	-10.0	-10.0	-10.0	-10.0	-10.0	-10.0	-10.0	-10.0	-10.0	-10.0	-10.0	-10.0	-10.0	-10.0	-10.0	-10.0	-10.0	-10.0	-10.0	-10.0	-10.0
 905.9148200409998	905.9148200409998	831.5416504785358	666.7388658776949	510.6171558183512	471.6638714291743	486.6528328218627	496.4072573033302	610.8125360834292	762.3978795623788	1136.9022307179316	1457.0780105895217	2357.559279187663	2322.496419732078	2735.0263708006632	2952.655133027745	2618.87627738407	3023.1786061658668	3387.1243871613974	3459.1226450480553	3313.481975603911	3387.040439318537	3256.5918750781257	3430.794366896377	3377.197394272608	3186.697526725199	3179.766632229153	3321.172015719826	2033.3193953618575	1426.735287424221	1275.3349867987477	1219.6074223300143	1282.1105280309052	1334.453236858053	1373.306400371838	1309.2442045693413	1178.2720482336251	1662.5255520902676	2260.430163496195	2416.9551284061677	2366.3958254250565	2127.8649288096276	1564.0679310124076	1220.01086464642	983.8470198784155	246.77806940380114	113.32602365494378	226.85226536930966	92.58428767241396	-10.0	98.3555394017857	-10.0	-10.0	-10.0	-10.0	-10.0	-10.0	-10.0	-10.0	-10.0	-10.0	-10.0	-10.0	-10.0	-10.0	-10.0	-10.0	162.51702534066706	368.0886572024114	98.63142504898055	67.03266525543667	226.10758291410423	204.68240852033256	235.3940515886133	204.4855480842919	139.5065851003259	119.03555492925219	124.36001366773343	132.68990394670723	171.96543620435142	151.70039727565407	166.67687215366425	129.022622170394	74.14438483288441	55.99440794762043	78.74025446801788	75.91255756309049	61.02342362117885	55.0	49.958684002925054	5.0	-10.0	-10.0	49.20715697933268	30.783461526996593	13.555143238532057	-10.0	-10.0	5.0	5.0	-10.0	-10.0	-10.0	-10.0	-10.0	-10.0	-10.0	-10.0	-10.0	-10.0	-10.0	-10.0	-10.0	-10.0	-10.0	-10.0	-10.0	-10.0	-10.0	-10.0	-10.0	-10.0	-10.0	-10.0	-10.0	-10.0	-10.0	-10.0	-10.0	-10.0	-10.0	-10.0	-10.0	-10.0	-10.0	-10.0	-10.0
 1168.990297834845	1168.990297834845	981.6508511206786	731.2159139650217	573.0522726103428	484.63293127122296	501.6360964524847	521.8089888407851	580.5786120843821	755.4898015837894	1141.9696144592306	1940.4149987096837	2648.9860540714544	3072.9396222078553	3182.3991337169455	3181.1755361925807	3261.494341365873	3352.267645284826	3297.0016445601377	3213.474602053663	3273.44725768105	3216.9884020818013	3266.5286537181605	3246.388018481278	3144.832733960487	3073.5940531155793	3078.5513768747337	3163.224190854084	1804.4009477536893	1569.368125029298	1390.5142853112168	1363.367427558396	1392.796993494893	1403.344943177103	1434.3185161671731	1465.0	1211.2298917689227	1716.330220972972	2067.163733302968	2055.260359702599	1454.0356100692363	753.9294310508141	197.31789199630236	150.24560872350182	154.72599439522065	151.49012334745254	129.1270316853178	-10.0	-10.0	58.140933439632086	148.49106485290847	19.19279811883929	-10.0	-10.0	-10.0	-10.0	-10.0	-10.0	-10.0	-10.0	-10.0	-10.0	-10.0	-10.0	-10.0	-10.0	-10.0	-10.0	-10.0	-10.0	-10.0	127.52071870625176	219.36520413237446	176.9491175278858	214.95360837465265	196.9438516108835	170.1213907125176	122.60428804611547	109.80077284399215	128.30732991886424	131.32611098665558	135.47687670081706	131.86881975026427	76.08523033424717	65.21350495857806	63.45375470418891	58.412467722369485	67.68985470534295	61.93759651702649	55.00000000000001	55.927998923336254	-10.0	5.003377830630884	51.0	7.563033036043464	-10.0	5.0	-10.0	-10.0	-10.0	-10.0	-10.0	-10.0	-10.0	-10.0	-10.0	-10.0	-10.0	-10.0	-10.0	-10.0	-10.0	-10.0	-10.0	-10.0	-10.0	-10.0	-10.0	-10.0	-10.0	-10.0	-10.0	-10.0	-10.0	-10.0	-10.0	-10.0	-10.0	-10.0	-10.0	-10.0	-10.0	-10.0	-10.0	-10.0	-10.0	-10.0
 1128.2809545143991	1128.2809545143991	1009.3780840997931	776.2745659044231	637.9977059875994	559.2652947789124	457.47037013079967	450.46528404157084	562.0383955807126	786.509136716411	1107.5414712703273	1620.437704806851	2714.2660718755383	3420.622817347119	3446.4035567929122	3363.960492807362	3330.5162126273985	3303.7123281806576	3200.5274236672935	3212.2742213329598	3160.3259370538735	3149.212860556718	3129.7741156469865	3108.6917288934155	3040.9043217914577	3002.1578446478525	3021.667556709047	2970.9192875730864	1810.6719313445155	1583.1449108486268	1479.6802351916438	1362.254599123983	1302.524030060729	1289.835235768266	1362.6941265841592	1328.2586974437763	1504.5874618323874	1554.8929808158687	1620.3971826087013	1248.760746231886	495.2022308399499	192.51703184907112	174.6571245337812	155.63076476091985	142.96907974417326	60.426832910539794	8.727212086313187	-10.0	-10.0	-10.0	-10.0	-10.0	-10.0	-10.0	-10.0	-10.0	-10.0	-10.0	-10.0	-10.0	-10.0	-10.0	-10.0	-10.0	-10.0	-10.0	-10.0	-10.0	-10.0	-10.0	-10.0	-10.0	-10.0	153.23993293535418	155.91645232682356	193.67283509550413	187.9809249223286	185.71854993291703	176.3598389042364	152.26345997152086	113.52444337972096	83.93421171023199	87.42621265005322	78.19096032565882	62.087669723458696	65.30528752330581	67.99996008762876	66.99985451989858	61.34082160957368	56.748564061016	53.49535862701683	49.70999800031629	41.0	34.73576719636883	-10.0	-10.0	-10.0	-10.0	-10.0	-10.0	-10.0	-10.0	-10.0	-10.0	-10.0	-10.0	-10.0	-10.0	-10.0	-10.0	-10.0	-10.0	-10.0	-10.0	-10.0	-10.0	-10.0	-10.0	-10.0	-10.0	-10.0	-10.0	-10.0	-10.0	-10.0	-10.0	-10.0	-10.0	-10.0	-10.0	-10.0	-10.0	-10.0	-10.0	-10.0	-10.0	-10.0
 1214.9209871912838	1214.9209871912838	1033.9909385486878	821.9397723433937	634.9058676605375	557.4051470953924	525.3429045377627	471.2042111208674	620.9226067589331	990.2364454781095	1309.860192522286	1541.0180192404673	2041.351867934126	2840.3560286487204	3399.8848713788084	3260.253531220683	3156.7808683135636	3159.010936661055	3113.6796779957285	3032.059906172757	3034.1277412580134	3039.3579441764514	3008.7284937383297	2972.1373867308666	2901.4724212048677	2992.0555650662513	2937.0667829934696	2054.432743790714	1732.0568425891665	1516.1539106431962	1424.3403824281231	1342.0353403581385	1117.1013430593362	1116.3990811686942	1102.4111705013424	1176.1721698969498	1212.3902427618593	870.9262833970063	435.6893411038145	291.32680976654825	260.1757315534302	176.18908669192498	160.70648178348614	130.90948380171162	-10.0	95.75692801660067	212.4483730619234	345.6553067653122	624.0428687044176	-10.0	-10.0	-10.0	-10.0	-10.0	-10.0	-10.0	-10.0	-10.0	-10.0	-10.0	-10.0	-10.0	-10.0	-10.0	-10.0	-10.0	-10.0	-10.0	-10.0	-10.0	-10.0	9.946702569890286	-10.0	-10.0	-10.0	-10.0	122.72121726832356	166.94821163793344	167.17370070060062	138.32597988244402	89.93271269934722	94.45238592585304	78.35332176599478	72.57325586963655	24.863782838205132	19.79016506750073	7.843912910676457	-10.0	21.88447854501296	62.99999999999999	54.0	39.99999999999999	30.92025925781681	9.389444744069461	-10.0	-10.0	-10.0	-10.0	-10.0	-10.0	-10.0	-10.0	-10.0	-10.0	-10.0	-10.0	-10.0	-10.0	-10.0	-10.0	-10.0	-10.0	-10.0	-10.0	-10.0	-10.0	-10.0	-10.0	-10.0	-10.0	-10.0	-10.0	-10.0	-10.0	-10.0	-10.0	-10.0	-10.0	-10.0	-10.0	-10.0	-10.0	-10.0	-10.0	-10.0	-10.0	-10.0
 1201.1399281496415	1201.1399281496415	1255.5925429191743	865.470074684908	525.8699934468096	328.49132744649165	196.29201087350484	180.554849356671	411.62030156509053	616.3647667897214	1312.128239114757	1853.6822432069575	1950.678608074613	2439.118497650282	2604.560700317027	2877.9287645015206	3049.748115433444	3012.342022998559	2982.0209494115416	2938.887083626992	2951.7587532243697	2870.44879556163	2921.479162552211	2800.9327789832714	2916.9735867737822	2967.142611674757	2823.5963498920537	2292.437144122956	1468.5433031478365	1378.6973657410883	1355.3104222519135	1155.21062781072	943.2665920582526	838.5182482377154	724.4152397351843	630.3733253568497	721.9980287793021	272.97357638400814	381.2434074086199	388.88153375680844	205.27308596443325	165.5032900277434	38.60283460102065	130.19478452494658	232.88997315095042	254.45086281506642	38.54604858331392	-10.0	10.509823288580964	-10.0	-10.0	-10.0	-10.0	-10.0	-10.0	-10.0	-10.0	-10.0	-10.0	-10.0	-10.0	-10.0	-10.0	-10.0	-10.0	-10.0	-10.0	-10.0	-10.0	-10.0	-10.0	-10.0	-10.0	-10.0	-10.0	-10.0	-10.0	-10.0	106.39281600519465	98.13604335574763	117.03961011006085	77.40862711977164	61.000340268200596	53.63887699039283	52.00000000000001	16.654150856986192	-10.0	-10.0	-10.0	18.35812129498089	52.0	35.01917442390948	5.822751705386449	-10.0	-10.0	-10.0	-10.0	-10.0	-10.0	-10.0	-10.0	-10.0	-10.0	-10.0	-10.0	-10.0	-10.0	-10.0	-10.0	-10.0	-10.0	-10.0	-10.0	-10.0	-10.0	-10.0	-10.0	-10.0	-10.0	-10.0	-10.0	-10.0	-10.0	-10.0	-10.0	-10.0	-10.0	-10.0	-10.0	-10.0	-10.0	-10.0	-10.0	-10.0	-10.0	-10.0	-10.0
 1218.554282134819	1218.554282134819	1188.16123093808	910.5783614666952	620.0464955999223	193.41466461932401	104.22825137187276	97.50721914402591	93.12390501959159	177.18292282680537	556.0300912716646	1777.3015690854274	2284.2329619573784	2328.358755816519	2579.3050300791865	2684.8411467427404	2891.619586165435	2926.6062101652724	2891.6086725664336	2784.443010344634	2831.590345413367	2773.1682578999466	2756.1459018753594	2715.503661369887	2782.750198342653	2939.0581335253605	2917.530770689561	2528.277640109678	1495.0553607685654	1302.4093111237912	1247.2001010708336	991.2902205988922	693.8706790384895	538.7306146101964	349.4801630027829	386.0171230018516	319.7198068631442	312.72770488240013	311.80591828451986	401.90420634144175	299.70106937242355	244.51047785759675	234.87901654283502	250.52172334308494	242.62871167869534	52.75527210733304	507.3064268171257	-10.0	-10.0	-10.0	-10.0	-10.0	-10.0	-10.0	-10.0	-10.0	-10.0	-10.0	-10.0	-10.0	-10.0	-10.0	-10.0	-10.0	-10.0	-10.0	-10.0	-10.0	-10.0	-10.0	-10.0	-10.0	-10.0	-10.0	-10.0	-10.0	-10.0	-10.0	5.0	84.33385531123116	97.95391495531759	59.59651666233199	54.00000000000001	48.99999999999999	35.08477720861922	23.952430057643483	-10.0	-10.0	-10.0	-10.0	53.0	18.451816687333686	-10.0	-10.0	-10.0	-10.0	-10.0	-10.0	-10.0	-10.0	-10.0	-10.0	-10.0	-10.0	-10.0	-10.0	-10.0	-10.0	-10.0	-10.0	-10.0	-10.0	-10.0	-10.0	-10.0	-10.0	-10.0	-10.0	-10.0	-10.0	-10.0	-10.0	-10.0	-10.0	-10.0	-10.0	-10.0	-10.0	-10.0	-10.0	-10.0	-10.0	-10.0	-10.0	-10.0	-10.0	-10.0
 1112.052646259185	1112.052646259185	727.7213897000936	405.642474527363	840.6106331549573	155.3460841994006	125.22558191641744	5.0	121.76713997210511	84.75960212240781	229.72286925361124	748.4662603296838	1937.5413169763592	2354.0493439188026	2630.0373075444227	2705.407695794192	2831.7972448372034	2812.778558774699	2795.7363837773723	2660.9913199407983	2680.257398157876	2666.320800488671	2674.763589431145	2694.718476108243	2775.256401468275	2877.388521932658	2740.507960258267	1898.7047732757167	1311.9065629730133	1158.6187238892571	1008.7603717900593	779.6315905871727	523.8596107170999	305.2665654433703	342.8869334627027	374.8745716495155	350.00000000000006	250.36462090846234	275.00000000000006	336.61210583237107	409.41501048428324	339.0118575180961	262.75529007744444	229.45309733973215	215.87806688466122	-10.0	407.80022882128077	-10.0	-10.0	-10.0	-10.0	-10.0	-10.0	-10.0	-10.0	-10.0	-10.0	-10.0	-10.0	-10.0	-10.0	-10.0	-10.0	-10.0	-10.0	-10.0	-10.0	-10.0	-10.0	-10.0	-10.0	-10.0	-10.0	-10.0	-10.0	-10.0	-10.0	-10.0	-10.0	-10.0	5.443955156417462	65.961790514458	48.63915433206036	50.0	31.506510399044622	20.0	-10.0	-10.0	10.809955903583312	16.0	24.109073900884887	9.0	-10.0	-10.0	-10.0	-10.0	-10.0	-10.0	-10.0	-10.0	-10.0	-10.0	-10.0	-10.0	-10.0	-10.0	-10.0	-10.0	-10.0	-10.0	-10.0	-10.0	-10.0	-10.0	-10.0	-10.0	-10.0	-10.0	-10.0	-10.0	-10.0	-10.0	-10.0	-10.0	-10.0	-10.0	-10.0	-10.0	-10.0	-10.0	-10.0	-10.0	-10.0	-10.0	-10.0	-10.0	-10.0
 364.66978512269304	364.66978512269304	184.2961962019967	184.0671779381771	787.5537619164464	173.7926607278213	122.2791789258794	66.1915094738442	69.61630694036369	108.14298948589972	175.11524798924899	545.6396735284186	898.1828053400557	1637.632664992414	2189.4800080243244	2528.412117667107	2653.3443955254415	2674.244003433544	2609.0873663012326	2508.0324173804347	2513.9731342777714	2524.355784041112	2519.2501062099727	2593.9304365609237	2781.550092666168	2788.3730083882515	2152.8883508538065	1634.1560917543616	1164.887605891782	993.0275956502935	749.8364278847068	566.3557494288304	316.3342339915867	410.47939209377955	291.6394174920427	383.46783983254744	370.2565713400758	250.0	224.99999999999997	273.5710008996506	316.0949638678733	252.44403341769765	317.54071912050074	13.332963303778438	-10.0	-10.0	-10.0	-10.0	-10.0	-10.0	-10.0	-10.0	-10.0	-10.0	-10.0	-10.0	-10.0	-10.0	-10.0	-10.0	-10.0	-10.0	-10.0	-10.0	-10.0	-10.0	-10.0	-10.0	-10.0	-10.0	-10.0	-10.0	-10.0	-10.0	-10.0	-10.0	-10.0	-10.0	-10.0	-10.0	-10.0	-10.0	54.85486796037934	42.973148059168366	30.43040649021233	19.0	-10.0	-10.0	12.0	13.0	13.0	9.999999999999998	-10.0	-10.0	-10.0	-10.0	-10.0	-10.0	-10.0	-10.0	-10.0	-10.0	-10.0	-10.0	-10.0	-10.0	-10.0	-10.0	-10.0	-10.0	-10.0	-10.0	-10.0	-10.0	-10.0	-10.0	-10.0	-10.0	-10.0	-10.0	-10.0	-10.0	-10.0	-10.0	-10.0	-10.0	-10.0	-10.0	-10.0	-10.0	-10.0	-10.0	-10.0	-10.0	-10.0	-10.0	-10.0
 137.64428177837993	137.64428177837993	140.47309447224265	115.16080422350973	905.3827767717142	184.6387617855799	63.36695527404562	69.36942890060456	139.3935201510229	177.96599521725724	170.51966314721454	327.9185115945961	644.4694054890462	887.4093908498022	1191.8473781705493	1705.4956394212977	2250.2313367288525	2130.69869126136	2133.9480649013185	2276.211749364864	2276.3447326851106	2344.36484532841	2330.6193304654316	2451.3879319183775	2322.741923795167	2328.7891908568968	2333.8172421631334	1655.0936741288117	1011.7640930276103	885.1800678580414	665.1473270025347	558.9703114845147	419.0119011041724	400.78970282163283	400.0	388.7850311530183	386.9280761918602	300.0	284.6403983277823	325.0	325.4688367200507	262.79736778424467	110.81021973555298	-10.0	-10.0	-10.0	-10.0	-10.0	-10.0	-10.0	-10.0	-10.0	-10.0	-10.0	-10.0	-10.0	-10.0	-10.0	-10.0	-10.0	-10.0	-10.0	-10.0	-10.0	-10.0	-10.0	-10.0	-10.0	-10.0	-10.0	-10.0	-10.0	-10.0	-10.0	-10.0	-10.0	-10.0	-10.0	-10.0	-10.0	-10.0	-10.0	-10.0	32.816361127429886	26.000000000000007	18.0	-10.0	-10.0	-10.0	11.0	9.999999999999998	-10.0	-10.0	-10.0	-10.0	-10.0	-10.0	-10.0	-10.0	-10.0	-10.0	-10.0	-10.0	-10.0	-10.0	-10.0	-10.0	-10.0	-10.0	-10.0	-10.0	-10.0	-10.0	-10.0	-10.0	-10.0	-10.0	-10.0	-10.0	-10.0	-10.0	-10.0	-10.0	-10.0	-10.0	-10.0	-10.0	-10.0	-10.0	-10.0	-10.0	-10.0	-10.0	-10.0	-10.0	-10.0	-10.0
 352.87733503296636	352.87733503296636	762.5766993197449	919.3265851625165	872.4301241291323	195.53680605582147	96.45062517049817	201.4237573556044	314.7870934705321	195.54159770607635	193.63212828536928	288.53291194479687	501.47777256936973	630.3874100339051	743.3281122681824	1188.4371928295354	1888.0396550228083	1868.1709828850285	1850.4194584476318	1979.5083716601919	2029.2606582569144	2118.3181980590502	2151.2487314132295	1949.7186146668698	1838.0470493912853	2008.3983440997865	2182.7362421592466	1890.2274218247167	1323.9111423067475	763.6742175802543	581.7577681102618	423.2854953674907	299.9712263062108	296.9110869811949	325.0	342.3516302380693	403.7936291029124	424.99356396839204	337.1353293757137	292.43859930755076	295.24122503070225	107.65508593249157	-10.0	-10.0	-10.0	-10.0	-10.0	-10.0	-10.0	-10.0	-10.0	-10.0	-10.0	-10.0	-10.0	-10.0	-10.0	-10.0	-10.0	-10.0	-10.0	-10.0	-10.0	-10.0	-10.0	-10.0	-10.0	-10.0	-10.0	-10.0	-10.0	-10.0	-10.0	-10.0	-10.0	-10.0	-10.0	-10.0	-10.0	-10.0	-10.0	-10.0	-10.0	42.393058477416766	22.0	16.0	14.0	5.0	-10.0	-10.0	-10.0	-10.0	-10.0	-10.0	-10.0	-10.0	-10.0	-10.0	-10.0	-10.0	-10.0	-10.0	-10.0	-10.0	-10.0	-10.0	-10.0	-10.0	-10.0	-10.0	-10.0	-10.0	-10.0	-10.0	-10.0	-10.0	-10.0	-10.0	-10.0	-10.0	-10.0	-10.0	-10.0	-10.0	-10.0	-10.0	-10.0	-10.0	-10.0	-10.0	-10.0	-10.0	-10.0	-10.0	-10.0	-10.0	-10.0
 827.1642350295755	827.1642350295755	893.3314383738511	1046.2186455454444	620.1311394164968	166.72559608359822	224.87529567858053	239.82259387972772	213.26222894910117	200.2143146048532	511.14811969497777	655.7041496951547	785.4420549597008	1059.5342206766934	1025.1872295529142	1349.1008601932142	1712.0875354732975	1634.735681066426	1602.6261624935305	1619.9947144803607	1713.1774915266578	1691.9307460640753	1633.8935258340232	1583.4542342539644	1515.312322860993	1752.8919337478803	1677.6449917517875	1700.3370905107977	1390.9287195832962	1099.9865882741478	352.2349420700108	288.3102300350784	283.1480670204274	248.29088411595365	225.0	296.11582790826395	300.00000000000006	233.43239199321732	321.6699211041436	78.92164737466304	-10.0	33.872759506505126	42.33451674660706	-10.0	-10.0	-10.0	-10.0	-10.0	-10.0	-10.0	-10.0	-10.0	-10.0	-10.0	-10.0	-10.0	-10.0	-10.0	-10.0	-10.0	-10.0	-10.0	-10.0	-10.0	-10.0	-10.0	-10.0	-10.0	-10.0	-10.0	5.0	-10.0	-10.0	-10.0	-10.0	-10.0	-10.0	-10.0	-10.0	-10.0	-10.0	-10.0	-10.0	37.02087307676319	27.522533515146193	5.0	13.999999999999998	17.0	-10.0	-10.0	-10.0	-10.0	-10.0	-10.0	-10.0	-10.0	-10.0	-10.0	-10.0	-10.0	-10.0	-10.0	-10.0	-10.0	-10.0	-10.0	-10.0	-10.0	-10.0	-10.0	-10.0	-10.0	-10.0	-10.0	-10.0	-10.0	-10.0	-10.0	-10.0	-10.0	-10.0	-10.0	-10.0	-10.0	-10.0	-10.0	-10.0	-10.0	-10.0	-10.0	-10.0	-10.0	-10.0	-10.0	-10.0	-10.0	-10.0
 850.9398236435336	850.9398236435336	702.9686895349514	1070.9187068761191	376.11456381969924	180.21442931621553	318.0115452565062	306.2723747656967	480.9332791489827	833.9016835319213	1133.3490900768002	1269.2867784611094	1556.5449195381505	1689.9911973002913	1668.5033568705971	1704.828620018926	1593.8137735236608	1463.5782780792488	1326.0029793979118	1284.9744239888184	1321.8596078519874	1315.7915744750658	1304.022973957529	1312.54990273706	1310.6424810357362	1564.2192915294352	1547.1994286540557	1387.6888258336185	1173.5290471954968	805.020069237774	357.0998780314311	291.31797352908006	212.10893265705613	240.9375273429314	186.8164192097067	230.15849250955756	357.19809306822305	236.2722539095982	342.13636281295487	20.070089811477526	-10.0	-10.0	-10.0	-10.0	-10.0	-10.0	-10.0	-10.0	-10.0	-10.0	-10.0	-10.0	-10.0	-10.0	-10.0	-10.0	-10.0	-10.0	-10.0	-10.0	-10.0	-10.0	-10.0	-10.0	-10.0	-10.0	-10.0	-10.0	-10.0	-10.0	-10.0	6.3967805374652125	-10.0	-10.0	-10.0	-10.0	-10.0	-10.0	-10.0	-10.0	-10.0	-10.0	-10.0	53.00000000000001	8.676745677189151	13.755325113425828	14.128332500965053	5.0	-10.0	-10.0	-10.0	-10.0	-10.0	-10.0	-10.0	-10.0	-10.0	-10.0	-10.0	-10.0	-10.0	-10.0	-10.0	-10.0	-10.0	-10.0	-10.0	-10.0	-10.0	-10.0	-10.0	-10.0	-10.0	-10.0	-10.0	-10.0	-10.0	-10.0	-10.0	-10.0	-10.0	-10.0	-10.0	-10.0	-10.0	-10.0	-10.0	-10.0	-10.0	-10.0	-10.0	-10.0	-10.0	-10.0	-10.0	-10.0	-10.0
 5.0	5.0	491.71885902647733	1194.8024112117469	542.2688662432046	456.2650245440852	717.6177174356951	844.6802460711349	1010.2242049722502	1083.0882668962327	1090.4165758761824	1383.089781501715	1519.8419671657614	1606.8774210674824	1569.8594474696727	1457.5526592746974	1291.9431246442418	1198.6948642641455	1093.1879191134233	977.5390832674707	1013.8468701320908	1024.088318586256	1041.0196381414805	1067.837924134465	1139.9300501395717	1342.834889604066	1382.5945309057058	1358.9407084373488	902.9540540573671	489.0945433344933	354.62915937497394	340.48257406650987	259.80092667986736	210.53504676897336	163.0332922104584	206.02548243346092	334.13794257531595	30.155246291449448	5.557519713999465	-10.0	425.7738043345172	-10.0	-10.0	-10.0	-10.0	-10.0	-10.0	-10.0	-10.0	-10.0	-10.0	-10.0	-10.0	-10.0	-10.0	-10.0	-10.0	-10.0	-10.0	-10.0	-10.0	-10.0	-10.0	-10.0	-10.0	-10.0	-10.0	-10.0	-10.0	-10.0	-10.0	-10.0	130.8232717313456	-10.0	-10.0	-10.0	-10.0	-10.0	-10.0	-10.0	-10.0	-10.0	70.55191534577621	39.41847225054555	-10.0	-10.0	-10.0	-10.0	-10.0	-10.0	-10.0	-10.0	-10.0	-10.0	-10.0	-10.0	-10.0	-10.0	-10.0	-10.0	-10.0	-10.0	-10.0	-10.0	-10.0	-10.0	-10.0	-10.0	-10.0	-10.0	-10.0	-10.0	-10.0	-10.0	-10.0	-10.0	-10.0	-10.0	-10.0	-10.0	-10.0	-10.0	-10.0	-10.0	-10.0	-10.0	-10.0	-10.0	-10.0	-10.0	-10.0	-10.0	-10.0	-10.0	-10.0	-10.0	-10.0
 5.0	5.0	5.0	5.0	1191.8504970619665	795.2947374796012	1041.8126899274107	1068.4915607780836	1123.4890800382414	1093.0655710553394	1164.6761801593254	1170.1937174165596	1310.3520441362077	1320.1896325497314	1018.9551365075494	705.486998775707	569.7004829339476	663.7602967200744	841.8926546633916	733.2106731048015	776.2328620401439	761.4730876189992	802.2747755905335	839.9124331102676	962.9442284653119	1120.3219701939397	1243.9581142556985	1153.692616139588	706.9933065594435	244.37737214057395	241.8280829133457	312.8523827995652	347.3115633079852	386.5235040339125	441.0187718174544	332.15870197203435	112.37334084944146	371.88239754955873	399.85560636092083	-10.0	-10.0	-10.0	-10.0	-10.0	-10.0	-10.0	-10.0	-10.0	-10.0	-10.0	-10.0	-10.0	-10.0	-10.0	-10.0	-10.0	-10.0	-10.0	-10.0	-10.0	-10.0	-10.0	-10.0	-10.0	-10.0	-10.0	-10.0	-10.0	-10.0	-10.0	-10.0	-10.0	-10.0	194.0741054489468	184.91893880055315	89.08615688594932	25.65389078004247	12.064464181744615	-10.0	-10.0	-10.0	74.2486063514541	56.89960354721486	-10.0	-10.0	-10.0	-10.0	-10.0	-10.0	-10.0	-10.0	-10.0	-10.0	-10.0	-10.0	-10.0	-10.0	-10.0	-10.0	-10.0	-10.0	-10.0	-10.0	-10.0	-10.0	-10.0	-10.0	-10.0	-10.0	-10.0	-10.0	-10.0	-10.0	-10.0	-10.0	-10.0	-10.0	-10.0	-10.0	-10.0	-10.0	-10.0	-10.0	-10.0	-10.0	-10.0	-10.0	-10.0	-10.0	-10.0	-10.0	-10.0	-10.0	-10.0	-10.0	-10.0	-10.0